"Assets > Saraswat Bank - 152200100300349 ( 101001 ) ",
"Journal No","Other GL No.","Other Account","Subledger","Posted Date","Comments","Instrument No.","Instrument Bank","Account Name","GL Account No.","Debit","Credit",
"","","","","","Opening Balance","",""," Saraswat Bank - 152200100300349 ","101001","485220.61","",
ME-2025-0000179,301022 301011 301003 301016 303001 304002 301006 304001 301004,Bldg Development Fund Education & Training Fund Electricity Charges Insurance Charges Property Tax Repair & Maintenance Fund Service Charges Sinking Fund Water Charges, 101,01-04-2025,NEFT recd agst bill 6001 dt 01.04. 2025,T2504011518096732700172,N.A., Saraswat Bank - 152200100300349 ,101001,7198.00,,
ME-2025-0000316,301022 301011 301003 301016 303001 304002 301006 304001 301004,Bldg Development Fund Education & Training Fund Electricity Charges Insurance Charges Property Tax Repair & Maintenance Fund Service Charges Sinking Fund Water Charges, 301,01-04-2025,IMPS recd agst bill 007 dt. 01.04.25,509112305760,N.A., Saraswat Bank - 152200100300349 ,101001,5505.00,,
ME-2025-0000317,301012 301022 301011 301003 301016 303001 304002 301006 304001 301004,Late Payment Interest Bldg Development Fund Education & Training Fund Electricity Charges Insurance Charges Property Tax Repair & Maintenance Fund Service Charges Sinking Fund Water Charges, 201,02-04-2025,NEFT recd agst bill 003 dt. 01.04.25,HSBCN52025040232864859,HSBC Bank, Saraswat Bank - 152200100300349 ,101001,4476.00,,
ME-2025-0000318,301022 301011 301003 301016 303001 304002 301006 304001 301004 206001,Bldg Development Fund Education & Training Fund Electricity Charges Insurance Charges Property Tax Repair & Maintenance Fund Service Charges Sinking Fund Water Charges Advance Members Advance Members, 202,02-04-2025,NEFT recd on account,HSBCN52025040232864859,HSBC Bank, Saraswat Bank - 152200100300349 ,101001,4524.00,,
ME-2025-0000319,301033 301035 301022 301011 301003 301016 303001 304002 301006 304001 301004 206001,4W Parking Charges 4W Stilt Parking Charges Bldg Development Fund Education & Training Fund Electricity Charges Insurance Charges Property Tax Repair & Maintenance Fund Service Charges Sinking Fund Water Charges Advance Members Advance Members, 601,02-04-2025,NEFT recd agst bill 022 dt. 01.04.25,HDFCN52025040251908325,HDFC Bank, Saraswat Bank - 152200100300349 ,101001,14000.00,,
ME-2025-0000320,301012 301033 301022 301011 301003 301016 303001 304002 301006 304001 301004,Late Payment Interest 4W Parking Charges Bldg Development Fund Education & Training Fund Electricity Charges Insurance Charges Property Tax Repair & Maintenance Fund Service Charges Sinking Fund Water Charges, 401,03-04-2025,NEFT recd agst bill 010 dt. 01.04.25,INDBN52025040308732565,Indian Bank, Saraswat Bank - 152200100300349 ,101001,7734.00,,
ME-2025-0000321,301033 3010173 301022 301011 301003 301016 303001 304002 301006 304001 301004,4W Parking Charges Arrears for Parking Bldg Development Fund Education & Training Fund Electricity Charges Insurance Charges Property Tax Repair & Maintenance Fund Service Charges Sinking Fund Water Charges, 203,04-04-2025,IMPS recd agst bill dt. 01.04.25,509417872453,N.A., Saraswat Bank - 152200100300349 ,101001,5507.00,,
ME-2025-0000322,301022 301011 301003 301016 303001 304002 301006 304001 301004,Bldg Development Fund Education & Training Fund Electricity Charges Insurance Charges Property Tax Repair & Maintenance Fund Service Charges Sinking Fund Water Charges, 204,04-04-2025,IMPS recd agst bill dt. 01.04.25,509417872453,N.A., Saraswat Bank - 152200100300349 ,101001,4457.00,,
ME-2025-0000323,301009 3010173 301022 301011 301003 301016 303001 304002 301006 304001 301004,2W Parking Charges Arrears for Parking Bldg Development Fund Education & Training Fund Electricity Charges Insurance Charges Property Tax Repair & Maintenance Fund Service Charges Sinking Fund Water Charges, 701,05-04-2025,IMPS recd agst bill 024 dt. 01.04.25,509512322910,N.A., Saraswat Bank - 152200100300349 ,101001,6205.00,,
EE-2025-0000169,109001,Advance Payment to Vendors,Swarnika Enterprises,05-04-2025,Being advance received,177585,, Saraswat Bank - 152200100300349 ,101001,,100000,
EE-2025-0000017,406001,Garden Maintenance Expenses,Gardner,07-04-2025,Being bill paid for March 2025,177587,, Saraswat Bank - 152200100300349 ,101001,,1000,
EE-2025-0000018,401001,Salary Expenses,Watchman,07-04-2025,Being bill paid for March 2025,177587,, Saraswat Bank - 152200100300349 ,101001,,10250,
EE-2024-0000263,401001,Salary Expenses,Watchman,07-04-2025,Being bill paid for March 2025,177586,29438, Saraswat Bank - 152200100300349 ,101001,,9500,
ME-2025-0000324,301022 301011 301003 301016 303001 304002 301006 304001 301004,Bldg Development Fund Education & Training Fund Electricity Charges Insurance Charges Property Tax Repair & Maintenance Fund Service Charges Sinking Fund Water Charges, 702,07-04-2025,NEFT recd agst bill 018 dt. 01.04.25,HDFCN52025040762842723,HDFC Bank, Saraswat Bank - 152200100300349 ,101001,5998.00,,
ME-2025-0000325,301012 301022 301011 301003 301016 304002 301006 304001 301004,Late Payment Interest Bldg Development Fund Education & Training Fund Electricity Charges Insurance Charges Repair & Maintenance Fund Service Charges Sinking Fund Water Charges Late Payment Interest Bldg Development Fund Education & Training Fund Electricity Charges Insurance Charges Repair & Maintenance Fund Service Charges Sinking Fund Water Charges Late Payment Interest Bldg Development Fund Education & Training Fund Electricity Charges Insurance Charges Repair & Maintenance Fund Service Charges Sinking Fund Water Charges Late Payment Interest Bldg Development Fund Education & Training Fund Electricity Charges Insurance Charges Repair & Maintenance Fund Service Charges Sinking Fund Water Charges, 303,08-04-2025,NEFT recd agst bill 009 dt. 01.04.25,HDFCH00171309003,HDFC Bank, Saraswat Bank - 152200100300349 ,101001,16309.00,,
ME-2025-0000326,301012 301033 3010173 301022 301011 301003 301016 303001 304002 301006 304001 301004,Late Payment Interest 4W Parking Charges Arrears for Parking Bldg Development Fund Education & Training Fund Electricity Charges Insurance Charges Property Tax Repair & Maintenance Fund Service Charges Sinking Fund Water Charges 4W Parking Charges Bldg Development Fund Education & Training Fund Electricity Charges Insurance Charges Property Tax Repair & Maintenance Fund Service Charges Sinking Fund Water Charges, 502,08-04-2025,NEFT recd agst bill 021 dt. 01.04.25,HDFCH00171435806,HDFC Bank, Saraswat Bank - 152200100300349 ,101001,12718.00,,
ME-2025-0000314,301009 3010173 301022 301011 301003 301016 303001 304002 301006 304001 301004,2W Parking Charges Arrears for Parking Bldg Development Fund Education & Training Fund Electricity Charges Insurance Charges Property Tax Repair & Maintenance Fund Service Charges Sinking Fund Water Charges, 602,10-04-2025,ch dt 10.04.25 recd agst bill 023 dt 01.04.25,281800,Model Co op Bank , Saraswat Bank - 152200100300349 ,101001,5853.00,,
ME-2025-0000315,301035 3010173 301022 301011 301003 301016 303001 304002 301006 304001 301004,4W Stilt Parking Charges Arrears for Parking Bldg Development Fund Education & Training Fund Electricity Charges Insurance Charges Property Tax Repair & Maintenance Fund Service Charges Sinking Fund Water Charges, 501,10-04-2025,ch dt 04.04.25 recd agst bill 020 dt 01.04.25,000089,HDFC Bank , Saraswat Bank - 152200100300349 ,101001,6220.00,,
ME-2025-0000327,301022 301011 301003 301016 304002 301006 304001 301004,Bldg Development Fund Education & Training Fund Electricity Charges Insurance Charges Repair & Maintenance Fund Service Charges Sinking Fund Water Charges, 102,10-04-2025,UPI recd agst bill 002 dt. 01.04.25,546671653708,N.A., Saraswat Bank - 152200100300349 ,101001,3986.00,,
ME-2025-0000328,301022 301011 301003 301016 303001 304002 301006 304001 301004,Bldg Development Fund Education & Training Fund Electricity Charges Insurance Charges Property Tax Repair & Maintenance Fund Service Charges Sinking Fund Water Charges, 403,10-04-2025,NEFT recd agst bill dt. 01.04.25,AXOMB10074553894,Axis Bank, Saraswat Bank - 152200100300349 ,101001,4485.00,,
ME-2025-0000329,301022 301011 301003 301016 303001 304002 301006 304001 301004,Bldg Development Fund Education & Training Fund Electricity Charges Insurance Charges Property Tax Repair & Maintenance Fund Service Charges Sinking Fund Water Charges, 404,10-04-2025,NEFT recd agst bill dt. 01.04.25,AXOMB10074553894,Axis Bank, Saraswat Bank - 152200100300349 ,101001,4457.00,,
EE-2025-0000025,408002,Accounting Charges,Irene Rosario,10-04-2025,Being accounting charges paid for April to June 2025,177589,, Saraswat Bank - 152200100300349 ,101001,,3148,
ME-2025-0000330,301022 301011 301003 301016 303001 304002 301006 304001 301004,Bldg Development Fund Education & Training Fund Electricity Charges Insurance Charges Property Tax Repair & Maintenance Fund Service Charges Sinking Fund Water Charges, 302,12-04-2025,IMPS recd agst bill 008 dt. 01.04.25,510213201357,NA, Saraswat Bank - 152200100300349 ,101001,5271.00,,
EE-2025-0000159,109001,Advance Payment to Vendors,Anup Gupta,16-04-2025,Being advance paid for legal consultancy,177590,, Saraswat Bank - 152200100300349 ,101001,,5000,
EE-2025-0000021,403001,Electricity Expenses,Adani Electricity,17-04-2025,Being bill paid for march 2025,177591,, Saraswat Bank - 152200100300349 ,101001,,8950,
EE-2025-0000170,109001,Advance Payment to Vendors,Swarnika Enterprises,26-04-2025,Being advance paid against Bill No.1,177592,, Saraswat Bank - 152200100300349 ,101001,,203683,
ME-2025-0000331,206001,Advance Members, 301,27-04-2025,IMPS recd as advance,511709710672,NA, Saraswat Bank - 152200100300349 ,101001,5505.00,,
ME-2025-0000534,301012 301022 301011 301003 301016 303001 304002 301006 304001 301004,Late Payment Interest Bldg Development Fund Education & Training Fund Electricity Charges Insurance Charges Property Tax Repair & Maintenance Fund Service Charges Sinking Fund Water Charges, 302,03-05-2025,IMPS recd agst bill 032 dt. 01.05.25,512321438771,N.A., Saraswat Bank - 152200100300349 ,101001,5276.00,,
ME-2025-0000540,301022 301011 301003 301016 303001 304002 301006 304001 301004,Bldg Development Fund Education & Training Fund Electricity Charges Insurance Charges Property Tax Repair & Maintenance Fund Service Charges Sinking Fund Water Charges, 101,03-05-2025,UPI recd agst bill 025  dt.01.05.25,687730713530,N.A., Saraswat Bank - 152200100300349 ,101001,7198.00,,
ME-2025-0000547,301033 3010173 301022 301011 301003 301016 303001 304002 301006 304001 301004,4W Parking Charges Arrears for Parking Bldg Development Fund Education & Training Fund Electricity Charges Insurance Charges Property Tax Repair & Maintenance Fund Service Charges Sinking Fund Water Charges, 203,04-05-2025,IMPS recd agst bill,512421559688,N.A., Saraswat Bank - 152200100300349 ,101001,5507.00,,
ME-2025-0000548,301022 301011 301003 301016 303001 304002 301006 304001 301004,Bldg Development Fund Education & Training Fund Electricity Charges Insurance Charges Property Tax Repair & Maintenance Fund Service Charges Sinking Fund Water Charges, 204,04-05-2025,IMPS recd agst bill,512421559688,N.A., Saraswat Bank - 152200100300349 ,101001,4457.00,,
ME-2025-0000536,301012 301033 3010173 301022 301011 301003 301016 303001 304002 301006 304001 301004,Late Payment Interest 4W Parking Charges Arrears for Parking Bldg Development Fund Education & Training Fund Electricity Charges Insurance Charges Property Tax Repair & Maintenance Fund Service Charges Sinking Fund Water Charges, 502,05-05-2025,NEFT recd agst bill 038 dt 01.05.25,HDFCH00219220704,HDFC Bank , Saraswat Bank - 152200100300349 ,101001,6721.00,,
EE-2025-0000027,401001,Salary Expenses,Watchman,05-05-2025,Being salary paid for April 2025,177593,, Saraswat Bank - 152200100300349 ,101001,,10250,
EE-2025-0000029,406001,Garden Maintenance Expenses,Gardner,05-05-2025,Being salary paid for April 2025,177593,, Saraswat Bank - 152200100300349 ,101001,,1000,
EE-2025-0000031,401001,Salary Expenses,Watchman,05-05-2025,Being salary paid for April 2025,177594,, Saraswat Bank - 152200100300349 ,101001,,9500,
EE-2025-0000033,401001,Salary Expenses,Savita (Sweeper),05-05-2025,Being salary paid for April 2025,177595,, Saraswat Bank - 152200100300349 ,101001,,5250,
ME-2025-0000537,301012 301022 301011 301003 301016 304002 301006 304001 301004,Late Payment Interest Bldg Development Fund Education & Training Fund Electricity Charges Insurance Charges Repair & Maintenance Fund Service Charges Sinking Fund Water Charges, 303,06-05-2025,NEFT recd agst bill 033 dt 01.05.25,HDFCH00221393275,HDFC Bank , Saraswat Bank - 152200100300349 ,101001,4031.00,,
ME-2025-0000538,301022 301011 301003 301016 303001 304002 301006 304001 301004,Bldg Development Fund Education & Training Fund Electricity Charges Insurance Charges Property Tax Repair & Maintenance Fund Service Charges Sinking Fund Water Charges, 702,07-05-2025,NEFT recd agst bill 042 dt.01.05.25,HDFCH00224441241,HDFC Bank, Saraswat Bank - 152200100300349 ,101001,5998.00,,
ME-2025-0000551,301009 3010173 301022 301011 301003 301016 303001 304002 301006 304001 301004,2W Parking Charges Arrears for Parking Bldg Development Fund Education & Training Fund Electricity Charges Insurance Charges Property Tax Repair & Maintenance Fund Service Charges Sinking Fund Water Charges, 701,07-05-2025,IMPS recd agst bill 41 dt. 01.05.25,512716301901,N.A., Saraswat Bank - 152200100300349 ,101001,6205.00,,
ME-2025-0000544,301022 301011 301003 301016 303001 304002 301006 304001 301004 206001,Bldg Development Fund Education & Training Fund Electricity Charges Insurance Charges Property Tax Repair & Maintenance Fund Service Charges Sinking Fund Water Charges Advance Members Advance Members, 201,09-05-2025,NEFT recd agst bill no. 027 dt 01.05.2025,HSBCN12942004243,HSBC Bank, Saraswat Bank - 152200100300349 ,101001,4565.00,,
ME-2025-0000545,301012 301022 301011 301003 301016 303001 304002 301006 304001 301004 206001,Late Payment Interest Bldg Development Fund Education & Training Fund Electricity Charges Insurance Charges Property Tax Repair & Maintenance Fund Service Charges Sinking Fund Water Charges Bldg Development Fund Education & Training Fund Electricity Charges Insurance Charges Property Tax Repair & Maintenance Fund Service Charges Sinking Fund Water Charges Advance Members Advance Members, 202,09-05-2025,NEFT recd agst bill no. 028 dt 01.05.2025,HSBCN12942004243,HSBC Bank, Saraswat Bank - 152200100300349 ,101001,4935.00,,
EE-2025-0000173,109001,Advance Payment to Vendors,Swarnika Enterprises,09-05-2025,Being advance paid against Bill No.2,177596,, Saraswat Bank - 152200100300349 ,101001,,250000,
ME-2025-0000532,301035 3010173 301022 301011 301003 301016 303001 304002 301006 304001 301004,4W Stilt Parking Charges Arrears for Parking Bldg Development Fund Education & Training Fund Electricity Charges Insurance Charges Property Tax Repair & Maintenance Fund Service Charges Sinking Fund Water Charges, 501,10-05-2025,Ch. dt. 03.05.25 recd agst bill 37 dt. 01.05.25,000021,Bank of Baroda, Saraswat Bank - 152200100300349 ,101001,6220.00,,
ME-2025-0000533,301009 3010173 301022 301011 301003 301016 303001 304002 301006 304001 301004,2W Parking Charges Arrears for Parking Bldg Development Fund Education & Training Fund Electricity Charges Insurance Charges Property Tax Repair & Maintenance Fund Service Charges Sinking Fund Water Charges, 602,10-05-2025,Ch. dt. 10.05.25 recd agst bill 40 dt. 01.05.25,281804,Model Co-op Bank, Saraswat Bank - 152200100300349 ,101001,5853.00,,
ME-2025-0000541,301022 301011 301003 301016 304002 301006 304001 301004,Bldg Development Fund Education & Training Fund Electricity Charges Insurance Charges Repair & Maintenance Fund Service Charges Sinking Fund Water Charges, 102,10-05-2025,UPI recd agst bill no. 026 dt 01.05.2025,513049770897,Union Bank Of India, Saraswat Bank - 152200100300349 ,101001,3986.00,,
ME-2025-0000542,301022 301011 301003 301016 303001 304002 301006 304001 301004,Bldg Development Fund Education & Training Fund Electricity Charges Insurance Charges Property Tax Repair & Maintenance Fund Service Charges Sinking Fund Water Charges, 404,10-05-2025,NEFT recd agst bill no. 036 dt 01.05.2025,AXOMB13013573689,Axis Bank, Saraswat Bank - 152200100300349 ,101001,4457.00,,
ME-2025-0000543,301022 301011 301003 301016 303001 304002 301006 304001 301004,Bldg Development Fund Education & Training Fund Electricity Charges Insurance Charges Property Tax Repair & Maintenance Fund Service Charges Sinking Fund Water Charges, 403,10-05-2025,NEFT recd agst bill no. 035 dt 01.05.2025,AXOMB13013573689,Axis Bank, Saraswat Bank - 152200100300349 ,101001,4485.00,,
EE-2025-0000160,109001,Advance Payment to Vendors,Anup Gupta,10-05-2025,Being advance paid for legal consultancy,177597,, Saraswat Bank - 152200100300349 ,101001,,11000,
EE-2025-0000176,109001,Advance Payment to Vendors,Swarnika Enterprises,10-05-2025,Being advance paid against Bill No.3,177598,, Saraswat Bank - 152200100300349 ,101001,,200000,
EE-2025-0000035,406007,Repair Maintenance Electrical,Prakash Electric & Services,27-05-2025,Being amt paid for purchase of electrical items  tube light  pannel light  new cap fitting,177599,, Saraswat Bank - 152200100300349 ,101001,,3160,
ME-2025-0000552,301033 301022 301011 301003 301016 303001 304002 301006 304001 301004,4W Parking Charges Bldg Development Fund Education & Training Fund Electricity Charges Insurance Charges Property Tax Repair & Maintenance Fund Service Charges Sinking Fund Water Charges, 401,29-05-2025,NEFT recd agst bill 34 dt. 01.05.25,INDBH29055850668,Indusind Bank, Saraswat Bank - 152200100300349 ,101001,7685.00,,
ME-2025-0000553,206001,Advance Members, 301,29-05-2025,IMPS recd in advance,514912247051,N/A, Saraswat Bank - 152200100300349 ,101001,5505.00,,
EE-2025-0000177,109001,Advance Payment to Vendors,Swarnika Enterprises,29-05-2025,Being advance paid against Bill No.3,177600,, Saraswat Bank - 152200100300349 ,101001,,31000,
EE-2025-0000168,408010,Professional Fees,Anup Gupta,30-05-2025,Being amt paid for Techno legal consulting and site supervision  Part 3,177601,, Saraswat Bank - 152200100300349 ,101001,,5000,
BE-2025-0000001,0,Bank Transfer,,31-05-2025,Being cash withdrawn for petty cash - Brenda,177602,, Saraswat Bank - 152200100300349 ,101001,,4000,
ME-2025-0000724,301035 301022 301011 301003 301016 303001 304002 301006 304001 301004,4W Stilt Parking Charges Bldg Development Fund Education & Training Fund Electricity Charges Insurance Charges Property Tax Repair & Maintenance Fund Service Charges Sinking Fund Water Charges, 501,01-06-2025,Chq recd dt 01.06.2025 agst bill 056 dt 01.06.2025,000058,HDFC Bank, Saraswat Bank - 152200100300349 ,101001,5995.00,,
ME-2025-0000726,301035 301022 301011 301003 301016 303001 304002 301006 304001 301004 206001,4W Stilt Parking Charges Bldg Development Fund Education & Training Fund Electricity Charges Insurance Charges Property Tax Repair & Maintenance Fund Service Charges Sinking Fund Water Charges Advance Members Advance Members, 601,03-06-2025,NEFT recd agst bill 058 dt. 01.06.2025,HDFCH00277707682,HDFC BANK , Saraswat Bank - 152200100300349 ,101001,7000.00,,
EE-2025-0000037,401001,Salary Expenses,Watchman,05-06-2025,Being salary paid for May 2025,177603,, Saraswat Bank - 152200100300349 ,101001,,10250,
EE-2025-0000039,406001,Garden Maintenance Expenses,Gardner,05-06-2025,Being salary paid for May 2025,177603,, Saraswat Bank - 152200100300349 ,101001,,1000,
EE-2025-0000041,401001,Salary Expenses,Savita (Sweeper),05-06-2025,Being salary paid for May 2025,177604,, Saraswat Bank - 152200100300349 ,101001,,5250,
EE-2025-0000043,406008,Repair Maintenance Other,Unassigned,05-06-2025,Being amt paid for installing pipe frame for dish antennas on the terrace,177605,, Saraswat Bank - 152200100300349 ,101001,,8500,
ME-2025-0000727,301033 301022 301011 301003 301016 303001 304002 301006 304001 301004 206001,4W Parking Charges Bldg Development Fund Education & Training Fund Electricity Charges Insurance Charges Property Tax Repair & Maintenance Fund Service Charges Sinking Fund Water Charges Advance Members Advance Members, 502,06-06-2025,NEFT recd agst bill 057dt. 01.06.25,HDFCH00284145121,HDFC BANK , Saraswat Bank - 152200100300349 ,101001,6250.00,,
ME-2025-0000728,301022 301011 301003 301016 303001 304002 301006 304001 301004,Bldg Development Fund Education & Training Fund Electricity Charges Insurance Charges Property Tax Repair & Maintenance Fund Service Charges Sinking Fund Water Charges, 702,07-06-2025,IMPS recd agst bill 061dt. 01.06.2025,HDFCH00287882847,N.A., Saraswat Bank - 152200100300349 ,101001,5998.00,,
ME-2025-0000729,301022 301011 301003 301016 303001 304002 301006 304001 301004,Bldg Development Fund Education & Training Fund Electricity Charges Insurance Charges Property Tax Repair & Maintenance Fund Service Charges Sinking Fund Water Charges, 302,07-06-2025,IMPS recd agst bill 051dt. 01.06.2025,515810950403,N.A., Saraswat Bank - 152200100300349 ,101001,5271.00,,
ME-2025-0000730,301012 301033 301022 301011 301003 301016 303001 304002 301006 304001 301004,Late Payment Interest 4W Parking Charges Bldg Development Fund Education & Training Fund Electricity Charges Insurance Charges Property Tax Repair & Maintenance Fund Service Charges Sinking Fund Water Charges, 401,07-06-2025,NEFT recd agst bill 053dt. 01.06.25,INDBH07067474876,Indusind Bank, Saraswat Bank - 152200100300349 ,101001,7769.00,,
EE-2025-0000045,406001,Garden Maintenance Expenses,Unassigned,07-06-2025,Being amt paid for replanting fallen tree and planting them in various parts of the garden,177606,, Saraswat Bank - 152200100300349 ,101001,,1000,
ME-2025-0000731,301033 301022 301011 301003 301016 303001 304002 301006 304001 301004,4W Parking Charges Bldg Development Fund Education & Training Fund Electricity Charges Insurance Charges Property Tax Repair & Maintenance Fund Service Charges Sinking Fund Water Charges, 203,08-06-2025,IMPS recd agst bill 048dt. 01.06.2025,515913567108,N.A., Saraswat Bank - 152200100300349 ,101001,5057.00,,
ME-2025-0000732,301022 301011 301003 301016 303001 304002 301006 304001 301004,Bldg Development Fund Education & Training Fund Electricity Charges Insurance Charges Property Tax Repair & Maintenance Fund Service Charges Sinking Fund Water Charges, 204,08-06-2025,IMPS recd agst bill 048dt. 01.06.2025,515913567108,N.A., Saraswat Bank - 152200100300349 ,101001,4457.00,,
ME-2025-0000723,301022 301011 301003 301016 303001 304002 301006 304001 301004,Bldg Development Fund Education & Training Fund Electricity Charges Insurance Charges Property Tax Repair & Maintenance Fund Service Charges Sinking Fund Water Charges, 101,09-06-2025,NEFT recd agst bill  044 dt 0.06.2025,T2506101154535023935833,N.A., Saraswat Bank - 152200100300349 ,101001,7198.00,,
ME-2025-0000733,301009 301022 301011 301003 301016 303001 304002 301006 304001 301004,2W Parking Charges Bldg Development Fund Education & Training Fund Electricity Charges Insurance Charges Property Tax Repair & Maintenance Fund Service Charges Sinking Fund Water Charges, 701,09-06-2025,IMPS recd agst bill 060 dt. 01.06.2025,516023331465,N.A., Saraswat Bank - 152200100300349 ,101001,6130.00,,
ME-2025-0000738,301022 301011 301003 301016 303001 304002 301006 304001 301004 206001,Bldg Development Fund Education & Training Fund Electricity Charges Insurance Charges Property Tax Repair & Maintenance Fund Service Charges Sinking Fund Water Charges Advance Members Advance Members, 201,09-06-2025,NEFT recd agst bill 046dt. 01.06.2025,HSBCN16049648576,HSBC BANK, Saraswat Bank - 152200100300349 ,101001,4500.00,,
ME-2025-0000741,301022 301011 301003 301016 303001 304002 301006 304001 301004 206001,Bldg Development Fund Education & Training Fund Electricity Charges Insurance Charges Property Tax Repair & Maintenance Fund Service Charges Sinking Fund Water Charges Advance Members Advance Members, 202,09-06-2025,NEFT recd agst bill 047dt. 01.06.2025,HSBCN16049648576,HSBC BANK, Saraswat Bank - 152200100300349 ,101001,4500.00,,
ME-2025-0000725,301009 301022 301011 301003 301016 303001 304002 301006 304001 301004,2W Parking Charges Bldg Development Fund Education & Training Fund Electricity Charges Insurance Charges Property Tax Repair & Maintenance Fund Service Charges Sinking Fund Water Charges, 602,10-06-2025,Chq recd dt 10.06.2025 agst bill 059 dt 01.06.2025,319621,Model Co-op Bank, Saraswat Bank - 152200100300349 ,101001,5778.00,,
ME-2025-0000734,301022 301011 301003 301016 304002 301006 304001 301004,Bldg Development Fund Education & Training Fund Electricity Charges Insurance Charges Repair & Maintenance Fund Service Charges Sinking Fund Water Charges, 102,10-06-2025,UPI recd agst bill 045dt. 01.06.2025,516102919619,N.A., Saraswat Bank - 152200100300349 ,101001,3986.00,,
ME-2025-0000735,301022 301011 301003 301016 303001 304002 301006 304001 301004,Bldg Development Fund Education & Training Fund Electricity Charges Insurance Charges Property Tax Repair & Maintenance Fund Service Charges Sinking Fund Water Charges, 403,10-06-2025,NEFT recd agst bill 054 dt. 01.06.25,AXOMB16102179281,Axis Bank , Saraswat Bank - 152200100300349 ,101001,4485.00,,
ME-2025-0000736,301022 301011 301003 301016 303001 304002 301006 304001 301004,Bldg Development Fund Education & Training Fund Electricity Charges Insurance Charges Property Tax Repair & Maintenance Fund Service Charges Sinking Fund Water Charges, 404,10-06-2025,NEFT recd agst bill 054 dt. 01.06.25,AXOMB16102179281,Axis Bank , Saraswat Bank - 152200100300349 ,101001,4457.00,,
EE-2025-0000180,109001,Advance Payment to Vendors,Swarnika Enterprises,10-06-2025,Being advance paid towards repair of 2 new doors,177607,, Saraswat Bank - 152200100300349 ,101001,,30000,
EE-2025-0000181,109001,Advance Payment to Vendors,Swarnika Enterprises,15-06-2025,Being advance paid for the work on the lift room slab,177608,, Saraswat Bank - 152200100300349 ,101001,,15000,
EE-2025-0000047,408007,Pest Control Expenses,Swift Pest Control,18-06-2025,Being amt paid for disinfestation spray treatment  - 1st June 2025 to 31st May 2026,177609,, Saraswat Bank - 152200100300349 ,101001,,3200,
EE-2025-0000049,406008,Repair Maintenance Other,Unassigned,18-06-2025,Being amt paid for purchase of skip floor mat for the society - for monsoons,177610,, Saraswat Bank - 152200100300349 ,101001,,2282.88,
EE-2025-0000051,406008,Repair Maintenance Other,Unassigned,21-06-2025,Being amt paid for building name board - Fair Field,177611,, Saraswat Bank - 152200100300349 ,101001,,4250,
ME-2025-0000737,301022 301011 301003 301016 304002 301006 304001 301004,Bldg Development Fund Education & Training Fund Electricity Charges Insurance Charges Repair & Maintenance Fund Service Charges Sinking Fund Water Charges, 303,22-06-2025,NEFT recd agst bill 052dt. 01.06.25,HDFCH00315176370,HDFC BANK , Saraswat Bank - 152200100300349 ,101001,3986.00,,
EE-2025-0000182,109001,Advance Payment to Vendors,Swarnika Enterprises,25-06-2025,Being balance amt paid for 2 doors and MS Grill painting,177612,, Saraswat Bank - 152200100300349 ,101001,,15000,
EE-2025-0000066,403001,Electricity Expenses,Adani Electricity,26-06-2025,Being electricity bill paid for April & May 2025,177613,, Saraswat Bank - 152200100300349 ,101001,,18450,
ME-2025-0000932,301011 301016 304001 301004 301003 304002 301022 303001 301006,Education & Training Fund Insurance Charges Sinking Fund Water Charges Electricity Charges Repair & Maintenance Fund Bldg Development Fund Property Tax Service Charges, 101,01-07-2025,NEFT recd agst bill no. 062 dt 01.07.2025,970184182249,N.A., Saraswat Bank - 152200100300349 ,101001,7198.00,,
ME-2025-0000935,301011 301016 304001 301004 304002 301003 301022 303001 301006,Education & Training Fund Insurance Charges Sinking Fund Water Charges Repair & Maintenance Fund Electricity Charges Bldg Development Fund Property Tax Service Charges, 301,01-07-2025,IMPS recd agst bill 68 Dt 01.07.25,5182092553649,N.A., Saraswat Bank - 152200100300349 ,101001,5505.00,,
ME-2025-0000936,301011 301016 304001 301009 301004 304002 301003 303001 301022 301006,Education & Training Fund Insurance Charges Sinking Fund 2W Parking Charges Water Charges Repair & Maintenance Fund Electricity Charges Property Tax Bldg Development Fund Service Charges, 701,02-07-2025,IMPS recd agst bill 78 Dt 01.07.25,518301382541,N.A., Saraswat Bank - 152200100300349 ,101001,6130.00,,
ME-2025-0000937,301035 301022 301011 301003 301016 303001 304002 301006 304001 301004 206001,4W Stilt Parking Charges Bldg Development Fund Education & Training Fund Electricity Charges Insurance Charges Property Tax Repair & Maintenance Fund Service Charges Sinking Fund Water Charges Advance Members Advance Members, 601,04-07-2025,NEFT recd agst bill 76 Dt 01.07.25,HDFCH00340126488,HDFC BANK, Saraswat Bank - 152200100300349 ,101001,6227.00,,
EE-2025-0000068,401001,Salary Expenses,Watchman,04-07-2025,Being salary paid for June 2025,177614,, Saraswat Bank - 152200100300349 ,101001,,10250,
EE-2025-0000070,406001,Garden Maintenance Expenses,Gardner,04-07-2025,Being salary paid for June 2025,177614,, Saraswat Bank - 152200100300349 ,101001,,1000,
EE-2025-0000072,401001,Salary Expenses,Savita (Sweeper),04-07-2025,Being salary paid for June 2025,177615,, Saraswat Bank - 152200100300349 ,101001,,5250,
EE-2025-0000074,406008,Repair Maintenance Other,Unassigned,04-07-2025,Being amt paid for Airtel wiring for disk antenna which was broken and later installed with cable,177616,, Saraswat Bank - 152200100300349 ,101001,,1915,
EE-2025-0000076,406007,Repair Maintenance Electrical,Prakash Electric & Services,05-07-2025,Being amt paid for purchase of plumbing items for repair work of pipes and taps of the garden and labour charges,177617,, Saraswat Bank - 152200100300349 ,101001,,2085,
EE-2025-0000078,408002,Accounting Charges,Irene Rosario,05-07-2025,Being amt paid for accounting charges for July to September 2025,177618,, Saraswat Bank - 152200100300349 ,101001,,3148,
ME-2025-0000938,301011 301016 304001 301004 304002 301003 303001 301022 301006,Education & Training Fund Insurance Charges Sinking Fund Water Charges Repair & Maintenance Fund Electricity Charges Property Tax Bldg Development Fund Service Charges, 702,07-07-2025,NEFT recd agst bill 79 Dt 01.07.25,HDFCH00346255024,HDFC BANK, Saraswat Bank - 152200100300349 ,101001,5998.00,,
ME-2025-0000939,301022 301011 301003 301016 303001 304002 301006 304001 301004 206001,Bldg Development Fund Education & Training Fund Electricity Charges Insurance Charges Property Tax Repair & Maintenance Fund Service Charges Sinking Fund Water Charges Advance Members Advance Members, 201,07-07-2025,NEFT recd agst bill 64 DT 01.07.25,HDFCH00347399144,HDFC BANK, Saraswat Bank - 152200100300349 ,101001,4465.00,,
ME-2025-0000940,301011 301016 304001 304002 301004 301003 303001 301022 301033 301006,Education & Training Fund Insurance Charges Sinking Fund Repair & Maintenance Fund Water Charges Electricity Charges Property Tax Bldg Development Fund 4W Parking Charges Service Charges, 203,07-07-2025,IMPS recd agst bill 66 Dt 01.07.25,518821815946,N.A., Saraswat Bank - 152200100300349 ,101001,5057.00,,
ME-2025-0000941,301011 301016 304001 304002 301004 301003 303001 301022 301006,Education & Training Fund Insurance Charges Sinking Fund Repair & Maintenance Fund Water Charges Electricity Charges Property Tax Bldg Development Fund Service Charges, 204,07-07-2025,IMPS recd agst bill 67 Dt 01.07.25,518821815946,N.A., Saraswat Bank - 152200100300349 ,101001,4457.00,,
ME-2025-0000942,301011 301016 304001 301004 304002 301007 301003 303001 301022 3010172 301033 301006,Education & Training Fund Insurance Charges Sinking Fund Water Charges Repair & Maintenance Fund Non Occupancy Charges Electricity Charges Property Tax Bldg Development Fund Arrears for NOC 4W Parking Charges Service Charges, 401,08-07-2025,NEFT recd agst bill 80 Dt 01.07.25,INDBH07071560033,Induslnd Bank, Saraswat Bank - 152200100300349 ,101001,9587.00,,
ME-2025-0000943,301011 301016 304001 304002 301004 301003 303001 301022 301006,Education & Training Fund Insurance Charges Sinking Fund Repair & Maintenance Fund Water Charges Electricity Charges Property Tax Bldg Development Fund Service Charges, 403,08-07-2025,NEFT recd agst bill 72 Dt 01.07.25,AXOMB18902000878,Axis Bank , Saraswat Bank - 152200100300349 ,101001,4485.00,,
ME-2025-0000944,301011 301016 304001 304002 301004 301003 303001 301022 301006,Education & Training Fund Insurance Charges Sinking Fund Repair & Maintenance Fund Water Charges Electricity Charges Property Tax Bldg Development Fund Service Charges, 404,08-07-2025,NEFT recd agst bill 73 Dt 01.07.25,AXOMB18902000878,Axis Bank , Saraswat Bank - 152200100300349 ,101001,4457.00,,
ME-2025-0000945,301022 301011 301003 301016 303001 304002 301006 304001 301004 206001,Bldg Development Fund Education & Training Fund Electricity Charges Insurance Charges Property Tax Repair & Maintenance Fund Service Charges Sinking Fund Water Charges Advance Members Advance Members, 202,08-07-2025,NEFT recd agst bill 65 Dt 01.07.25,HSBCN18957343947,HSBC BANK, Saraswat Bank - 152200100300349 ,101001,5000.00,,
ME-2025-0000948,301011 301016 304001 301004 304002 301003 301022 303001 301006,Education & Training Fund Insurance Charges Sinking Fund Water Charges Repair & Maintenance Fund Electricity Charges Bldg Development Fund Property Tax Service Charges, 302,08-07-2025,NEFT recd agst bill 058 dt. 01.07.25,SBI3251890001300,State Bank of India, Saraswat Bank - 152200100300349 ,101001,5271.00,,
ME-2025-0000946,301011 301016 304001 301004 304002 301003 301033 303001 301022 301006,Education & Training Fund Insurance Charges Sinking Fund Water Charges Repair & Maintenance Fund Electricity Charges 4W Parking Charges Property Tax Bldg Development Fund Service Charges, 502,09-07-2025,NEFT recd agst bill 75 Dt 01.07.25,HDFCH00353188292,HDFC Bank, Saraswat Bank - 152200100300349 ,101001,6246.00,,
ME-2025-0000933,301011 301016 304001 301009 301004 304002 301003 303001 301022 301006,Education & Training Fund Insurance Charges Sinking Fund 2W Parking Charges Water Charges Repair & Maintenance Fund Electricity Charges Property Tax Bldg Development Fund Service Charges, 602,10-07-2025,Ch. dt. 10.07.2025 recd agst bill no. 077 dt 01.07.2025,319624,Model CO-OP Bank, Saraswat Bank - 152200100300349 ,101001,5778.00,,
ME-2025-0000934,301011 301016 304001 301004 301035 304002 301003 301022 303001 301006,Education & Training Fund Insurance Charges Sinking Fund Water Charges 4W Stilt Parking Charges Repair & Maintenance Fund Electricity Charges Bldg Development Fund Property Tax Service Charges, 501,10-07-2025,Ch. dt. 01.07.2025 recd agst bill no. 074 dt 01.07.2025,000060,HDFC Bank, Saraswat Bank - 152200100300349 ,101001,5995.00,,
ME-2025-0000947,301011 301016 304001 304002 301004 301003 301022 301006,Education & Training Fund Insurance Charges Sinking Fund Repair & Maintenance Fund Water Charges Electricity Charges Bldg Development Fund Service Charges, 102,10-07-2025,519156704217,519156704217,Union bank of India, Saraswat Bank - 152200100300349 ,101001,3986.00,,
EE-2025-0000080,407003,Garbage Disposal Expenses,Unassigned,25-07-2025,Being amt paid for purchase of Nilkamal garbage bins  240 and 120 ltr,177620,, Saraswat Bank - 152200100300349 ,101001,,5200,
EE-2025-0000082,402001,Property Tax - Members,BMC,29-07-2025,Being property tax bill paid for PN1304600260000 for,177621,, Saraswat Bank - 152200100300349 ,101001,,106030,
ME-2025-0001136,301022 301011 301003 301016 303001 304002 301006 304001 301004 206001,Bldg Development Fund Education & Training Fund Electricity Charges Insurance Charges Property Tax Repair & Maintenance Fund Service Charges Sinking Fund Water Charges Advance Members Advance Members, 301,02-08-2025,IMPS recd agst bill no.087 dt. 01.08.2025,521409752549,N.A., Saraswat Bank - 152200100300349 ,101001,5505.00,,
ME-2025-0001137,301011 301016 304001 301009 301004 304002 301003 303002 301022 303001 301006,Education & Training Fund Insurance Charges Sinking Fund 2W Parking Charges Water Charges Repair & Maintenance Fund Electricity Charges Arrears Property Tax Bldg Development Fund Property Tax Service Charges, 701,02-08-2025,IMPS recd agst bill no.097 dt. 01.08.2025,521421333027,N.A., Saraswat Bank - 152200100300349 ,101001,7014.00,,
ME-2025-0001132,303002 301022 301011 301003 301016 303001 304002 301006 304001 301004,Arrears Property Tax Bldg Development Fund Education & Training Fund Electricity Charges Insurance Charges Property Tax Repair & Maintenance Fund Service Charges Sinking Fund Water Charges, 101,03-08-2025,UPI recd agst bill 081 dt. 01.08.25,785195177115,Union Bank Of India, Saraswat Bank - 152200100300349 ,101001,7857.00,,
ME-2025-0001151,303002 301022 301011 301003 301016 303001 304002 301006 304001 301004,Arrears Property Tax Bldg Development Fund Education & Training Fund Electricity Charges Insurance Charges Property Tax Repair & Maintenance Fund Service Charges Sinking Fund Water Charges, 201,03-08-2025,NEFT recd on account,HDFCH00400208075,HDFC Bank , Saraswat Bank - 152200100300349 ,101001,4533.00,,
ME-2025-0001138,301011 301016 304001 301004 304002 301003 303002 301033 301022 303001 301006,Education & Training Fund Insurance Charges Sinking Fund Water Charges Repair & Maintenance Fund Electricity Charges Arrears Property Tax 4W Parking Charges Bldg Development Fund Property Tax Service Charges, 502,04-08-2025,NEFT recd agst bill no.094 dt. 01.08.2025,HDFCH00400926848,HDFC Bank, Saraswat Bank - 152200100300349 ,101001,7057.00,,
EE-2025-0000084,401001,Salary Expenses,Watchman,05-08-2025,Being salary paid for July 2025,177622,, Saraswat Bank - 152200100300349 ,101001,,10250,
EE-2025-0000086,401001,Salary Expenses,Savita (Sweeper),05-08-2025,Being salary paid for July 2025,177623,, Saraswat Bank - 152200100300349 ,101001,,5250,
EE-2025-0000184,406001,Garden Maintenance Expenses,Gardner,05-08-2025,Being salary paid for July 2025,177622,, Saraswat Bank - 152200100300349 ,101001,,1000,
EE-2025-0000188,408011,Bank Charges,Unassigned,05-08-2025,Being cheque book charges paid,NA,, Saraswat Bank - 152200100300349 ,101001,,472,
ME-2025-0001148,303002 301022 301011 301003 301016 303001 304002 301006 304001 301004,Arrears Property Tax Bldg Development Fund Education & Training Fund Electricity Charges Insurance Charges Property Tax Repair & Maintenance Fund Service Charges Sinking Fund Water Charges, 702,07-08-2025,NEFT recd agst bill 098 dt. 01.08.2025,HDFCH00408839801,HDFC Bank, Saraswat Bank - 152200100300349 ,101001,6855.00,,
ME-2025-0001150,206001,Advance Members, 702,07-08-2025,NEFT recd as advance,HDFCH00408839799,HDFC Bank , Saraswat Bank - 152200100300349 ,101001,5998.00,,
ME-2025-0001140,301011 301016 304001 301004 301035 304002 301003 303002 301022 303001 301006,Education & Training Fund Insurance Charges Sinking Fund Water Charges 4W Stilt Parking Charges Repair & Maintenance Fund Electricity Charges Arrears Property Tax Bldg Development Fund Property Tax Service Charges, 601,09-08-2025,NEFT recd agst bill no.095 dt. 01.08.25,HDFCH00417091285,HDFC Bank , Saraswat Bank - 152200100300349 ,101001,882.00,,
ME-2025-0001141,301011 301016 304001 301004 304002 301003 301022 303001 301006,Education & Training Fund Insurance Charges Sinking Fund Water Charges Repair & Maintenance Fund Electricity Charges Bldg Development Fund Property Tax Service Charges, 302,09-08-2025,IMPS recd agst bill no.088 dt. 01.08.2025,522121419719,N.A., Saraswat Bank - 152200100300349 ,101001,5227.00,,
ME-2025-0001154,206001,Advance Members, 502,09-08-2025,NEFT recd as advance,HDFCH00416850078,HDFC Bank , Saraswat Bank - 152200100300349 ,101001,6246.00,,
ME-2025-0001133,301011 301016 304001 301004 301035 304002 301003 303002 301022 303001 301006,Education & Training Fund Insurance Charges Sinking Fund Water Charges 4W Stilt Parking Charges Repair & Maintenance Fund Electricity Charges Arrears Property Tax Bldg Development Fund Property Tax Service Charges, 501,10-08-2025,Ch dt. 01.08.25 recd agst bill 93 dt. 01.08.25,000061,HDFC Bank , Saraswat Bank - 152200100300349 ,101001,6877.00,,
ME-2025-0001134,301011 301016 304001 301009 301004 304002 301003 303002 301022 303001 301006,Education & Training Fund Insurance Charges Sinking Fund 2W Parking Charges Water Charges Repair & Maintenance Fund Electricity Charges Arrears Property Tax Bldg Development Fund Property Tax Service Charges, 602,10-08-2025,Ch dt. 10.08.25 recd agst bill 96 dt. 01.08.25,319627,Model Bank , Saraswat Bank - 152200100300349 ,101001,6612.00,,
ME-2025-0001142,301011 301016 304001 304002 301004 301003 301022 301006,Education & Training Fund Insurance Charges Sinking Fund Repair & Maintenance Fund Water Charges Electricity Charges Bldg Development Fund Service Charges, 102,10-08-2025,UPI recd agst bill no.082  dt. 01.08.2025,558880983490,Union Bank Of India, Saraswat Bank - 152200100300349 ,101001,3986.00,,
ME-2025-0001143,301011 301016 304001 304002 301004 303002 301003 301022 303001 301006,Education & Training Fund Insurance Charges Sinking Fund Repair & Maintenance Fund Water Charges Arrears Property Tax Electricity Charges Bldg Development Fund Property Tax Service Charges, 403,10-08-2025,NEFT recd agst bill no.091 dt. 01.08.2025,AXOMB22202098472,Axis Bank, Saraswat Bank - 152200100300349 ,101001,4869.00,,
ME-2025-0001149,303002 301022 301011 301003 301016 303001 304002 301006 304001 301004,Arrears Property Tax Bldg Development Fund Education & Training Fund Electricity Charges Insurance Charges Property Tax Repair & Maintenance Fund Service Charges Sinking Fund Water Charges, 404,10-08-2025,NEFT recd agst bill 092. 01.08.2025,AXOMB22202098472,Axis bank, Saraswat Bank - 152200100300349 ,101001,4841.00,,
EE-2025-0000088,403001,Electricity Expenses,Adani Electricity,14-08-2025,Being electricity bill paid for July 2025  both bills figure  one bill - current not read,177624,, Saraswat Bank - 152200100300349 ,101001,,16120,
ME-2025-0001152,303002 301022 301011 301003 301016 303001 304002 301006 304001 301004 206001,Arrears Property Tax Bldg Development Fund Education & Training Fund Electricity Charges Insurance Charges Property Tax Repair & Maintenance Fund Service Charges Sinking Fund Water Charges Advance Members Advance Members, 201,18-08-2025,NEFT recd agst bill,HSBCN23067580107,HSBC Bank, Saraswat Bank - 152200100300349 ,101001,500.00,,
ME-2025-0001153,303002 301022 301011 301003 301016 303001 304002 301006 304001 301004 206001,Arrears Property Tax Bldg Development Fund Education & Training Fund Electricity Charges Insurance Charges Property Tax Repair & Maintenance Fund Service Charges Sinking Fund Water Charges Advance Members Advance Members, 202,18-08-2025,NEFT recd agst bill,HSBCN23067580107,HSBC Bank, Saraswat Bank - 152200100300349 ,101001,4500.00,,
ME-2025-0001144,301011 301016 304001 301004 304002 301007 301003 303002 301022 303001 301033 301006,Education & Training Fund Insurance Charges Sinking Fund Water Charges Repair & Maintenance Fund Non Occupancy Charges Electricity Charges Arrears Property Tax Bldg Development Fund Property Tax 4W Parking Charges Service Charges, 401,21-08-2025,NEFT recd agst bill no.090 dt. 01.08.2025,INDBH21087684438,Indian Bank, Saraswat Bank - 152200100300349 ,101001,8795.00,,
EE-2025-0000090,406007,Repair Maintenance Electrical,Prakash Electric & Services,21-08-2025,Being amt paid for purchase of St light - 36W and labour charges,177625,, Saraswat Bank - 152200100300349 ,101001,,1050,
ME-2025-0001347,301022 301011 301003 301016 303001 304002 301006 304001 301004 206001,Bldg Development Fund Education & Training Fund Electricity Charges Insurance Charges Property Tax Repair & Maintenance Fund Service Charges Sinking Fund Water Charges Advance Members Advance Members, 301,31-08-2025,IMPS recd agst bill 105 dt. 01.08.2025,524318113229,N.A., Saraswat Bank - 152200100300349 ,101001,5505.00,,
ME-2025-0001345,303002 301022 301011 301003 301016 303001 304002 301006 304001 301004,Arrears Property Tax Bldg Development Fund Education & Training Fund Electricity Charges Insurance Charges Property Tax Repair & Maintenance Fund Service Charges Sinking Fund Water Charges, 202,01-09-2025,NEFT recd agst bill 102 dt. 01.08.2025,HDFCH00453984643,HDFC Bank , Saraswat Bank - 152200100300349 ,101001,4500.00,,
ME-2025-0001351,301012 301022 301011 301003 301016 304002 301006 304001 301004,Late Payment Interest Late Payment Interest Late Payment Interest Bldg Development Fund Education & Training Fund Electricity Charges Insurance Charges Repair & Maintenance Fund Service Charges Sinking Fund Water Charges Bldg Development Fund Education & Training Fund Electricity Charges Insurance Charges Repair & Maintenance Fund Service Charges Sinking Fund Water Charges Bldg Development Fund Education & Training Fund Electricity Charges Insurance Charges Repair & Maintenance Fund Service Charges Sinking Fund Water Charges, 303,01-09-2025,IMPS recd agst bill 107 dt. 01.09.2025,524414149772,N.A., Saraswat Bank - 152200100300349 ,101001,12151.00,,
ME-2025-0001352,301009 303002 301022 301011 301003 301016 303001 304002 301006 304001 301004,2W Parking Charges Arrears Property Tax Bldg Development Fund Education & Training Fund Electricity Charges Insurance Charges Property Tax Repair & Maintenance Fund Service Charges Sinking Fund Water Charges, 701,01-09-2025,IMPS recd agst bill 115 dt. 01.09.2025,524421356393,N.A., Saraswat Bank - 152200100300349 ,101001,7014.00,,
ME-2025-0001348,301011 301016 304001 301004 301003 304002 303002 301022 303001 301006,Education & Training Fund Insurance Charges Sinking Fund Water Charges Electricity Charges Repair & Maintenance Fund Arrears Property Tax Bldg Development Fund Property Tax Service Charges, 101,02-09-2025,NEFT recd agst bill no.099 dt 01.09.2025,642171526735,N.A., Saraswat Bank - 152200100300349 ,101001,7857.00,,
EE-2025-0000092,406003,AC Repair & Maintenance,Unassigned,02-09-2025,Being amt paid for repairing A C square part and changing it,177626,, Saraswat Bank - 152200100300349 ,101001,,9200,
ME-2025-0001353,303002 301022 301011 301003 301016 303001 304002 301006 304001 301004,Arrears Property Tax Bldg Development Fund Education & Training Fund Electricity Charges Insurance Charges Property Tax Repair & Maintenance Fund Service Charges Sinking Fund Water Charges, 702,05-09-2025,NEFT recd agst bill 116 dt. 01.09.2025,HDFCH00464389224,HDFC BANK , Saraswat Bank - 152200100300349 ,101001,857.00,,
ME-2025-0001354,301035 303002 301022 301011 301003 301016 303001 304002 301006 304001 301004 206001,4W Stilt Parking Charges Arrears Property Tax Bldg Development Fund Education & Training Fund Electricity Charges Insurance Charges Property Tax Repair & Maintenance Fund Service Charges Sinking Fund Water Charges Advance Members Advance Members, 601,05-09-2025,NEFT recd agst bill 113 dt. 01.09.2025,HDFCH00464799587,HDFC BANK , Saraswat Bank - 152200100300349 ,101001,13808.00,,
EE-2025-0000094,401001,Salary Expenses,Watchman,05-09-2025,Being salary paid for August 16 days  10250 pm,177627,29438, Saraswat Bank - 152200100300349 ,101001,,5290,
EE-2025-0000096,406001,Garden Maintenance Expenses,Gardner,05-09-2025,Being salary paid for August 16 days salary  1000 pm,177627,, Saraswat Bank - 152200100300349 ,101001,,516,
EE-2025-0000098,401001,Salary Expenses,Watchman,05-09-2025,Being salary paid for August 2025 - Khadak Singh  New watchman - 15 days,177628,, Saraswat Bank - 152200100300349 ,101001,,9500,
EE-2025-0000100,406001,Garden Maintenance Expenses,Gardner,05-09-2025,Being salary paid for August 2025 - Khadak Singh  15 days,177628,, Saraswat Bank - 152200100300349 ,101001,,484,
EE-2025-0000102,401001,Salary Expenses,Savita (Sweeper),05-09-2025,Being salary paid for August 2025,177629,, Saraswat Bank - 152200100300349 ,101001,,5250,
ME-2025-0001362,301033 303002 301022 301011 301003 301016 303001 304002 301006 304001 301004,4W Parking Charges Arrears Property Tax Bldg Development Fund Education & Training Fund Electricity Charges Insurance Charges Property Tax Repair & Maintenance Fund Service Charges Sinking Fund Water Charges, 203,08-09-2025,IMPS recd agst bill,525121513526,N.A., Saraswat Bank - 152200100300349 ,101001,5260.00,,
ME-2025-0001363,301012 303002 301022 301011 301003 301016 303001 304002 301006 304001 301004,Late Payment Interest Arrears Property Tax Bldg Development Fund Education & Training Fund Electricity Charges Insurance Charges Property Tax Repair & Maintenance Fund Service Charges Sinking Fund Water Charges Arrears Property Tax Bldg Development Fund Education & Training Fund Electricity Charges Insurance Charges Property Tax Repair & Maintenance Fund Service Charges Sinking Fund Water Charges, 204,08-09-2025,IMPS recd agst bill,525121513526,N.A., Saraswat Bank - 152200100300349 ,101001,9740.00,,
ME-2025-0001364,301012 301033 303002 301022 301011 301003 301016 303001 304002 301006 304001 301004,Late Payment Interest 4W Parking Charges Arrears Property Tax Bldg Development Fund Education & Training Fund Electricity Charges Insurance Charges Property Tax Repair & Maintenance Fund Service Charges Sinking Fund Water Charges 4W Parking Charges Arrears Property Tax Bldg Development Fund Education & Training Fund Electricity Charges Insurance Charges Property Tax Repair & Maintenance Fund Service Charges Sinking Fund Water Charges, 203,08-09-2025,IMPS recd on account,525121513976,N.A., Saraswat Bank - 152200100300349 ,101001,5417.00,,
ME-2025-0001355,301033 303002 301022 301011 301003 301016 303001 304002 301006 304001 301004 206001,4W Parking Charges Arrears Property Tax Bldg Development Fund Education & Training Fund Electricity Charges Insurance Charges Property Tax Repair & Maintenance Fund Service Charges Sinking Fund Water Charges Advance Members Advance Members, 502,09-09-2025,NEFT recd agst bill 112 dt. 01.09.2025,HDFCH00472480597,HDFC BANK, Saraswat Bank - 152200100300349 ,101001,6246.00,,
ME-2025-0001356,301022 301011 301003 301016 303001 304002 301006 304001 301004,Bldg Development Fund Education & Training Fund Electricity Charges Insurance Charges Property Tax Repair & Maintenance Fund Service Charges Sinking Fund Water Charges, 302,09-09-2025,IMPS recd agst bill 106 dt. 01.09.2025,525214614443,N.A., Saraswat Bank - 152200100300349 ,101001,5227.00,,
ME-2025-0001349,301011 301016 304001 301004 301035 304002 301003 303002 301022 303001 301006,Education & Training Fund Insurance Charges Sinking Fund Water Charges 4W Stilt Parking Charges Repair & Maintenance Fund Electricity Charges Arrears Property Tax Bldg Development Fund Property Tax Service Charges, 501,10-09-2025,Ch dt. 02.09.25 recd agst bill 111 dt. 01.09.25,000062,HDFC Bank, Saraswat Bank - 152200100300349 ,101001,6877.00,,
ME-2025-0001350,301011 301016 304001 301009 301004 304002 301003 303002 301022 303001 301006,Education & Training Fund Insurance Charges Sinking Fund 2W Parking Charges Water Charges Repair & Maintenance Fund Electricity Charges Arrears Property Tax Bldg Development Fund Property Tax Service Charges, 602,10-09-2025,Ch dt. 10.09.25 recd agst bill 114 dt. 01.9.25,319630,Model Bank, Saraswat Bank - 152200100300349 ,101001,6612.00,,
ME-2025-0001357,303002 301022 301011 301003 301016 303001 304002 301006 304001 301004,Arrears Property Tax Bldg Development Fund Education & Training Fund Electricity Charges Insurance Charges Property Tax Repair & Maintenance Fund Service Charges Sinking Fund Water Charges, 404,10-09-2025,NEFT recd agst bill 110 dt. 01.09.2025,AXOMB25302001973,Axis bank, Saraswat Bank - 152200100300349 ,101001,4841.00,,
ME-2025-0001358,303002 301022 301011 301003 301016 303001 304002 301006 304001 301004,Arrears Property Tax Bldg Development Fund Education & Training Fund Electricity Charges Insurance Charges Property Tax Repair & Maintenance Fund Service Charges Sinking Fund Water Charges, 403,10-09-2025,NEFT recd agst bill 109 dt. 01.09.2025,AXOMB25302001973,Axis bank , Saraswat Bank - 152200100300349 ,101001,4869.00,,
ME-2025-0001359,301022 301011 301003 301016 304002 301006 304001 301004,Bldg Development Fund Education & Training Fund Electricity Charges Insurance Charges Repair & Maintenance Fund Service Charges Sinking Fund Water Charges, 102,10-09-2025,UPI recd agst bill 100 dt. 01.09.2025,561966760858,N.A., Saraswat Bank - 152200100300349 ,101001,3986.00,,
ME-2025-0001360,303002 301022 301011 301003 301016 303001 304002 301006 304001 301004 206001,Arrears Property Tax Bldg Development Fund Education & Training Fund Electricity Charges Insurance Charges Property Tax Repair & Maintenance Fund Service Charges Sinking Fund Water Charges Advance Members Advance Members, 201,13-09-2025,NEFT recd agst bill dt. 01.09.25,HSBCN25675229335,HSBC Bank, Saraswat Bank - 152200100300349 ,101001,7000.00,,
ME-2025-0001361,303002 301022 301011 301003 301016 303001 304002 301006 304001 301004 206001,Arrears Property Tax Bldg Development Fund Education & Training Fund Electricity Charges Insurance Charges Property Tax Repair & Maintenance Fund Service Charges Sinking Fund Water Charges Advance Members Advance Members, 202,13-09-2025,NEFT recd agst bill dt. 01.09.25,HSBCN25675229335,HSBC Bank, Saraswat Bank - 152200100300349 ,101001,2000.00,,
EE-2025-0000105,403001,Electricity Expenses,Adani Electricity,16-09-2025,Being electricity bill paid for August 2025,177630,, Saraswat Bank - 152200100300349 ,101001,,13110,
ME-2025-0001552,301011 301016 304001 301004 301003 304002 303002 301022 303001 301006,Education & Training Fund Insurance Charges Sinking Fund Water Charges Electricity Charges Repair & Maintenance Fund Arrears Property Tax Bldg Development Fund Property Tax Service Charges, 101,02-10-2025,NEFT recd agst bill  117 dt 01.10.25,HDFCN52025100205882304,HDFC BANK, Saraswat Bank - 152200100300349 ,101001,7857.00,,
ME-2025-0001555,301022 301011 301003 301016 303001 304002 301006 304001 301004 206001,Bldg Development Fund Education & Training Fund Electricity Charges Insurance Charges Property Tax Repair & Maintenance Fund Service Charges Sinking Fund Water Charges Advance Members Advance Members, 301,02-10-2025,NEFT recd agst bill 123 dt. 01.10.2025,527521987706,N.A., Saraswat Bank - 152200100300349 ,101001,5505.00,,
ME-2025-0001556,301009 303002 301022 301011 301003 301016 303001 304002 301006 304001 301004,2W Parking Charges Arrears Property Tax Bldg Development Fund Education & Training Fund Electricity Charges Insurance Charges Property Tax Repair & Maintenance Fund Service Charges Sinking Fund Water Charges, 701,03-10-2025,NEFT recd agst bill 133 dt. 01.10.2025,527618393309,N.A., Saraswat Bank - 152200100300349 ,101001,7014.00,,
EE-2025-0000107,401001,Salary Expenses,Watchman,06-10-2025,Being salary paid for September 2025 - Ari Chettiar -  resumed on 03.09.25 and 2days leave,202801,, Saraswat Bank - 152200100300349 ,101001,,9567,
EE-2025-0000109,401001,Salary Expenses,Watchman,06-10-2025,Being salary paid for September 2025,202802,, Saraswat Bank - 152200100300349 ,101001,,9500,
EE-2025-0000111,401001,Salary Expenses,Savita (Sweeper),06-10-2025,Being salary paid for September 2025,202803,, Saraswat Bank - 152200100300349 ,101001,,5250,
EE-2025-0000186,406001,Garden Maintenance Expenses,Gardner,06-10-2025,Being salary paid for September 2025,202801,, Saraswat Bank - 152200100300349 ,101001,,1000,
ME-2025-0001557,303002 301022 301011 301003 301016 303001 304002 301006 304001 301004,Arrears Property Tax Bldg Development Fund Education & Training Fund Electricity Charges Insurance Charges Property Tax Repair & Maintenance Fund Service Charges Sinking Fund Water Charges, 702,07-10-2025,NEFT recd agst bill 134 dt. 01.10.2025,HDFCH00529387840,HDFC BANK , Saraswat Bank - 152200100300349 ,101001,6855.00,,
ME-2025-0001558,303002 301022 301011 301003 301016 303001 304002 301006 304001 301004,Arrears Property Tax Bldg Development Fund Education & Training Fund Electricity Charges Insurance Charges Property Tax Repair & Maintenance Fund Service Charges Sinking Fund Water Charges, 202,08-10-2025,NEFT recd agst bill 120 dt. 01.10.2025,HDFCH00533131790,HDFC BANK `, Saraswat Bank - 152200100300349 ,101001,3274.00,,
ME-2025-0001559,301012 301033 303002 301022 301011 301003 301016 303001 304002 301006 304001 301004,Late Payment Interest 4W Parking Charges Arrears Property Tax Bldg Development Fund Education & Training Fund Electricity Charges Insurance Charges Property Tax Repair & Maintenance Fund Service Charges Sinking Fund Water Charges 4W Parking Charges Arrears Property Tax Bldg Development Fund Education & Training Fund Electricity Charges Insurance Charges Property Tax Repair & Maintenance Fund Service Charges Sinking Fund Water Charges, 203,08-10-2025,IMPS recd agst bill 121 dt. 01.10.2025,528110989287,N.A., Saraswat Bank - 152200100300349 ,101001,5733.00,,
ME-2025-0001560,301012 303002 301022 301011 301003 301016 303001 304002 301006 304001 301004,Late Payment Interest Arrears Property Tax Bldg Development Fund Education & Training Fund Electricity Charges Insurance Charges Property Tax Repair & Maintenance Fund Service Charges Sinking Fund Water Charges, 204,08-10-2025,IMPS recd agst bill 121 dt. 01.10.2025,528110989287,N.A., Saraswat Bank - 152200100300349 ,101001,4860.00,,
EE-2025-0000113,404005,Water Tank Cleaning Expenses,Unassigned,08-10-2025,Being amt paid for cleaning of the overhead and underground tanks,202804,, Saraswat Bank - 152200100300349 ,101001,,3500,
ME-2025-0001561,301033 303002 301022 301011 301003 301016 303001 304002 301006 304001 301004 206001,4W Parking Charges Arrears Property Tax Bldg Development Fund Education & Training Fund Electricity Charges Insurance Charges Property Tax Repair & Maintenance Fund Service Charges Sinking Fund Water Charges Advance Members Advance Members, 502,09-10-2025,NEFT recd agst bill 130 dt. 01.10.2025,HDFCH00536488958,HDFC BANK, Saraswat Bank - 152200100300349 ,101001,6246.00,,
ME-2025-0001553,301011 301016 304001 301004 301035 304002 301003 303002 301022 303001 301006,Education & Training Fund Insurance Charges Sinking Fund Water Charges 4W Stilt Parking Charges Repair & Maintenance Fund Electricity Charges Arrears Property Tax Bldg Development Fund Property Tax Service Charges, 501,10-10-2025,Chq recd agst bill 129 dt 01.10.25,000065,HDFC BANK, Saraswat Bank - 152200100300349 ,101001,6877.00,,
ME-2025-0001554,301011 301016 304001 301009 301004 304002 301003 303002 301022 303001 301006,Education & Training Fund Insurance Charges Sinking Fund 2W Parking Charges Water Charges Repair & Maintenance Fund Electricity Charges Arrears Property Tax Bldg Development Fund Property Tax Service Charges, 602,10-10-2025,Chq recd agst bill,000002,Bank Of Baroda, Saraswat Bank - 152200100300349 ,101001,6612.00,,
ME-2025-0001563,303002 301022 301011 301003 301016 303001 304002 301006 304001 301004,Arrears Property Tax Bldg Development Fund Education & Training Fund Electricity Charges Insurance Charges Property Tax Repair & Maintenance Fund Service Charges Sinking Fund Water Charges, 403,10-10-2025,NEFT recd agst bill 127 dt. 01.10.2025,AXOMB28302042121,Axis bank, Saraswat Bank - 152200100300349 ,101001,4869.00,,
ME-2025-0001564,303002 301022 301011 301003 301016 303001 304002 301006 304001 301004,Arrears Property Tax Bldg Development Fund Education & Training Fund Electricity Charges Insurance Charges Property Tax Repair & Maintenance Fund Service Charges Sinking Fund Water Charges, 404,10-10-2025,NEFT recd agst bill 128 dt. 01.10.2025,AXOMB28302042121,Axis bank, Saraswat Bank - 152200100300349 ,101001,4841.00,,
ME-2025-0001566,301022 301011 301003 301016 304002 301006 304001 301004,Bldg Development Fund Education & Training Fund Electricity Charges Insurance Charges Repair & Maintenance Fund Service Charges Sinking Fund Water Charges, 102,10-10-2025,NEFT recd agst bill 118 dt. 01.10.2025,564940023675,N.A., Saraswat Bank - 152200100300349 ,101001,3986.00,,
ME-2025-0001567,303002 301022 301011 301003 301016 303001 304002 301006 304001 301004 206001,Arrears Property Tax Bldg Development Fund Education & Training Fund Electricity Charges Insurance Charges Property Tax Repair & Maintenance Fund Service Charges Sinking Fund Water Charges Advance Members Advance Members, 201,10-10-2025,NEFT recd agst bill 119 dt. 01.10.25,HSBCN28282904117,HSBC BANK, Saraswat Bank - 152200100300349 ,101001,4500.00,,
ME-2025-0001570,301022 301011 301003 301016 303001 304002 301006 304001 301004,Bldg Development Fund Education & Training Fund Electricity Charges Insurance Charges Property Tax Repair & Maintenance Fund Service Charges Sinking Fund Water Charges, 302,10-10-2025,NEFT recd agst bill 124 dt. 01.10.25,SBI3252840003195,State Bank of India, Saraswat Bank - 152200100300349 ,101001,5227.00,,
EE-2025-0000115,408002,Accounting Charges,Irene Rosario,10-10-2025,Being accounting charges paid for October to December 2025,202805,, Saraswat Bank - 152200100300349 ,101001,,3148,
EE-2025-0000146,403001,Electricity Expenses,Adani Electricity,17-10-2025,Being electricity bill paid for September 2025,202807,, Saraswat Bank - 152200100300349 ,101001,,10240,
EE-2025-0000135,407008,Insurance Expenses,The New India Assurance Co. Ltd.,30-10-2025,Being bill paid for PN  14010011248600000236 for 31.10.2025 to 30.10.2026,202808,, Saraswat Bank - 152200100300349 ,101001,,16302,
ME-2025-0001757,301022 301011 301003 301016 303001 304002 301006 304001 301004 206001,Bldg Development Fund Education & Training Fund Electricity Charges Insurance Charges Property Tax Repair & Maintenance Fund Service Charges Sinking Fund Water Charges Advance Members Advance Members, 301,31-10-2025,IMPS recd agst bill 141 dt. 01.11.25,530418368896,N.A., Saraswat Bank - 152200100300349 ,101001,5505.00,,
ME-2025-0001746,301009 301022 301011 301003 301016 303001 304002 301006 304001 301004,2W Parking Charges Bldg Development Fund Education & Training Fund Electricity Charges Insurance Charges Property Tax Repair & Maintenance Fund Service Charges Sinking Fund Water Charges, 701,01-11-2025,IMPS recd agst bill 151 dt. 01.11.25,530515389169,N.A., Saraswat Bank - 152200100300349 ,101001,6509.00,,
ME-2025-0001747,301022 301011 301003 301016 303001 304002 301006 304001 301004,Bldg Development Fund Education & Training Fund Electricity Charges Insurance Charges Property Tax Repair & Maintenance Fund Service Charges Sinking Fund Water Charges, 202,01-11-2025,NEFT recd agst bill 138 dt. 01.11.25,HDFCH00584115935,HDFC Bank, Saraswat Bank - 152200100300349 ,101001,4703.00,,
ME-2025-0001743,301011 301006 301033 301022 301003 301004 304002 301012 304001 301016,Education & Training Fund Service Charges 4W Parking Charges Bldg Development Fund Electricity Charges Water Charges Repair & Maintenance Fund Late Payment Interest Sinking Fund Insurance Charges Education & Training Fund Service Charges 4W Parking Charges Bldg Development Fund Electricity Charges Water Charges Repair & Maintenance Fund Sinking Fund Insurance Charges, 303,02-11-2025,NEFT recd agst bill no. 143 dt 01.11.2025,HDFCN52025110270723942,HDFC Bank, Saraswat Bank - 152200100300349 ,101001,9226.00,,
ME-2025-0001748,301012 301033 303002 301022 301011 301003 301016 303001 304002 301006 304001 301004 301007,Late Payment Interest Late Payment Interest Late Payment Interest 4W Parking Charges Arrears Property Tax Bldg Development Fund Education & Training Fund Electricity Charges Insurance Charges Property Tax Repair & Maintenance Fund Service Charges Sinking Fund Water Charges Non Occupancy Charges 4W Parking Charges Arrears Property Tax Bldg Development Fund Education & Training Fund Electricity Charges Insurance Charges Property Tax Repair & Maintenance Fund Service Charges Sinking Fund Water Charges Non Occupancy Charges 4W Parking Charges Bldg Development Fund Education & Training Fund Electricity Charges Insurance Charges Property Tax Repair & Maintenance Fund Service Charges Sinking Fund Water Charges Non Occupancy Charges, 401,03-11-2025,NEFT recd agst bills,INDBH03118209488,N.A., Saraswat Bank - 152200100300349 ,101001,26351.00,,
BE-2025-0000002,0,Bank Transfer,,03-11-2025,Being cash withdrawn for petty cash,202809,, Saraswat Bank - 152200100300349 ,101001,,4000,
ME-2025-0001749,301022 301011 301003 301016 303001 304002 301006 304001 301004,Bldg Development Fund Education & Training Fund Electricity Charges Insurance Charges Property Tax Repair & Maintenance Fund Service Charges Sinking Fund Water Charges, 101,05-11-2025,NEFT recd agst bill 135 dt. 01.11.25,HDFCH00592742245,HDFC Bank, Saraswat Bank - 152200100300349 ,101001,7480.00,,
ME-2025-0001750,301012 301033 301022 301011 301003 301016 303001 304002 301006 304001 301004 206001,Late Payment Interest 4W Parking Charges Bldg Development Fund Education & Training Fund Electricity Charges Insurance Charges Property Tax Repair & Maintenance Fund Service Charges Sinking Fund Water Charges Advance Members Advance Members, 203,06-11-2025,IMPS recd agst bill dt. 01.11.25,531016883620,N.A., Saraswat Bank - 152200100300349 ,101001,5273.00,,
ME-2025-0001751,301022 301011 301003 301016 303001 304002 301006 304001 301004 206001,Bldg Development Fund Education & Training Fund Electricity Charges Insurance Charges Property Tax Repair & Maintenance Fund Service Charges Sinking Fund Water Charges Advance Members Advance Members, 204,06-11-2025,IMPS recd agst bill dt. 01.11.25,531016883620,N.A., Saraswat Bank - 152200100300349 ,101001,4672.00,,
EE-2025-0000152,401001,Salary Expenses,Watchman,06-11-2025,Being salary paid for October 2025 - Ari Chettiar  new increased,202810,, Saraswat Bank - 152200100300349 ,101001,,10750,
EE-2025-0000154,406001,Garden Maintenance Expenses,Gardner,06-11-2025,Being salary paid for October 2025,202810,, Saraswat Bank - 152200100300349 ,101001,,1000,
EE-2025-0000156,401001,Salary Expenses,Watchman,06-11-2025,Being salary paid for October 2025,202811,, Saraswat Bank - 152200100300349 ,101001,,9500,
EE-2025-0000158,401001,Salary Expenses,Savita (Sweeper),06-11-2025,Being salary paid for October 2025,202812,, Saraswat Bank - 152200100300349 ,101001,,5500,
ME-2025-0001752,301022 301011 301003 301016 303001 304002 301006 304001 301004,Bldg Development Fund Education & Training Fund Electricity Charges Insurance Charges Property Tax Repair & Maintenance Fund Service Charges Sinking Fund Water Charges, 702,08-11-2025,NEFT recd agst bill 152 dt. 01.11.25,HDFCH00600450527,HDFC Bank, Saraswat Bank - 152200100300349 ,101001,6365.00,,
ME-2025-0001753,301035 301022 301011 301003 301016 303001 304002 301006 304001 301004 206001,4W Stilt Parking Charges Bldg Development Fund Education & Training Fund Electricity Charges Insurance Charges Property Tax Repair & Maintenance Fund Service Charges Sinking Fund Water Charges Advance Members Advance Members, 601,09-11-2025,NEFT recd agst bill 149 dt. 01.11.25,HDFCH00601858236,HDFC Bank, Saraswat Bank - 152200100300349 ,101001,13800.00,,
ME-2025-0001758,301033 301022 301011 301003 301016 303001 304002 301006 304001 301004 206001,4W Parking Charges Bldg Development Fund Education & Training Fund Electricity Charges Insurance Charges Property Tax Repair & Maintenance Fund Service Charges Sinking Fund Water Charges Advance Members Advance Members, 502,09-11-2025,NEFT recd agst bill 148 dt. 01.11.25,HDFCH00601614326,HDFC Bank, Saraswat Bank - 152200100300349 ,101001,6246.00,,
ME-2025-0001744,301035 301022 301011 301003 301016 303001 304002 301006 304001 301004,4W Stilt Parking Charges Bldg Development Fund Education & Training Fund Electricity Charges Insurance Charges Property Tax Repair & Maintenance Fund Service Charges Sinking Fund Water Charges, 501,10-11-2025,Ch. recd agst bill 147 dt. 01.11.25,000067,HDFC Bank, Saraswat Bank - 152200100300349 ,101001,6373.00,,
ME-2025-0001745,301009 301022 301011 301003 301016 303001 304002 301006 304001 301004,2W Parking Charges Bldg Development Fund Education & Training Fund Electricity Charges Insurance Charges Property Tax Repair & Maintenance Fund Service Charges Sinking Fund Water Charges, 602,10-11-2025,Ch. recd agst bill 150 dt. 01.11.25,281778,Model Bank, Saraswat Bank - 152200100300349 ,101001,6135.00,,
ME-2025-0001754,301022 301011 301003 301016 304002 301006 304001 301004,Bldg Development Fund Education & Training Fund Electricity Charges Insurance Charges Repair & Maintenance Fund Service Charges Sinking Fund Water Charges, 102,10-11-2025,UPI recd agst bill 136 dt. 01.11.25,568064449835,N.A., Saraswat Bank - 152200100300349 ,101001,3986.00,,
ME-2025-0001755,301022 301011 301003 301016 303001 304002 301006 304001 301004,Bldg Development Fund Education & Training Fund Electricity Charges Insurance Charges Property Tax Repair & Maintenance Fund Service Charges Sinking Fund Water Charges, 403,10-11-2025,NEFT recd agst bill dt. 01.11.25,AXOMB31402185027,Axis Bank, Saraswat Bank - 152200100300349 ,101001,4650.00,,
ME-2025-0001756,301022 301011 301003 301016 303001 304002 301006 304001 301004,Bldg Development Fund Education & Training Fund Electricity Charges Insurance Charges Property Tax Repair & Maintenance Fund Service Charges Sinking Fund Water Charges, 404,10-11-2025,NEFT recd agst bill dt. 01.11.25,AXOMB31402185027,Axis Bank, Saraswat Bank - 152200100300349 ,101001,4622.00,,
EE-2025-0000212,403001,Electricity Expenses,Adani Electricity,18-11-2025,Being Oct-25 bill paid,202813,, Saraswat Bank - 152200100300349 ,101001,,9520,
ME-2025-0001763,305008,Entrance Fee, 201,21-11-2025,Ch. recd agst Entrance fees,008306,N.A., Saraswat Bank - 152200100300349 ,101001,100.00,,
ME-2025-0001764,305009,Share Transfer Fee, 201,21-11-2025,Ch. recd agst Share Transfer fees,008305,N.A., Saraswat Bank - 152200100300349 ,101001,500.00,,
ME-2025-0001765,305008,Entrance Fee, 202,21-11-2025,Ch. recd agst Entrance fees,121679,N.A., Saraswat Bank - 152200100300349 ,101001,100.00,,
ME-2025-0001766,305009,Share Transfer Fee, 202,21-11-2025,Ch. recd agst Share Transfer fees,121680,N.A., Saraswat Bank - 152200100300349 ,101001,500.00,,
EE-2025-0000215,407011,Audit Fees,Auditors Fee,25-11-2025,Being audit fees paid,202814,, Saraswat Bank - 152200100300349 ,101001,,2200,
ME-2025-0001938,301022 301011 301003 301016 303001 304002 301006 304001 301004 206001,Bldg Development Fund Education & Training Fund Electricity Charges Insurance Charges Property Tax Repair & Maintenance Fund Service Charges Sinking Fund Water Charges Advance Members Advance Members, 301,29-11-2025,IMPS recd as advance,538770110,N.A., Saraswat Bank - 152200100300349 ,101001,5505.00,,
ME-2025-0001944,301010,Other charges, 201,30-11-2025,NEFT recd agst Lawyer charges,HDFCH00641345653,HDFC Bank, Saraswat Bank - 152200100300349 ,101001,8000.00,,
ME-2025-0001946,301010,Other charges, 202,30-11-2025,NEFT recd agst lawyer charges,HSBCN33497687284,HSBC Bank, Saraswat Bank - 152200100300349 ,101001,8000.00,,
ME-2025-0001952,301011 301016 304001 301009 301004 304002 301003 301022 303001 301006,Education & Training Fund Insurance Charges Sinking Fund 2W Parking Charges Water Charges Repair & Maintenance Fund Electricity Charges Bldg Development Fund Property Tax Service Charges, 701,01-12-2025,IMPS recd agst bill 173 dt 01.12.25,533512979903,N.A., Saraswat Bank - 152200100300349 ,101001,6509.00,,
EE-2025-0000217,407009,Subscription,The Mumbai District Co-op. Hsg Fed Ltd.,01-12-2025,Being Federation subscription paid,202815,, Saraswat Bank - 152200100300349 ,101001,,826,
ME-2025-0001953,301011 301016 304001 304002 301004 301003 301022 301033 303001 301006,Education & Training Fund Insurance Charges Sinking Fund Repair & Maintenance Fund Water Charges Electricity Charges Bldg Development Fund 4W Parking Charges Property Tax Service Charges, 203,03-12-2025,IMPS rcvd agst bill no.161 dt .01.12.25,533709920603,N.A., Saraswat Bank - 152200100300349 ,101001,5172.00,,
ME-2025-0001954,301011 301016 304001 304002 301004 301003 301022 303001 301006,Education & Training Fund Insurance Charges Sinking Fund Repair & Maintenance Fund Water Charges Electricity Charges Bldg Development Fund Property Tax Service Charges, 204,03-12-2025,IMPS recd agst bill no.162 dt . 01.12.25,533709920603,N.A., Saraswat Bank - 152200100300349 ,101001,4572.00,,
ME-2025-0001962,301022 301011 301003 301016 303001 304002 301006 304001 301004,Bldg Development Fund Education & Training Fund Electricity Charges Insurance Charges Property Tax Repair & Maintenance Fund Service Charges Sinking Fund Water Charges, 101,03-12-2025,NEFT recd agst bill 157 dt. 01.12.25 - Simone,HDFCH00648492976,HDFC Bank, Saraswat Bank - 152200100300349 ,101001,7480.00,,
EE-2025-0000219,408009,Legal Fees,Unassigned,04-12-2025,Being amt paid for flats 201 & 202 cases - Kishor Chavan,202816,, Saraswat Bank - 152200100300349 ,101001,,16000,
EE-2025-0000223,401001,Salary Expenses,Watchman,05-12-2025,being Nov-25 salary paid,202818,, Saraswat Bank - 152200100300349 ,101001,,9500,
EE-2025-0000225,401001,Salary Expenses,Savita (Sweeper),05-12-2025,being Nov-25 salary paid,202819,, Saraswat Bank - 152200100300349 ,101001,,5500,
EE-2025-0000364,401001,Salary Expenses,Watchman,05-12-2025,Being salary paid for Nov 2026,202817,, Saraswat Bank - 152200100300349 ,101001,,10750,
EE-2025-0000366,406001,Garden Maintenance Expenses,Gardner,05-12-2025,Being salary paid for Nov-25,202817,, Saraswat Bank - 152200100300349 ,101001,,1000,
ME-2025-0001947,301012 301022 301011 301003 301016 303001 304002 301006 304001 301004,Late Payment Interest Bldg Development Fund Education & Training Fund Electricity Charges Insurance Charges Property Tax Repair & Maintenance Fund Service Charges Sinking Fund Water Charges Bldg Development Fund Education & Training Fund Electricity Charges Insurance Charges Property Tax Repair & Maintenance Fund Service Charges Sinking Fund Water Charges, 201,07-12-2025,NEFT recd on account,HDFCH00659740245,HDFC Bank, Saraswat Bank - 152200100300349 ,101001,4664.00,,
ME-2025-0001955,301011 301016 304001 301004 304002 301003 301022 303001 301006,Education & Training Fund Insurance Charges Sinking Fund Water Charges Repair & Maintenance Fund Electricity Charges Bldg Development Fund Property Tax Service Charges, 702,07-12-2025,NFET recd agst bill no. 174 dt.01.12.25,HDFC00659414067,HDFC Bank , Saraswat Bank - 152200100300349 ,101001,6365.00,,
ME-2025-0001958,301022 301011 301003 301016 303001 304002 301006 304001 301004,Bldg Development Fund Education & Training Fund Electricity Charges Insurance Charges Property Tax Repair & Maintenance Fund Service Charges Sinking Fund Water Charges, 403,07-12-2025,NEFT rcvd agst billno.168,AXOMB34102128515,N.A., Saraswat Bank - 152200100300349 ,101001,4650.00,,
ME-2025-0001959,301022 301011 301003 301016 303001 304002 301006 304001 301004,Bldg Development Fund Education & Training Fund Electricity Charges Insurance Charges Property Tax Repair & Maintenance Fund Service Charges Sinking Fund Water Charges, 404,07-12-2025,NEFT rcvd agst billno.168,AXOMB34102128515,N.A., Saraswat Bank - 152200100300349 ,101001,4622.00,,
ME-2025-0001961,301012 301022 301011 301003 301016 303001 304002 301006 304001 301004,Late Payment Interest Bldg Development Fund Education & Training Fund Electricity Charges Insurance Charges Property Tax Repair & Maintenance Fund Service Charges Sinking Fund Water Charges Bldg Development Fund Education & Training Fund Electricity Charges Insurance Charges Property Tax Repair & Maintenance Fund Service Charges Sinking Fund Water Charges, 302,07-12-2025,iMPS  recd agst bill no.164 dt.01.12.25,IMPS 534121617176,N.A., Saraswat Bank - 152200100300349 ,101001,10514.00,,
ME-2025-0001960,301033 301022 301011 301003 301016 303001 304002 301006 304001 301004 206001,4W Parking Charges Bldg Development Fund Education & Training Fund Electricity Charges Insurance Charges Property Tax Repair & Maintenance Fund Service Charges Sinking Fund Water Charges Advance Members Advance Members, 502,09-12-2025,NEFT recd agst bill no.170 dt .01.12.25,HDFCH00663277922,HDFC Bank, Saraswat Bank - 152200100300349 ,101001,6246.00,,
EE-2025-0000234,402001,Property Tax - Members,BMC,09-12-2025,Being property taxes paid,202823,, Saraswat Bank - 152200100300349 ,101001,,106030,
ME-2025-0001948,301011 301016 304001 301004 301035 304002 301003 301022 303001 301006,Education & Training Fund Insurance Charges Sinking Fund Water Charges 4W Stilt Parking Charges Repair & Maintenance Fund Electricity Charges Bldg Development Fund Property Tax Service Charges, 501,10-12-2025,Ch. dt. 01.12.25 recd agst bill 169  dt.01.12.25,000069,HDFC BANK, Saraswat Bank - 152200100300349 ,101001,6373.00,,
ME-2025-0001949,301011 301016 304001 301009 301004 304002 301003 301022 303001 301006,Education & Training Fund Insurance Charges Sinking Fund 2W Parking Charges Water Charges Repair & Maintenance Fund Electricity Charges Bldg Development Fund Property Tax Service Charges, 602,10-12-2025,Ch. dt. 10.12.25 recd agst bill 172  dt.01.12.25,281779,Model Co Op Bank, Saraswat Bank - 152200100300349 ,101001,6135.00,,
ME-2025-0001956,301011 301012 301016 304001 301004 304002 301003 301022 303001 301006,Education & Training Fund Late Payment Interest Insurance Charges Sinking Fund Water Charges Repair & Maintenance Fund Electricity Charges Bldg Development Fund Property Tax Service Charges, 401,10-12-2025,NEFT recd agst bill no. 166 dt .01.12.25,INDBH10123377819,N.A., Saraswat Bank - 152200100300349 ,101001,6043.00,,
ME-2025-0001957,301011 301016 304001 304002 301004 301003 301022 301006,Education & Training Fund Insurance Charges Sinking Fund Repair & Maintenance Fund Water Charges Electricity Charges Bldg Development Fund Service Charges, 102,10-12-2025,upi recd agst bill no. 158 dt .01.12.25,534466736189,N.A., Saraswat Bank - 152200100300349 ,101001,3986.00,,
EE-2025-0000227,407006,Office Expenses,Unassigned,10-12-2025,Being uniform purchased for security - Jupiter Uniform,202820,, Saraswat Bank - 152200100300349 ,101001,,2142,
EE-2025-0000229,411001,Fixed Asset Control A/C,PLUS SECURITY SOLUTIONS,13-12-2025,Being bill paid,202821,, Saraswat Bank - 152200100300349 ,101001,,18000,
EE-2025-0000232,403001,Electricity Expenses,Adani Electricity,18-12-2025,being Nov-25 bill paid,202822,, Saraswat Bank - 152200100300349 ,101001,,9380,
EE-2025-0000238,404001,Water Expenses,BMC,19-12-2025,Being bill paid,202824,, Saraswat Bank - 152200100300349 ,101001,,20109,
ME-2025-0001964,301010,Other charges, 201,22-12-2025,NEFT recd agst repair work bill,HDFCH00686889689,HDFC Bank, Saraswat Bank - 152200100300349 ,101001,5000.00,,
EE-2025-0000240,408009,Legal Fees,Unassigned,22-12-2025,Being consultancy fee towards conveyance matters - Kishor Chavan,202825,, Saraswat Bank - 152200100300349 ,101001,,150000,
EE-2025-0000242,401001,Salary Expenses,Watchman,23-12-2025,Being bonus paid,202826,, Saraswat Bank - 152200100300349 ,101001,,10750,
EE-2025-0000244,401001,Salary Expenses,Savita (Sweeper),23-12-2025,Being bonus paid,202827,, Saraswat Bank - 152200100300349 ,101001,,5500,
EE-2025-0000246,404006,Water Pump Repair Charges,Unassigned,23-12-2025,Wiring and other repairs charges - Riya Enterprises,202828,, Saraswat Bank - 152200100300349 ,101001,,10475,
ME-2025-0002142,301022 301011 301003 301016 303001 304002 301006 304001 301004 206001,Bldg Development Fund Education & Training Fund Electricity Charges Insurance Charges Property Tax Repair & Maintenance Fund Service Charges Sinking Fund Water Charges Advance Members Advance Members, 301,02-01-2026,IMPS recd agst bill no.184 dt.01.01.26,600220311913,N.A., Saraswat Bank - 152200100300349 ,101001,5505.00,,
ME-2025-0002138,301012 301033 301022 301011 301003 301016 304002 301006 304001 301004,Late Payment Interest Late Payment Interest 4W Parking Charges Bldg Development Fund Education & Training Fund Electricity Charges Insurance Charges Repair & Maintenance Fund Service Charges Sinking Fund Water Charges 4W Parking Charges Bldg Development Fund Education & Training Fund Electricity Charges Insurance Charges Repair & Maintenance Fund Service Charges Sinking Fund Water Charges, 303,03-01-2026,NEFT recd agst bill 186 dt 01.01.26,HDFCH00713019273,HDFC bank, Saraswat Bank - 152200100300349 ,101001,9228.00,,
ME-2025-0002143,301012 301022 301011 301003 301016 303001 304002 301006 304001 301004 206001,Late Payment Interest Bldg Development Fund Education & Training Fund Electricity Charges Insurance Charges Property Tax Repair & Maintenance Fund Service Charges Sinking Fund Water Charges Bldg Development Fund Education & Training Fund Electricity Charges Insurance Charges Property Tax Repair & Maintenance Fund Service Charges Sinking Fund Water Charges Advance Members Advance Members, 202,03-01-2026,NEFT recd agst bill no.181 dt.01.01.26,HSBCN00307198149,HSBC BANK, Saraswat Bank - 152200100300349 ,101001,9500.00,,
ME-2025-0002139,301011 301016 304001 301004 301003 304002 301022 303001 301006,Education & Training Fund Insurance Charges Sinking Fund Water Charges Electricity Charges Repair & Maintenance Fund Bldg Development Fund Property Tax Service Charges, 101,05-01-2026,NEFT recd agst bill   178 dt 01.01.2026,HDFCH00715843066,HDFC BANK `, Saraswat Bank - 152200100300349 ,101001,7480.00,,
EE-2025-0000258,406007,Repair Maintenance Electrical,Prakash Electric & Services,05-01-2026,Being bill paid,202829,, Saraswat Bank - 152200100300349 ,101001,,4500,
ME-2025-0002144,301012 301022 301011 301003 301016 303001 304002 301006 304001 301004,Late Payment Interest Bldg Development Fund Education & Training Fund Electricity Charges Insurance Charges Property Tax Repair & Maintenance Fund Service Charges Sinking Fund Water Charges Bldg Development Fund Education & Training Fund Electricity Charges Insurance Charges Property Tax Repair & Maintenance Fund Service Charges Sinking Fund Water Charges, 201,06-01-2026,NEFT recd agst bill no.180 dt.01.01.26,HDFCH00720846712,HDFC BANK, Saraswat Bank - 152200100300349 ,101001,7232.00,,
EE-2025-0000256,408011,Bank Charges,Unassigned,06-01-2026,Being SMS Banking charges for quater ending 31.12.2025,NA,, Saraswat Bank - 152200100300349 ,101001,,13.72,
ME-2025-0002145,301022 301011 301003 301016 303001 304002 301006 304001 301004,Bldg Development Fund Education & Training Fund Electricity Charges Insurance Charges Property Tax Repair & Maintenance Fund Service Charges Sinking Fund Water Charges, 702,07-01-2026,NEFT recd agst bill no.195 dt.01.01.26,HDFCH00721921501,HDFC BANK, Saraswat Bank - 152200100300349 ,101001,6365.00,,
EE-2025-0000262,401001,Salary Expenses,Watchman,07-01-2026,Being salary paid of Dec 2025  Keshav Harish Bahadur Bishwakarma,202831,, Saraswat Bank - 152200100300349 ,101001,,9500,
EE-2025-0000268,401001,Salary Expenses,Savita (Sweeper),07-01-2026,Being salary paid of Dec 2025  Ani Chettiar,202832,, Saraswat Bank - 152200100300349 ,101001,,5500,
EE-2025-0000371,406001,Garden Maintenance Expenses,Gardner,07-01-2026,Being salary paid for Dec 2025,202830,, Saraswat Bank - 152200100300349 ,101001,,1000,
EE-2025-0000387,401001,Salary Expenses,Watchman,07-01-2026,Being salary paid for Dec 2025,202830,, Saraswat Bank - 152200100300349 ,101001,,10750,
ME-2025-0002148,301033 301022 301011 301003 301016 303001 304002 301006 304001 301004,4W Parking Charges Bldg Development Fund Education & Training Fund Electricity Charges Insurance Charges Property Tax Repair & Maintenance Fund Service Charges Sinking Fund Water Charges, 401,08-01-2026,IMPS recd agst bill no.187 dt.01.01.26,600817181147,N.A., Saraswat Bank - 152200100300349 ,101001,8625.00,,
ME-2025-0002154,301012 301022 301011 301003 301016 303001 304002 301006 304001 301004,Late Payment Interest Bldg Development Fund Education & Training Fund Electricity Charges Insurance Charges Property Tax Repair & Maintenance Fund Service Charges Sinking Fund Water Charges, 302,08-01-2026,NEFT recd agst bill no.185 dt.01.01.26,SBI3260080004862,SBI BANK, Saraswat Bank - 152200100300349 ,101001,5245.00,,
ME-2025-0002140,301009 301022 301011 301003 301016 303001 304002 301006 304001 301004,2W Parking Charges Bldg Development Fund Education & Training Fund Electricity Charges Insurance Charges Property Tax Repair & Maintenance Fund Service Charges Sinking Fund Water Charges, 602,10-01-2026,Ch.dt.10.01.26 recd agst bill no.193 dt.01.01.26,000003,bank of baroda, Saraswat Bank - 152200100300349 ,101001,6135.00,,
ME-2025-0002141,301035 301022 301011 301003 301016 303001 304002 301006 304001 301004,4W Stilt Parking Charges Bldg Development Fund Education & Training Fund Electricity Charges Insurance Charges Property Tax Repair & Maintenance Fund Service Charges Sinking Fund Water Charges, 501,10-01-2026,Ch.dt.03.01.26 recd agst bill no.190 dt.01.01.26,000023,bank of baroda, Saraswat Bank - 152200100300349 ,101001,6373.00,,
ME-2025-0002146,301022 301011 301003 301016 303001 304002 301006 304001 301004,Bldg Development Fund Education & Training Fund Electricity Charges Insurance Charges Property Tax Repair & Maintenance Fund Service Charges Sinking Fund Water Charges, 403,10-01-2026,NEFT recd agst bill no.188 & 189 dt.01.01.26,AXOMB00902176639,axis bank, Saraswat Bank - 152200100300349 ,101001,4650.00,,
ME-2025-0002147,301022 301011 301003 301016 303001 304002 301006 304001 301004,Bldg Development Fund Education & Training Fund Electricity Charges Insurance Charges Property Tax Repair & Maintenance Fund Service Charges Sinking Fund Water Charges, 404,10-01-2026,NEFT recd agst bill no.188 & 189 dt.01.01.26,AXOMB00902176639,axis bank, Saraswat Bank - 152200100300349 ,101001,4622.00,,
ME-2025-0002149,301009 301022 301011 301003 301016 303001 304002 301006 304001 301004,2W Parking Charges Bldg Development Fund Education & Training Fund Electricity Charges Insurance Charges Property Tax Repair & Maintenance Fund Service Charges Sinking Fund Water Charges, 701,10-01-2026,NEFT recd agst bill no.194 dt.01.01.26,HDFCH00732530803,HDFC BANK, Saraswat Bank - 152200100300349 ,101001,6509.00,,
ME-2025-0002150,301022 301011 301003 301016 304002 301006 304001 301004,Bldg Development Fund Education & Training Fund Electricity Charges Insurance Charges Repair & Maintenance Fund Service Charges Sinking Fund Water Charges, 102,10-01-2026,UPI recd agst bill no.179 dt.01.01.26,637610381243,union bank of india, Saraswat Bank - 152200100300349 ,101001,3986.00,,
ME-2025-0002151,301033 301022 301011 301003 301016 303001 304002 301006 304001 301004,4W Parking Charges Bldg Development Fund Education & Training Fund Electricity Charges Insurance Charges Property Tax Repair & Maintenance Fund Service Charges Sinking Fund Water Charges, 203,10-01-2026,IMPS recd agst bill no.182 & 183 dt.01.01.26,601011994804,N.A., Saraswat Bank - 152200100300349 ,101001,5222.00,,
ME-2025-0002152,301022 301011 301003 301016 303001 304002 301006 304001 301004,Bldg Development Fund Education & Training Fund Electricity Charges Insurance Charges Property Tax Repair & Maintenance Fund Service Charges Sinking Fund Water Charges, 204,10-01-2026,IMPS recd agst bill no.182 & 183 dt.01.01.26,601011994804,N.A., Saraswat Bank - 152200100300349 ,101001,4622.00,,
ME-2025-0002159,305009,Share Transfer Fee, 403,11-01-2026,Ch. recd agst Share Transfer fees,997507,Axis Bank LTD, Saraswat Bank - 152200100300349 ,101001,500.00,,
ME-2025-0002160,305008,Entrance Fee, 403,11-01-2026,Ch. recd agst Entrance fees,997509,Axis Bank LTD, Saraswat Bank - 152200100300349 ,101001,100.00,,
ME-2025-0002161,305009,Share Transfer Fee, 404,11-01-2026,Ch. recd agst Share Transfer fees,997508,Axis Bank LTD, Saraswat Bank - 152200100300349 ,101001,500.00,,
ME-2025-0002162,305008,Entrance Fee, 404,11-01-2026,Ch. recd agst Entrance fees,997510,Axis Bank LTD, Saraswat Bank - 152200100300349 ,101001,100.00,,
EE-2025-0000270,406008,Repair Maintenance Other,Unassigned,11-01-2026,Being bill paid,202835,, Saraswat Bank - 152200100300349 ,101001,,2500,
ME-2025-0002153,301035 301022 301011 301003 301016 303001 304002 301006 304001 301004,4W Stilt Parking Charges Bldg Development Fund Education & Training Fund Electricity Charges Insurance Charges Property Tax Repair & Maintenance Fund Service Charges Sinking Fund Water Charges, 601,12-01-2026,IMPS recd agst bill no.192 dt.01.01.26,601211966523,N.A., Saraswat Bank - 152200100300349 ,101001,5400.00,,
EE-2025-0000276,408009,Legal Fees,Unassigned,12-01-2026,Being bill paid,202834,, Saraswat Bank - 152200100300349 ,101001,,7000,
EE-2025-0000283,405001,Lift AMC Expenses,Om Classic Elevators,12-01-2026,Being bill paid of 01.01.26 to 31.12.26,202836,, Saraswat Bank - 152200100300349 ,101001,,17700,
ME-2025-0002357,305010,Legal Charges , 404,13-01-2026,Ch recd agst legal charges,997513,N.A., Saraswat Bank - 152200100300349 ,101001,3500.00,,
ME-2025-0002359,305010,Legal Charges , 403,13-01-2026,Ch recd agst legal charges,997512,N.A., Saraswat Bank - 152200100300349 ,101001,3500.00,,
EE-2025-0000290,403001,Electricity Expenses,Adani Electricity,20-01-2026,Being bill paid of Dec - 2025,202837,, Saraswat Bank - 152200100300349 ,101001,,10270,
EE-2025-0000294,408002,Accounting Charges,Irene Rosario,21-01-2026,Being bill paid for Filing Income Tax Returns,202838,, Saraswat Bank - 152200100300349 ,101001,,1500,
EE-2025-0000296,408002,Accounting Charges,Irene Rosario,21-01-2026,Being bill paid for Accounting charges of Jan to Mar 2026,202839,, Saraswat Bank - 152200100300349 ,101001,,3148,
ME-2025-0002360,301022 301011 301003 301016 303001 304002 301006 304001 301004 206001,Bldg Development Fund Education & Training Fund Electricity Charges Insurance Charges Property Tax Repair & Maintenance Fund Service Charges Sinking Fund Water Charges Advance Members Advance Members, 301,31-01-2026,IMPS recd agst bill 206 dt. 01.02.26,603122803400,N.A., Saraswat Bank - 152200100300349 ,101001,5505.00,,
ME-2025-0002345,301012 301011 301016 304001 304002 301004 301003 301022 303001 301006,Late Payment Interest Education & Training Fund Insurance Charges Sinking Fund Repair & Maintenance Fund Water Charges Electricity Charges Bldg Development Fund Property Tax Service Charges, 201,03-02-2026,NEFT recd agst bill 202 dt. 01.02.26,HDCH0777505746,HDFC Bank, Saraswat Bank - 152200100300349 ,101001,4643.00,,
ME-2025-0002346,301011 301016 304001 301004 301003 304002 301022 303001 301006,Education & Training Fund Insurance Charges Sinking Fund Water Charges Electricity Charges Repair & Maintenance Fund Bldg Development Fund Property Tax Service Charges, 101,05-02-2026,NEFT recd agst bill 200 dt. 01.02.26,HDFCH00748297413,HDFC Bank, Saraswat Bank - 152200100300349 ,101001,7480.00,,
EE-2025-0000306,401001,Salary Expenses,Savita (Sweeper),06-02-2026,Being salary paid of Jan 2026,202842,, Saraswat Bank - 152200100300349 ,101001,,5500,
EE-2025-0000375,401001,Salary Expenses,Watchman,06-02-2026,Being salary paid for Jan 2026,202840,, Saraswat Bank - 152200100300349 ,101001,,7976,
EE-2025-0000377,406001,Garden Maintenance Expenses,Gardner,06-02-2026,Being salary paid for Jan 2026,202840,, Saraswat Bank - 152200100300349 ,101001,,742,
EE-2025-0000381,401001,Salary Expenses,Watchman,06-02-2026,Being salary paid for Jan 2026,202841,, Saraswat Bank - 152200100300349 ,101001,,9500,
EE-2025-0000383,406001,Garden Maintenance Expenses,Gardner,06-02-2026,Being salary paid for jan 2026,202841,, Saraswat Bank - 152200100300349 ,101001,,258,
ME-2025-0002347,301011 301016 304001 301004 304002 301003 301022 303001 301006,Education & Training Fund Insurance Charges Sinking Fund Water Charges Repair & Maintenance Fund Electricity Charges Bldg Development Fund Property Tax Service Charges, 702,07-02-2026,NEFT recd agst bill 216 dt. 01.02.26,HDFCH00787729353,HDFC Bank, Saraswat Bank - 152200100300349 ,101001,6365.00,,
ME-2025-0002348,301012 301011 301016 304001 301004 301035 304002 301003 301022 303001 301006,Late Payment Interest Education & Training Fund Insurance Charges Sinking Fund Water Charges 4W Stilt Parking Charges Repair & Maintenance Fund Electricity Charges Bldg Development Fund Property Tax Service Charges, 601,08-02-2026,IMPS recd agst bill 213 dt. 01.02.26,603911914630,N.A., Saraswat Bank - 152200100300349 ,101001,6405.00,,
ME-2025-0002349,301033 301022 301011 301003 301016 303001 304002 301006 304001 301004,4W Parking Charges Bldg Development Fund Education & Training Fund Electricity Charges Insurance Charges Property Tax Repair & Maintenance Fund Service Charges Sinking Fund Water Charges, 203,08-02-2026,IMPS recd agst bill 204 & 205 dt. 01.02.26,603912858410,N.A., Saraswat Bank - 152200100300349 ,101001,5222.00,,
ME-2025-0002350,301022 301011 301003 301016 303001 304002 301006 304001 301004,Bldg Development Fund Education & Training Fund Electricity Charges Insurance Charges Property Tax Repair & Maintenance Fund Service Charges Sinking Fund Water Charges, 204,08-02-2026,IMPS recd agst bill 204 & 205 dt. 01.02.26,603912858410,N.A., Saraswat Bank - 152200100300349 ,101001,4622.00,,
ME-2025-0002351,301011 301016 304001 301004 304002 301003 301022 303001 301006,Education & Training Fund Insurance Charges Sinking Fund Water Charges Repair & Maintenance Fund Electricity Charges Bldg Development Fund Property Tax Service Charges, 302,08-02-2026,NEFT recd agst bill 207 dt. 01.02.26,TUT260391728854,N.A., Saraswat Bank - 152200100300349 ,101001,5227.00,,
ME-2025-0002342,301035 301022 301011 301003 301016 303001 304002 301006 304001 301004,4W Stilt Parking Charges Bldg Development Fund Education & Training Fund Electricity Charges Insurance Charges Property Tax Repair & Maintenance Fund Service Charges Sinking Fund Water Charges, 501,09-02-2026,Ch.dt.08.02.26 recd agst bill no.211 dt.01.02.26,000025,bank of baroda, Saraswat Bank - 152200100300349 ,101001,6373.00,,
ME-2025-0002344,301009 301022 301011 301003 301016 303001 304002 301006 304001 301004,2W Parking Charges Bldg Development Fund Education & Training Fund Electricity Charges Insurance Charges Property Tax Repair & Maintenance Fund Service Charges Sinking Fund Water Charges, 602,09-02-2026,Ch.dt.10.02.26 recd agst bill no.214 dt.01.02.26,000004,bank of baroda, Saraswat Bank - 152200100300349 ,101001,6135.00,,
ME-2025-0002352,301011 301016 304001 301009 301004 304002 301003 301022 303001 301006,Education & Training Fund Insurance Charges Sinking Fund 2W Parking Charges Water Charges Repair & Maintenance Fund Electricity Charges Bldg Development Fund Property Tax Service Charges, 701,10-02-2026,NEFT recd agst bill 215 dt. 01.02.26,HDFCH0079490224,HDFC Bank, Saraswat Bank - 152200100300349 ,101001,6509.00,,
ME-2025-0002353,301011 301016 304001 304002 301004 301003 301022 301006,Education & Training Fund Insurance Charges Sinking Fund Repair & Maintenance Fund Water Charges Electricity Charges Bldg Development Fund Service Charges, 102,10-02-2026,UPI recd agst bill 201 dt. 01.02.26,640728669294,Union Bank of India, Saraswat Bank - 152200100300349 ,101001,3986.00,,
ME-2025-0002354,301022 301011 301003 301016 303001 304002 301006 304001 301004,Bldg Development Fund Education & Training Fund Electricity Charges Insurance Charges Property Tax Repair & Maintenance Fund Service Charges Sinking Fund Water Charges, 403,10-02-2026,NEFT recd agst bill 209 & 210 dt. 01.02.26,AXOMB4102170043,Axis Bank, Saraswat Bank - 152200100300349 ,101001,4650.00,,
ME-2025-0002355,301022 301011 301003 301016 303001 304002 301006 304001 301004,Bldg Development Fund Education & Training Fund Electricity Charges Insurance Charges Property Tax Repair & Maintenance Fund Service Charges Sinking Fund Water Charges, 404,10-02-2026,NEFT recd agst bill 209 & 210 dt. 01.02.26,AXOMB4102170043,Axis Bank, Saraswat Bank - 152200100300349 ,101001,4622.00,,
EE-2025-0000308,406007,Repair Maintenance Electrical,Prakash Electric & Services,13-02-2026,Being bill paid for Purchase of materials,202843,29438, Saraswat Bank - 152200100300349 ,101001,,6650,
EE-2025-0000310,407010,Education Fund,Maharashtra Rajya Sahakari Sangh Ltd.,16-02-2026,Being bill paid,202844,, Saraswat Bank - 152200100300349 ,101001,,1770,
ME-2025-0002558,305011 305009 305008,Transfer Premium Share Transfer Fee Entrance Fee, 202,21-02-2026,ch. recd agst transfer premium,300920,N.A., Saraswat Bank - 152200100300349 ,101001,12500.00,,
ME-2025-0002559,305011 305009 305008,Transfer Premium Share Transfer Fee Entrance Fee, 202,21-02-2026,ch. recd agst transfer premium,112785,N.A., Saraswat Bank - 152200100300349 ,101001,12500.00,,
ME-2025-0002560,305011 305009 305008,Transfer Premium Share Transfer Fee Entrance Fee, 202,21-02-2026,ch. recd agst share trf fees,300921,N.A., Saraswat Bank - 152200100300349 ,101001,500.00,,
ME-2025-0002561,305008 305009 305011,Entrance Fee Share Transfer Fee Transfer Premium, 202,21-02-2026,ch. recd agst entrance fees,300922,N.A., Saraswat Bank - 152200100300349 ,101001,200.00,,
ME-2025-0002541,301022 301011 301003 301016 303001 304002 301006 304001 301004 206001,Bldg Development Fund Education & Training Fund Electricity Charges Insurance Charges Property Tax Repair & Maintenance Fund Service Charges Sinking Fund Water Charges Advance Members Advance Members, 301,28-02-2026,IMPS recd agst bill no.226 dt.01.03.26,605920294242,N.A., Saraswat Bank - 152200100300349 ,101001,5505.00,,
EE-2025-0000312,408009,Legal Fees,Unassigned,01-03-2026,Being bill paid,202845,, Saraswat Bank - 152200100300349 ,101001,,5400,
ME-2025-0002536,301011 301006 303001 301022 301003 301004 304002 304001 301016,Education & Training Fund Service Charges Property Tax Bldg Development Fund Electricity Charges Water Charges Repair & Maintenance Fund Sinking Fund Insurance Charges, 202,02-03-2026,NEFT recd on acount,NA,N.A., Saraswat Bank - 152200100300349 ,101001,4670.00,,
ME-2025-0002542,301012 301009 301033 301022 301011 301003 301016 303001 304002 301006 304001 301004 3010173,Late Payment Interest Late Payment Interest 2W Parking Charges 4W Parking Charges Bldg Development Fund Education & Training Fund Electricity Charges Insurance Charges Property Tax Repair & Maintenance Fund Service Charges Sinking Fund Water Charges 2W Parking Charges 4W Parking Charges Arrears for Parking Bldg Development Fund Education & Training Fund Electricity Charges Insurance Charges Property Tax Repair & Maintenance Fund Service Charges Sinking Fund Water Charges 2W Parking Charges 4W Parking Charges Bldg Development Fund Education & Training Fund Electricity Charges Insurance Charges Property Tax Repair & Maintenance Fund Service Charges Sinking Fund Water Charges, 502,03-03-2026,NEFT recd agst bill no.233 dt.01.03.26,HDFCH00838342920,HDFC BANK, Saraswat Bank - 152200100300349 ,101001,16405.00,,
ME-2025-0002563,305010,Legal Charges , 202,04-03-2026,ch. recd agst legal chgs,300925,N.A., Saraswat Bank - 152200100300349 ,101001,5400.00,,
ME-2025-0002543,301022 301011 301003 301016 303001 304002 301006 304001 301004,Bldg Development Fund Education & Training Fund Electricity Charges Insurance Charges Property Tax Repair & Maintenance Fund Service Charges Sinking Fund Water Charges, 302,05-03-2026,NEFT recd agst bill no.227 dt.01.03.26,TUTR260642440226,N.A., Saraswat Bank - 152200100300349 ,101001,5227.00,,
ME-2025-0002544,301022 301011 301003 301016 303001 304002 301006 304001 301004,Bldg Development Fund Education & Training Fund Electricity Charges Insurance Charges Property Tax Repair & Maintenance Fund Service Charges Sinking Fund Water Charges, 201,05-03-2026,NEFT recd agst bill no.222 dt.01.03.26,HDFCH00843461855,HDFC BANK, Saraswat Bank - 152200100300349 ,101001,4635.00,,
ME-2025-0002554,206001,Advance Members, 501,05-03-2026,UPI recd as advance,643054561658,HDFC BANK, Saraswat Bank - 152200100300349 ,101001,6373.00,,
ME-2025-0002553,301035 301022 301011 301003 301016 303001 304002 301006 304001 301004 206001,4W Stilt Parking Charges Bldg Development Fund Education & Training Fund Electricity Charges Insurance Charges Property Tax Repair & Maintenance Fund Service Charges Sinking Fund Water Charges Advance Members Advance Members, 601,06-03-2026,IMPS recd agst bill no.234 dt.01.03.26,606531645353,N.A., Saraswat Bank - 152200100300349 ,101001,19200.00,,
ME-2025-0002537,301011 301016 304001 301004 301003 304002 301022 303001 301006,Education & Training Fund Insurance Charges Sinking Fund Water Charges Electricity Charges Repair & Maintenance Fund Bldg Development Fund Property Tax Service Charges, 101,07-03-2026,.NEFT recd agst bill no. 220 dt.01.03.26,HDFCH00852057017,HDFC Bank, Saraswat Bank - 152200100300349 ,101001,7480.00,,
ME-2025-0002545,301022 301011 301003 301016 303001 304002 301006 304001 301004,Bldg Development Fund Education & Training Fund Electricity Charges Insurance Charges Property Tax Repair & Maintenance Fund Service Charges Sinking Fund Water Charges, 702,07-03-2026,NEFT recd agst bill no.237 dt.01.03.26,HDFCH00848904428,HDFC BANK, Saraswat Bank - 152200100300349 ,101001,6365.00,,
EE-2025-0000316,401001,Salary Expenses,Watchman,07-03-2026,Being bill paid of Feb 2026,202847,, Saraswat Bank - 152200100300349 ,101001,,9500,
EE-2025-0000318,401001,Salary Expenses,Savita (Sweeper),07-03-2026,Being bill paid for Feb 2026,202848,, Saraswat Bank - 152200100300349 ,101001,,5500,
EE-2025-0000342,408011,Bank Charges,Unassigned,07-03-2026,Cheq book charges,NA,, Saraswat Bank - 152200100300349 ,101001,,590,
EE-2025-0000359,401001,Salary Expenses,Watchman,07-03-2026,Being salary paid for feb 2026,202846,, Saraswat Bank - 152200100300349 ,101001,,10750,
EE-2025-0000361,406001,Garden Maintenance Expenses,Gardner,07-03-2026,Being salary paid for feb 2026,202846,, Saraswat Bank - 152200100300349 ,101001,,1000,
ME-2025-0002538,301012 301022 301011 301003 301016 303001 304002 301006 304001 301004,Late Payment Interest Bldg Development Fund Education & Training Fund Electricity Charges Insurance Charges Property Tax Repair & Maintenance Fund Service Charges Sinking Fund Water Charges, 202,10-03-2026,Cheuqe recd agst bill no.223 dt.01.03.26,300926,MODEL BANK, Saraswat Bank - 152200100300349 ,101001,4750.00,,
ME-2025-0002539,301035 301022 301011 301003 301016 303001 304002 301006 304001 301004,4W Stilt Parking Charges Bldg Development Fund Education & Training Fund Electricity Charges Insurance Charges Property Tax Repair & Maintenance Fund Service Charges Sinking Fund Water Charges, 501,10-03-2026,Cheque recd agst bill no.232 dt.01.03.26,000026,bank of baroda, Saraswat Bank - 152200100300349 ,101001,6373.00,,
ME-2025-0002540,301009 301022 301011 301003 301016 303001 304002 301006 304001 301004,2W Parking Charges Bldg Development Fund Education & Training Fund Electricity Charges Insurance Charges Property Tax Repair & Maintenance Fund Service Charges Sinking Fund Water Charges, 602,10-03-2026,Cheque recd agst bill no.235 dt.01.03.26,000005,bank of baroda, Saraswat Bank - 152200100300349 ,101001,6135.00,,
ME-2025-0002546,301009 301022 301011 301003 301016 303001 304002 301006 304001 301004,2W Parking Charges Bldg Development Fund Education & Training Fund Electricity Charges Insurance Charges Property Tax Repair & Maintenance Fund Service Charges Sinking Fund Water Charges, 701,10-03-2026,NEFT recd agst bill no.236 dt.01.03.26,HDFCH00856565336,HDFC BANK, Saraswat Bank - 152200100300349 ,101001,6509.00,,
ME-2025-0002547,301022 301011 301003 301016 304002 301006 304001 301004,Bldg Development Fund Education & Training Fund Electricity Charges Insurance Charges Repair & Maintenance Fund Service Charges Sinking Fund Water Charges, 102,10-03-2026,UPI recd agst bill no.221 dt.01.03.26,606927539791,N.A., Saraswat Bank - 152200100300349 ,101001,3986.00,,
ME-2025-0002548,301022 301011 301003 301016 303001 304002 301006 304001 301004,Bldg Development Fund Education & Training Fund Electricity Charges Insurance Charges Property Tax Repair & Maintenance Fund Service Charges Sinking Fund Water Charges, 403,10-03-2026,NEFT recd agst bill no.230 & 231 dt.01.03.26,AXOMB06902184574,axis bank, Saraswat Bank - 152200100300349 ,101001,4650.00,,
ME-2025-0002549,301022 301011 301003 301016 303001 304002 301006 304001 301004,Bldg Development Fund Education & Training Fund Electricity Charges Insurance Charges Property Tax Repair & Maintenance Fund Service Charges Sinking Fund Water Charges, 404,10-03-2026,NEFT recd agst bill no.230 & 231 dt.01.03.26,AXOMB06902184574,axis bank, Saraswat Bank - 152200100300349 ,101001,4622.00,,
ME-2025-0002550,301033 301022 301011 301003 301016 303001 304002 301006 304001 301004,4W Parking Charges Bldg Development Fund Education & Training Fund Electricity Charges Insurance Charges Property Tax Repair & Maintenance Fund Service Charges Sinking Fund Water Charges, 203,10-03-2026,IMPS recd agst bill no.224 & 225 dt.01.03.26,606922672666,N.A., Saraswat Bank - 152200100300349 ,101001,5222.00,,
ME-2025-0002551,301022 301011 301003 301016 303001 304002 301006 304001 301004,Bldg Development Fund Education & Training Fund Electricity Charges Insurance Charges Property Tax Repair & Maintenance Fund Service Charges Sinking Fund Water Charges, 204,10-03-2026,IMPS recd agst bill no.224 & 225 dt.01.03.26,606922672666,N.A., Saraswat Bank - 152200100300349 ,101001,4622.00,,
ME-2025-0002552,301012 301033 301022 301011 301003 301016 303001 304002 301006 304001 301004 301007,Late Payment Interest 4W Parking Charges Bldg Development Fund Education & Training Fund Electricity Charges Insurance Charges Property Tax Repair & Maintenance Fund Service Charges Sinking Fund Water Charges Non Occupancy Charges 4W Parking Charges Bldg Development Fund Education & Training Fund Electricity Charges Insurance Charges Property Tax Repair & Maintenance Fund Service Charges Sinking Fund Water Charges Non Occupancy Charges, 401,11-03-2026,NEFT recd agst bill no.229 dt.01.03.26,INDBH11036022338,indian bank, Saraswat Bank - 152200100300349 ,101001,17250.00,,
EE-2025-0000320,408007,Pest Control Expenses,Swift Pest Control,12-03-2026,Being bill paid for 01.04.2026 to 31.03.2027,202849,, Saraswat Bank - 152200100300349 ,101001,,5400,
EE-2025-0000322,406011,Fire Fighting System Repairs & Maintenance,Unassigned,18-03-2026,Being bill paid for Refilling of ABC type Extinguishers - 4 6 kgs,217563,, Saraswat Bank - 152200100300349 ,101001,,6903,
EE-2025-0000340,403001,Electricity Expenses,Adani Electricity,23-03-2026,Being amount paid to fatima for electricity bill paid by fatima,217564,, Saraswat Bank - 152200100300349 ,101001,,8690,
EE-2025-0000351,403001,Electricity Expenses,Adani Electricity,23-03-2026,Being elec bill paid Feb 2026,217565,, Saraswat Bank - 152200100300349 ,101001,,9680,
EE-2025-0000344,403001,Electricity Expenses,Adani Electricity,24-03-2026,Being elec bill paid March 2026,217566,, Saraswat Bank - 152200100300349 ,101001,,1020,
EE-2025-0000346,408010,Professional Fees,Irene Rosario,31-03-2026,Being bill paid for MAndotary returns & O form of FY 23-24,217567,, Saraswat Bank - 152200100300349 ,101001,,1500,
JE-2025-0000005,101001,Saraswat Bank - 152200100300349,,15-04-2025,Being FD Matured 404760 Res.F SCB,,, Saraswat Bank - 152200100300349 ,101001,7456.00,,
JE-2025-0000006,101001,Saraswat Bank - 152200100300349,,15-04-2025,Being FD Matured FD 404759 SF SCB,,, Saraswat Bank - 152200100300349 ,101001,16377.00,,
JE-2025-0000007,101001,Saraswat Bank - 152200100300349,,08-05-2025,Being FD redeemed TD1000856034 01 SF SCB,,, Saraswat Bank - 152200100300349 ,101001,486443.00,,
JE-2025-0000004,101001,Saraswat Bank - 152200100300349,,30-06-2025,Being SB Interest till 01.04.25 to 30.06.25,,, Saraswat Bank - 152200100300349 ,101001,3260.00,,
JE-2025-0000015,101001,Saraswat Bank - 152200100300349,,30-06-2025,Being CA No.102406238 for April & May 2025 pmt reversal,,, Saraswat Bank - 152200100300349 ,101001,2040.00,,
JE-2025-0000051,101001,Saraswat Bank - 152200100300349,,30-06-2025,Being interest on sweep TD0000400923   SCB,,, Saraswat Bank - 152200100300349 ,101001,136.00,,
JE-2025-0000008,101001,Saraswat Bank - 152200100300349,,30-09-2025,Being interest recd on FD TD0000400923 SC SB,,, Saraswat Bank - 152200100300349 ,101001,137.00,,
JE-2025-0000009,101001,Saraswat Bank - 152200100300349,,30-09-2025,int recd on saving account 01.07.25 to 30.09.25,,, Saraswat Bank - 152200100300349 ,101001,2905.00,,
JE-2025-0000016,101001,Saraswat Bank - 152200100300349,,31-12-2025,Being interest recd on saving account  01.10.25 to 31.12.25  - SCB,,, Saraswat Bank - 152200100300349 ,101001,3656.00,,
JE-2025-0000052,101001,Saraswat Bank - 152200100300349,,31-12-2025,Being interest on sweep   TD0000400923 SCB,,, Saraswat Bank - 152200100300349 ,101001,136.00,,
JE-2025-0000022,101001,Saraswat Bank - 152200100300349,,14-03-2026,Being retention amount posted,,, Saraswat Bank - 152200100300349 ,101001,,49420.00,
JE-2025-0000089,101001,Saraswat Bank - 152200100300349,,23-03-2026,Being adani refunded access amount,,, Saraswat Bank - 152200100300349 ,101001,1010.00,,
JE-2025-0000023,101001,Saraswat Bank - 152200100300349,,31-03-2026,Being interest recd on fd   TD0000400923N - SCB,,, Saraswat Bank - 152200100300349 ,101001,136.00,,
JE-2025-0000024,101001,Saraswat Bank - 152200100300349,,31-03-2026,Being interest recd on saving    01.01.26 to 31.03.26   - SCB,,, Saraswat Bank - 152200100300349 ,101001,2628.00,,

"Balance : 426209.01(Debit)","","","","","","","","","","2322522.61","1896313.6",

"Assets > Mumbai District Central Co-op. Bank - 00061006000743 ( 101002 ) ",
"Journal No","Other GL No.","Other Account","Subledger","Posted Date","Comments","Instrument No.","Instrument Bank","Account Name","GL Account No.","Debit","Credit",
"","","","","","Opening Balance","",""," Mumbai District Central Co-op. Bank - 00061006000743 ","101002","11775","",

"Balance : 11775(Debit)","","","","","","","","","","11775","0",

"Assets > Cash in hand ( 102001 ) ",
"Journal No","Other GL No.","Other Account","Subledger","Posted Date","Comments","Instrument No.","Instrument Bank","Account Name","GL Account No.","Debit","Credit",
"","","","","","Opening Balance","",""," Cash in hand ","102001","1854","",
EE-2025-0000006,406001,Garden Maintenance Expenses,Unassigned,07-04-2025,Being payment done for Garden maintenance,N.A.,, Cash in hand ,102001,,1000,
EE-2025-0000004,407002,House Keeping Expenses,Unassigned,08-04-2025,being payment done for office expense,N.A.,, Cash in hand ,102001,,189,
BE-2025-0000001,0,Bank Transfer,,31-05-2025,Being cash withdrawn for petty cash - Brenda,177602,, Cash in hand ,102001,4000.00,,
EE-2025-0000117,407002,House Keeping Expenses,Unassigned,01-06-2025,Being mop purchase,N.A.,, Cash in hand ,102001,,149,
EE-2025-0000125,408003,Printing & Stationary,Unassigned,05-06-2025,Being bought debit voucher book,N.A.,, Cash in hand ,102001,,50,
EE-2025-0000119,406008,Repair Maintenance Other,Unassigned,23-06-2025,Being Terrace pump repair,N.A.,, Cash in hand ,102001,,170,
EE-2025-0000127,408003,Printing & Stationary,Unassigned,30-06-2025,Being bought debit voucher,N.A.,, Cash in hand ,102001,,24,
EE-2025-0000123,406001,Garden Maintenance Expenses,Unassigned,13-07-2025,Being planting trees,N.A.,, Cash in hand ,102001,,1000,
EE-2025-0000129,406008,Repair Maintenance Other,Unassigned,25-07-2025,Being 2 locks pin & material purchase,N.A.,, Cash in hand ,102001,,200,
EE-2025-0000133,408003,Printing & Stationary,Unassigned,24-08-2025,Being xerox of the balance sheet for AGM,N.A.,29439, Cash in hand ,102001,,840,
EE-2025-0000137,407002,House Keeping Expenses,Unassigned,22-09-2025,Being 2kgs bleaching powdee for the society compound,N.A.,, Cash in hand ,102001,,300,
EE-2025-0000140,408014,Miscellaneous Expenses,Unassigned,09-10-2025,Being 2 stick brooms purchase for society,N.A.,, Cash in hand ,102001,,200,
EE-2025-0000143,406007,Repair Maintenance Electrical,Unassigned,11-10-2025,Being LED bulbs purchase,N.A.,, Cash in hand ,102001,,419,
EE-2025-0000145,408003,Printing & Stationary,Unassigned,11-10-2025,Being xerox charges paid,N.A.,, Cash in hand ,102001,,168,
EE-2025-0000148,406007,Repair Maintenance Electrical,Unassigned,11-10-2025,Being repair for the watchman wall fan,N.A.,, Cash in hand ,102001,,400,
EE-2025-0000150,406001,Garden Maintenance Expenses,Unassigned,02-11-2025,Being Deweeding of garden,N.A.,, Cash in hand ,102001,,1000,
BE-2025-0000002,0,Bank Transfer,,03-11-2025,Being cash withdrawn for petty cash,202809,, Cash in hand ,102001,4000.00,,
EE-2025-0000248,407006,Office Expenses,Unassigned,17-11-2025,Cash paid for plastic chair for watchman,N.A.,, Cash in hand ,102001,,730,
EE-2025-0000250,406008,Repair Maintenance Other,Unassigned,04-12-2025,Cash paid for cleaning the back garden,N.A.,, Cash in hand ,102001,,1000,
EE-2025-0000252,406007,Repair Maintenance Electrical,Unassigned,13-12-2025,Cash paid for leaves crushing and electrical work,N.A.,, Cash in hand ,102001,,750,
EE-2025-0000254,410001,Festival Expenses - [Festival 1],Unassigned,22-12-2025,Cash paid for buying christmas star,N.A.,, Cash in hand ,102001,,350,
EE-2025-0000266,408014,Miscellaneous Expenses,Unassigned,22-01-2026,Being 2 stick brooms for the garden,N.A.,, Cash in hand ,102001,,200,
EE-2025-0000274,407002,House Keeping Expenses,Unassigned,28-01-2026,Being bought cleaning materials,N.A.,29439, Cash in hand ,102001,,300,
EE-2025-0000272,407002,House Keeping Expenses,Unassigned,06-02-2026,Being bought round drum garbage,N.A.,, Cash in hand ,102001,,1150,
EE-2025-0000278,406008,Repair Maintenance Other,Unassigned,22-03-2026,Being digging for compost,N.A.,, Cash in hand ,102001,,1000,
EE-2025-0000280,406008,Repair Maintenance Other,Unassigned,23-03-2026,Being digging the pit,N.A.,, Cash in hand ,102001,,500,
EE-2025-0000282,408003,Printing & Stationary,Unassigned,23-03-2026,Being debit voucher zerox,N.A.,29439, Cash in hand ,102001,,95,
EE-2025-0000292,407002,House Keeping Expenses,Unassigned,30-03-2026,Being stick brooms for the society garden,N.A.,, Cash in hand ,102001,,100,
JE-2025-0000086,102001,Cash in hand,,04-01-2026,Being cash agst penalty recd from adani for damaging the borewell electrical cable,,, Cash in hand ,102001,4000.00,,

"Balance : 1570(Debit)","","","","","","","","","","13854","12284",

"Assets > TDS - Receivables ( 109004 ) ",
"Journal No","Other GL No.","Other Account","Subledger","Posted Date","Comments","Instrument No.","Instrument Bank","Account Name","GL Account No.","Debit","Credit",
"","","","","","Opening Balance","",""," TDS - Receivables ","109004","25250","",
JE-2025-0000005,109004,TDS Receivable,,15-04-2025,Being FD Matured 404760 Res.F SCB,,, TDS - Receivables ,109004,1.00,,
JE-2025-0000006,109004,TDS Receivable,,15-04-2025,Being FD Matured FD 404759 SF SCB,,, TDS - Receivables ,109004,2.00,,
JE-2025-0000045,109004,TDS Receivable,,15-04-2025,Being wrongly tds booked for fd 404760,,, TDS - Receivables ,109004,,1.00,
JE-2025-0000046,109004,TDS Receivable,,15-04-2025,Being tds wrongly charges on fd 404759,,, TDS - Receivables ,109004,,2.00,
JE-2025-0000041,109004,TDS Receivable,,26-06-2025,Being FD TD1001240638 renewed and remade SCB - EDTF,,, TDS - Receivables ,109004,24.00,,
JE-2025-0000043,109004,TDS Receivable,,26-06-2025,Being FD TD1001240642  renewed and remade SCB - RMF,,, TDS - Receivables ,109004,890.00,,
JE-2025-0000051,109004,TDS Receivable,,30-06-2025,Being interest on sweep TD0000400923   SCB,,, TDS - Receivables ,109004,16.00,,
JE-2025-0000039,109004,TDS Receivable,,15-08-2025,Being FD TD1001240592 renewed and remade SCB - SF,,, TDS - Receivables ,109004,232.00,,
JE-2025-0000050,109004,TDS Receivable,,15-09-2025,Being FD TD1000855877 renewed and remade SCB - ETDF,,, TDS - Receivables ,109004,74.00,,
JE-2025-0000048,109004,TDS Receivable,,15-09-2025,Being FD TD1000855869 renewed and remade SCB - RMF,,, TDS - Receivables ,109004,859.00,,
JE-2025-0000047,109004,TDS Receivable,,15-09-2025,Being FD TD1000855858 renewed and remade SCB - GF,,, TDS - Receivables ,109004,146.00,,
JE-2025-0000035,109004,TDS Receivable,,15-09-2025,Being FD TD1000855895 renewed and remade SCB - BDF,,, TDS - Receivables ,109004,666.00,,
JE-2025-0000008,109004,TDS Receivable,,30-09-2025,Being interest recd on FD TD0000400923 SC SB,,, TDS - Receivables ,109004,15.00,,
JE-2025-0000052,109004,TDS Receivable,,31-12-2025,Being interest on sweep   TD0000400923 SCB,,, TDS - Receivables ,109004,16.00,,
JE-2025-0000042,109004,TDS Receivable,,31-03-2026,Being int accu on FD TD1001240638 - EDTF - SCB,,, TDS - Receivables ,109004,6.00,,
JE-2025-0000040,109004,TDS Receivable,,31-03-2026,Being int accu on FD TD1001240592 - SF - SCB,,, TDS - Receivables ,109004,70.00,,
JE-2025-0000044,109004,TDS Receivable,,31-03-2026,Being int accu on FD TD1001240642  - RMF - SCB,,, TDS - Receivables ,109004,270.00,,
JE-2025-0000038,109004,TDS Receivable,,31-03-2026,Being int accu on FD TD1001227336 - GF - SCB,,, TDS - Receivables ,109004,4679.00,,
JE-2025-0000036,109004,TDS Receivable,,31-03-2026,Being int accu on FD TD1000855895 - BDF - SCB,,, TDS - Receivables ,109004,783.00,,
JE-2025-0000034,109004,TDS Receivable,,31-03-2026,Being int accu on FD TD1000855877 - ETF - SCB,,, TDS - Receivables ,109004,86.00,,
JE-2025-0000032,109004,TDS Receivable,,31-03-2026,Being int accu on FD TD1000855869 - RF - SCB,,, TDS - Receivables ,109004,1010.00,,
JE-2025-0000030,109004,TDS Receivable,,31-03-2026,Being int accru on FD  TD1000855858 - GF - SCB,,, TDS - Receivables ,109004,172.00,,
JE-2025-0000023,109004,TDS Receivable,,31-03-2026,Being interest recd on fd   TD0000400923N - SCB,,, TDS - Receivables ,109004,16.00,,

"Balance : 35280(Debit)","","","","","","","","","","35283","3",

"Assets > Advance Payment to Vendors ( 109001 ) ",
"Journal No","Other GL No.","Other Account","Subledger","Posted Date","Comments","Instrument No.","Instrument Bank","Account Name","GL Account No.","Debit","Credit",
"","","","","","Opening Balance","",""," Advance Payment to Vendors ","109001","24000","",
EE-2025-0000169,109001,Advance Payment to Vendors,Swarnika Enterprises,05-04-2025,Being advance received,177585,, Advance Payment to Vendors ,109001,100000,,
EE-2025-0000166,109001,Advance Payment to Vendors,Anup Gupta,16-04-2025,Being advance allocated agst legal fees  Part 1    Allocated by Ritesh Kolambekar  from Advance Payment Voucher No 1310  and to Voucher 1313,,, Advance Payment to Vendors ,109001,,5000,
EE-2025-0000159,109001,Advance Payment to Vendors,Anup Gupta,16-04-2025,Being advance paid for legal consultancy,177590,, Advance Payment to Vendors ,109001,5000,,
EE-2025-0000170,109001,Advance Payment to Vendors,Swarnika Enterprises,26-04-2025,Being advance paid against Bill No.1,177592,, Advance Payment to Vendors ,109001,203683,,
EE-2025-0000172,109001,Advance Payment to Vendors,Swarnika Enterprises,26-04-2025,Towards payment to Swarnika Enterprises. TDS of 2057,NA,, Advance Payment to Vendors ,109001,2057,,
EE-2025-0000193,109001,Advance Payment to Vendors,Swarnika Enterprises,26-04-2025,being advance paid adjusted against bill   Allocated by Royston D costa from Advance Payment Voucher No 1318  and to Voucher 1332,,, Advance Payment to Vendors ,109001,,2057,
EE-2025-0000192,109001,Advance Payment to Vendors,Swarnika Enterprises,26-04-2025,being advance paid adjusted against bill   Allocated by Royston D costa from Advance Payment Voucher No 1317  and to Voucher 1331,,, Advance Payment to Vendors ,109001,,203683,
EE-2025-0000191,109001,Advance Payment to Vendors,Swarnika Enterprises,26-04-2025,being advance paid adjusted against bill   Allocated by Royston D costa from Advance Payment Voucher No 1316  and to Voucher 1330,,, Advance Payment to Vendors ,109001,,25000,
EE-2025-0000196,109001,Advance Payment to Vendors,Swarnika Enterprises,08-05-2025,being advance paid adjusted against bill   Allocated by Royston D costa from Advance Payment Voucher No 1316  and to Voucher 1333,,, Advance Payment to Vendors ,109001,,40000,
EE-2025-0000198,109001,Advance Payment to Vendors,Swarnika Enterprises,09-05-2025,being advance paid adjusted against bill   Allocated by Royston D costa from Advance Payment Voucher No 1320  and to Voucher 1335,,, Advance Payment to Vendors ,109001,,4714,
EE-2025-0000197,109001,Advance Payment to Vendors,Swarnika Enterprises,09-05-2025,being advance paid adjusted against bill   Allocated by Royston D costa from Advance Payment Voucher No 1319  and to Voucher 1334,,, Advance Payment to Vendors ,109001,,250000,
EE-2025-0000173,109001,Advance Payment to Vendors,Swarnika Enterprises,09-05-2025,Being advance paid against Bill No.2,177596,, Advance Payment to Vendors ,109001,250000,,
EE-2025-0000175,109001,Advance Payment to Vendors,Swarnika Enterprises,09-05-2025,Towards payment to Swarnika Enterprises. TDS of 4714,NA,, Advance Payment to Vendors ,109001,4714,,
EE-2025-0000160,109001,Advance Payment to Vendors,Anup Gupta,10-05-2025,Being advance paid for legal consultancy,177597,, Advance Payment to Vendors ,109001,11000,,
EE-2025-0000176,109001,Advance Payment to Vendors,Swarnika Enterprises,10-05-2025,Being advance paid against Bill No.3,177598,, Advance Payment to Vendors ,109001,200000,,
EE-2025-0000167,109001,Advance Payment to Vendors,Anup Gupta,10-05-2025,Being advance allocated agst legal fees  Part 2    Allocated by Ritesh Kolambekar  from Advance Payment Voucher No 1311  and to Voucher 1314,,, Advance Payment to Vendors ,109001,,11000,
EE-2025-0000179,109001,Advance Payment to Vendors,Swarnika Enterprises,29-05-2025,Towards payment to Swarnika Enterprises. TDS of 4719,NA,, Advance Payment to Vendors ,109001,4719,,
EE-2025-0000177,109001,Advance Payment to Vendors,Swarnika Enterprises,29-05-2025,Being advance paid against Bill No.3,177600,, Advance Payment to Vendors ,109001,31000,,
EE-2025-0000200,109001,Advance Payment to Vendors,Swarnika Enterprises,30-05-2025,being advance paid adjusted against bill   Allocated by Royston D costa from Advance Payment Voucher No 1316  and to Voucher 1336,,, Advance Payment to Vendors ,109001,,35000,
EE-2025-0000201,109001,Advance Payment to Vendors,Swarnika Enterprises,30-05-2025,being advance paid adjusted against bill   Allocated by Royston D costa from Advance Payment Voucher No 1321  and to Voucher 1337,,, Advance Payment to Vendors ,109001,,200000,
EE-2025-0000203,109001,Advance Payment to Vendors,Swarnika Enterprises,30-05-2025,being advance paid adjusted against bill   Allocated by Royston D costa from Advance Payment Voucher No 1322  and to Voucher 1338,,, Advance Payment to Vendors ,109001,,31000,
EE-2025-0000204,109001,Advance Payment to Vendors,Swarnika Enterprises,30-05-2025,being advance paid adjusted against bill   Allocated by Royston D costa from Advance Payment Voucher No 1323  and to Voucher 1339,,, Advance Payment to Vendors ,109001,,4719,
EE-2025-0000180,109001,Advance Payment to Vendors,Swarnika Enterprises,10-06-2025,Being advance paid towards repair of 2 new doors,177607,, Advance Payment to Vendors ,109001,30000,,
EE-2025-0000181,109001,Advance Payment to Vendors,Swarnika Enterprises,15-06-2025,Being advance paid for the work on the lift room slab,177608,, Advance Payment to Vendors ,109001,15000,,
EE-2025-0000182,109001,Advance Payment to Vendors,Swarnika Enterprises,25-06-2025,Being balance amt paid for 2 doors and MS Grill painting,177612,, Advance Payment to Vendors ,109001,15000,,
EE-2025-0000206,109001,Advance Payment to Vendors,Swarnika Enterprises,27-06-2025,being advance paid adjusted against bill   Allocated by Royston D costa from Advance Payment Voucher No 1324  and to Voucher 1340,,, Advance Payment to Vendors ,109001,,30000,
EE-2025-0000207,109001,Advance Payment to Vendors,Swarnika Enterprises,27-06-2025,being advance paid adjusted against bill   Allocated by Royston D costa from Advance Payment Voucher No 1326  and to Voucher 1341,,, Advance Payment to Vendors ,109001,,15000,

"Balance : 39000(Debit)","","","","","","","","","","896173","857173",

"Assets > Accrued Interest on Fixed Deposits ( 105001 ) ",
"Journal No","Other GL No.","Other Account","Subledger","Posted Date","Comments","Instrument No.","Instrument Bank","Account Name","GL Account No.","Debit","Credit",
"","","","","","Opening Balance","",""," Accrued Interest on Fixed Deposits ","105001","86863","",
JE-2025-0000006,105001,Accrued Interest on Fixed Deposits,,15-04-2025,Being FD Matured FD 404759 SF SCB,,, Accrued Interest on Fixed Deposits ,105001,,2422.00,
JE-2025-0000005,105001,Accrued Interest on Fixed Deposits,,15-04-2025,Being FD Matured 404760 Res.F SCB,,, Accrued Interest on Fixed Deposits ,105001,,1102.00,
JE-2025-0000007,105001,Accrued Interest on Fixed Deposits,,08-05-2025,Being FD redeemed TD1000856034 01 SF SCB,,, Accrued Interest on Fixed Deposits ,105001,,19327.00,
JE-2025-0000037,105001,Accrued Interest on Fixed Deposits,,14-06-2025,Being FD TD1001227336 renewed and remade SCB - GF,,, Accrued Interest on Fixed Deposits ,105001,,39792.00,
JE-2025-0000043,105001,Accrued Interest on Fixed Deposits,,26-06-2025,Being FD TD1001240642  renewed and remade SCB - RMF,,, Accrued Interest on Fixed Deposits ,105001,,2542.00,
JE-2025-0000041,105001,Accrued Interest on Fixed Deposits,,26-06-2025,Being FD TD1001240638 renewed and remade SCB - EDTF,,, Accrued Interest on Fixed Deposits ,105001,,65.00,
JE-2025-0000039,105001,Accrued Interest on Fixed Deposits,,15-08-2025,Being FD TD1001240592 renewed and remade SCB - SF,,, Accrued Interest on Fixed Deposits ,105001,,661.00,
JE-2025-0000050,105001,Accrued Interest on Fixed Deposits,,15-09-2025,Being FD TD1000855877 renewed and remade SCB - ETDF,,, Accrued Interest on Fixed Deposits ,105001,,878.00,
JE-2025-0000048,105001,Accrued Interest on Fixed Deposits,,15-09-2025,Being FD TD1000855869 renewed and remade SCB - RMF,,, Accrued Interest on Fixed Deposits ,105001,,10323.00,
JE-2025-0000047,105001,Accrued Interest on Fixed Deposits,,15-09-2025,Being FD TD1000855858 renewed and remade SCB - GF,,, Accrued Interest on Fixed Deposits ,105001,,1756.00,
JE-2025-0000035,105001,Accrued Interest on Fixed Deposits,,15-09-2025,Being FD TD1000855895 renewed and remade SCB - BDF,,, Accrued Interest on Fixed Deposits ,105001,,7995.00,
JE-2025-0000040,105001,Accrued Interest on Fixed Deposits,,31-03-2026,Being int accu on FD TD1001240592 - SF - SCB,,, Accrued Interest on Fixed Deposits ,105001,632.00,,
JE-2025-0000044,105001,Accrued Interest on Fixed Deposits,,31-03-2026,Being int accu on FD TD1001240642  - RMF - SCB,,, Accrued Interest on Fixed Deposits ,105001,2428.00,,
JE-2025-0000042,105001,Accrued Interest on Fixed Deposits,,31-03-2026,Being int accu on FD TD1001240638 - EDTF - SCB,,, Accrued Interest on Fixed Deposits ,105001,64.00,,
JE-2025-0000038,105001,Accrued Interest on Fixed Deposits,,31-03-2026,Being int accu on FD TD1001227336 - GF - SCB,,, Accrued Interest on Fixed Deposits ,105001,40893.00,,
JE-2025-0000030,105001,Accrued Interest on Fixed Deposits,,31-03-2026,Being int accru on FD  TD1000855858 - GF - SCB,,, Accrued Interest on Fixed Deposits ,105001,1548.00,,
JE-2025-0000036,105001,Accrued Interest on Fixed Deposits,,31-03-2026,Being int accu on FD TD1000855895 - BDF - SCB,,, Accrued Interest on Fixed Deposits ,105001,7045.00,,
JE-2025-0000034,105001,Accrued Interest on Fixed Deposits,,31-03-2026,Being int accu on FD TD1000855877 - ETF - SCB,,, Accrued Interest on Fixed Deposits ,105001,774.00,,
JE-2025-0000032,105001,Accrued Interest on Fixed Deposits,,31-03-2026,Being int accu on FD TD1000855869 - RF - SCB,,, Accrued Interest on Fixed Deposits ,105001,9098.00,,

"Balance : 62482(Debit)","","","","","","","","","","149345","86863",

"Assets > Deposit With Reliance Energy Ltd. ( 105002 ) ",
"Journal No","Other GL No.","Other Account","Subledger","Posted Date","Comments","Instrument No.","Instrument Bank","Account Name","GL Account No.","Debit","Credit",
"","","","","","Opening Balance","",""," Deposit With Reliance Energy Ltd. ","105002","11068.54","",

"Balance : 11068.54(Debit)","","","","","","","","","","11068.54","0",

"Assets > TD1000855895_07 BDF SCB ( 105006 ) ",
"Journal No","Other GL No.","Other Account","Subledger","Posted Date","Comments","Instrument No.","Instrument Bank","Account Name","GL Account No.","Debit","Credit",
"","","","","","Opening Balance","",""," TD1000855895_07 BDF SCB ","105006","194964","",
JE-2025-0000035,105006,TD1000855895_07 BDF SCB,,15-09-2025,Being FD TD1000855895 renewed and remade SCB - BDF,,, TD1000855895_07 BDF SCB ,105006,,194964.00,

"","","","","","","","","","","194964","194964",

"Assets > Land and Building ( 108001 ) ",
"Journal No","Other GL No.","Other Account","Subledger","Posted Date","Comments","Instrument No.","Instrument Bank","Account Name","GL Account No.","Debit","Credit",
"","","","","","Opening Balance","",""," Land and Building ","108001","12040000","",

"Balance : 12040000(Debit)","","","","","","","","","","12040000","0",

"Assets > Furniture  and  Fixture ( 108002 ) ",
"Journal No","Other GL No.","Other Account","Subledger","Posted Date","Comments","Instrument No.","Instrument Bank","Account Name","GL Account No.","Debit","Credit",
"","","","","","Opening Balance","",""," Furniture  and  Fixture ","108002","1706","",
JE-2025-0000082,108002,Furniture  and  Fixture,,31-03-2026,Being Depreciation on Furniture and Furniture  10% charged for FY 2025-26,,, Furniture  and  Fixture ,108002,,171.00,

"Balance : 1535(Debit)","","","","","","","","","","1706","171",

"Assets > Borewell Pump Account ( 108003 ) ",
"Journal No","Other GL No.","Other Account","Subledger","Posted Date","Comments","Instrument No.","Instrument Bank","Account Name","GL Account No.","Debit","Credit",
"","","","","","Opening Balance","",""," Borewell Pump Account ","108003","221","",
JE-2025-0000081,108003,Borewell Pump Account,,31-03-2026,Being Depreciation on Borewell Pump  15% charged for FY 2025-26,,, Borewell Pump Account ,108003,,33.00,

"Balance : 188(Debit)","","","","","","","","","","221","33",

"Assets > CCTV ( 108004 ) ",
"Journal No","Other GL No.","Other Account","Subledger","Posted Date","Comments","Instrument No.","Instrument Bank","Account Name","GL Account No.","Debit","Credit",
"","","","","","Opening Balance","",""," CCTV ","108004","51855.6","",
JE-2025-0000073,108004,CCTV,,31-03-2026,Being fixed asset transfer to CCTV,,, CCTV ,108004,18000.00,,
JE-2025-0000080,108004,CCTV,,31-03-2026,Being Depreciation on CCTV Camera  10% charged for FY 2025-26,,, CCTV ,108004,,9128.00,

"Balance : 60727.6(Debit)","","","","","","","","","","69855.6","9128",

"Assets > Fire Extinguisher ( 108006 ) ",
"Journal No","Other GL No.","Other Account","Subledger","Posted Date","Comments","Instrument No.","Instrument Bank","Account Name","GL Account No.","Debit","Credit",
"","","","","","Opening Balance","",""," Fire Extinguisher ","108006","9746","",
JE-2025-0000079,108006,Fire Extinguisher,,31-03-2026,Being Depreciation on Fire extinguisher  15% charged for FY 2025-26,,, Fire Extinguisher ,108006,,1462.00,

"Balance : 8284(Debit)","","","","","","","","","","9746","1462",

"Assets > Prepaid Expenses ( 109006 ) ",
"Journal No","Other GL No.","Other Account","Subledger","Posted Date","Comments","Instrument No.","Instrument Bank","Account Name","GL Account No.","Debit","Credit",
"","","","","","Opening Balance","",""," Prepaid Expenses ","109006","4941","",
JE-2025-0000053,109006,Prepaid Expenses,,01-04-2025,Being prepaid pest control exp for period 01.04.25 to 28.02.26 Charged Back,,, Prepaid Expenses ,109006,,4941.00,

"","","","","","","","","","","4941","4941",

"Assets > Prepaid Insurance Charges ( 109007 ) ",
"Journal No","Other GL No.","Other Account","Subledger","Posted Date","Comments","Instrument No.","Instrument Bank","Account Name","GL Account No.","Debit","Credit",
"","","","","","Opening Balance","",""," Prepaid Insurance Charges ","109007","4049","",
JE-2025-0000057,109007,Prepaid Insurance Charges,,01-04-2025,Being prepaid insurance for 01-04-2025 30-10-2025- 213 days Charged Back,,, Prepaid Insurance Charges ,109007,,4049.00,
JE-2025-0000084,109007,Prepaid Insurance Charges,,31-03-2026,Being prepaid insurance for the period 01.04.26 to 30.10.26,,, Prepaid Insurance Charges ,109007,9513.00,,

"Balance : 9513(Debit)","","","","","","","","","","13562","4049",

"Assets > Prepaid Lift Maintenance ( 109008 ) ",
"Journal No","Other GL No.","Other Account","Subledger","Posted Date","Comments","Instrument No.","Instrument Bank","Account Name","GL Account No.","Debit","Credit",
"","","","","","Opening Balance","",""," Prepaid Lift Maintenance ","109008","12447","",
JE-2025-0000058,109008,Prepaid Lift Maintenance,,01-04-2025,being prepiad lift amc for 01-04-202 - 31-12-2025 - 275 days Charged Back,,, Prepaid Lift Maintenance ,109008,,12447.00,
JE-2025-0000087,109008,Prepaid Lift Maintenance,,31-03-2026,Being prepaid lift AMC exps from 01.04.26 to 31.12.26,,, Prepaid Lift Maintenance ,109008,13336.00,,

"Balance : 13336(Debit)","","","","","","","","","","25783","12447",

"Assets > Prepaid Pest Control Charges ( 109009 ) ",
"Journal No","Other GL No.","Other Account","Subledger","Posted Date","Comments","Instrument No.","Instrument Bank","Account Name","GL Account No.","Debit","Credit",
"","","","","","Opening Balance","",""," Prepaid Pest Control Charges ","109009","501","",
JE-2025-0000059,109009,Prepaid Pest Control Charges,,01-04-2025,Being prepaid pest control for period 01.04.25 to 31.05.25 Charged Back,,, Prepaid Pest Control Charges ,109009,,501.00,
JE-2025-0000083,109009,Prepaid Pest Control Charges,,31-03-2026,Being prepaid pest control for the period 01.04.26 to 31.03.27,,, Prepaid Pest Control Charges ,109009,5400.00,,
JE-2025-0000088,109009,Prepaid Pest Control Charges,,31-03-2026,Being prepaid pest control for period 01.04.26 to 31.05.26,,, Prepaid Pest Control Charges ,109009,535.00,,

"Balance : 5935(Debit)","","","","","","","","","","6436","501",

"Assets > 404759 SF SCB ( 109025 ) ",
"Journal No","Other GL No.","Other Account","Subledger","Posted Date","Comments","Instrument No.","Instrument Bank","Account Name","GL Account No.","Debit","Credit",
"","","","","","Opening Balance","",""," 404759 SF SCB ","109025","13935","",
JE-2025-0000006,109025,404759 SF SCB,,15-04-2025,Being FD Matured FD 404759 SF SCB,,, 404759 SF SCB ,109025,,13935.00,

"","","","","","","","","","","13935","13935",

"Assets > 404760 Res.F SCB ( 109026 ) ",
"Journal No","Other GL No.","Other Account","Subledger","Posted Date","Comments","Instrument No.","Instrument Bank","Account Name","GL Account No.","Debit","Credit",
"","","","","","Opening Balance","",""," 404760 Res.F SCB ","109026","6345","",
JE-2025-0000005,109026,404760 Res.F SCB,,15-04-2025,Being FD Matured 404760 Res.F SCB,,, 404760 Res.F SCB ,109026,,6345.00,

"","","","","","","","","","","6345","6345",

"Assets > 400923_1 SC SCB ( 109031 ) ",
"Journal No","Other GL No.","Other Account","Subledger","Posted Date","Comments","Instrument No.","Instrument Bank","Account Name","GL Account No.","Debit","Credit",
"","","","","","Opening Balance","",""," 400923_1 SC SCB ","109031","9000","",

"Balance : 9000(Debit)","","","","","","","","","","9000","0",

"Assets > TD1000855877_01 ETF SCB ( 109032 ) ",
"Journal No","Other GL No.","Other Account","Subledger","Posted Date","Comments","Instrument No.","Instrument Bank","Account Name","GL Account No.","Debit","Credit",
"","","","","","Opening Balance","",""," TD1000855877_01 ETF SCB ","109032","21425","",
JE-2025-0000050,109032,TD1000855877_01 ETF SCB,,15-09-2025,Being FD TD1000855877 renewed and remade SCB - ETDF,,, TD1000855877_01 ETF SCB ,109032,,21425.00,

"","","","","","","","","","","21425","21425",

"Assets > TD1001240592 SF SCB ( 113001 ) ",
"Journal No","Other GL No.","Other Account","Subledger","Posted Date","Comments","Instrument No.","Instrument Bank","Account Name","GL Account No.","Debit","Credit",
"","","","","","Opening Balance","",""," TD1001240592 SF SCB ","113001","13000","",
JE-2025-0000039,113001,TD1001240592 SF SCB,,15-08-2025,Being FD TD1001240592 renewed and remade SCB - SF,,, TD1001240592 SF SCB ,113001,,13000.00,

"","","","","","","","","","","13000","13000",

"Assets > TD1000856034_01 SF SCB ( 113002 ) ",
"Journal No","Other GL No.","Other Account","Subledger","Posted Date","Comments","Instrument No.","Instrument Bank","Account Name","GL Account No.","Debit","Credit",
"","","","","","Opening Balance","",""," TD1000856034_01 SF SCB ","113002","471339","",
JE-2025-0000007,113002,TD1000856034_01 SF SCB,,08-05-2025,Being FD redeemed TD1000856034 01 SF SCB,,, TD1000856034_01 SF SCB ,113002,,471339.00,

"","","","","","","","","","","471339","471339",

"Assets > TD1001240642 RF SCB ( 114001 ) ",
"Journal No","Other GL No.","Other Account","Subledger","Posted Date","Comments","Instrument No.","Instrument Bank","Account Name","GL Account No.","Debit","Credit",
"","","","","","Opening Balance","",""," TD1001240642 RF SCB ","114001","50000","",
JE-2025-0000043,114001,TD1001240642 RF SCB,,26-06-2025,Being FD TD1001240642  renewed and remade SCB - RMF,,, TD1001240642 RF SCB ,114001,,50000.00,

"","","","","","","","","","","50000","50000",

"Assets > TD1000855869_01 RMF SCB ( 114002 ) ",
"Journal No","Other GL No.","Other Account","Subledger","Posted Date","Comments","Instrument No.","Instrument Bank","Account Name","GL Account No.","Debit","Credit",
"","","","","","Opening Balance","",""," TD1000855869_01 RMF SCB ","114002","251739","",
JE-2025-0000048,114002,TD1000855869_01 RMF SCB,,15-09-2025,Being FD TD1000855869 renewed and remade SCB - RMF,,, TD1000855869_01 RMF SCB ,114002,,251739.00,

"","","","","","","","","","","251739","251739",

"Assets > TD1001240638 ETF SCB ( 117001 ) ",
"Journal No","Other GL No.","Other Account","Subledger","Posted Date","Comments","Instrument No.","Instrument Bank","Account Name","GL Account No.","Debit","Credit",
"","","","","","Opening Balance","",""," TD1001240638 ETF SCB ","117001","1300","",
JE-2025-0000041,117001,TD1001240638 ETF SCB,,26-06-2025,Being FD TD1001240638 renewed and remade SCB - EDTF,,, TD1001240638 ETF SCB ,117001,,1300.00,

"","","","","","","","","","","1300","1300",

"Assets > TD1001227336 GF SCB ( 118001 ) ",
"Journal No","Other GL No.","Other Account","Subledger","Posted Date","Comments","Instrument No.","Instrument Bank","Account Name","GL Account No.","Debit","Credit",
"","","","","","Opening Balance","",""," TD1001227336 GF SCB ","118001","750000","",
JE-2025-0000037,118001,TD1001227336 GF SCB,,14-06-2025,Being FD TD1001227336 renewed and remade SCB - GF,,, TD1001227336 GF SCB ,118001,,750000.00,

"","","","","","","","","","","750000","750000",

"Assets > TD1000855858_01 GF SCB ( 118002 ) ",
"Journal No","Other GL No.","Other Account","Subledger","Posted Date","Comments","Instrument No.","Instrument Bank","Account Name","GL Account No.","Debit","Credit",
"","","","","","Opening Balance","",""," TD1000855858_01 GF SCB ","118002","42847","",
JE-2025-0000047,118002,TD1000855858_01 GF SCB,,15-09-2025,Being FD TD1000855858 renewed and remade SCB - GF,,, TD1000855858_01 GF SCB ,118002,,42847.00,

"","","","","","","","","","","42847","42847",

"Assets > TD1000855858_02 GF SCB ( 118006 ) ",
"Journal No","Other GL No.","Other Account","Subledger","Posted Date","Comments","Instrument No.","Instrument Bank","Account Name","GL Account No.","Debit","Credit",
"","","","","","Opening Balance","",""," TD1000855858_02 GF SCB ","118006","","",
JE-2025-0000047,118006,TD1000855858_02 GF SCB,,15-09-2025,Being FD TD1000855858 renewed and remade SCB - GF,,, TD1000855858_02 GF SCB ,118006,45920.00,,

"Balance : 45920(Debit)","","","","","","","","","","45920","0",

"Assets > TD1000855869_02 RMF SCB ( 118007 ) ",
"Journal No","Other GL No.","Other Account","Subledger","Posted Date","Comments","Instrument No.","Instrument Bank","Account Name","GL Account No.","Debit","Credit",
"","","","","","Opening Balance","",""," TD1000855869_02 RMF SCB ","118007","","",
JE-2025-0000048,118007,TD1000855869_02 RMF SCB,,15-09-2025,Being FD TD1000855869 renewed and remade SCB - RMF,,, TD1000855869_02 RMF SCB ,118007,269800.00,,

"Balance : 269800(Debit)","","","","","","","","","","269800","0",

"Assets > TD1000855877_02 ETF SCB ( 118008 ) ",
"Journal No","Other GL No.","Other Account","Subledger","Posted Date","Comments","Instrument No.","Instrument Bank","Account Name","GL Account No.","Debit","Credit",
"","","","","","Opening Balance","",""," TD1000855877_02 ETF SCB ","118008","","",
JE-2025-0000050,118008,TD1000855877_02 ETF SCB,,15-09-2025,Being FD TD1000855877 renewed and remade SCB - ETDF,,, TD1000855877_02 ETF SCB ,118008,22961.00,,

"Balance : 22961(Debit)","","","","","","","","","","22961","0",

"Assets > TD1000855895_08 BDF SCB ( 118009 ) ",
"Journal No","Other GL No.","Other Account","Subledger","Posted Date","Comments","Instrument No.","Instrument Bank","Account Name","GL Account No.","Debit","Credit",
"","","","","","Opening Balance","",""," TD1000855895_08 BDF SCB ","118009","","",
JE-2025-0000035,118009,TD1000855895_08 BDF SCB,,15-09-2025,Being FD TD1000855895 renewed and remade SCB - BDF,,, TD1000855895_08 BDF SCB ,118009,208951.00,,

"Balance : 208951(Debit)","","","","","","","","","","208951","0",

"Assets > TD1001227336_01 GF SCB ( 118010 ) ",
"Journal No","Other GL No.","Other Account","Subledger","Posted Date","Comments","Instrument No.","Instrument Bank","Account Name","GL Account No.","Debit","Credit",
"","","","","","Opening Balance","",""," TD1001227336_01 GF SCB ","118010","","",
JE-2025-0000037,118010,TD1001227336_01 GF SCB,,14-06-2025,Being FD TD1001227336 renewed and remade SCB - GF,,, TD1001227336_01 GF SCB ,118010,801296.00,,

"Balance : 801296(Debit)","","","","","","","","","","801296","0",

"Assets > TD1001240592_01 SF SCB ( 118011 ) ",
"Journal No","Other GL No.","Other Account","Subledger","Posted Date","Comments","Instrument No.","Instrument Bank","Account Name","GL Account No.","Debit","Credit",
"","","","","","Opening Balance","",""," TD1001240592_01 SF SCB ","118011","","",
JE-2025-0000039,118011,TD1001240592_01 SF SCB,,15-08-2025,Being FD TD1001240592 renewed and remade SCB - SF,,, TD1001240592_01 SF SCB ,118011,13661.00,,

"Balance : 13661(Debit)","","","","","","","","","","13661","0",

"Assets > TD1001240638_01 ETF SCB ( 118012 ) ",
"Journal No","Other GL No.","Other Account","Subledger","Posted Date","Comments","Instrument No.","Instrument Bank","Account Name","GL Account No.","Debit","Credit",
"","","","","","Opening Balance","",""," TD1001240638_01 ETF SCB ","118012","","",
JE-2025-0000041,118012,TD1001240638_01 ETF SCB,,26-06-2025,Being FD TD1001240638 renewed and remade SCB - EDTF,,, TD1001240638_01 ETF SCB ,118012,1365.00,,

"Balance : 1365(Debit)","","","","","","","","","","1365","0",

"Assets > TD1001240642_01 RF SCB ( 118013 ) ",
"Journal No","Other GL No.","Other Account","Subledger","Posted Date","Comments","Instrument No.","Instrument Bank","Account Name","GL Account No.","Debit","Credit",
"","","","","","Opening Balance","",""," TD1001240642_01 RF SCB ","118013","","",
JE-2025-0000043,118013,TD1001240642_01 RF SCB,,26-06-2025,Being FD TD1001240642  renewed and remade SCB - RMF,,, TD1001240642_01 RF SCB ,118013,52542.00,,

"Balance : 52542(Debit)","","","","","","","","","","52542","0",

