"Income - Members > Electricity Charges ( 301003 ) ",
"Journal No","Other GL No.","Other Account","Subledger","Posted Date","Comments","Instrument No.","Instrument Bank","Account Name","GL Account No.","Debit","Credit",
"","","","","","Opening Balance","",""," Electricity Charges ","301003","","",
ME-2025-0000003,301003,Electricity Charges, 101,01-04-2025,,,, Electricity Charges ,301003,,326,
ME-2025-0000012,301003,Electricity Charges, 102,01-04-2025,,,, Electricity Charges ,301003,,326,
ME-2025-0000020,301003,Electricity Charges, 201,01-04-2025,,,, Electricity Charges ,301003,,326,
ME-2025-0000030,301003,Electricity Charges, 202,01-04-2025,,,, Electricity Charges ,301003,,326,
ME-2025-0000051,301003,Electricity Charges, 204,01-04-2025,,,, Electricity Charges ,301003,,326,
ME-2025-0000060,301003,Electricity Charges, 301,01-04-2025,,,, Electricity Charges ,301003,,326,
ME-2025-0000069,301003,Electricity Charges, 302,01-04-2025,,,, Electricity Charges ,301003,,326,
ME-2025-0000078,301003,Electricity Charges, 303,01-04-2025,,,, Electricity Charges ,301003,,326,
ME-2025-0000088,301003,Electricity Charges, 401,01-04-2025,,,, Electricity Charges ,301003,,326,
ME-2025-0000098,301003,Electricity Charges, 403,01-04-2025,,,, Electricity Charges ,301003,,326,
ME-2025-0000107,301003,Electricity Charges, 404,01-04-2025,,,, Electricity Charges ,301003,,326,
ME-2025-0000172,301003,Electricity Charges, 702,01-04-2025,,,, Electricity Charges ,301003,,326,
ME-2025-0000251,301003,Electricity Charges, 203,01-04-2025,,,, Electricity Charges ,301003,,326,
ME-2025-0000262,301003,Electricity Charges, 501,01-04-2025,,,, Electricity Charges ,301003,,326,
ME-2025-0000273,301003,Electricity Charges, 502,01-04-2025,,,, Electricity Charges ,301003,,326,
ME-2025-0000285,301003,Electricity Charges, 601,01-04-2025,,,, Electricity Charges ,301003,,326,
ME-2025-0000296,301003,Electricity Charges, 602,01-04-2025,,,, Electricity Charges ,301003,,326,
ME-2025-0000307,301003,Electricity Charges, 701,01-04-2025,,,, Electricity Charges ,301003,,326,
ME-2025-0000334,301003,Electricity Charges, 101,01-05-2025,,,, Electricity Charges ,301003,,326,
ME-2025-0000343,301003,Electricity Charges, 102,01-05-2025,,,, Electricity Charges ,301003,,326,
ME-2025-0000351,301003,Electricity Charges, 201,01-05-2025,,,, Electricity Charges ,301003,,326,
ME-2025-0000360,301003,Electricity Charges, 202,01-05-2025,,,, Electricity Charges ,301003,,326,
ME-2025-0000372,301003,Electricity Charges, 203,01-05-2025,,,, Electricity Charges ,301003,,326,
ME-2025-0000381,301003,Electricity Charges, 204,01-05-2025,,,, Electricity Charges ,301003,,326,
ME-2025-0000390,301003,Electricity Charges, 301,01-05-2025,,,, Electricity Charges ,301003,,326,
ME-2025-0000399,301003,Electricity Charges, 302,01-05-2025,,,, Electricity Charges ,301003,,326,
ME-2025-0000409,301003,Electricity Charges, 303,01-05-2025,,,, Electricity Charges ,301003,,326,
ME-2025-0000419,301003,Electricity Charges, 401,01-05-2025,,,, Electricity Charges ,301003,,326,
ME-2025-0000428,301003,Electricity Charges, 403,01-05-2025,,,, Electricity Charges ,301003,,326,
ME-2025-0000437,301003,Electricity Charges, 404,01-05-2025,,,, Electricity Charges ,301003,,326,
ME-2025-0000448,301003,Electricity Charges, 501,01-05-2025,,,, Electricity Charges ,301003,,326,
ME-2025-0000459,301003,Electricity Charges, 502,01-05-2025,,,, Electricity Charges ,301003,,326,
ME-2025-0000482,301003,Electricity Charges, 602,01-05-2025,,,, Electricity Charges ,301003,,326,
ME-2025-0000493,301003,Electricity Charges, 701,01-05-2025,,,, Electricity Charges ,301003,,326,
ME-2025-0000502,301003,Electricity Charges, 702,01-05-2025,,,, Electricity Charges ,301003,,326,
ME-2025-0000524,301003,Electricity Charges, 601,01-05-2025,,,, Electricity Charges ,301003,,326,
ME-2025-0000556,301003,Electricity Charges, 101,01-06-2025,,,, Electricity Charges ,301003,,326,
ME-2025-0000565,301003,Electricity Charges, 102,01-06-2025,,,, Electricity Charges ,301003,,326,
ME-2025-0000573,301003,Electricity Charges, 201,01-06-2025,,,, Electricity Charges ,301003,,326,
ME-2025-0000582,301003,Electricity Charges, 202,01-06-2025,,,, Electricity Charges ,301003,,326,
ME-2025-0000593,301003,Electricity Charges, 203,01-06-2025,,,, Electricity Charges ,301003,,326,
ME-2025-0000602,301003,Electricity Charges, 204,01-06-2025,,,, Electricity Charges ,301003,,326,
ME-2025-0000611,301003,Electricity Charges, 301,01-06-2025,,,, Electricity Charges ,301003,,326,
ME-2025-0000620,301003,Electricity Charges, 302,01-06-2025,,,, Electricity Charges ,301003,,326,
ME-2025-0000629,301003,Electricity Charges, 303,01-06-2025,,,, Electricity Charges ,301003,,326,
ME-2025-0000638,301003,Electricity Charges, 401,01-06-2025,,,, Electricity Charges ,301003,,326,
ME-2025-0000648,301003,Electricity Charges, 403,01-06-2025,,,, Electricity Charges ,301003,,326,
ME-2025-0000657,301003,Electricity Charges, 404,01-06-2025,,,, Electricity Charges ,301003,,326,
ME-2025-0000667,301003,Electricity Charges, 501,01-06-2025,,,, Electricity Charges ,301003,,326,
ME-2025-0000677,301003,Electricity Charges, 502,01-06-2025,,,, Electricity Charges ,301003,,326,
ME-2025-0000687,301003,Electricity Charges, 601,01-06-2025,,,, Electricity Charges ,301003,,326,
ME-2025-0000697,301003,Electricity Charges, 602,01-06-2025,,,, Electricity Charges ,301003,,326,
ME-2025-0000707,301003,Electricity Charges, 701,01-06-2025,,,, Electricity Charges ,301003,,326,
ME-2025-0000716,301003,Electricity Charges, 702,01-06-2025,,,, Electricity Charges ,301003,,326,
ME-2025-0000744,301003,Electricity Charges, 101,01-07-2025,,,, Electricity Charges ,301003,,326,
ME-2025-0000753,301003,Electricity Charges, 102,01-07-2025,,,, Electricity Charges ,301003,,326,
ME-2025-0000761,301003,Electricity Charges, 201,01-07-2025,,,, Electricity Charges ,301003,,326,
ME-2025-0000770,301003,Electricity Charges, 202,01-07-2025,,,, Electricity Charges ,301003,,326,
ME-2025-0000780,301003,Electricity Charges, 203,01-07-2025,,,, Electricity Charges ,301003,,326,
ME-2025-0000789,301003,Electricity Charges, 204,01-07-2025,,,, Electricity Charges ,301003,,326,
ME-2025-0000798,301003,Electricity Charges, 301,01-07-2025,,,, Electricity Charges ,301003,,326,
ME-2025-0000807,301003,Electricity Charges, 302,01-07-2025,,,, Electricity Charges ,301003,,326,
ME-2025-0000816,301003,Electricity Charges, 303,01-07-2025,,,, Electricity Charges ,301003,,326,
ME-2025-0000835,301003,Electricity Charges, 403,01-07-2025,,,, Electricity Charges ,301003,,326,
ME-2025-0000844,301003,Electricity Charges, 404,01-07-2025,,,, Electricity Charges ,301003,,326,
ME-2025-0000854,301003,Electricity Charges, 501,01-07-2025,,,, Electricity Charges ,301003,,326,
ME-2025-0000864,301003,Electricity Charges, 502,01-07-2025,,,, Electricity Charges ,301003,,326,
ME-2025-0000874,301003,Electricity Charges, 601,01-07-2025,,,, Electricity Charges ,301003,,326,
ME-2025-0000884,301003,Electricity Charges, 602,01-07-2025,,,, Electricity Charges ,301003,,326,
ME-2025-0000894,301003,Electricity Charges, 701,01-07-2025,,,, Electricity Charges ,301003,,326,
ME-2025-0000903,301003,Electricity Charges, 702,01-07-2025,,,, Electricity Charges ,301003,,326,
ME-2025-0000924,301003,Electricity Charges, 401,01-07-2025,,,, Electricity Charges ,301003,,326,
ME-2025-0000952,301003,Electricity Charges, 101,01-08-2025,,,, Electricity Charges ,301003,,326,
ME-2025-0000961,301003,Electricity Charges, 102,01-08-2025,,,, Electricity Charges ,301003,,326,
ME-2025-0000970,301003,Electricity Charges, 201,01-08-2025,,,, Electricity Charges ,301003,,326,
ME-2025-0000980,301003,Electricity Charges, 202,01-08-2025,,,, Electricity Charges ,301003,,326,
ME-2025-0000991,301003,Electricity Charges, 203,01-08-2025,,,, Electricity Charges ,301003,,326,
ME-2025-0001001,301003,Electricity Charges, 204,01-08-2025,,,, Electricity Charges ,301003,,326,
ME-2025-0001010,301003,Electricity Charges, 301,01-08-2025,,,, Electricity Charges ,301003,,326,
ME-2025-0001019,301003,Electricity Charges, 302,01-08-2025,,,, Electricity Charges ,301003,,326,
ME-2025-0001028,301003,Electricity Charges, 303,01-08-2025,,,, Electricity Charges ,301003,,326,
ME-2025-0001039,301003,Electricity Charges, 401,01-08-2025,,,, Electricity Charges ,301003,,326,
ME-2025-0001050,301003,Electricity Charges, 403,01-08-2025,,,, Electricity Charges ,301003,,326,
ME-2025-0001060,301003,Electricity Charges, 404,01-08-2025,,,, Electricity Charges ,301003,,326,
ME-2025-0001071,301003,Electricity Charges, 501,01-08-2025,,,, Electricity Charges ,301003,,326,
ME-2025-0001082,301003,Electricity Charges, 502,01-08-2025,,,, Electricity Charges ,301003,,326,
ME-2025-0001093,301003,Electricity Charges, 601,01-08-2025,,,, Electricity Charges ,301003,,326,
ME-2025-0001104,301003,Electricity Charges, 602,01-08-2025,,,, Electricity Charges ,301003,,326,
ME-2025-0001115,301003,Electricity Charges, 701,01-08-2025,,,, Electricity Charges ,301003,,326,
ME-2025-0001125,301003,Electricity Charges, 702,01-08-2025,,,, Electricity Charges ,301003,,326,
ME-2025-0001159,301003,Electricity Charges, 101,01-09-2025,,,, Electricity Charges ,301003,,326,
ME-2025-0001168,301003,Electricity Charges, 102,01-09-2025,,,, Electricity Charges ,301003,,326,
ME-2025-0001177,301003,Electricity Charges, 201,01-09-2025,,,, Electricity Charges ,301003,,326,
ME-2025-0001188,301003,Electricity Charges, 202,01-09-2025,,,, Electricity Charges ,301003,,326,
ME-2025-0001200,301003,Electricity Charges, 203,01-09-2025,,,, Electricity Charges ,301003,,326,
ME-2025-0001211,301003,Electricity Charges, 204,01-09-2025,,,, Electricity Charges ,301003,,326,
ME-2025-0001221,301003,Electricity Charges, 301,01-09-2025,,,, Electricity Charges ,301003,,326,
ME-2025-0001230,301003,Electricity Charges, 302,01-09-2025,,,, Electricity Charges ,301003,,326,
ME-2025-0001239,301003,Electricity Charges, 303,01-09-2025,,,, Electricity Charges ,301003,,326,
ME-2025-0001250,301003,Electricity Charges, 401,01-09-2025,,,, Electricity Charges ,301003,,326,
ME-2025-0001262,301003,Electricity Charges, 403,01-09-2025,,,, Electricity Charges ,301003,,326,
ME-2025-0001272,301003,Electricity Charges, 404,01-09-2025,,,, Electricity Charges ,301003,,326,
ME-2025-0001283,301003,Electricity Charges, 501,01-09-2025,,,, Electricity Charges ,301003,,326,
ME-2025-0001294,301003,Electricity Charges, 502,01-09-2025,,,, Electricity Charges ,301003,,326,
ME-2025-0001305,301003,Electricity Charges, 601,01-09-2025,,,, Electricity Charges ,301003,,326,
ME-2025-0001316,301003,Electricity Charges, 602,01-09-2025,,,, Electricity Charges ,301003,,326,
ME-2025-0001327,301003,Electricity Charges, 701,01-09-2025,,,, Electricity Charges ,301003,,326,
ME-2025-0001337,301003,Electricity Charges, 702,01-09-2025,,,, Electricity Charges ,301003,,326,
ME-2025-0001368,301003,Electricity Charges, 101,01-10-2025,,,, Electricity Charges ,301003,,326,
ME-2025-0001377,301003,Electricity Charges, 102,01-10-2025,,,, Electricity Charges ,301003,,326,
ME-2025-0001386,301003,Electricity Charges, 201,01-10-2025,,,, Electricity Charges ,301003,,326,
ME-2025-0001397,301003,Electricity Charges, 202,01-10-2025,,,, Electricity Charges ,301003,,326,
ME-2025-0001408,301003,Electricity Charges, 203,01-10-2025,,,, Electricity Charges ,301003,,326,
ME-2025-0001419,301003,Electricity Charges, 204,01-10-2025,,,, Electricity Charges ,301003,,326,
ME-2025-0001429,301003,Electricity Charges, 301,01-10-2025,,,, Electricity Charges ,301003,,326,
ME-2025-0001438,301003,Electricity Charges, 302,01-10-2025,,,, Electricity Charges ,301003,,326,
ME-2025-0001448,301003,Electricity Charges, 303,01-10-2025,,,, Electricity Charges ,301003,,326,
ME-2025-0001458,301003,Electricity Charges, 401,01-10-2025,,,, Electricity Charges ,301003,,326,
ME-2025-0001470,301003,Electricity Charges, 403,01-10-2025,,,, Electricity Charges ,301003,,326,
ME-2025-0001480,301003,Electricity Charges, 404,01-10-2025,,,, Electricity Charges ,301003,,326,
ME-2025-0001491,301003,Electricity Charges, 501,01-10-2025,,,, Electricity Charges ,301003,,326,
ME-2025-0001502,301003,Electricity Charges, 502,01-10-2025,,,, Electricity Charges ,301003,,326,
ME-2025-0001513,301003,Electricity Charges, 601,01-10-2025,,,, Electricity Charges ,301003,,326,
ME-2025-0001524,301003,Electricity Charges, 602,01-10-2025,,,, Electricity Charges ,301003,,326,
ME-2025-0001535,301003,Electricity Charges, 701,01-10-2025,,,, Electricity Charges ,301003,,326,
ME-2025-0001545,301003,Electricity Charges, 702,01-10-2025,,,, Electricity Charges ,301003,,326,
ME-2025-0001573,301003,Electricity Charges, 101,01-11-2025,,,, Electricity Charges ,301003,,326,
ME-2025-0001582,301003,Electricity Charges, 102,01-11-2025,,,, Electricity Charges ,301003,,326,
ME-2025-0001590,301003,Electricity Charges, 201,01-11-2025,,,, Electricity Charges ,301003,,326,
ME-2025-0001599,301003,Electricity Charges, 202,01-11-2025,,,, Electricity Charges ,301003,,326,
ME-2025-0001609,301003,Electricity Charges, 203,01-11-2025,,,, Electricity Charges ,301003,,326,
ME-2025-0001619,301003,Electricity Charges, 204,01-11-2025,,,, Electricity Charges ,301003,,326,
ME-2025-0001628,301003,Electricity Charges, 301,01-11-2025,,,, Electricity Charges ,301003,,326,
ME-2025-0001637,301003,Electricity Charges, 302,01-11-2025,,,, Electricity Charges ,301003,,326,
ME-2025-0001647,301003,Electricity Charges, 303,01-11-2025,,,, Electricity Charges ,301003,,326,
ME-2025-0001657,301003,Electricity Charges, 401,01-11-2025,,,, Electricity Charges ,301003,,326,
ME-2025-0001668,301003,Electricity Charges, 403,01-11-2025,,,, Electricity Charges ,301003,,326,
ME-2025-0001677,301003,Electricity Charges, 404,01-11-2025,,,, Electricity Charges ,301003,,326,
ME-2025-0001687,301003,Electricity Charges, 501,01-11-2025,,,, Electricity Charges ,301003,,326,
ME-2025-0001697,301003,Electricity Charges, 502,01-11-2025,,,, Electricity Charges ,301003,,326,
ME-2025-0001707,301003,Electricity Charges, 601,01-11-2025,,,, Electricity Charges ,301003,,326,
ME-2025-0001717,301003,Electricity Charges, 602,01-11-2025,,,, Electricity Charges ,301003,,326,
ME-2025-0001727,301003,Electricity Charges, 701,01-11-2025,,,, Electricity Charges ,301003,,326,
ME-2025-0001736,301003,Electricity Charges, 702,01-11-2025,,,, Electricity Charges ,301003,,326,
ME-2025-0001769,301003,Electricity Charges, 101,01-12-2025,,,, Electricity Charges ,301003,,326,
ME-2025-0001778,301003,Electricity Charges, 102,01-12-2025,,,, Electricity Charges ,301003,,326,
ME-2025-0001786,301003,Electricity Charges, 201,01-12-2025,,,, Electricity Charges ,301003,,326,
ME-2025-0001796,301003,Electricity Charges, 202,01-12-2025,,,, Electricity Charges ,301003,,326,
ME-2025-0001806,301003,Electricity Charges, 203,01-12-2025,,,, Electricity Charges ,301003,,326,
ME-2025-0001815,301003,Electricity Charges, 204,01-12-2025,,,, Electricity Charges ,301003,,326,
ME-2025-0001824,301003,Electricity Charges, 301,01-12-2025,,,, Electricity Charges ,301003,,326,
ME-2025-0001833,301003,Electricity Charges, 302,01-12-2025,,,, Electricity Charges ,301003,,326,
ME-2025-0001844,301003,Electricity Charges, 303,01-12-2025,,,, Electricity Charges ,301003,,326,
ME-2025-0001853,301003,Electricity Charges, 401,01-12-2025,,,, Electricity Charges ,301003,,326,
ME-2025-0001863,301003,Electricity Charges, 403,01-12-2025,,,, Electricity Charges ,301003,,326,
ME-2025-0001872,301003,Electricity Charges, 404,01-12-2025,,,, Electricity Charges ,301003,,326,
ME-2025-0001882,301003,Electricity Charges, 501,01-12-2025,,,, Electricity Charges ,301003,,326,
ME-2025-0001892,301003,Electricity Charges, 502,01-12-2025,,,, Electricity Charges ,301003,,326,
ME-2025-0001902,301003,Electricity Charges, 601,01-12-2025,,,, Electricity Charges ,301003,,326,
ME-2025-0001912,301003,Electricity Charges, 602,01-12-2025,,,, Electricity Charges ,301003,,326,
ME-2025-0001922,301003,Electricity Charges, 701,01-12-2025,,,, Electricity Charges ,301003,,326,
ME-2025-0001931,301003,Electricity Charges, 702,01-12-2025,,,, Electricity Charges ,301003,,326,
ME-2025-0001967,301003,Electricity Charges, 101,01-01-2026,,,, Electricity Charges ,301003,,326,
ME-2025-0001976,301003,Electricity Charges, 102,01-01-2026,,,, Electricity Charges ,301003,,326,
ME-2025-0001984,301003,Electricity Charges, 201,01-01-2026,,,, Electricity Charges ,301003,,326,
ME-2025-0001994,301003,Electricity Charges, 202,01-01-2026,,,, Electricity Charges ,301003,,326,
ME-2025-0002005,301003,Electricity Charges, 203,01-01-2026,,,, Electricity Charges ,301003,,326,
ME-2025-0002014,301003,Electricity Charges, 204,01-01-2026,,,, Electricity Charges ,301003,,326,
ME-2025-0002023,301003,Electricity Charges, 301,01-01-2026,,,, Electricity Charges ,301003,,326,
ME-2025-0002032,301003,Electricity Charges, 302,01-01-2026,,,, Electricity Charges ,301003,,326,
ME-2025-0002043,301003,Electricity Charges, 303,01-01-2026,,,, Electricity Charges ,301003,,326,
ME-2025-0002053,301003,Electricity Charges, 401,01-01-2026,,,, Electricity Charges ,301003,,326,
ME-2025-0002062,301003,Electricity Charges, 403,01-01-2026,,,, Electricity Charges ,301003,,326,
ME-2025-0002071,301003,Electricity Charges, 404,01-01-2026,,,, Electricity Charges ,301003,,326,
ME-2025-0002081,301003,Electricity Charges, 501,01-01-2026,,,, Electricity Charges ,301003,,326,
ME-2025-0002092,301003,Electricity Charges, 502,01-01-2026,,,, Electricity Charges ,301003,,326,
ME-2025-0002102,301003,Electricity Charges, 601,01-01-2026,,,, Electricity Charges ,301003,,326,
ME-2025-0002112,301003,Electricity Charges, 602,01-01-2026,,,, Electricity Charges ,301003,,326,
ME-2025-0002122,301003,Electricity Charges, 701,01-01-2026,,,, Electricity Charges ,301003,,326,
ME-2025-0002131,301003,Electricity Charges, 702,01-01-2026,,,, Electricity Charges ,301003,,326,
ME-2025-0002165,301003,Electricity Charges, 101,01-02-2026,,,, Electricity Charges ,301003,,326,
ME-2025-0002174,301003,Electricity Charges, 102,01-02-2026,,,, Electricity Charges ,301003,,326,
ME-2025-0002182,301003,Electricity Charges, 201,01-02-2026,,,, Electricity Charges ,301003,,326,
ME-2025-0002192,301003,Electricity Charges, 202,01-02-2026,,,, Electricity Charges ,301003,,326,
ME-2025-0002203,301003,Electricity Charges, 203,01-02-2026,,,, Electricity Charges ,301003,,326,
ME-2025-0002212,301003,Electricity Charges, 204,01-02-2026,,,, Electricity Charges ,301003,,326,
ME-2025-0002221,301003,Electricity Charges, 301,01-02-2026,,,, Electricity Charges ,301003,,326,
ME-2025-0002230,301003,Electricity Charges, 302,01-02-2026,,,, Electricity Charges ,301003,,326,
ME-2025-0002242,301003,Electricity Charges, 303,01-02-2026,,,, Electricity Charges ,301003,,326,
ME-2025-0002251,301003,Electricity Charges, 403,01-02-2026,,,, Electricity Charges ,301003,,326,
ME-2025-0002260,301003,Electricity Charges, 404,01-02-2026,,,, Electricity Charges ,301003,,326,
ME-2025-0002270,301003,Electricity Charges, 501,01-02-2026,,,, Electricity Charges ,301003,,326,
ME-2025-0002282,301003,Electricity Charges, 502,01-02-2026,,,, Electricity Charges ,301003,,326,
ME-2025-0002293,301003,Electricity Charges, 601,01-02-2026,,,, Electricity Charges ,301003,,326,
ME-2025-0002304,301003,Electricity Charges, 602,01-02-2026,,,, Electricity Charges ,301003,,326,
ME-2025-0002314,301003,Electricity Charges, 701,01-02-2026,,,, Electricity Charges ,301003,,326,
ME-2025-0002323,301003,Electricity Charges, 702,01-02-2026,,,, Electricity Charges ,301003,,326,
ME-2025-0002333,301003,Electricity Charges, 401,01-02-2026,,,, Electricity Charges ,301003,,326,
ME-2025-0002363,301003,Electricity Charges, 101,01-03-2026,,,, Electricity Charges ,301003,,326,
ME-2025-0002372,301003,Electricity Charges, 102,01-03-2026,,,, Electricity Charges ,301003,,326,
ME-2025-0002380,301003,Electricity Charges, 201,01-03-2026,,,, Electricity Charges ,301003,,326,
ME-2025-0002389,301003,Electricity Charges, 202,01-03-2026,,,, Electricity Charges ,301003,,326,
ME-2025-0002400,301003,Electricity Charges, 203,01-03-2026,,,, Electricity Charges ,301003,,326,
ME-2025-0002409,301003,Electricity Charges, 204,01-03-2026,,,, Electricity Charges ,301003,,326,
ME-2025-0002418,301003,Electricity Charges, 301,01-03-2026,,,, Electricity Charges ,301003,,326,
ME-2025-0002427,301003,Electricity Charges, 302,01-03-2026,,,, Electricity Charges ,301003,,326,
ME-2025-0002438,301003,Electricity Charges, 303,01-03-2026,,,, Electricity Charges ,301003,,326,
ME-2025-0002448,301003,Electricity Charges, 401,01-03-2026,,,, Electricity Charges ,301003,,326,
ME-2025-0002459,301003,Electricity Charges, 403,01-03-2026,,,, Electricity Charges ,301003,,326,
ME-2025-0002468,301003,Electricity Charges, 404,01-03-2026,,,, Electricity Charges ,301003,,326,
ME-2025-0002478,301003,Electricity Charges, 501,01-03-2026,,,, Electricity Charges ,301003,,326,
ME-2025-0002489,301003,Electricity Charges, 502,01-03-2026,,,, Electricity Charges ,301003,,326,
ME-2025-0002500,301003,Electricity Charges, 601,01-03-2026,,,, Electricity Charges ,301003,,326,
ME-2025-0002510,301003,Electricity Charges, 602,01-03-2026,,,, Electricity Charges ,301003,,326,
ME-2025-0002520,301003,Electricity Charges, 701,01-03-2026,,,, Electricity Charges ,301003,,326,
ME-2025-0002529,301003,Electricity Charges, 702,01-03-2026,,,, Electricity Charges ,301003,,326,

"Balance : 70416(Credit)","","","","","","","","","","0","70416",

"Income - Members > Water Charges ( 301004 ) ",
"Journal No","Other GL No.","Other Account","Subledger","Posted Date","Comments","Instrument No.","Instrument Bank","Account Name","GL Account No.","Debit","Credit",
"","","","","","Opening Balance","",""," Water Charges ","301004","","",
ME-2025-0000009,301004,Water Charges, 101,01-04-2025,,,, Water Charges ,301004,,130,
ME-2025-0000017,301004,Water Charges, 102,01-04-2025,,,, Water Charges ,301004,,130,
ME-2025-0000026,301004,Water Charges, 201,01-04-2025,,,, Water Charges ,301004,,130,
ME-2025-0000036,301004,Water Charges, 202,01-04-2025,,,, Water Charges ,301004,,130,
ME-2025-0000057,301004,Water Charges, 204,01-04-2025,,,, Water Charges ,301004,,130,
ME-2025-0000066,301004,Water Charges, 301,01-04-2025,,,, Water Charges ,301004,,130,
ME-2025-0000075,301004,Water Charges, 302,01-04-2025,,,, Water Charges ,301004,,130,
ME-2025-0000083,301004,Water Charges, 303,01-04-2025,,,, Water Charges ,301004,,130,
ME-2025-0000094,301004,Water Charges, 401,01-04-2025,,,, Water Charges ,301004,,130,
ME-2025-0000104,301004,Water Charges, 403,01-04-2025,,,, Water Charges ,301004,,130,
ME-2025-0000113,301004,Water Charges, 404,01-04-2025,,,, Water Charges ,301004,,130,
ME-2025-0000178,301004,Water Charges, 702,01-04-2025,,,, Water Charges ,301004,,130,
ME-2025-0000257,301004,Water Charges, 203,01-04-2025,,,, Water Charges ,301004,,130,
ME-2025-0000268,301004,Water Charges, 501,01-04-2025,,,, Water Charges ,301004,,130,
ME-2025-0000279,301004,Water Charges, 502,01-04-2025,,,, Water Charges ,301004,,130,
ME-2025-0000291,301004,Water Charges, 601,01-04-2025,,,, Water Charges ,301004,,130,
ME-2025-0000302,301004,Water Charges, 602,01-04-2025,,,, Water Charges ,301004,,130,
ME-2025-0000313,301004,Water Charges, 701,01-04-2025,,,, Water Charges ,301004,,130,
ME-2025-0000340,301004,Water Charges, 101,01-05-2025,,,, Water Charges ,301004,,130,
ME-2025-0000348,301004,Water Charges, 102,01-05-2025,,,, Water Charges ,301004,,130,
ME-2025-0000357,301004,Water Charges, 201,01-05-2025,,,, Water Charges ,301004,,130,
ME-2025-0000366,301004,Water Charges, 202,01-05-2025,,,, Water Charges ,301004,,130,
ME-2025-0000378,301004,Water Charges, 203,01-05-2025,,,, Water Charges ,301004,,130,
ME-2025-0000387,301004,Water Charges, 204,01-05-2025,,,, Water Charges ,301004,,130,
ME-2025-0000396,301004,Water Charges, 301,01-05-2025,,,, Water Charges ,301004,,130,
ME-2025-0000405,301004,Water Charges, 302,01-05-2025,,,, Water Charges ,301004,,130,
ME-2025-0000414,301004,Water Charges, 303,01-05-2025,,,, Water Charges ,301004,,130,
ME-2025-0000425,301004,Water Charges, 401,01-05-2025,,,, Water Charges ,301004,,130,
ME-2025-0000434,301004,Water Charges, 403,01-05-2025,,,, Water Charges ,301004,,130,
ME-2025-0000443,301004,Water Charges, 404,01-05-2025,,,, Water Charges ,301004,,130,
ME-2025-0000454,301004,Water Charges, 501,01-05-2025,,,, Water Charges ,301004,,130,
ME-2025-0000465,301004,Water Charges, 502,01-05-2025,,,, Water Charges ,301004,,130,
ME-2025-0000488,301004,Water Charges, 602,01-05-2025,,,, Water Charges ,301004,,130,
ME-2025-0000499,301004,Water Charges, 701,01-05-2025,,,, Water Charges ,301004,,130,
ME-2025-0000508,301004,Water Charges, 702,01-05-2025,,,, Water Charges ,301004,,130,
ME-2025-0000530,301004,Water Charges, 601,01-05-2025,,,, Water Charges ,301004,,130,
ME-2025-0000562,301004,Water Charges, 101,01-06-2025,,,, Water Charges ,301004,,130,
ME-2025-0000570,301004,Water Charges, 102,01-06-2025,,,, Water Charges ,301004,,130,
ME-2025-0000579,301004,Water Charges, 201,01-06-2025,,,, Water Charges ,301004,,130,
ME-2025-0000588,301004,Water Charges, 202,01-06-2025,,,, Water Charges ,301004,,130,
ME-2025-0000599,301004,Water Charges, 203,01-06-2025,,,, Water Charges ,301004,,130,
ME-2025-0000608,301004,Water Charges, 204,01-06-2025,,,, Water Charges ,301004,,130,
ME-2025-0000617,301004,Water Charges, 301,01-06-2025,,,, Water Charges ,301004,,130,
ME-2025-0000626,301004,Water Charges, 302,01-06-2025,,,, Water Charges ,301004,,130,
ME-2025-0000634,301004,Water Charges, 303,01-06-2025,,,, Water Charges ,301004,,130,
ME-2025-0000644,301004,Water Charges, 401,01-06-2025,,,, Water Charges ,301004,,130,
ME-2025-0000654,301004,Water Charges, 403,01-06-2025,,,, Water Charges ,301004,,130,
ME-2025-0000663,301004,Water Charges, 404,01-06-2025,,,, Water Charges ,301004,,130,
ME-2025-0000673,301004,Water Charges, 501,01-06-2025,,,, Water Charges ,301004,,130,
ME-2025-0000683,301004,Water Charges, 502,01-06-2025,,,, Water Charges ,301004,,130,
ME-2025-0000693,301004,Water Charges, 601,01-06-2025,,,, Water Charges ,301004,,130,
ME-2025-0000703,301004,Water Charges, 602,01-06-2025,,,, Water Charges ,301004,,130,
ME-2025-0000713,301004,Water Charges, 701,01-06-2025,,,, Water Charges ,301004,,130,
ME-2025-0000722,301004,Water Charges, 702,01-06-2025,,,, Water Charges ,301004,,130,
ME-2025-0000750,301004,Water Charges, 101,01-07-2025,,,, Water Charges ,301004,,130,
ME-2025-0000758,301004,Water Charges, 102,01-07-2025,,,, Water Charges ,301004,,130,
ME-2025-0000767,301004,Water Charges, 201,01-07-2025,,,, Water Charges ,301004,,130,
ME-2025-0000776,301004,Water Charges, 202,01-07-2025,,,, Water Charges ,301004,,130,
ME-2025-0000786,301004,Water Charges, 203,01-07-2025,,,, Water Charges ,301004,,130,
ME-2025-0000795,301004,Water Charges, 204,01-07-2025,,,, Water Charges ,301004,,130,
ME-2025-0000804,301004,Water Charges, 301,01-07-2025,,,, Water Charges ,301004,,130,
ME-2025-0000813,301004,Water Charges, 302,01-07-2025,,,, Water Charges ,301004,,130,
ME-2025-0000821,301004,Water Charges, 303,01-07-2025,,,, Water Charges ,301004,,130,
ME-2025-0000841,301004,Water Charges, 403,01-07-2025,,,, Water Charges ,301004,,130,
ME-2025-0000850,301004,Water Charges, 404,01-07-2025,,,, Water Charges ,301004,,130,
ME-2025-0000860,301004,Water Charges, 501,01-07-2025,,,, Water Charges ,301004,,130,
ME-2025-0000870,301004,Water Charges, 502,01-07-2025,,,, Water Charges ,301004,,130,
ME-2025-0000880,301004,Water Charges, 601,01-07-2025,,,, Water Charges ,301004,,130,
ME-2025-0000890,301004,Water Charges, 602,01-07-2025,,,, Water Charges ,301004,,130,
ME-2025-0000900,301004,Water Charges, 701,01-07-2025,,,, Water Charges ,301004,,130,
ME-2025-0000909,301004,Water Charges, 702,01-07-2025,,,, Water Charges ,301004,,130,
ME-2025-0000930,301004,Water Charges, 401,01-07-2025,,,, Water Charges ,301004,,130,
ME-2025-0000958,301004,Water Charges, 101,01-08-2025,,,, Water Charges ,301004,,130,
ME-2025-0000966,301004,Water Charges, 102,01-08-2025,,,, Water Charges ,301004,,130,
ME-2025-0000976,301004,Water Charges, 201,01-08-2025,,,, Water Charges ,301004,,130,
ME-2025-0000986,301004,Water Charges, 202,01-08-2025,,,, Water Charges ,301004,,130,
ME-2025-0000997,301004,Water Charges, 203,01-08-2025,,,, Water Charges ,301004,,130,
ME-2025-0001007,301004,Water Charges, 204,01-08-2025,,,, Water Charges ,301004,,130,
ME-2025-0001016,301004,Water Charges, 301,01-08-2025,,,, Water Charges ,301004,,130,
ME-2025-0001025,301004,Water Charges, 302,01-08-2025,,,, Water Charges ,301004,,130,
ME-2025-0001033,301004,Water Charges, 303,01-08-2025,,,, Water Charges ,301004,,130,
ME-2025-0001045,301004,Water Charges, 401,01-08-2025,,,, Water Charges ,301004,,130,
ME-2025-0001056,301004,Water Charges, 403,01-08-2025,,,, Water Charges ,301004,,130,
ME-2025-0001066,301004,Water Charges, 404,01-08-2025,,,, Water Charges ,301004,,130,
ME-2025-0001077,301004,Water Charges, 501,01-08-2025,,,, Water Charges ,301004,,130,
ME-2025-0001088,301004,Water Charges, 502,01-08-2025,,,, Water Charges ,301004,,130,
ME-2025-0001099,301004,Water Charges, 601,01-08-2025,,,, Water Charges ,301004,,130,
ME-2025-0001110,301004,Water Charges, 602,01-08-2025,,,, Water Charges ,301004,,130,
ME-2025-0001121,301004,Water Charges, 701,01-08-2025,,,, Water Charges ,301004,,130,
ME-2025-0001131,301004,Water Charges, 702,01-08-2025,,,, Water Charges ,301004,,130,
ME-2025-0001165,301004,Water Charges, 101,01-09-2025,,,, Water Charges ,301004,,130,
ME-2025-0001173,301004,Water Charges, 102,01-09-2025,,,, Water Charges ,301004,,130,
ME-2025-0001183,301004,Water Charges, 201,01-09-2025,,,, Water Charges ,301004,,130,
ME-2025-0001194,301004,Water Charges, 202,01-09-2025,,,, Water Charges ,301004,,130,
ME-2025-0001206,301004,Water Charges, 203,01-09-2025,,,, Water Charges ,301004,,130,
ME-2025-0001217,301004,Water Charges, 204,01-09-2025,,,, Water Charges ,301004,,130,
ME-2025-0001227,301004,Water Charges, 301,01-09-2025,,,, Water Charges ,301004,,130,
ME-2025-0001236,301004,Water Charges, 302,01-09-2025,,,, Water Charges ,301004,,130,
ME-2025-0001244,301004,Water Charges, 303,01-09-2025,,,, Water Charges ,301004,,130,
ME-2025-0001256,301004,Water Charges, 401,01-09-2025,,,, Water Charges ,301004,,130,
ME-2025-0001268,301004,Water Charges, 403,01-09-2025,,,, Water Charges ,301004,,130,
ME-2025-0001278,301004,Water Charges, 404,01-09-2025,,,, Water Charges ,301004,,130,
ME-2025-0001289,301004,Water Charges, 501,01-09-2025,,,, Water Charges ,301004,,130,
ME-2025-0001300,301004,Water Charges, 502,01-09-2025,,,, Water Charges ,301004,,130,
ME-2025-0001311,301004,Water Charges, 601,01-09-2025,,,, Water Charges ,301004,,130,
ME-2025-0001322,301004,Water Charges, 602,01-09-2025,,,, Water Charges ,301004,,130,
ME-2025-0001333,301004,Water Charges, 701,01-09-2025,,,, Water Charges ,301004,,130,
ME-2025-0001343,301004,Water Charges, 702,01-09-2025,,,, Water Charges ,301004,,130,
ME-2025-0001374,301004,Water Charges, 101,01-10-2025,,,, Water Charges ,301004,,130,
ME-2025-0001382,301004,Water Charges, 102,01-10-2025,,,, Water Charges ,301004,,130,
ME-2025-0001392,301004,Water Charges, 201,01-10-2025,,,, Water Charges ,301004,,130,
ME-2025-0001403,301004,Water Charges, 202,01-10-2025,,,, Water Charges ,301004,,130,
ME-2025-0001414,301004,Water Charges, 203,01-10-2025,,,, Water Charges ,301004,,130,
ME-2025-0001425,301004,Water Charges, 204,01-10-2025,,,, Water Charges ,301004,,130,
ME-2025-0001435,301004,Water Charges, 301,01-10-2025,,,, Water Charges ,301004,,130,
ME-2025-0001444,301004,Water Charges, 302,01-10-2025,,,, Water Charges ,301004,,130,
ME-2025-0001453,301004,Water Charges, 303,01-10-2025,,,, Water Charges ,301004,,130,
ME-2025-0001464,301004,Water Charges, 401,01-10-2025,,,, Water Charges ,301004,,130,
ME-2025-0001476,301004,Water Charges, 403,01-10-2025,,,, Water Charges ,301004,,130,
ME-2025-0001486,301004,Water Charges, 404,01-10-2025,,,, Water Charges ,301004,,130,
ME-2025-0001497,301004,Water Charges, 501,01-10-2025,,,, Water Charges ,301004,,130,
ME-2025-0001508,301004,Water Charges, 502,01-10-2025,,,, Water Charges ,301004,,130,
ME-2025-0001519,301004,Water Charges, 601,01-10-2025,,,, Water Charges ,301004,,130,
ME-2025-0001530,301004,Water Charges, 602,01-10-2025,,,, Water Charges ,301004,,130,
ME-2025-0001541,301004,Water Charges, 701,01-10-2025,,,, Water Charges ,301004,,130,
ME-2025-0001551,301004,Water Charges, 702,01-10-2025,,,, Water Charges ,301004,,130,
ME-2025-0001579,301004,Water Charges, 101,01-11-2025,,,, Water Charges ,301004,,130,
ME-2025-0001587,301004,Water Charges, 102,01-11-2025,,,, Water Charges ,301004,,130,
ME-2025-0001596,301004,Water Charges, 201,01-11-2025,,,, Water Charges ,301004,,130,
ME-2025-0001605,301004,Water Charges, 202,01-11-2025,,,, Water Charges ,301004,,130,
ME-2025-0001615,301004,Water Charges, 203,01-11-2025,,,, Water Charges ,301004,,130,
ME-2025-0001625,301004,Water Charges, 204,01-11-2025,,,, Water Charges ,301004,,130,
ME-2025-0001634,301004,Water Charges, 301,01-11-2025,,,, Water Charges ,301004,,130,
ME-2025-0001643,301004,Water Charges, 302,01-11-2025,,,, Water Charges ,301004,,130,
ME-2025-0001652,301004,Water Charges, 303,01-11-2025,,,, Water Charges ,301004,,130,
ME-2025-0001663,301004,Water Charges, 401,01-11-2025,,,, Water Charges ,301004,,130,
ME-2025-0001674,301004,Water Charges, 403,01-11-2025,,,, Water Charges ,301004,,130,
ME-2025-0001683,301004,Water Charges, 404,01-11-2025,,,, Water Charges ,301004,,130,
ME-2025-0001693,301004,Water Charges, 501,01-11-2025,,,, Water Charges ,301004,,130,
ME-2025-0001703,301004,Water Charges, 502,01-11-2025,,,, Water Charges ,301004,,130,
ME-2025-0001713,301004,Water Charges, 601,01-11-2025,,,, Water Charges ,301004,,130,
ME-2025-0001723,301004,Water Charges, 602,01-11-2025,,,, Water Charges ,301004,,130,
ME-2025-0001733,301004,Water Charges, 701,01-11-2025,,,, Water Charges ,301004,,130,
ME-2025-0001742,301004,Water Charges, 702,01-11-2025,,,, Water Charges ,301004,,130,
ME-2025-0001775,301004,Water Charges, 101,01-12-2025,,,, Water Charges ,301004,,130,
ME-2025-0001783,301004,Water Charges, 102,01-12-2025,,,, Water Charges ,301004,,130,
ME-2025-0001792,301004,Water Charges, 201,01-12-2025,,,, Water Charges ,301004,,130,
ME-2025-0001802,301004,Water Charges, 202,01-12-2025,,,, Water Charges ,301004,,130,
ME-2025-0001812,301004,Water Charges, 203,01-12-2025,,,, Water Charges ,301004,,130,
ME-2025-0001821,301004,Water Charges, 204,01-12-2025,,,, Water Charges ,301004,,130,
ME-2025-0001830,301004,Water Charges, 301,01-12-2025,,,, Water Charges ,301004,,130,
ME-2025-0001839,301004,Water Charges, 302,01-12-2025,,,, Water Charges ,301004,,130,
ME-2025-0001849,301004,Water Charges, 303,01-12-2025,,,, Water Charges ,301004,,130,
ME-2025-0001859,301004,Water Charges, 401,01-12-2025,,,, Water Charges ,301004,,130,
ME-2025-0001869,301004,Water Charges, 403,01-12-2025,,,, Water Charges ,301004,,130,
ME-2025-0001878,301004,Water Charges, 404,01-12-2025,,,, Water Charges ,301004,,130,
ME-2025-0001888,301004,Water Charges, 501,01-12-2025,,,, Water Charges ,301004,,130,
ME-2025-0001898,301004,Water Charges, 502,01-12-2025,,,, Water Charges ,301004,,130,
ME-2025-0001908,301004,Water Charges, 601,01-12-2025,,,, Water Charges ,301004,,130,
ME-2025-0001918,301004,Water Charges, 602,01-12-2025,,,, Water Charges ,301004,,130,
ME-2025-0001928,301004,Water Charges, 701,01-12-2025,,,, Water Charges ,301004,,130,
ME-2025-0001937,301004,Water Charges, 702,01-12-2025,,,, Water Charges ,301004,,130,
ME-2025-0001973,301004,Water Charges, 101,01-01-2026,,,, Water Charges ,301004,,130,
ME-2025-0001981,301004,Water Charges, 102,01-01-2026,,,, Water Charges ,301004,,130,
ME-2025-0001990,301004,Water Charges, 201,01-01-2026,,,, Water Charges ,301004,,130,
ME-2025-0002000,301004,Water Charges, 202,01-01-2026,,,, Water Charges ,301004,,130,
ME-2025-0002011,301004,Water Charges, 203,01-01-2026,,,, Water Charges ,301004,,130,
ME-2025-0002020,301004,Water Charges, 204,01-01-2026,,,, Water Charges ,301004,,130,
ME-2025-0002029,301004,Water Charges, 301,01-01-2026,,,, Water Charges ,301004,,130,
ME-2025-0002038,301004,Water Charges, 302,01-01-2026,,,, Water Charges ,301004,,130,
ME-2025-0002048,301004,Water Charges, 303,01-01-2026,,,, Water Charges ,301004,,130,
ME-2025-0002059,301004,Water Charges, 401,01-01-2026,,,, Water Charges ,301004,,130,
ME-2025-0002068,301004,Water Charges, 403,01-01-2026,,,, Water Charges ,301004,,130,
ME-2025-0002077,301004,Water Charges, 404,01-01-2026,,,, Water Charges ,301004,,130,
ME-2025-0002087,301004,Water Charges, 501,01-01-2026,,,, Water Charges ,301004,,130,
ME-2025-0002098,301004,Water Charges, 502,01-01-2026,,,, Water Charges ,301004,,130,
ME-2025-0002108,301004,Water Charges, 601,01-01-2026,,,, Water Charges ,301004,,130,
ME-2025-0002118,301004,Water Charges, 602,01-01-2026,,,, Water Charges ,301004,,130,
ME-2025-0002128,301004,Water Charges, 701,01-01-2026,,,, Water Charges ,301004,,130,
ME-2025-0002137,301004,Water Charges, 702,01-01-2026,,,, Water Charges ,301004,,130,
ME-2025-0002171,301004,Water Charges, 101,01-02-2026,,,, Water Charges ,301004,,130,
ME-2025-0002179,301004,Water Charges, 102,01-02-2026,,,, Water Charges ,301004,,130,
ME-2025-0002188,301004,Water Charges, 201,01-02-2026,,,, Water Charges ,301004,,130,
ME-2025-0002198,301004,Water Charges, 202,01-02-2026,,,, Water Charges ,301004,,130,
ME-2025-0002209,301004,Water Charges, 203,01-02-2026,,,, Water Charges ,301004,,130,
ME-2025-0002218,301004,Water Charges, 204,01-02-2026,,,, Water Charges ,301004,,130,
ME-2025-0002227,301004,Water Charges, 301,01-02-2026,,,, Water Charges ,301004,,130,
ME-2025-0002236,301004,Water Charges, 302,01-02-2026,,,, Water Charges ,301004,,130,
ME-2025-0002247,301004,Water Charges, 303,01-02-2026,,,, Water Charges ,301004,,130,
ME-2025-0002257,301004,Water Charges, 403,01-02-2026,,,, Water Charges ,301004,,130,
ME-2025-0002266,301004,Water Charges, 404,01-02-2026,,,, Water Charges ,301004,,130,
ME-2025-0002276,301004,Water Charges, 501,01-02-2026,,,, Water Charges ,301004,,130,
ME-2025-0002288,301004,Water Charges, 502,01-02-2026,,,, Water Charges ,301004,,130,
ME-2025-0002299,301004,Water Charges, 601,01-02-2026,,,, Water Charges ,301004,,130,
ME-2025-0002310,301004,Water Charges, 602,01-02-2026,,,, Water Charges ,301004,,130,
ME-2025-0002320,301004,Water Charges, 701,01-02-2026,,,, Water Charges ,301004,,130,
ME-2025-0002329,301004,Water Charges, 702,01-02-2026,,,, Water Charges ,301004,,130,
ME-2025-0002339,301004,Water Charges, 401,01-02-2026,,,, Water Charges ,301004,,130,
ME-2025-0002369,301004,Water Charges, 101,01-03-2026,,,, Water Charges ,301004,,130,
ME-2025-0002377,301004,Water Charges, 102,01-03-2026,,,, Water Charges ,301004,,130,
ME-2025-0002386,301004,Water Charges, 201,01-03-2026,,,, Water Charges ,301004,,130,
ME-2025-0002395,301004,Water Charges, 202,01-03-2026,,,, Water Charges ,301004,,130,
ME-2025-0002406,301004,Water Charges, 203,01-03-2026,,,, Water Charges ,301004,,130,
ME-2025-0002415,301004,Water Charges, 204,01-03-2026,,,, Water Charges ,301004,,130,
ME-2025-0002424,301004,Water Charges, 301,01-03-2026,,,, Water Charges ,301004,,130,
ME-2025-0002433,301004,Water Charges, 302,01-03-2026,,,, Water Charges ,301004,,130,
ME-2025-0002443,301004,Water Charges, 303,01-03-2026,,,, Water Charges ,301004,,130,
ME-2025-0002454,301004,Water Charges, 401,01-03-2026,,,, Water Charges ,301004,,130,
ME-2025-0002465,301004,Water Charges, 403,01-03-2026,,,, Water Charges ,301004,,130,
ME-2025-0002474,301004,Water Charges, 404,01-03-2026,,,, Water Charges ,301004,,130,
ME-2025-0002484,301004,Water Charges, 501,01-03-2026,,,, Water Charges ,301004,,130,
ME-2025-0002495,301004,Water Charges, 502,01-03-2026,,,, Water Charges ,301004,,130,
ME-2025-0002506,301004,Water Charges, 601,01-03-2026,,,, Water Charges ,301004,,130,
ME-2025-0002516,301004,Water Charges, 602,01-03-2026,,,, Water Charges ,301004,,130,
ME-2025-0002526,301004,Water Charges, 701,01-03-2026,,,, Water Charges ,301004,,130,
ME-2025-0002535,301004,Water Charges, 702,01-03-2026,,,, Water Charges ,301004,,130,

"Balance : 28080(Credit)","","","","","","","","","","0","28080",

"Income - Members > Service Charges ( 301006 ) ",
"Journal No","Other GL No.","Other Account","Subledger","Posted Date","Comments","Instrument No.","Instrument Bank","Account Name","GL Account No.","Debit","Credit",
"","","","","","Opening Balance","",""," Service Charges ","301006","","",
ME-2025-0000007,301006,Service Charges, 101,01-04-2025,,,, Service Charges ,301006,,2846,
ME-2025-0000015,301006,Service Charges, 102,01-04-2025,,,, Service Charges ,301006,,2846,
ME-2025-0000024,301006,Service Charges, 201,01-04-2025,,,, Service Charges ,301006,,2846,
ME-2025-0000034,301006,Service Charges, 202,01-04-2025,,,, Service Charges ,301006,,2846,
ME-2025-0000055,301006,Service Charges, 204,01-04-2025,,,, Service Charges ,301006,,2846,
ME-2025-0000064,301006,Service Charges, 301,01-04-2025,,,, Service Charges ,301006,,2846,
ME-2025-0000073,301006,Service Charges, 302,01-04-2025,,,, Service Charges ,301006,,2846,
ME-2025-0000081,301006,Service Charges, 303,01-04-2025,,,, Service Charges ,301006,,2846,
ME-2025-0000092,301006,Service Charges, 401,01-04-2025,,,, Service Charges ,301006,,2846,
ME-2025-0000102,301006,Service Charges, 403,01-04-2025,,,, Service Charges ,301006,,2846,
ME-2025-0000111,301006,Service Charges, 404,01-04-2025,,,, Service Charges ,301006,,2846,
ME-2025-0000176,301006,Service Charges, 702,01-04-2025,,,, Service Charges ,301006,,2846,
ME-2025-0000255,301006,Service Charges, 203,01-04-2025,,,, Service Charges ,301006,,2846,
ME-2025-0000266,301006,Service Charges, 501,01-04-2025,,,, Service Charges ,301006,,2846,
ME-2025-0000277,301006,Service Charges, 502,01-04-2025,,,, Service Charges ,301006,,2846,
ME-2025-0000289,301006,Service Charges, 601,01-04-2025,,,, Service Charges ,301006,,2846,
ME-2025-0000300,301006,Service Charges, 602,01-04-2025,,,, Service Charges ,301006,,2846,
ME-2025-0000311,301006,Service Charges, 701,01-04-2025,,,, Service Charges ,301006,,2846,
ME-2025-0000338,301006,Service Charges, 101,01-05-2025,,,, Service Charges ,301006,,2846,
ME-2025-0000346,301006,Service Charges, 102,01-05-2025,,,, Service Charges ,301006,,2846,
ME-2025-0000355,301006,Service Charges, 201,01-05-2025,,,, Service Charges ,301006,,2846,
ME-2025-0000364,301006,Service Charges, 202,01-05-2025,,,, Service Charges ,301006,,2846,
ME-2025-0000376,301006,Service Charges, 203,01-05-2025,,,, Service Charges ,301006,,2846,
ME-2025-0000385,301006,Service Charges, 204,01-05-2025,,,, Service Charges ,301006,,2846,
ME-2025-0000394,301006,Service Charges, 301,01-05-2025,,,, Service Charges ,301006,,2846,
ME-2025-0000403,301006,Service Charges, 302,01-05-2025,,,, Service Charges ,301006,,2846,
ME-2025-0000412,301006,Service Charges, 303,01-05-2025,,,, Service Charges ,301006,,2846,
ME-2025-0000423,301006,Service Charges, 401,01-05-2025,,,, Service Charges ,301006,,2846,
ME-2025-0000432,301006,Service Charges, 403,01-05-2025,,,, Service Charges ,301006,,2846,
ME-2025-0000441,301006,Service Charges, 404,01-05-2025,,,, Service Charges ,301006,,2846,
ME-2025-0000452,301006,Service Charges, 501,01-05-2025,,,, Service Charges ,301006,,2846,
ME-2025-0000463,301006,Service Charges, 502,01-05-2025,,,, Service Charges ,301006,,2846,
ME-2025-0000486,301006,Service Charges, 602,01-05-2025,,,, Service Charges ,301006,,2846,
ME-2025-0000497,301006,Service Charges, 701,01-05-2025,,,, Service Charges ,301006,,2846,
ME-2025-0000506,301006,Service Charges, 702,01-05-2025,,,, Service Charges ,301006,,2846,
ME-2025-0000528,301006,Service Charges, 601,01-05-2025,,,, Service Charges ,301006,,2846,
ME-2025-0000560,301006,Service Charges, 101,01-06-2025,,,, Service Charges ,301006,,2846,
ME-2025-0000568,301006,Service Charges, 102,01-06-2025,,,, Service Charges ,301006,,2846,
ME-2025-0000577,301006,Service Charges, 201,01-06-2025,,,, Service Charges ,301006,,2846,
ME-2025-0000586,301006,Service Charges, 202,01-06-2025,,,, Service Charges ,301006,,2846,
ME-2025-0000597,301006,Service Charges, 203,01-06-2025,,,, Service Charges ,301006,,2846,
ME-2025-0000606,301006,Service Charges, 204,01-06-2025,,,, Service Charges ,301006,,2846,
ME-2025-0000615,301006,Service Charges, 301,01-06-2025,,,, Service Charges ,301006,,2846,
ME-2025-0000624,301006,Service Charges, 302,01-06-2025,,,, Service Charges ,301006,,2846,
ME-2025-0000632,301006,Service Charges, 303,01-06-2025,,,, Service Charges ,301006,,2846,
ME-2025-0000642,301006,Service Charges, 401,01-06-2025,,,, Service Charges ,301006,,2846,
ME-2025-0000652,301006,Service Charges, 403,01-06-2025,,,, Service Charges ,301006,,2846,
ME-2025-0000661,301006,Service Charges, 404,01-06-2025,,,, Service Charges ,301006,,2846,
ME-2025-0000671,301006,Service Charges, 501,01-06-2025,,,, Service Charges ,301006,,2846,
ME-2025-0000681,301006,Service Charges, 502,01-06-2025,,,, Service Charges ,301006,,2846,
ME-2025-0000691,301006,Service Charges, 601,01-06-2025,,,, Service Charges ,301006,,2846,
ME-2025-0000701,301006,Service Charges, 602,01-06-2025,,,, Service Charges ,301006,,2846,
ME-2025-0000711,301006,Service Charges, 701,01-06-2025,,,, Service Charges ,301006,,2846,
ME-2025-0000720,301006,Service Charges, 702,01-06-2025,,,, Service Charges ,301006,,2846,
ME-2025-0000748,301006,Service Charges, 101,01-07-2025,,,, Service Charges ,301006,,2846,
ME-2025-0000756,301006,Service Charges, 102,01-07-2025,,,, Service Charges ,301006,,2846,
ME-2025-0000765,301006,Service Charges, 201,01-07-2025,,,, Service Charges ,301006,,2846,
ME-2025-0000774,301006,Service Charges, 202,01-07-2025,,,, Service Charges ,301006,,2846,
ME-2025-0000784,301006,Service Charges, 203,01-07-2025,,,, Service Charges ,301006,,2846,
ME-2025-0000793,301006,Service Charges, 204,01-07-2025,,,, Service Charges ,301006,,2846,
ME-2025-0000802,301006,Service Charges, 301,01-07-2025,,,, Service Charges ,301006,,2846,
ME-2025-0000811,301006,Service Charges, 302,01-07-2025,,,, Service Charges ,301006,,2846,
ME-2025-0000819,301006,Service Charges, 303,01-07-2025,,,, Service Charges ,301006,,2846,
ME-2025-0000839,301006,Service Charges, 403,01-07-2025,,,, Service Charges ,301006,,2846,
ME-2025-0000848,301006,Service Charges, 404,01-07-2025,,,, Service Charges ,301006,,2846,
ME-2025-0000858,301006,Service Charges, 501,01-07-2025,,,, Service Charges ,301006,,2846,
ME-2025-0000868,301006,Service Charges, 502,01-07-2025,,,, Service Charges ,301006,,2846,
ME-2025-0000878,301006,Service Charges, 601,01-07-2025,,,, Service Charges ,301006,,2846,
ME-2025-0000888,301006,Service Charges, 602,01-07-2025,,,, Service Charges ,301006,,2846,
ME-2025-0000898,301006,Service Charges, 701,01-07-2025,,,, Service Charges ,301006,,2846,
ME-2025-0000907,301006,Service Charges, 702,01-07-2025,,,, Service Charges ,301006,,2846,
ME-2025-0000928,301006,Service Charges, 401,01-07-2025,,,, Service Charges ,301006,,2846,
ME-2025-0000956,301006,Service Charges, 101,01-08-2025,,,, Service Charges ,301006,,2846,
ME-2025-0000964,301006,Service Charges, 102,01-08-2025,,,, Service Charges ,301006,,2846,
ME-2025-0000974,301006,Service Charges, 201,01-08-2025,,,, Service Charges ,301006,,2846,
ME-2025-0000984,301006,Service Charges, 202,01-08-2025,,,, Service Charges ,301006,,2846,
ME-2025-0000995,301006,Service Charges, 203,01-08-2025,,,, Service Charges ,301006,,2846,
ME-2025-0001005,301006,Service Charges, 204,01-08-2025,,,, Service Charges ,301006,,2846,
ME-2025-0001014,301006,Service Charges, 301,01-08-2025,,,, Service Charges ,301006,,2846,
ME-2025-0001023,301006,Service Charges, 302,01-08-2025,,,, Service Charges ,301006,,2846,
ME-2025-0001031,301006,Service Charges, 303,01-08-2025,,,, Service Charges ,301006,,2846,
ME-2025-0001043,301006,Service Charges, 401,01-08-2025,,,, Service Charges ,301006,,2846,
ME-2025-0001054,301006,Service Charges, 403,01-08-2025,,,, Service Charges ,301006,,2846,
ME-2025-0001064,301006,Service Charges, 404,01-08-2025,,,, Service Charges ,301006,,2846,
ME-2025-0001075,301006,Service Charges, 501,01-08-2025,,,, Service Charges ,301006,,2846,
ME-2025-0001086,301006,Service Charges, 502,01-08-2025,,,, Service Charges ,301006,,2846,
ME-2025-0001097,301006,Service Charges, 601,01-08-2025,,,, Service Charges ,301006,,2846,
ME-2025-0001108,301006,Service Charges, 602,01-08-2025,,,, Service Charges ,301006,,2846,
ME-2025-0001119,301006,Service Charges, 701,01-08-2025,,,, Service Charges ,301006,,2846,
ME-2025-0001129,301006,Service Charges, 702,01-08-2025,,,, Service Charges ,301006,,2846,
ME-2025-0001163,301006,Service Charges, 101,01-09-2025,,,, Service Charges ,301006,,2846,
ME-2025-0001171,301006,Service Charges, 102,01-09-2025,,,, Service Charges ,301006,,2846,
ME-2025-0001181,301006,Service Charges, 201,01-09-2025,,,, Service Charges ,301006,,2846,
ME-2025-0001192,301006,Service Charges, 202,01-09-2025,,,, Service Charges ,301006,,2846,
ME-2025-0001204,301006,Service Charges, 203,01-09-2025,,,, Service Charges ,301006,,2846,
ME-2025-0001215,301006,Service Charges, 204,01-09-2025,,,, Service Charges ,301006,,2846,
ME-2025-0001225,301006,Service Charges, 301,01-09-2025,,,, Service Charges ,301006,,2846,
ME-2025-0001234,301006,Service Charges, 302,01-09-2025,,,, Service Charges ,301006,,2846,
ME-2025-0001242,301006,Service Charges, 303,01-09-2025,,,, Service Charges ,301006,,2846,
ME-2025-0001254,301006,Service Charges, 401,01-09-2025,,,, Service Charges ,301006,,2846,
ME-2025-0001266,301006,Service Charges, 403,01-09-2025,,,, Service Charges ,301006,,2846,
ME-2025-0001276,301006,Service Charges, 404,01-09-2025,,,, Service Charges ,301006,,2846,
ME-2025-0001287,301006,Service Charges, 501,01-09-2025,,,, Service Charges ,301006,,2846,
ME-2025-0001298,301006,Service Charges, 502,01-09-2025,,,, Service Charges ,301006,,2846,
ME-2025-0001309,301006,Service Charges, 601,01-09-2025,,,, Service Charges ,301006,,2846,
ME-2025-0001320,301006,Service Charges, 602,01-09-2025,,,, Service Charges ,301006,,2846,
ME-2025-0001331,301006,Service Charges, 701,01-09-2025,,,, Service Charges ,301006,,2846,
ME-2025-0001341,301006,Service Charges, 702,01-09-2025,,,, Service Charges ,301006,,2846,
ME-2025-0001372,301006,Service Charges, 101,01-10-2025,,,, Service Charges ,301006,,2846,
ME-2025-0001380,301006,Service Charges, 102,01-10-2025,,,, Service Charges ,301006,,2846,
ME-2025-0001390,301006,Service Charges, 201,01-10-2025,,,, Service Charges ,301006,,2846,
ME-2025-0001401,301006,Service Charges, 202,01-10-2025,,,, Service Charges ,301006,,2846,
ME-2025-0001412,301006,Service Charges, 203,01-10-2025,,,, Service Charges ,301006,,2846,
ME-2025-0001423,301006,Service Charges, 204,01-10-2025,,,, Service Charges ,301006,,2846,
ME-2025-0001433,301006,Service Charges, 301,01-10-2025,,,, Service Charges ,301006,,2846,
ME-2025-0001442,301006,Service Charges, 302,01-10-2025,,,, Service Charges ,301006,,2846,
ME-2025-0001451,301006,Service Charges, 303,01-10-2025,,,, Service Charges ,301006,,2846,
ME-2025-0001462,301006,Service Charges, 401,01-10-2025,,,, Service Charges ,301006,,2846,
ME-2025-0001474,301006,Service Charges, 403,01-10-2025,,,, Service Charges ,301006,,2846,
ME-2025-0001484,301006,Service Charges, 404,01-10-2025,,,, Service Charges ,301006,,2846,
ME-2025-0001495,301006,Service Charges, 501,01-10-2025,,,, Service Charges ,301006,,2846,
ME-2025-0001506,301006,Service Charges, 502,01-10-2025,,,, Service Charges ,301006,,2846,
ME-2025-0001517,301006,Service Charges, 601,01-10-2025,,,, Service Charges ,301006,,2846,
ME-2025-0001528,301006,Service Charges, 602,01-10-2025,,,, Service Charges ,301006,,2846,
ME-2025-0001539,301006,Service Charges, 701,01-10-2025,,,, Service Charges ,301006,,2846,
ME-2025-0001549,301006,Service Charges, 702,01-10-2025,,,, Service Charges ,301006,,2846,
ME-2025-0001577,301006,Service Charges, 101,01-11-2025,,,, Service Charges ,301006,,2846,
ME-2025-0001585,301006,Service Charges, 102,01-11-2025,,,, Service Charges ,301006,,2846,
ME-2025-0001594,301006,Service Charges, 201,01-11-2025,,,, Service Charges ,301006,,2846,
ME-2025-0001603,301006,Service Charges, 202,01-11-2025,,,, Service Charges ,301006,,2846,
ME-2025-0001613,301006,Service Charges, 203,01-11-2025,,,, Service Charges ,301006,,2846,
ME-2025-0001623,301006,Service Charges, 204,01-11-2025,,,, Service Charges ,301006,,2846,
ME-2025-0001632,301006,Service Charges, 301,01-11-2025,,,, Service Charges ,301006,,2846,
ME-2025-0001641,301006,Service Charges, 302,01-11-2025,,,, Service Charges ,301006,,2846,
ME-2025-0001650,301006,Service Charges, 303,01-11-2025,,,, Service Charges ,301006,,2846,
ME-2025-0001661,301006,Service Charges, 401,01-11-2025,,,, Service Charges ,301006,,2846,
ME-2025-0001672,301006,Service Charges, 403,01-11-2025,,,, Service Charges ,301006,,2846,
ME-2025-0001681,301006,Service Charges, 404,01-11-2025,,,, Service Charges ,301006,,2846,
ME-2025-0001691,301006,Service Charges, 501,01-11-2025,,,, Service Charges ,301006,,2846,
ME-2025-0001701,301006,Service Charges, 502,01-11-2025,,,, Service Charges ,301006,,2846,
ME-2025-0001711,301006,Service Charges, 601,01-11-2025,,,, Service Charges ,301006,,2846,
ME-2025-0001721,301006,Service Charges, 602,01-11-2025,,,, Service Charges ,301006,,2846,
ME-2025-0001731,301006,Service Charges, 701,01-11-2025,,,, Service Charges ,301006,,2846,
ME-2025-0001740,301006,Service Charges, 702,01-11-2025,,,, Service Charges ,301006,,2846,
ME-2025-0001773,301006,Service Charges, 101,01-12-2025,,,, Service Charges ,301006,,2846,
ME-2025-0001781,301006,Service Charges, 102,01-12-2025,,,, Service Charges ,301006,,2846,
ME-2025-0001790,301006,Service Charges, 201,01-12-2025,,,, Service Charges ,301006,,2846,
ME-2025-0001800,301006,Service Charges, 202,01-12-2025,,,, Service Charges ,301006,,2846,
ME-2025-0001810,301006,Service Charges, 203,01-12-2025,,,, Service Charges ,301006,,2846,
ME-2025-0001819,301006,Service Charges, 204,01-12-2025,,,, Service Charges ,301006,,2846,
ME-2025-0001828,301006,Service Charges, 301,01-12-2025,,,, Service Charges ,301006,,2846,
ME-2025-0001837,301006,Service Charges, 302,01-12-2025,,,, Service Charges ,301006,,2846,
ME-2025-0001847,301006,Service Charges, 303,01-12-2025,,,, Service Charges ,301006,,2846,
ME-2025-0001857,301006,Service Charges, 401,01-12-2025,,,, Service Charges ,301006,,2846,
ME-2025-0001867,301006,Service Charges, 403,01-12-2025,,,, Service Charges ,301006,,2846,
ME-2025-0001876,301006,Service Charges, 404,01-12-2025,,,, Service Charges ,301006,,2846,
ME-2025-0001886,301006,Service Charges, 501,01-12-2025,,,, Service Charges ,301006,,2846,
ME-2025-0001896,301006,Service Charges, 502,01-12-2025,,,, Service Charges ,301006,,2846,
ME-2025-0001906,301006,Service Charges, 601,01-12-2025,,,, Service Charges ,301006,,2846,
ME-2025-0001916,301006,Service Charges, 602,01-12-2025,,,, Service Charges ,301006,,2846,
ME-2025-0001926,301006,Service Charges, 701,01-12-2025,,,, Service Charges ,301006,,2846,
ME-2025-0001935,301006,Service Charges, 702,01-12-2025,,,, Service Charges ,301006,,2846,
ME-2025-0001971,301006,Service Charges, 101,01-01-2026,,,, Service Charges ,301006,,2846,
ME-2025-0001979,301006,Service Charges, 102,01-01-2026,,,, Service Charges ,301006,,2846,
ME-2025-0001988,301006,Service Charges, 201,01-01-2026,,,, Service Charges ,301006,,2846,
ME-2025-0001998,301006,Service Charges, 202,01-01-2026,,,, Service Charges ,301006,,2846,
ME-2025-0002009,301006,Service Charges, 203,01-01-2026,,,, Service Charges ,301006,,2846,
ME-2025-0002018,301006,Service Charges, 204,01-01-2026,,,, Service Charges ,301006,,2846,
ME-2025-0002027,301006,Service Charges, 301,01-01-2026,,,, Service Charges ,301006,,2846,
ME-2025-0002036,301006,Service Charges, 302,01-01-2026,,,, Service Charges ,301006,,2846,
ME-2025-0002046,301006,Service Charges, 303,01-01-2026,,,, Service Charges ,301006,,2846,
ME-2025-0002057,301006,Service Charges, 401,01-01-2026,,,, Service Charges ,301006,,2846,
ME-2025-0002066,301006,Service Charges, 403,01-01-2026,,,, Service Charges ,301006,,2846,
ME-2025-0002075,301006,Service Charges, 404,01-01-2026,,,, Service Charges ,301006,,2846,
ME-2025-0002085,301006,Service Charges, 501,01-01-2026,,,, Service Charges ,301006,,2846,
ME-2025-0002096,301006,Service Charges, 502,01-01-2026,,,, Service Charges ,301006,,2846,
ME-2025-0002106,301006,Service Charges, 601,01-01-2026,,,, Service Charges ,301006,,2846,
ME-2025-0002116,301006,Service Charges, 602,01-01-2026,,,, Service Charges ,301006,,2846,
ME-2025-0002126,301006,Service Charges, 701,01-01-2026,,,, Service Charges ,301006,,2846,
ME-2025-0002135,301006,Service Charges, 702,01-01-2026,,,, Service Charges ,301006,,2846,
ME-2025-0002169,301006,Service Charges, 101,01-02-2026,,,, Service Charges ,301006,,2846,
ME-2025-0002177,301006,Service Charges, 102,01-02-2026,,,, Service Charges ,301006,,2846,
ME-2025-0002186,301006,Service Charges, 201,01-02-2026,,,, Service Charges ,301006,,2846,
ME-2025-0002196,301006,Service Charges, 202,01-02-2026,,,, Service Charges ,301006,,2846,
ME-2025-0002207,301006,Service Charges, 203,01-02-2026,,,, Service Charges ,301006,,2846,
ME-2025-0002216,301006,Service Charges, 204,01-02-2026,,,, Service Charges ,301006,,2846,
ME-2025-0002225,301006,Service Charges, 301,01-02-2026,,,, Service Charges ,301006,,2846,
ME-2025-0002234,301006,Service Charges, 302,01-02-2026,,,, Service Charges ,301006,,2846,
ME-2025-0002245,301006,Service Charges, 303,01-02-2026,,,, Service Charges ,301006,,2846,
ME-2025-0002255,301006,Service Charges, 403,01-02-2026,,,, Service Charges ,301006,,2846,
ME-2025-0002264,301006,Service Charges, 404,01-02-2026,,,, Service Charges ,301006,,2846,
ME-2025-0002274,301006,Service Charges, 501,01-02-2026,,,, Service Charges ,301006,,2846,
ME-2025-0002286,301006,Service Charges, 502,01-02-2026,,,, Service Charges ,301006,,2846,
ME-2025-0002297,301006,Service Charges, 601,01-02-2026,,,, Service Charges ,301006,,2846,
ME-2025-0002308,301006,Service Charges, 602,01-02-2026,,,, Service Charges ,301006,,2846,
ME-2025-0002318,301006,Service Charges, 701,01-02-2026,,,, Service Charges ,301006,,2846,
ME-2025-0002327,301006,Service Charges, 702,01-02-2026,,,, Service Charges ,301006,,2846,
ME-2025-0002337,301006,Service Charges, 401,01-02-2026,,,, Service Charges ,301006,,2846,
ME-2025-0002367,301006,Service Charges, 101,01-03-2026,,,, Service Charges ,301006,,2846,
ME-2025-0002375,301006,Service Charges, 102,01-03-2026,,,, Service Charges ,301006,,2846,
ME-2025-0002384,301006,Service Charges, 201,01-03-2026,,,, Service Charges ,301006,,2846,
ME-2025-0002393,301006,Service Charges, 202,01-03-2026,,,, Service Charges ,301006,,2846,
ME-2025-0002404,301006,Service Charges, 203,01-03-2026,,,, Service Charges ,301006,,2846,
ME-2025-0002413,301006,Service Charges, 204,01-03-2026,,,, Service Charges ,301006,,2846,
ME-2025-0002422,301006,Service Charges, 301,01-03-2026,,,, Service Charges ,301006,,2846,
ME-2025-0002431,301006,Service Charges, 302,01-03-2026,,,, Service Charges ,301006,,2846,
ME-2025-0002441,301006,Service Charges, 303,01-03-2026,,,, Service Charges ,301006,,2846,
ME-2025-0002452,301006,Service Charges, 401,01-03-2026,,,, Service Charges ,301006,,2846,
ME-2025-0002463,301006,Service Charges, 403,01-03-2026,,,, Service Charges ,301006,,2846,
ME-2025-0002472,301006,Service Charges, 404,01-03-2026,,,, Service Charges ,301006,,2846,
ME-2025-0002482,301006,Service Charges, 501,01-03-2026,,,, Service Charges ,301006,,2846,
ME-2025-0002493,301006,Service Charges, 502,01-03-2026,,,, Service Charges ,301006,,2846,
ME-2025-0002504,301006,Service Charges, 601,01-03-2026,,,, Service Charges ,301006,,2846,
ME-2025-0002514,301006,Service Charges, 602,01-03-2026,,,, Service Charges ,301006,,2846,
ME-2025-0002524,301006,Service Charges, 701,01-03-2026,,,, Service Charges ,301006,,2846,
ME-2025-0002533,301006,Service Charges, 702,01-03-2026,,,, Service Charges ,301006,,2846,

"Balance : 614736(Credit)","","","","","","","","","","0","614736",

"Income - Members > Non Occupancy Charges ( 301007 ) ",
"Journal No","Other GL No.","Other Account","Subledger","Posted Date","Comments","Instrument No.","Instrument Bank","Account Name","GL Account No.","Debit","Credit",
"","","","","","Opening Balance","",""," Non Occupancy Charges ","301007","","",
ME-2025-0000931,301007,Non Occupancy Charges, 401,01-07-2025,,,, Non Occupancy Charges ,301007,,317,
ME-2025-0001046,301007,Non Occupancy Charges, 401,01-08-2025,,,, Non Occupancy Charges ,301007,,317,
ME-2025-0001257,301007,Non Occupancy Charges, 401,01-09-2025,,,, Non Occupancy Charges ,301007,,317,
ME-2025-0001465,301007,Non Occupancy Charges, 401,01-10-2025,,,, Non Occupancy Charges ,301007,,317,
ME-2025-0001664,301007,Non Occupancy Charges, 401,01-11-2025,,,, Non Occupancy Charges ,301007,,317,
ME-2025-0002340,301007,Non Occupancy Charges, 401,01-02-2026,,,, Non Occupancy Charges ,301007,,317,
ME-2025-0002455,301007,Non Occupancy Charges, 401,01-03-2026,,,, Non Occupancy Charges ,301007,,317,

"Balance : 2219(Credit)","","","","","","","","","","0","2219",

"Income - Members > 2W Parking Charges ( 301009 ) ",
"Journal No","Other GL No.","Other Account","Subledger","Posted Date","Comments","Instrument No.","Instrument Bank","Account Name","GL Account No.","Debit","Credit",
"","","","","","Opening Balance","",""," 2W Parking Charges ","301009","","",
ME-2025-0000292,301009,2W Parking Charges, 602,01-04-2025,,,, 2W Parking Charges ,301009,,100,
ME-2025-0000303,301009,2W Parking Charges, 701,01-04-2025,,,, 2W Parking Charges ,301009,,100,
ME-2025-0000478,301009,2W Parking Charges, 602,01-05-2025,,,, 2W Parking Charges ,301009,,100,
ME-2025-0000489,301009,2W Parking Charges, 701,01-05-2025,,,, 2W Parking Charges ,301009,,100,
ME-2025-0000694,301009,2W Parking Charges, 602,01-06-2025,,,, 2W Parking Charges ,301009,,100,
ME-2025-0000704,301009,2W Parking Charges, 701,01-06-2025,,,, 2W Parking Charges ,301009,,100,
ME-2025-0000881,301009,2W Parking Charges, 602,01-07-2025,,,, 2W Parking Charges ,301009,,100,
ME-2025-0000891,301009,2W Parking Charges, 701,01-07-2025,,,, 2W Parking Charges ,301009,,100,
ME-2025-0001100,301009,2W Parking Charges, 602,01-08-2025,,,, 2W Parking Charges ,301009,,100,
ME-2025-0001111,301009,2W Parking Charges, 701,01-08-2025,,,, 2W Parking Charges ,301009,,100,
ME-2025-0001312,301009,2W Parking Charges, 602,01-09-2025,,,, 2W Parking Charges ,301009,,100,
ME-2025-0001323,301009,2W Parking Charges, 701,01-09-2025,,,, 2W Parking Charges ,301009,,100,
ME-2025-0001520,301009,2W Parking Charges, 602,01-10-2025,,,, 2W Parking Charges ,301009,,100,
ME-2025-0001531,301009,2W Parking Charges, 701,01-10-2025,,,, 2W Parking Charges ,301009,,100,
ME-2025-0001714,301009,2W Parking Charges, 602,01-11-2025,,,, 2W Parking Charges ,301009,,100,
ME-2025-0001724,301009,2W Parking Charges, 701,01-11-2025,,,, 2W Parking Charges ,301009,,100,
ME-2025-0001909,301009,2W Parking Charges, 602,01-12-2025,,,, 2W Parking Charges ,301009,,100,
ME-2025-0001919,301009,2W Parking Charges, 701,01-12-2025,,,, 2W Parking Charges ,301009,,100,
ME-2025-0002088,301009,2W Parking Charges, 502,01-01-2026,,,, 2W Parking Charges ,301009,,100,
ME-2025-0002109,301009,2W Parking Charges, 602,01-01-2026,,,, 2W Parking Charges ,301009,,100,
ME-2025-0002119,301009,2W Parking Charges, 701,01-01-2026,,,, 2W Parking Charges ,301009,,100,
ME-2025-0002237,301009,2W Parking Charges, 303,01-02-2026,,,, 2W Parking Charges ,301009,,200,
ME-2025-0002277,301009,2W Parking Charges, 502,01-02-2026,,,, 2W Parking Charges ,301009,,100,
ME-2025-0002301,301009,2W Parking Charges, 602,01-02-2026,,,, 2W Parking Charges ,301009,,100,
ME-2025-0002311,301009,2W Parking Charges, 701,01-02-2026,,,, 2W Parking Charges ,301009,,100,
ME-2025-0002434,301009,2W Parking Charges, 303,01-03-2026,,,, 2W Parking Charges ,301009,,200,
ME-2025-0002485,301009,2W Parking Charges, 502,01-03-2026,,,, 2W Parking Charges ,301009,,100,
ME-2025-0002507,301009,2W Parking Charges, 602,01-03-2026,,,, 2W Parking Charges ,301009,,100,
ME-2025-0002517,301009,2W Parking Charges, 701,01-03-2026,,,, 2W Parking Charges ,301009,,100,

"Balance : 3100(Credit)","","","","","","","","","","0","3100",

"Income - Members > Other charges ( 301010 ) ",
"Journal No","Other GL No.","Other Account","Subledger","Posted Date","Comments","Instrument No.","Instrument Bank","Account Name","GL Account No.","Debit","Credit",
"","","","","","Opening Balance","",""," Other charges ","301010","","",
ME-2025-0001943,301010,Other charges, 201,30-11-2025,Lawyer Fees,,, Other charges ,301010,,8000,
ME-2025-0001945,301010,Other charges, 202,30-11-2025,Lawyer Fees,,, Other charges ,301010,,8000,
ME-2025-0001963,301010,Other charges, 201,20-12-2025,Repair work charges as passed in SGM,,, Other charges ,301010,,5000,

"Balance : 21000(Credit)","","","","","","","","","","0","21000",

"Income - Members > Education & Training Fund ( 301011 ) ",
"Journal No","Other GL No.","Other Account","Subledger","Posted Date","Comments","Instrument No.","Instrument Bank","Account Name","GL Account No.","Debit","Credit",
"","","","","","Opening Balance","",""," Education & Training Fund ","301011","","",
ME-2025-0000002,301011,Education & Training Fund, 101,01-04-2025,,,, Education & Training Fund ,301011,,10,
ME-2025-0000011,301011,Education & Training Fund, 102,01-04-2025,,,, Education & Training Fund ,301011,,10,
ME-2025-0000019,301011,Education & Training Fund, 201,01-04-2025,,,, Education & Training Fund ,301011,,10,
ME-2025-0000029,301011,Education & Training Fund, 202,01-04-2025,,,, Education & Training Fund ,301011,,10,
ME-2025-0000050,301011,Education & Training Fund, 204,01-04-2025,,,, Education & Training Fund ,301011,,10,
ME-2025-0000059,301011,Education & Training Fund, 301,01-04-2025,,,, Education & Training Fund ,301011,,10,
ME-2025-0000068,301011,Education & Training Fund, 302,01-04-2025,,,, Education & Training Fund ,301011,,10,
ME-2025-0000077,301011,Education & Training Fund, 303,01-04-2025,,,, Education & Training Fund ,301011,,10,
ME-2025-0000087,301011,Education & Training Fund, 401,01-04-2025,,,, Education & Training Fund ,301011,,10,
ME-2025-0000097,301011,Education & Training Fund, 403,01-04-2025,,,, Education & Training Fund ,301011,,10,
ME-2025-0000106,301011,Education & Training Fund, 404,01-04-2025,,,, Education & Training Fund ,301011,,10,
ME-2025-0000171,301011,Education & Training Fund, 702,01-04-2025,,,, Education & Training Fund ,301011,,10,
ME-2025-0000250,301011,Education & Training Fund, 203,01-04-2025,,,, Education & Training Fund ,301011,,10,
ME-2025-0000261,301011,Education & Training Fund, 501,01-04-2025,,,, Education & Training Fund ,301011,,10,
ME-2025-0000272,301011,Education & Training Fund, 502,01-04-2025,,,, Education & Training Fund ,301011,,10,
ME-2025-0000284,301011,Education & Training Fund, 601,01-04-2025,,,, Education & Training Fund ,301011,,10,
ME-2025-0000295,301011,Education & Training Fund, 602,01-04-2025,,,, Education & Training Fund ,301011,,10,
ME-2025-0000306,301011,Education & Training Fund, 701,01-04-2025,,,, Education & Training Fund ,301011,,10,
ME-2025-0000333,301011,Education & Training Fund, 101,01-05-2025,,,, Education & Training Fund ,301011,,10,
ME-2025-0000342,301011,Education & Training Fund, 102,01-05-2025,,,, Education & Training Fund ,301011,,10,
ME-2025-0000350,301011,Education & Training Fund, 201,01-05-2025,,,, Education & Training Fund ,301011,,10,
ME-2025-0000359,301011,Education & Training Fund, 202,01-05-2025,,,, Education & Training Fund ,301011,,10,
ME-2025-0000371,301011,Education & Training Fund, 203,01-05-2025,,,, Education & Training Fund ,301011,,10,
ME-2025-0000380,301011,Education & Training Fund, 204,01-05-2025,,,, Education & Training Fund ,301011,,10,
ME-2025-0000389,301011,Education & Training Fund, 301,01-05-2025,,,, Education & Training Fund ,301011,,10,
ME-2025-0000398,301011,Education & Training Fund, 302,01-05-2025,,,, Education & Training Fund ,301011,,10,
ME-2025-0000408,301011,Education & Training Fund, 303,01-05-2025,,,, Education & Training Fund ,301011,,10,
ME-2025-0000418,301011,Education & Training Fund, 401,01-05-2025,,,, Education & Training Fund ,301011,,10,
ME-2025-0000427,301011,Education & Training Fund, 403,01-05-2025,,,, Education & Training Fund ,301011,,10,
ME-2025-0000436,301011,Education & Training Fund, 404,01-05-2025,,,, Education & Training Fund ,301011,,10,
ME-2025-0000447,301011,Education & Training Fund, 501,01-05-2025,,,, Education & Training Fund ,301011,,10,
ME-2025-0000458,301011,Education & Training Fund, 502,01-05-2025,,,, Education & Training Fund ,301011,,10,
ME-2025-0000481,301011,Education & Training Fund, 602,01-05-2025,,,, Education & Training Fund ,301011,,10,
ME-2025-0000492,301011,Education & Training Fund, 701,01-05-2025,,,, Education & Training Fund ,301011,,10,
ME-2025-0000501,301011,Education & Training Fund, 702,01-05-2025,,,, Education & Training Fund ,301011,,10,
ME-2025-0000523,301011,Education & Training Fund, 601,01-05-2025,,,, Education & Training Fund ,301011,,10,
ME-2025-0000555,301011,Education & Training Fund, 101,01-06-2025,,,, Education & Training Fund ,301011,,10,
ME-2025-0000564,301011,Education & Training Fund, 102,01-06-2025,,,, Education & Training Fund ,301011,,10,
ME-2025-0000572,301011,Education & Training Fund, 201,01-06-2025,,,, Education & Training Fund ,301011,,10,
ME-2025-0000581,301011,Education & Training Fund, 202,01-06-2025,,,, Education & Training Fund ,301011,,10,
ME-2025-0000592,301011,Education & Training Fund, 203,01-06-2025,,,, Education & Training Fund ,301011,,10,
ME-2025-0000601,301011,Education & Training Fund, 204,01-06-2025,,,, Education & Training Fund ,301011,,10,
ME-2025-0000610,301011,Education & Training Fund, 301,01-06-2025,,,, Education & Training Fund ,301011,,10,
ME-2025-0000619,301011,Education & Training Fund, 302,01-06-2025,,,, Education & Training Fund ,301011,,10,
ME-2025-0000628,301011,Education & Training Fund, 303,01-06-2025,,,, Education & Training Fund ,301011,,10,
ME-2025-0000637,301011,Education & Training Fund, 401,01-06-2025,,,, Education & Training Fund ,301011,,10,
ME-2025-0000647,301011,Education & Training Fund, 403,01-06-2025,,,, Education & Training Fund ,301011,,10,
ME-2025-0000656,301011,Education & Training Fund, 404,01-06-2025,,,, Education & Training Fund ,301011,,10,
ME-2025-0000666,301011,Education & Training Fund, 501,01-06-2025,,,, Education & Training Fund ,301011,,10,
ME-2025-0000676,301011,Education & Training Fund, 502,01-06-2025,,,, Education & Training Fund ,301011,,10,
ME-2025-0000686,301011,Education & Training Fund, 601,01-06-2025,,,, Education & Training Fund ,301011,,10,
ME-2025-0000696,301011,Education & Training Fund, 602,01-06-2025,,,, Education & Training Fund ,301011,,10,
ME-2025-0000706,301011,Education & Training Fund, 701,01-06-2025,,,, Education & Training Fund ,301011,,10,
ME-2025-0000715,301011,Education & Training Fund, 702,01-06-2025,,,, Education & Training Fund ,301011,,10,
ME-2025-0000743,301011,Education & Training Fund, 101,01-07-2025,,,, Education & Training Fund ,301011,,10,
ME-2025-0000752,301011,Education & Training Fund, 102,01-07-2025,,,, Education & Training Fund ,301011,,10,
ME-2025-0000760,301011,Education & Training Fund, 201,01-07-2025,,,, Education & Training Fund ,301011,,10,
ME-2025-0000769,301011,Education & Training Fund, 202,01-07-2025,,,, Education & Training Fund ,301011,,10,
ME-2025-0000779,301011,Education & Training Fund, 203,01-07-2025,,,, Education & Training Fund ,301011,,10,
ME-2025-0000788,301011,Education & Training Fund, 204,01-07-2025,,,, Education & Training Fund ,301011,,10,
ME-2025-0000797,301011,Education & Training Fund, 301,01-07-2025,,,, Education & Training Fund ,301011,,10,
ME-2025-0000806,301011,Education & Training Fund, 302,01-07-2025,,,, Education & Training Fund ,301011,,10,
ME-2025-0000815,301011,Education & Training Fund, 303,01-07-2025,,,, Education & Training Fund ,301011,,10,
ME-2025-0000834,301011,Education & Training Fund, 403,01-07-2025,,,, Education & Training Fund ,301011,,10,
ME-2025-0000843,301011,Education & Training Fund, 404,01-07-2025,,,, Education & Training Fund ,301011,,10,
ME-2025-0000853,301011,Education & Training Fund, 501,01-07-2025,,,, Education & Training Fund ,301011,,10,
ME-2025-0000863,301011,Education & Training Fund, 502,01-07-2025,,,, Education & Training Fund ,301011,,10,
ME-2025-0000873,301011,Education & Training Fund, 601,01-07-2025,,,, Education & Training Fund ,301011,,10,
ME-2025-0000883,301011,Education & Training Fund, 602,01-07-2025,,,, Education & Training Fund ,301011,,10,
ME-2025-0000893,301011,Education & Training Fund, 701,01-07-2025,,,, Education & Training Fund ,301011,,10,
ME-2025-0000902,301011,Education & Training Fund, 702,01-07-2025,,,, Education & Training Fund ,301011,,10,
ME-2025-0000923,301011,Education & Training Fund, 401,01-07-2025,,,, Education & Training Fund ,301011,,10,
ME-2025-0000951,301011,Education & Training Fund, 101,01-08-2025,,,, Education & Training Fund ,301011,,10,
ME-2025-0000960,301011,Education & Training Fund, 102,01-08-2025,,,, Education & Training Fund ,301011,,10,
ME-2025-0000969,301011,Education & Training Fund, 201,01-08-2025,,,, Education & Training Fund ,301011,,10,
ME-2025-0000979,301011,Education & Training Fund, 202,01-08-2025,,,, Education & Training Fund ,301011,,10,
ME-2025-0000990,301011,Education & Training Fund, 203,01-08-2025,,,, Education & Training Fund ,301011,,10,
ME-2025-0001000,301011,Education & Training Fund, 204,01-08-2025,,,, Education & Training Fund ,301011,,10,
ME-2025-0001009,301011,Education & Training Fund, 301,01-08-2025,,,, Education & Training Fund ,301011,,10,
ME-2025-0001018,301011,Education & Training Fund, 302,01-08-2025,,,, Education & Training Fund ,301011,,10,
ME-2025-0001027,301011,Education & Training Fund, 303,01-08-2025,,,, Education & Training Fund ,301011,,10,
ME-2025-0001038,301011,Education & Training Fund, 401,01-08-2025,,,, Education & Training Fund ,301011,,10,
ME-2025-0001049,301011,Education & Training Fund, 403,01-08-2025,,,, Education & Training Fund ,301011,,10,
ME-2025-0001059,301011,Education & Training Fund, 404,01-08-2025,,,, Education & Training Fund ,301011,,10,
ME-2025-0001070,301011,Education & Training Fund, 501,01-08-2025,,,, Education & Training Fund ,301011,,10,
ME-2025-0001081,301011,Education & Training Fund, 502,01-08-2025,,,, Education & Training Fund ,301011,,10,
ME-2025-0001092,301011,Education & Training Fund, 601,01-08-2025,,,, Education & Training Fund ,301011,,10,
ME-2025-0001103,301011,Education & Training Fund, 602,01-08-2025,,,, Education & Training Fund ,301011,,10,
ME-2025-0001114,301011,Education & Training Fund, 701,01-08-2025,,,, Education & Training Fund ,301011,,10,
ME-2025-0001124,301011,Education & Training Fund, 702,01-08-2025,,,, Education & Training Fund ,301011,,10,
ME-2025-0001158,301011,Education & Training Fund, 101,01-09-2025,,,, Education & Training Fund ,301011,,10,
ME-2025-0001167,301011,Education & Training Fund, 102,01-09-2025,,,, Education & Training Fund ,301011,,10,
ME-2025-0001176,301011,Education & Training Fund, 201,01-09-2025,,,, Education & Training Fund ,301011,,10,
ME-2025-0001187,301011,Education & Training Fund, 202,01-09-2025,,,, Education & Training Fund ,301011,,10,
ME-2025-0001199,301011,Education & Training Fund, 203,01-09-2025,,,, Education & Training Fund ,301011,,10,
ME-2025-0001210,301011,Education & Training Fund, 204,01-09-2025,,,, Education & Training Fund ,301011,,10,
ME-2025-0001220,301011,Education & Training Fund, 301,01-09-2025,,,, Education & Training Fund ,301011,,10,
ME-2025-0001229,301011,Education & Training Fund, 302,01-09-2025,,,, Education & Training Fund ,301011,,10,
ME-2025-0001238,301011,Education & Training Fund, 303,01-09-2025,,,, Education & Training Fund ,301011,,10,
ME-2025-0001249,301011,Education & Training Fund, 401,01-09-2025,,,, Education & Training Fund ,301011,,10,
ME-2025-0001261,301011,Education & Training Fund, 403,01-09-2025,,,, Education & Training Fund ,301011,,10,
ME-2025-0001271,301011,Education & Training Fund, 404,01-09-2025,,,, Education & Training Fund ,301011,,10,
ME-2025-0001282,301011,Education & Training Fund, 501,01-09-2025,,,, Education & Training Fund ,301011,,10,
ME-2025-0001293,301011,Education & Training Fund, 502,01-09-2025,,,, Education & Training Fund ,301011,,10,
ME-2025-0001304,301011,Education & Training Fund, 601,01-09-2025,,,, Education & Training Fund ,301011,,10,
ME-2025-0001315,301011,Education & Training Fund, 602,01-09-2025,,,, Education & Training Fund ,301011,,10,
ME-2025-0001326,301011,Education & Training Fund, 701,01-09-2025,,,, Education & Training Fund ,301011,,10,
ME-2025-0001336,301011,Education & Training Fund, 702,01-09-2025,,,, Education & Training Fund ,301011,,10,
ME-2025-0001367,301011,Education & Training Fund, 101,01-10-2025,,,, Education & Training Fund ,301011,,10,
ME-2025-0001376,301011,Education & Training Fund, 102,01-10-2025,,,, Education & Training Fund ,301011,,10,
ME-2025-0001385,301011,Education & Training Fund, 201,01-10-2025,,,, Education & Training Fund ,301011,,10,
ME-2025-0001396,301011,Education & Training Fund, 202,01-10-2025,,,, Education & Training Fund ,301011,,10,
ME-2025-0001407,301011,Education & Training Fund, 203,01-10-2025,,,, Education & Training Fund ,301011,,10,
ME-2025-0001418,301011,Education & Training Fund, 204,01-10-2025,,,, Education & Training Fund ,301011,,10,
ME-2025-0001428,301011,Education & Training Fund, 301,01-10-2025,,,, Education & Training Fund ,301011,,10,
ME-2025-0001437,301011,Education & Training Fund, 302,01-10-2025,,,, Education & Training Fund ,301011,,10,
ME-2025-0001447,301011,Education & Training Fund, 303,01-10-2025,,,, Education & Training Fund ,301011,,10,
ME-2025-0001457,301011,Education & Training Fund, 401,01-10-2025,,,, Education & Training Fund ,301011,,10,
ME-2025-0001469,301011,Education & Training Fund, 403,01-10-2025,,,, Education & Training Fund ,301011,,10,
ME-2025-0001479,301011,Education & Training Fund, 404,01-10-2025,,,, Education & Training Fund ,301011,,10,
ME-2025-0001490,301011,Education & Training Fund, 501,01-10-2025,,,, Education & Training Fund ,301011,,10,
ME-2025-0001501,301011,Education & Training Fund, 502,01-10-2025,,,, Education & Training Fund ,301011,,10,
ME-2025-0001512,301011,Education & Training Fund, 601,01-10-2025,,,, Education & Training Fund ,301011,,10,
ME-2025-0001523,301011,Education & Training Fund, 602,01-10-2025,,,, Education & Training Fund ,301011,,10,
ME-2025-0001534,301011,Education & Training Fund, 701,01-10-2025,,,, Education & Training Fund ,301011,,10,
ME-2025-0001544,301011,Education & Training Fund, 702,01-10-2025,,,, Education & Training Fund ,301011,,10,
ME-2025-0001572,301011,Education & Training Fund, 101,01-11-2025,,,, Education & Training Fund ,301011,,10,
ME-2025-0001581,301011,Education & Training Fund, 102,01-11-2025,,,, Education & Training Fund ,301011,,10,
ME-2025-0001589,301011,Education & Training Fund, 201,01-11-2025,,,, Education & Training Fund ,301011,,10,
ME-2025-0001598,301011,Education & Training Fund, 202,01-11-2025,,,, Education & Training Fund ,301011,,10,
ME-2025-0001608,301011,Education & Training Fund, 203,01-11-2025,,,, Education & Training Fund ,301011,,10,
ME-2025-0001618,301011,Education & Training Fund, 204,01-11-2025,,,, Education & Training Fund ,301011,,10,
ME-2025-0001627,301011,Education & Training Fund, 301,01-11-2025,,,, Education & Training Fund ,301011,,10,
ME-2025-0001636,301011,Education & Training Fund, 302,01-11-2025,,,, Education & Training Fund ,301011,,10,
ME-2025-0001646,301011,Education & Training Fund, 303,01-11-2025,,,, Education & Training Fund ,301011,,10,
ME-2025-0001656,301011,Education & Training Fund, 401,01-11-2025,,,, Education & Training Fund ,301011,,10,
ME-2025-0001667,301011,Education & Training Fund, 403,01-11-2025,,,, Education & Training Fund ,301011,,10,
ME-2025-0001676,301011,Education & Training Fund, 404,01-11-2025,,,, Education & Training Fund ,301011,,10,
ME-2025-0001686,301011,Education & Training Fund, 501,01-11-2025,,,, Education & Training Fund ,301011,,10,
ME-2025-0001696,301011,Education & Training Fund, 502,01-11-2025,,,, Education & Training Fund ,301011,,10,
ME-2025-0001706,301011,Education & Training Fund, 601,01-11-2025,,,, Education & Training Fund ,301011,,10,
ME-2025-0001716,301011,Education & Training Fund, 602,01-11-2025,,,, Education & Training Fund ,301011,,10,
ME-2025-0001726,301011,Education & Training Fund, 701,01-11-2025,,,, Education & Training Fund ,301011,,10,
ME-2025-0001735,301011,Education & Training Fund, 702,01-11-2025,,,, Education & Training Fund ,301011,,10,
ME-2025-0001768,301011,Education & Training Fund, 101,01-12-2025,,,, Education & Training Fund ,301011,,10,
ME-2025-0001777,301011,Education & Training Fund, 102,01-12-2025,,,, Education & Training Fund ,301011,,10,
ME-2025-0001785,301011,Education & Training Fund, 201,01-12-2025,,,, Education & Training Fund ,301011,,10,
ME-2025-0001795,301011,Education & Training Fund, 202,01-12-2025,,,, Education & Training Fund ,301011,,10,
ME-2025-0001805,301011,Education & Training Fund, 203,01-12-2025,,,, Education & Training Fund ,301011,,10,
ME-2025-0001814,301011,Education & Training Fund, 204,01-12-2025,,,, Education & Training Fund ,301011,,10,
ME-2025-0001823,301011,Education & Training Fund, 301,01-12-2025,,,, Education & Training Fund ,301011,,10,
ME-2025-0001832,301011,Education & Training Fund, 302,01-12-2025,,,, Education & Training Fund ,301011,,10,
ME-2025-0001843,301011,Education & Training Fund, 303,01-12-2025,,,, Education & Training Fund ,301011,,10,
ME-2025-0001852,301011,Education & Training Fund, 401,01-12-2025,,,, Education & Training Fund ,301011,,10,
ME-2025-0001862,301011,Education & Training Fund, 403,01-12-2025,,,, Education & Training Fund ,301011,,10,
ME-2025-0001871,301011,Education & Training Fund, 404,01-12-2025,,,, Education & Training Fund ,301011,,10,
ME-2025-0001881,301011,Education & Training Fund, 501,01-12-2025,,,, Education & Training Fund ,301011,,10,
ME-2025-0001891,301011,Education & Training Fund, 502,01-12-2025,,,, Education & Training Fund ,301011,,10,
ME-2025-0001901,301011,Education & Training Fund, 601,01-12-2025,,,, Education & Training Fund ,301011,,10,
ME-2025-0001911,301011,Education & Training Fund, 602,01-12-2025,,,, Education & Training Fund ,301011,,10,
ME-2025-0001921,301011,Education & Training Fund, 701,01-12-2025,,,, Education & Training Fund ,301011,,10,
ME-2025-0001930,301011,Education & Training Fund, 702,01-12-2025,,,, Education & Training Fund ,301011,,10,
ME-2025-0001966,301011,Education & Training Fund, 101,01-01-2026,,,, Education & Training Fund ,301011,,10,
ME-2025-0001975,301011,Education & Training Fund, 102,01-01-2026,,,, Education & Training Fund ,301011,,10,
ME-2025-0001983,301011,Education & Training Fund, 201,01-01-2026,,,, Education & Training Fund ,301011,,10,
ME-2025-0001993,301011,Education & Training Fund, 202,01-01-2026,,,, Education & Training Fund ,301011,,10,
ME-2025-0002004,301011,Education & Training Fund, 203,01-01-2026,,,, Education & Training Fund ,301011,,10,
ME-2025-0002013,301011,Education & Training Fund, 204,01-01-2026,,,, Education & Training Fund ,301011,,10,
ME-2025-0002022,301011,Education & Training Fund, 301,01-01-2026,,,, Education & Training Fund ,301011,,10,
ME-2025-0002031,301011,Education & Training Fund, 302,01-01-2026,,,, Education & Training Fund ,301011,,10,
ME-2025-0002042,301011,Education & Training Fund, 303,01-01-2026,,,, Education & Training Fund ,301011,,10,
ME-2025-0002052,301011,Education & Training Fund, 401,01-01-2026,,,, Education & Training Fund ,301011,,10,
ME-2025-0002061,301011,Education & Training Fund, 403,01-01-2026,,,, Education & Training Fund ,301011,,10,
ME-2025-0002070,301011,Education & Training Fund, 404,01-01-2026,,,, Education & Training Fund ,301011,,10,
ME-2025-0002080,301011,Education & Training Fund, 501,01-01-2026,,,, Education & Training Fund ,301011,,10,
ME-2025-0002091,301011,Education & Training Fund, 502,01-01-2026,,,, Education & Training Fund ,301011,,10,
ME-2025-0002101,301011,Education & Training Fund, 601,01-01-2026,,,, Education & Training Fund ,301011,,10,
ME-2025-0002111,301011,Education & Training Fund, 602,01-01-2026,,,, Education & Training Fund ,301011,,10,
ME-2025-0002121,301011,Education & Training Fund, 701,01-01-2026,,,, Education & Training Fund ,301011,,10,
ME-2025-0002130,301011,Education & Training Fund, 702,01-01-2026,,,, Education & Training Fund ,301011,,10,
ME-2025-0002164,301011,Education & Training Fund, 101,01-02-2026,,,, Education & Training Fund ,301011,,10,
ME-2025-0002173,301011,Education & Training Fund, 102,01-02-2026,,,, Education & Training Fund ,301011,,10,
ME-2025-0002181,301011,Education & Training Fund, 201,01-02-2026,,,, Education & Training Fund ,301011,,10,
ME-2025-0002191,301011,Education & Training Fund, 202,01-02-2026,,,, Education & Training Fund ,301011,,10,
ME-2025-0002202,301011,Education & Training Fund, 203,01-02-2026,,,, Education & Training Fund ,301011,,10,
ME-2025-0002211,301011,Education & Training Fund, 204,01-02-2026,,,, Education & Training Fund ,301011,,10,
ME-2025-0002220,301011,Education & Training Fund, 301,01-02-2026,,,, Education & Training Fund ,301011,,10,
ME-2025-0002229,301011,Education & Training Fund, 302,01-02-2026,,,, Education & Training Fund ,301011,,10,
ME-2025-0002241,301011,Education & Training Fund, 303,01-02-2026,,,, Education & Training Fund ,301011,,10,
ME-2025-0002250,301011,Education & Training Fund, 403,01-02-2026,,,, Education & Training Fund ,301011,,10,
ME-2025-0002259,301011,Education & Training Fund, 404,01-02-2026,,,, Education & Training Fund ,301011,,10,
ME-2025-0002269,301011,Education & Training Fund, 501,01-02-2026,,,, Education & Training Fund ,301011,,10,
ME-2025-0002281,301011,Education & Training Fund, 502,01-02-2026,,,, Education & Training Fund ,301011,,10,
ME-2025-0002292,301011,Education & Training Fund, 601,01-02-2026,,,, Education & Training Fund ,301011,,10,
ME-2025-0002303,301011,Education & Training Fund, 602,01-02-2026,,,, Education & Training Fund ,301011,,10,
ME-2025-0002313,301011,Education & Training Fund, 701,01-02-2026,,,, Education & Training Fund ,301011,,10,
ME-2025-0002322,301011,Education & Training Fund, 702,01-02-2026,,,, Education & Training Fund ,301011,,10,
ME-2025-0002332,301011,Education & Training Fund, 401,01-02-2026,,,, Education & Training Fund ,301011,,10,
ME-2025-0002362,301011,Education & Training Fund, 101,01-03-2026,,,, Education & Training Fund ,301011,,10,
ME-2025-0002371,301011,Education & Training Fund, 102,01-03-2026,,,, Education & Training Fund ,301011,,10,
ME-2025-0002379,301011,Education & Training Fund, 201,01-03-2026,,,, Education & Training Fund ,301011,,10,
ME-2025-0002388,301011,Education & Training Fund, 202,01-03-2026,,,, Education & Training Fund ,301011,,10,
ME-2025-0002399,301011,Education & Training Fund, 203,01-03-2026,,,, Education & Training Fund ,301011,,10,
ME-2025-0002408,301011,Education & Training Fund, 204,01-03-2026,,,, Education & Training Fund ,301011,,10,
ME-2025-0002417,301011,Education & Training Fund, 301,01-03-2026,,,, Education & Training Fund ,301011,,10,
ME-2025-0002426,301011,Education & Training Fund, 302,01-03-2026,,,, Education & Training Fund ,301011,,10,
ME-2025-0002437,301011,Education & Training Fund, 303,01-03-2026,,,, Education & Training Fund ,301011,,10,
ME-2025-0002447,301011,Education & Training Fund, 401,01-03-2026,,,, Education & Training Fund ,301011,,10,
ME-2025-0002458,301011,Education & Training Fund, 403,01-03-2026,,,, Education & Training Fund ,301011,,10,
ME-2025-0002467,301011,Education & Training Fund, 404,01-03-2026,,,, Education & Training Fund ,301011,,10,
ME-2025-0002477,301011,Education & Training Fund, 501,01-03-2026,,,, Education & Training Fund ,301011,,10,
ME-2025-0002488,301011,Education & Training Fund, 502,01-03-2026,,,, Education & Training Fund ,301011,,10,
ME-2025-0002499,301011,Education & Training Fund, 601,01-03-2026,,,, Education & Training Fund ,301011,,10,
ME-2025-0002509,301011,Education & Training Fund, 602,01-03-2026,,,, Education & Training Fund ,301011,,10,
ME-2025-0002519,301011,Education & Training Fund, 701,01-03-2026,,,, Education & Training Fund ,301011,,10,
ME-2025-0002528,301011,Education & Training Fund, 702,01-03-2026,,,, Education & Training Fund ,301011,,10,
JE-2025-0000071,301011,Education & Training Fund,,31-03-2026,Being contribution trf to liab FY 25-26,,, Education & Training Fund ,301011,2160.00,,

"","","","","","","","","","","2160","2160",

"Income - Members > Late Payment Interest ( 301012 ) ",
"Journal No","Other GL No.","Other Account","Subledger","Posted Date","Comments","Instrument No.","Instrument Bank","Account Name","GL Account No.","Debit","Credit",
"","","","","","Opening Balance","",""," Late Payment Interest ","301012","","",
ME-2025-0000027,301012,Late Payment Interest, 201,01-04-2025,,,, Late Payment Interest ,301012,,11,
ME-2025-0000037,301012,Late Payment Interest, 202,01-04-2025,,,, Late Payment Interest ,301012,,14,
ME-2025-0000084,301012,Late Payment Interest, 303,01-04-2025,,,, Late Payment Interest ,301012,,189,
ME-2025-0000095,301012,Late Payment Interest, 401,01-04-2025,,,, Late Payment Interest ,301012,,49,
ME-2025-0000280,301012,Late Payment Interest, 502,01-04-2025,,,, Late Payment Interest ,301012,,72,
ME-2025-0000367,301012,Late Payment Interest, 202,01-05-2025,,,, Late Payment Interest ,301012,,2,
ME-2025-0000406,301012,Late Payment Interest, 302,01-05-2025,,,, Late Payment Interest ,301012,,5,
ME-2025-0000415,301012,Late Payment Interest, 303,01-05-2025,,,, Late Payment Interest ,301012,,45,
ME-2025-0000466,301012,Late Payment Interest, 502,01-05-2025,,,, Late Payment Interest ,301012,,23,
ME-2025-0000589,301012,Late Payment Interest, 202,01-06-2025,,,, Late Payment Interest ,301012,,1,
ME-2025-0000645,301012,Late Payment Interest, 401,01-06-2025,,,, Late Payment Interest ,301012,,84,
ME-2025-0000822,301012,Late Payment Interest, 303,01-07-2025,,,, Late Payment Interest ,301012,,28,
ME-2025-0001034,301012,Late Payment Interest, 303,01-08-2025,,,, Late Payment Interest ,301012,,47,
ME-2025-0001184,301012,Late Payment Interest, 201,01-09-2025,,,, Late Payment Interest ,301012,,1,
ME-2025-0001195,301012,Late Payment Interest, 202,01-09-2025,,,, Late Payment Interest ,301012,,20,
ME-2025-0001207,301012,Late Payment Interest, 203,01-09-2025,,,, Late Payment Interest ,301012,,65,
ME-2025-0001218,301012,Late Payment Interest, 204,01-09-2025,,,, Late Payment Interest ,301012,,58,
ME-2025-0001245,301012,Late Payment Interest, 303,01-09-2025,,,, Late Payment Interest ,301012,,118,
ME-2025-0001258,301012,Late Payment Interest, 401,01-09-2025,,,, Late Payment Interest ,301012,,55,
ME-2025-0001393,301012,Late Payment Interest, 201,01-10-2025,,,, Late Payment Interest ,301012,,8,
ME-2025-0001415,301012,Late Payment Interest, 203,01-10-2025,,,, Late Payment Interest ,301012,,22,
ME-2025-0001426,301012,Late Payment Interest, 204,01-10-2025,,,, Late Payment Interest ,301012,,19,
ME-2025-0001466,301012,Late Payment Interest, 401,01-10-2025,,,, Late Payment Interest ,301012,,101,
ME-2025-0001616,301012,Late Payment Interest, 203,01-11-2025,,,, Late Payment Interest ,301012,,1,
ME-2025-0001653,301012,Late Payment Interest, 303,01-11-2025,,,, Late Payment Interest ,301012,,54,
ME-2025-0001665,301012,Late Payment Interest, 401,01-11-2025,,,, Late Payment Interest ,301012,,263,
ME-2025-0001793,301012,Late Payment Interest, 201,01-12-2025,,,, Late Payment Interest ,301012,,29,
ME-2025-0001840,301012,Late Payment Interest, 302,01-12-2025,,,, Late Payment Interest ,301012,,60,
ME-2025-0001850,301012,Late Payment Interest, 303,01-12-2025,,,, Late Payment Interest ,301012,,2,
ME-2025-0001860,301012,Late Payment Interest, 401,01-12-2025,,,, Late Payment Interest ,301012,,18,
ME-2025-0001991,301012,Late Payment Interest, 201,01-01-2026,,,, Late Payment Interest ,301012,,38,
ME-2025-0002001,301012,Late Payment Interest, 202,01-01-2026,,,, Late Payment Interest ,301012,,56,
ME-2025-0002039,301012,Late Payment Interest, 302,01-01-2026,,,, Late Payment Interest ,301012,,18,
ME-2025-0002049,301012,Late Payment Interest, 303,01-01-2026,,,, Late Payment Interest ,301012,,54,
ME-2025-0002189,301012,Late Payment Interest, 201,01-02-2026,,,, Late Payment Interest ,301012,,8,
ME-2025-0002199,301012,Late Payment Interest, 202,01-02-2026,,,, Late Payment Interest ,301012,,5,
ME-2025-0002248,301012,Late Payment Interest, 303,01-02-2026,,,, Late Payment Interest ,301012,,5,
ME-2025-0002289,301012,Late Payment Interest, 502,01-02-2026,,,, Late Payment Interest ,301012,,33,
ME-2025-0002300,301012,Late Payment Interest, 601,01-02-2026,,,, Late Payment Interest ,301012,,5,
ME-2025-0002396,301012,Late Payment Interest, 202,01-03-2026,,,, Late Payment Interest ,301012,,47,
ME-2025-0002444,301012,Late Payment Interest, 303,01-03-2026,,,, Late Payment Interest ,301012,,49,
ME-2025-0002456,301012,Late Payment Interest, 401,01-03-2026,,,, Late Payment Interest ,301012,,91,
ME-2025-0002496,301012,Late Payment Interest, 502,01-03-2026,,,, Late Payment Interest ,301012,,113,

"Balance : 1986(Credit)","","","","","","","","","","0","1986",

"Income - Members > Insurance Charges ( 301016 ) ",
"Journal No","Other GL No.","Other Account","Subledger","Posted Date","Comments","Instrument No.","Instrument Bank","Account Name","GL Account No.","Debit","Credit",
"","","","","","Opening Balance","",""," Insurance Charges ","301016","","",
ME-2025-0000004,301016,Insurance Charges, 101,01-04-2025,,,, Insurance Charges ,301016,,61,
ME-2025-0000013,301016,Insurance Charges, 102,01-04-2025,,,, Insurance Charges ,301016,,20,
ME-2025-0000021,301016,Insurance Charges, 201,01-04-2025,,,, Insurance Charges ,301016,,20,
ME-2025-0000031,301016,Insurance Charges, 202,01-04-2025,,,, Insurance Charges ,301016,,20,
ME-2025-0000052,301016,Insurance Charges, 204,01-04-2025,,,, Insurance Charges ,301016,,20,
ME-2025-0000061,301016,Insurance Charges, 301,01-04-2025,,,, Insurance Charges ,301016,,32,
ME-2025-0000070,301016,Insurance Charges, 302,01-04-2025,,,, Insurance Charges ,301016,,29,
ME-2025-0000079,301016,Insurance Charges, 303,01-04-2025,,,, Insurance Charges ,301016,,20,
ME-2025-0000089,301016,Insurance Charges, 401,01-04-2025,,,, Insurance Charges ,301016,,40,
ME-2025-0000099,301016,Insurance Charges, 403,01-04-2025,,,, Insurance Charges ,301016,,20,
ME-2025-0000108,301016,Insurance Charges, 404,01-04-2025,,,, Insurance Charges ,301016,,20,
ME-2025-0000173,301016,Insurance Charges, 702,01-04-2025,,,, Insurance Charges ,301016,,50,
ME-2025-0000252,301016,Insurance Charges, 203,01-04-2025,,,, Insurance Charges ,301016,,20,
ME-2025-0000263,301016,Insurance Charges, 501,01-04-2025,,,, Insurance Charges ,301016,,41,
ME-2025-0000274,301016,Insurance Charges, 502,01-04-2025,,,, Insurance Charges ,301016,,40,
ME-2025-0000286,301016,Insurance Charges, 601,01-04-2025,,,, Insurance Charges ,301016,,40,
ME-2025-0000297,301016,Insurance Charges, 602,01-04-2025,,,, Insurance Charges ,301016,,40,
ME-2025-0000308,301016,Insurance Charges, 701,01-04-2025,,,, Insurance Charges ,301016,,50,
ME-2025-0000335,301016,Insurance Charges, 101,01-05-2025,,,, Insurance Charges ,301016,,61,
ME-2025-0000344,301016,Insurance Charges, 102,01-05-2025,,,, Insurance Charges ,301016,,20,
ME-2025-0000352,301016,Insurance Charges, 201,01-05-2025,,,, Insurance Charges ,301016,,20,
ME-2025-0000361,301016,Insurance Charges, 202,01-05-2025,,,, Insurance Charges ,301016,,20,
ME-2025-0000373,301016,Insurance Charges, 203,01-05-2025,,,, Insurance Charges ,301016,,20,
ME-2025-0000382,301016,Insurance Charges, 204,01-05-2025,,,, Insurance Charges ,301016,,20,
ME-2025-0000391,301016,Insurance Charges, 301,01-05-2025,,,, Insurance Charges ,301016,,32,
ME-2025-0000400,301016,Insurance Charges, 302,01-05-2025,,,, Insurance Charges ,301016,,29,
ME-2025-0000410,301016,Insurance Charges, 303,01-05-2025,,,, Insurance Charges ,301016,,20,
ME-2025-0000420,301016,Insurance Charges, 401,01-05-2025,,,, Insurance Charges ,301016,,40,
ME-2025-0000429,301016,Insurance Charges, 403,01-05-2025,,,, Insurance Charges ,301016,,20,
ME-2025-0000438,301016,Insurance Charges, 404,01-05-2025,,,, Insurance Charges ,301016,,20,
ME-2025-0000449,301016,Insurance Charges, 501,01-05-2025,,,, Insurance Charges ,301016,,41,
ME-2025-0000460,301016,Insurance Charges, 502,01-05-2025,,,, Insurance Charges ,301016,,40,
ME-2025-0000483,301016,Insurance Charges, 602,01-05-2025,,,, Insurance Charges ,301016,,40,
ME-2025-0000494,301016,Insurance Charges, 701,01-05-2025,,,, Insurance Charges ,301016,,50,
ME-2025-0000503,301016,Insurance Charges, 702,01-05-2025,,,, Insurance Charges ,301016,,50,
ME-2025-0000525,301016,Insurance Charges, 601,01-05-2025,,,, Insurance Charges ,301016,,40,
ME-2025-0000557,301016,Insurance Charges, 101,01-06-2025,,,, Insurance Charges ,301016,,61,
ME-2025-0000566,301016,Insurance Charges, 102,01-06-2025,,,, Insurance Charges ,301016,,20,
ME-2025-0000574,301016,Insurance Charges, 201,01-06-2025,,,, Insurance Charges ,301016,,20,
ME-2025-0000583,301016,Insurance Charges, 202,01-06-2025,,,, Insurance Charges ,301016,,20,
ME-2025-0000594,301016,Insurance Charges, 203,01-06-2025,,,, Insurance Charges ,301016,,20,
ME-2025-0000603,301016,Insurance Charges, 204,01-06-2025,,,, Insurance Charges ,301016,,20,
ME-2025-0000612,301016,Insurance Charges, 301,01-06-2025,,,, Insurance Charges ,301016,,32,
ME-2025-0000621,301016,Insurance Charges, 302,01-06-2025,,,, Insurance Charges ,301016,,29,
ME-2025-0000630,301016,Insurance Charges, 303,01-06-2025,,,, Insurance Charges ,301016,,20,
ME-2025-0000639,301016,Insurance Charges, 401,01-06-2025,,,, Insurance Charges ,301016,,40,
ME-2025-0000649,301016,Insurance Charges, 403,01-06-2025,,,, Insurance Charges ,301016,,20,
ME-2025-0000658,301016,Insurance Charges, 404,01-06-2025,,,, Insurance Charges ,301016,,20,
ME-2025-0000668,301016,Insurance Charges, 501,01-06-2025,,,, Insurance Charges ,301016,,41,
ME-2025-0000678,301016,Insurance Charges, 502,01-06-2025,,,, Insurance Charges ,301016,,40,
ME-2025-0000688,301016,Insurance Charges, 601,01-06-2025,,,, Insurance Charges ,301016,,40,
ME-2025-0000698,301016,Insurance Charges, 602,01-06-2025,,,, Insurance Charges ,301016,,40,
ME-2025-0000708,301016,Insurance Charges, 701,01-06-2025,,,, Insurance Charges ,301016,,50,
ME-2025-0000717,301016,Insurance Charges, 702,01-06-2025,,,, Insurance Charges ,301016,,50,
ME-2025-0000745,301016,Insurance Charges, 101,01-07-2025,,,, Insurance Charges ,301016,,61,
ME-2025-0000754,301016,Insurance Charges, 102,01-07-2025,,,, Insurance Charges ,301016,,20,
ME-2025-0000762,301016,Insurance Charges, 201,01-07-2025,,,, Insurance Charges ,301016,,20,
ME-2025-0000771,301016,Insurance Charges, 202,01-07-2025,,,, Insurance Charges ,301016,,20,
ME-2025-0000781,301016,Insurance Charges, 203,01-07-2025,,,, Insurance Charges ,301016,,20,
ME-2025-0000790,301016,Insurance Charges, 204,01-07-2025,,,, Insurance Charges ,301016,,20,
ME-2025-0000799,301016,Insurance Charges, 301,01-07-2025,,,, Insurance Charges ,301016,,32,
ME-2025-0000808,301016,Insurance Charges, 302,01-07-2025,,,, Insurance Charges ,301016,,29,
ME-2025-0000817,301016,Insurance Charges, 303,01-07-2025,,,, Insurance Charges ,301016,,20,
ME-2025-0000836,301016,Insurance Charges, 403,01-07-2025,,,, Insurance Charges ,301016,,20,
ME-2025-0000845,301016,Insurance Charges, 404,01-07-2025,,,, Insurance Charges ,301016,,20,
ME-2025-0000855,301016,Insurance Charges, 501,01-07-2025,,,, Insurance Charges ,301016,,41,
ME-2025-0000865,301016,Insurance Charges, 502,01-07-2025,,,, Insurance Charges ,301016,,40,
ME-2025-0000875,301016,Insurance Charges, 601,01-07-2025,,,, Insurance Charges ,301016,,40,
ME-2025-0000885,301016,Insurance Charges, 602,01-07-2025,,,, Insurance Charges ,301016,,40,
ME-2025-0000895,301016,Insurance Charges, 701,01-07-2025,,,, Insurance Charges ,301016,,50,
ME-2025-0000904,301016,Insurance Charges, 702,01-07-2025,,,, Insurance Charges ,301016,,50,
ME-2025-0000925,301016,Insurance Charges, 401,01-07-2025,,,, Insurance Charges ,301016,,40,
ME-2025-0000953,301016,Insurance Charges, 101,01-08-2025,,,, Insurance Charges ,301016,,61,
ME-2025-0000962,301016,Insurance Charges, 102,01-08-2025,,,, Insurance Charges ,301016,,20,
ME-2025-0000971,301016,Insurance Charges, 201,01-08-2025,,,, Insurance Charges ,301016,,20,
ME-2025-0000981,301016,Insurance Charges, 202,01-08-2025,,,, Insurance Charges ,301016,,20,
ME-2025-0000992,301016,Insurance Charges, 203,01-08-2025,,,, Insurance Charges ,301016,,20,
ME-2025-0001002,301016,Insurance Charges, 204,01-08-2025,,,, Insurance Charges ,301016,,20,
ME-2025-0001011,301016,Insurance Charges, 301,01-08-2025,,,, Insurance Charges ,301016,,32,
ME-2025-0001020,301016,Insurance Charges, 302,01-08-2025,,,, Insurance Charges ,301016,,29,
ME-2025-0001029,301016,Insurance Charges, 303,01-08-2025,,,, Insurance Charges ,301016,,20,
ME-2025-0001040,301016,Insurance Charges, 401,01-08-2025,,,, Insurance Charges ,301016,,40,
ME-2025-0001051,301016,Insurance Charges, 403,01-08-2025,,,, Insurance Charges ,301016,,20,
ME-2025-0001061,301016,Insurance Charges, 404,01-08-2025,,,, Insurance Charges ,301016,,20,
ME-2025-0001072,301016,Insurance Charges, 501,01-08-2025,,,, Insurance Charges ,301016,,41,
ME-2025-0001083,301016,Insurance Charges, 502,01-08-2025,,,, Insurance Charges ,301016,,40,
ME-2025-0001094,301016,Insurance Charges, 601,01-08-2025,,,, Insurance Charges ,301016,,40,
ME-2025-0001105,301016,Insurance Charges, 602,01-08-2025,,,, Insurance Charges ,301016,,40,
ME-2025-0001116,301016,Insurance Charges, 701,01-08-2025,,,, Insurance Charges ,301016,,50,
ME-2025-0001126,301016,Insurance Charges, 702,01-08-2025,,,, Insurance Charges ,301016,,50,
ME-2025-0001160,301016,Insurance Charges, 101,01-09-2025,,,, Insurance Charges ,301016,,61,
ME-2025-0001169,301016,Insurance Charges, 102,01-09-2025,,,, Insurance Charges ,301016,,20,
ME-2025-0001178,301016,Insurance Charges, 201,01-09-2025,,,, Insurance Charges ,301016,,20,
ME-2025-0001189,301016,Insurance Charges, 202,01-09-2025,,,, Insurance Charges ,301016,,20,
ME-2025-0001201,301016,Insurance Charges, 203,01-09-2025,,,, Insurance Charges ,301016,,20,
ME-2025-0001212,301016,Insurance Charges, 204,01-09-2025,,,, Insurance Charges ,301016,,20,
ME-2025-0001222,301016,Insurance Charges, 301,01-09-2025,,,, Insurance Charges ,301016,,32,
ME-2025-0001231,301016,Insurance Charges, 302,01-09-2025,,,, Insurance Charges ,301016,,29,
ME-2025-0001240,301016,Insurance Charges, 303,01-09-2025,,,, Insurance Charges ,301016,,20,
ME-2025-0001251,301016,Insurance Charges, 401,01-09-2025,,,, Insurance Charges ,301016,,40,
ME-2025-0001263,301016,Insurance Charges, 403,01-09-2025,,,, Insurance Charges ,301016,,20,
ME-2025-0001273,301016,Insurance Charges, 404,01-09-2025,,,, Insurance Charges ,301016,,20,
ME-2025-0001284,301016,Insurance Charges, 501,01-09-2025,,,, Insurance Charges ,301016,,41,
ME-2025-0001295,301016,Insurance Charges, 502,01-09-2025,,,, Insurance Charges ,301016,,40,
ME-2025-0001306,301016,Insurance Charges, 601,01-09-2025,,,, Insurance Charges ,301016,,40,
ME-2025-0001317,301016,Insurance Charges, 602,01-09-2025,,,, Insurance Charges ,301016,,40,
ME-2025-0001328,301016,Insurance Charges, 701,01-09-2025,,,, Insurance Charges ,301016,,50,
ME-2025-0001338,301016,Insurance Charges, 702,01-09-2025,,,, Insurance Charges ,301016,,50,
ME-2025-0001369,301016,Insurance Charges, 101,01-10-2025,,,, Insurance Charges ,301016,,61,
ME-2025-0001378,301016,Insurance Charges, 102,01-10-2025,,,, Insurance Charges ,301016,,20,
ME-2025-0001387,301016,Insurance Charges, 201,01-10-2025,,,, Insurance Charges ,301016,,20,
ME-2025-0001398,301016,Insurance Charges, 202,01-10-2025,,,, Insurance Charges ,301016,,20,
ME-2025-0001409,301016,Insurance Charges, 203,01-10-2025,,,, Insurance Charges ,301016,,20,
ME-2025-0001420,301016,Insurance Charges, 204,01-10-2025,,,, Insurance Charges ,301016,,20,
ME-2025-0001430,301016,Insurance Charges, 301,01-10-2025,,,, Insurance Charges ,301016,,32,
ME-2025-0001439,301016,Insurance Charges, 302,01-10-2025,,,, Insurance Charges ,301016,,29,
ME-2025-0001449,301016,Insurance Charges, 303,01-10-2025,,,, Insurance Charges ,301016,,20,
ME-2025-0001459,301016,Insurance Charges, 401,01-10-2025,,,, Insurance Charges ,301016,,40,
ME-2025-0001471,301016,Insurance Charges, 403,01-10-2025,,,, Insurance Charges ,301016,,20,
ME-2025-0001481,301016,Insurance Charges, 404,01-10-2025,,,, Insurance Charges ,301016,,20,
ME-2025-0001492,301016,Insurance Charges, 501,01-10-2025,,,, Insurance Charges ,301016,,41,
ME-2025-0001503,301016,Insurance Charges, 502,01-10-2025,,,, Insurance Charges ,301016,,40,
ME-2025-0001514,301016,Insurance Charges, 601,01-10-2025,,,, Insurance Charges ,301016,,40,
ME-2025-0001525,301016,Insurance Charges, 602,01-10-2025,,,, Insurance Charges ,301016,,40,
ME-2025-0001536,301016,Insurance Charges, 701,01-10-2025,,,, Insurance Charges ,301016,,50,
ME-2025-0001546,301016,Insurance Charges, 702,01-10-2025,,,, Insurance Charges ,301016,,50,
ME-2025-0001574,301016,Insurance Charges, 101,01-11-2025,,,, Insurance Charges ,301016,,61,
ME-2025-0001583,301016,Insurance Charges, 102,01-11-2025,,,, Insurance Charges ,301016,,20,
ME-2025-0001591,301016,Insurance Charges, 201,01-11-2025,,,, Insurance Charges ,301016,,20,
ME-2025-0001600,301016,Insurance Charges, 202,01-11-2025,,,, Insurance Charges ,301016,,20,
ME-2025-0001610,301016,Insurance Charges, 203,01-11-2025,,,, Insurance Charges ,301016,,20,
ME-2025-0001620,301016,Insurance Charges, 204,01-11-2025,,,, Insurance Charges ,301016,,20,
ME-2025-0001629,301016,Insurance Charges, 301,01-11-2025,,,, Insurance Charges ,301016,,32,
ME-2025-0001638,301016,Insurance Charges, 302,01-11-2025,,,, Insurance Charges ,301016,,29,
ME-2025-0001648,301016,Insurance Charges, 303,01-11-2025,,,, Insurance Charges ,301016,,20,
ME-2025-0001658,301016,Insurance Charges, 401,01-11-2025,,,, Insurance Charges ,301016,,40,
ME-2025-0001669,301016,Insurance Charges, 403,01-11-2025,,,, Insurance Charges ,301016,,20,
ME-2025-0001678,301016,Insurance Charges, 404,01-11-2025,,,, Insurance Charges ,301016,,20,
ME-2025-0001688,301016,Insurance Charges, 501,01-11-2025,,,, Insurance Charges ,301016,,41,
ME-2025-0001698,301016,Insurance Charges, 502,01-11-2025,,,, Insurance Charges ,301016,,40,
ME-2025-0001708,301016,Insurance Charges, 601,01-11-2025,,,, Insurance Charges ,301016,,40,
ME-2025-0001718,301016,Insurance Charges, 602,01-11-2025,,,, Insurance Charges ,301016,,40,
ME-2025-0001728,301016,Insurance Charges, 701,01-11-2025,,,, Insurance Charges ,301016,,50,
ME-2025-0001737,301016,Insurance Charges, 702,01-11-2025,,,, Insurance Charges ,301016,,50,
ME-2025-0001770,301016,Insurance Charges, 101,01-12-2025,,,, Insurance Charges ,301016,,61,
ME-2025-0001779,301016,Insurance Charges, 102,01-12-2025,,,, Insurance Charges ,301016,,20,
ME-2025-0001787,301016,Insurance Charges, 201,01-12-2025,,,, Insurance Charges ,301016,,20,
ME-2025-0001797,301016,Insurance Charges, 202,01-12-2025,,,, Insurance Charges ,301016,,20,
ME-2025-0001807,301016,Insurance Charges, 203,01-12-2025,,,, Insurance Charges ,301016,,20,
ME-2025-0001816,301016,Insurance Charges, 204,01-12-2025,,,, Insurance Charges ,301016,,20,
ME-2025-0001825,301016,Insurance Charges, 301,01-12-2025,,,, Insurance Charges ,301016,,32,
ME-2025-0001834,301016,Insurance Charges, 302,01-12-2025,,,, Insurance Charges ,301016,,29,
ME-2025-0001845,301016,Insurance Charges, 303,01-12-2025,,,, Insurance Charges ,301016,,20,
ME-2025-0001854,301016,Insurance Charges, 401,01-12-2025,,,, Insurance Charges ,301016,,40,
ME-2025-0001864,301016,Insurance Charges, 403,01-12-2025,,,, Insurance Charges ,301016,,20,
ME-2025-0001873,301016,Insurance Charges, 404,01-12-2025,,,, Insurance Charges ,301016,,20,
ME-2025-0001883,301016,Insurance Charges, 501,01-12-2025,,,, Insurance Charges ,301016,,41,
ME-2025-0001893,301016,Insurance Charges, 502,01-12-2025,,,, Insurance Charges ,301016,,40,
ME-2025-0001903,301016,Insurance Charges, 601,01-12-2025,,,, Insurance Charges ,301016,,40,
ME-2025-0001913,301016,Insurance Charges, 602,01-12-2025,,,, Insurance Charges ,301016,,40,
ME-2025-0001923,301016,Insurance Charges, 701,01-12-2025,,,, Insurance Charges ,301016,,50,
ME-2025-0001932,301016,Insurance Charges, 702,01-12-2025,,,, Insurance Charges ,301016,,50,
ME-2025-0001968,301016,Insurance Charges, 101,01-01-2026,,,, Insurance Charges ,301016,,61,
ME-2025-0001977,301016,Insurance Charges, 102,01-01-2026,,,, Insurance Charges ,301016,,20,
ME-2025-0001985,301016,Insurance Charges, 201,01-01-2026,,,, Insurance Charges ,301016,,20,
ME-2025-0001995,301016,Insurance Charges, 202,01-01-2026,,,, Insurance Charges ,301016,,20,
ME-2025-0002006,301016,Insurance Charges, 203,01-01-2026,,,, Insurance Charges ,301016,,20,
ME-2025-0002015,301016,Insurance Charges, 204,01-01-2026,,,, Insurance Charges ,301016,,20,
ME-2025-0002024,301016,Insurance Charges, 301,01-01-2026,,,, Insurance Charges ,301016,,32,
ME-2025-0002033,301016,Insurance Charges, 302,01-01-2026,,,, Insurance Charges ,301016,,29,
ME-2025-0002044,301016,Insurance Charges, 303,01-01-2026,,,, Insurance Charges ,301016,,20,
ME-2025-0002054,301016,Insurance Charges, 401,01-01-2026,,,, Insurance Charges ,301016,,40,
ME-2025-0002063,301016,Insurance Charges, 403,01-01-2026,,,, Insurance Charges ,301016,,20,
ME-2025-0002072,301016,Insurance Charges, 404,01-01-2026,,,, Insurance Charges ,301016,,20,
ME-2025-0002082,301016,Insurance Charges, 501,01-01-2026,,,, Insurance Charges ,301016,,41,
ME-2025-0002093,301016,Insurance Charges, 502,01-01-2026,,,, Insurance Charges ,301016,,40,
ME-2025-0002103,301016,Insurance Charges, 601,01-01-2026,,,, Insurance Charges ,301016,,40,
ME-2025-0002113,301016,Insurance Charges, 602,01-01-2026,,,, Insurance Charges ,301016,,40,
ME-2025-0002123,301016,Insurance Charges, 701,01-01-2026,,,, Insurance Charges ,301016,,50,
ME-2025-0002132,301016,Insurance Charges, 702,01-01-2026,,,, Insurance Charges ,301016,,50,
ME-2025-0002166,301016,Insurance Charges, 101,01-02-2026,,,, Insurance Charges ,301016,,61,
ME-2025-0002175,301016,Insurance Charges, 102,01-02-2026,,,, Insurance Charges ,301016,,20,
ME-2025-0002183,301016,Insurance Charges, 201,01-02-2026,,,, Insurance Charges ,301016,,20,
ME-2025-0002193,301016,Insurance Charges, 202,01-02-2026,,,, Insurance Charges ,301016,,20,
ME-2025-0002204,301016,Insurance Charges, 203,01-02-2026,,,, Insurance Charges ,301016,,20,
ME-2025-0002213,301016,Insurance Charges, 204,01-02-2026,,,, Insurance Charges ,301016,,20,
ME-2025-0002222,301016,Insurance Charges, 301,01-02-2026,,,, Insurance Charges ,301016,,32,
ME-2025-0002231,301016,Insurance Charges, 302,01-02-2026,,,, Insurance Charges ,301016,,29,
ME-2025-0002243,301016,Insurance Charges, 303,01-02-2026,,,, Insurance Charges ,301016,,20,
ME-2025-0002252,301016,Insurance Charges, 403,01-02-2026,,,, Insurance Charges ,301016,,20,
ME-2025-0002261,301016,Insurance Charges, 404,01-02-2026,,,, Insurance Charges ,301016,,20,
ME-2025-0002271,301016,Insurance Charges, 501,01-02-2026,,,, Insurance Charges ,301016,,41,
ME-2025-0002283,301016,Insurance Charges, 502,01-02-2026,,,, Insurance Charges ,301016,,40,
ME-2025-0002294,301016,Insurance Charges, 601,01-02-2026,,,, Insurance Charges ,301016,,40,
ME-2025-0002305,301016,Insurance Charges, 602,01-02-2026,,,, Insurance Charges ,301016,,40,
ME-2025-0002315,301016,Insurance Charges, 701,01-02-2026,,,, Insurance Charges ,301016,,50,
ME-2025-0002324,301016,Insurance Charges, 702,01-02-2026,,,, Insurance Charges ,301016,,50,
ME-2025-0002334,301016,Insurance Charges, 401,01-02-2026,,,, Insurance Charges ,301016,,40,
ME-2025-0002364,301016,Insurance Charges, 101,01-03-2026,,,, Insurance Charges ,301016,,61,
ME-2025-0002373,301016,Insurance Charges, 102,01-03-2026,,,, Insurance Charges ,301016,,20,
ME-2025-0002381,301016,Insurance Charges, 201,01-03-2026,,,, Insurance Charges ,301016,,20,
ME-2025-0002390,301016,Insurance Charges, 202,01-03-2026,,,, Insurance Charges ,301016,,20,
ME-2025-0002401,301016,Insurance Charges, 203,01-03-2026,,,, Insurance Charges ,301016,,20,
ME-2025-0002410,301016,Insurance Charges, 204,01-03-2026,,,, Insurance Charges ,301016,,20,
ME-2025-0002419,301016,Insurance Charges, 301,01-03-2026,,,, Insurance Charges ,301016,,32,
ME-2025-0002428,301016,Insurance Charges, 302,01-03-2026,,,, Insurance Charges ,301016,,29,
ME-2025-0002439,301016,Insurance Charges, 303,01-03-2026,,,, Insurance Charges ,301016,,20,
ME-2025-0002449,301016,Insurance Charges, 401,01-03-2026,,,, Insurance Charges ,301016,,40,
ME-2025-0002460,301016,Insurance Charges, 403,01-03-2026,,,, Insurance Charges ,301016,,20,
ME-2025-0002469,301016,Insurance Charges, 404,01-03-2026,,,, Insurance Charges ,301016,,20,
ME-2025-0002479,301016,Insurance Charges, 501,01-03-2026,,,, Insurance Charges ,301016,,41,
ME-2025-0002490,301016,Insurance Charges, 502,01-03-2026,,,, Insurance Charges ,301016,,40,
ME-2025-0002501,301016,Insurance Charges, 601,01-03-2026,,,, Insurance Charges ,301016,,40,
ME-2025-0002511,301016,Insurance Charges, 602,01-03-2026,,,, Insurance Charges ,301016,,40,
ME-2025-0002521,301016,Insurance Charges, 701,01-03-2026,,,, Insurance Charges ,301016,,50,
ME-2025-0002530,301016,Insurance Charges, 702,01-03-2026,,,, Insurance Charges ,301016,,50,

"Balance : 6996(Credit)","","","","","","","","","","0","6996",

"Income - Members > Bldg Development Fund ( 301022 ) ",
"Journal No","Other GL No.","Other Account","Subledger","Posted Date","Comments","Instrument No.","Instrument Bank","Account Name","GL Account No.","Debit","Credit",
"","","","","","Opening Balance","",""," Bldg Development Fund ","301022","","",
ME-2025-0000001,301022,Bldg Development Fund, 101,01-04-2025,,,, Bldg Development Fund ,301022,,1592,
ME-2025-0000010,301022,Bldg Development Fund, 102,01-04-2025,,,, Bldg Development Fund ,301022,,510,
ME-2025-0000018,301022,Bldg Development Fund, 201,01-04-2025,,,, Bldg Development Fund ,301022,,504,
ME-2025-0000028,301022,Bldg Development Fund, 202,01-04-2025,,,, Bldg Development Fund ,301022,,560,
ME-2025-0000049,301022,Bldg Development Fund, 204,01-04-2025,,,, Bldg Development Fund ,301022,,510,
ME-2025-0000058,301022,Bldg Development Fund, 301,01-04-2025,,,, Bldg Development Fund ,301022,,826,
ME-2025-0000067,301022,Bldg Development Fund, 302,01-04-2025,,,, Bldg Development Fund ,301022,,766,
ME-2025-0000076,301022,Bldg Development Fund, 303,01-04-2025,,,, Bldg Development Fund ,301022,,510,
ME-2025-0000086,301022,Bldg Development Fund, 401,01-04-2025,,,, Bldg Development Fund ,301022,,1064,
ME-2025-0000096,301022,Bldg Development Fund, 403,01-04-2025,,,, Bldg Development Fund ,301022,,530,
ME-2025-0000105,301022,Bldg Development Fund, 404,01-04-2025,,,, Bldg Development Fund ,301022,,510,
ME-2025-0000170,301022,Bldg Development Fund, 702,01-04-2025,,,, Bldg Development Fund ,301022,,1236,
ME-2025-0000249,301022,Bldg Development Fund, 203,01-04-2025,,,, Bldg Development Fund ,301022,,510,
ME-2025-0000260,301022,Bldg Development Fund, 501,01-04-2025,,,, Bldg Development Fund ,301022,,1064,
ME-2025-0000271,301022,Bldg Development Fund, 502,01-04-2025,,,, Bldg Development Fund ,301022,,1020,
ME-2025-0000283,301022,Bldg Development Fund, 601,01-04-2025,,,, Bldg Development Fund ,301022,,1084,
ME-2025-0000294,301022,Bldg Development Fund, 602,01-04-2025,,,, Bldg Development Fund ,301022,,1020,
ME-2025-0000305,301022,Bldg Development Fund, 701,01-04-2025,,,, Bldg Development Fund ,301022,,1236,
ME-2025-0000332,301022,Bldg Development Fund, 101,01-05-2025,,,, Bldg Development Fund ,301022,,1592,
ME-2025-0000341,301022,Bldg Development Fund, 102,01-05-2025,,,, Bldg Development Fund ,301022,,510,
ME-2025-0000349,301022,Bldg Development Fund, 201,01-05-2025,,,, Bldg Development Fund ,301022,,504,
ME-2025-0000358,301022,Bldg Development Fund, 202,01-05-2025,,,, Bldg Development Fund ,301022,,560,
ME-2025-0000370,301022,Bldg Development Fund, 203,01-05-2025,,,, Bldg Development Fund ,301022,,510,
ME-2025-0000379,301022,Bldg Development Fund, 204,01-05-2025,,,, Bldg Development Fund ,301022,,510,
ME-2025-0000388,301022,Bldg Development Fund, 301,01-05-2025,,,, Bldg Development Fund ,301022,,826,
ME-2025-0000397,301022,Bldg Development Fund, 302,01-05-2025,,,, Bldg Development Fund ,301022,,766,
ME-2025-0000407,301022,Bldg Development Fund, 303,01-05-2025,,,, Bldg Development Fund ,301022,,510,
ME-2025-0000417,301022,Bldg Development Fund, 401,01-05-2025,,,, Bldg Development Fund ,301022,,1064,
ME-2025-0000426,301022,Bldg Development Fund, 403,01-05-2025,,,, Bldg Development Fund ,301022,,530,
ME-2025-0000435,301022,Bldg Development Fund, 404,01-05-2025,,,, Bldg Development Fund ,301022,,510,
ME-2025-0000446,301022,Bldg Development Fund, 501,01-05-2025,,,, Bldg Development Fund ,301022,,1064,
ME-2025-0000457,301022,Bldg Development Fund, 502,01-05-2025,,,, Bldg Development Fund ,301022,,1020,
ME-2025-0000480,301022,Bldg Development Fund, 602,01-05-2025,,,, Bldg Development Fund ,301022,,1020,
ME-2025-0000491,301022,Bldg Development Fund, 701,01-05-2025,,,, Bldg Development Fund ,301022,,1236,
ME-2025-0000500,301022,Bldg Development Fund, 702,01-05-2025,,,, Bldg Development Fund ,301022,,1236,
ME-2025-0000522,301022,Bldg Development Fund, 601,01-05-2025,,,, Bldg Development Fund ,301022,,1084,
ME-2025-0000554,301022,Bldg Development Fund, 101,01-06-2025,,,, Bldg Development Fund ,301022,,1592,
ME-2025-0000563,301022,Bldg Development Fund, 102,01-06-2025,,,, Bldg Development Fund ,301022,,510,
ME-2025-0000571,301022,Bldg Development Fund, 201,01-06-2025,,,, Bldg Development Fund ,301022,,504,
ME-2025-0000580,301022,Bldg Development Fund, 202,01-06-2025,,,, Bldg Development Fund ,301022,,560,
ME-2025-0000591,301022,Bldg Development Fund, 203,01-06-2025,,,, Bldg Development Fund ,301022,,510,
ME-2025-0000600,301022,Bldg Development Fund, 204,01-06-2025,,,, Bldg Development Fund ,301022,,510,
ME-2025-0000609,301022,Bldg Development Fund, 301,01-06-2025,,,, Bldg Development Fund ,301022,,826,
ME-2025-0000618,301022,Bldg Development Fund, 302,01-06-2025,,,, Bldg Development Fund ,301022,,766,
ME-2025-0000627,301022,Bldg Development Fund, 303,01-06-2025,,,, Bldg Development Fund ,301022,,510,
ME-2025-0000636,301022,Bldg Development Fund, 401,01-06-2025,,,, Bldg Development Fund ,301022,,1064,
ME-2025-0000646,301022,Bldg Development Fund, 403,01-06-2025,,,, Bldg Development Fund ,301022,,530,
ME-2025-0000655,301022,Bldg Development Fund, 404,01-06-2025,,,, Bldg Development Fund ,301022,,510,
ME-2025-0000665,301022,Bldg Development Fund, 501,01-06-2025,,,, Bldg Development Fund ,301022,,1064,
ME-2025-0000675,301022,Bldg Development Fund, 502,01-06-2025,,,, Bldg Development Fund ,301022,,1020,
ME-2025-0000685,301022,Bldg Development Fund, 601,01-06-2025,,,, Bldg Development Fund ,301022,,1084,
ME-2025-0000695,301022,Bldg Development Fund, 602,01-06-2025,,,, Bldg Development Fund ,301022,,1020,
ME-2025-0000705,301022,Bldg Development Fund, 701,01-06-2025,,,, Bldg Development Fund ,301022,,1236,
ME-2025-0000714,301022,Bldg Development Fund, 702,01-06-2025,,,, Bldg Development Fund ,301022,,1236,
ME-2025-0000742,301022,Bldg Development Fund, 101,01-07-2025,,,, Bldg Development Fund ,301022,,1592,
ME-2025-0000751,301022,Bldg Development Fund, 102,01-07-2025,,,, Bldg Development Fund ,301022,,510,
ME-2025-0000759,301022,Bldg Development Fund, 201,01-07-2025,,,, Bldg Development Fund ,301022,,504,
ME-2025-0000768,301022,Bldg Development Fund, 202,01-07-2025,,,, Bldg Development Fund ,301022,,560,
ME-2025-0000778,301022,Bldg Development Fund, 203,01-07-2025,,,, Bldg Development Fund ,301022,,510,
ME-2025-0000787,301022,Bldg Development Fund, 204,01-07-2025,,,, Bldg Development Fund ,301022,,510,
ME-2025-0000796,301022,Bldg Development Fund, 301,01-07-2025,,,, Bldg Development Fund ,301022,,826,
ME-2025-0000805,301022,Bldg Development Fund, 302,01-07-2025,,,, Bldg Development Fund ,301022,,766,
ME-2025-0000814,301022,Bldg Development Fund, 303,01-07-2025,,,, Bldg Development Fund ,301022,,510,
ME-2025-0000833,301022,Bldg Development Fund, 403,01-07-2025,,,, Bldg Development Fund ,301022,,530,
ME-2025-0000842,301022,Bldg Development Fund, 404,01-07-2025,,,, Bldg Development Fund ,301022,,510,
ME-2025-0000852,301022,Bldg Development Fund, 501,01-07-2025,,,, Bldg Development Fund ,301022,,1064,
ME-2025-0000862,301022,Bldg Development Fund, 502,01-07-2025,,,, Bldg Development Fund ,301022,,1020,
ME-2025-0000872,301022,Bldg Development Fund, 601,01-07-2025,,,, Bldg Development Fund ,301022,,1084,
ME-2025-0000882,301022,Bldg Development Fund, 602,01-07-2025,,,, Bldg Development Fund ,301022,,1020,
ME-2025-0000892,301022,Bldg Development Fund, 701,01-07-2025,,,, Bldg Development Fund ,301022,,1236,
ME-2025-0000901,301022,Bldg Development Fund, 702,01-07-2025,,,, Bldg Development Fund ,301022,,1236,
ME-2025-0000922,301022,Bldg Development Fund, 401,01-07-2025,,,, Bldg Development Fund ,301022,,1064,
ME-2025-0000950,301022,Bldg Development Fund, 101,01-08-2025,,,, Bldg Development Fund ,301022,,1592,
ME-2025-0000959,301022,Bldg Development Fund, 102,01-08-2025,,,, Bldg Development Fund ,301022,,510,
ME-2025-0000968,301022,Bldg Development Fund, 201,01-08-2025,,,, Bldg Development Fund ,301022,,504,
ME-2025-0000978,301022,Bldg Development Fund, 202,01-08-2025,,,, Bldg Development Fund ,301022,,560,
ME-2025-0000989,301022,Bldg Development Fund, 203,01-08-2025,,,, Bldg Development Fund ,301022,,510,
ME-2025-0000999,301022,Bldg Development Fund, 204,01-08-2025,,,, Bldg Development Fund ,301022,,510,
ME-2025-0001008,301022,Bldg Development Fund, 301,01-08-2025,,,, Bldg Development Fund ,301022,,826,
ME-2025-0001017,301022,Bldg Development Fund, 302,01-08-2025,,,, Bldg Development Fund ,301022,,766,
ME-2025-0001026,301022,Bldg Development Fund, 303,01-08-2025,,,, Bldg Development Fund ,301022,,510,
ME-2025-0001037,301022,Bldg Development Fund, 401,01-08-2025,,,, Bldg Development Fund ,301022,,1064,
ME-2025-0001048,301022,Bldg Development Fund, 403,01-08-2025,,,, Bldg Development Fund ,301022,,530,
ME-2025-0001058,301022,Bldg Development Fund, 404,01-08-2025,,,, Bldg Development Fund ,301022,,510,
ME-2025-0001069,301022,Bldg Development Fund, 501,01-08-2025,,,, Bldg Development Fund ,301022,,1064,
ME-2025-0001080,301022,Bldg Development Fund, 502,01-08-2025,,,, Bldg Development Fund ,301022,,1020,
ME-2025-0001091,301022,Bldg Development Fund, 601,01-08-2025,,,, Bldg Development Fund ,301022,,1084,
ME-2025-0001102,301022,Bldg Development Fund, 602,01-08-2025,,,, Bldg Development Fund ,301022,,1020,
ME-2025-0001113,301022,Bldg Development Fund, 701,01-08-2025,,,, Bldg Development Fund ,301022,,1236,
ME-2025-0001123,301022,Bldg Development Fund, 702,01-08-2025,,,, Bldg Development Fund ,301022,,1236,
ME-2025-0001157,301022,Bldg Development Fund, 101,01-09-2025,,,, Bldg Development Fund ,301022,,1592,
ME-2025-0001166,301022,Bldg Development Fund, 102,01-09-2025,,,, Bldg Development Fund ,301022,,510,
ME-2025-0001175,301022,Bldg Development Fund, 201,01-09-2025,,,, Bldg Development Fund ,301022,,504,
ME-2025-0001186,301022,Bldg Development Fund, 202,01-09-2025,,,, Bldg Development Fund ,301022,,560,
ME-2025-0001198,301022,Bldg Development Fund, 203,01-09-2025,,,, Bldg Development Fund ,301022,,510,
ME-2025-0001209,301022,Bldg Development Fund, 204,01-09-2025,,,, Bldg Development Fund ,301022,,510,
ME-2025-0001219,301022,Bldg Development Fund, 301,01-09-2025,,,, Bldg Development Fund ,301022,,826,
ME-2025-0001228,301022,Bldg Development Fund, 302,01-09-2025,,,, Bldg Development Fund ,301022,,766,
ME-2025-0001237,301022,Bldg Development Fund, 303,01-09-2025,,,, Bldg Development Fund ,301022,,510,
ME-2025-0001248,301022,Bldg Development Fund, 401,01-09-2025,,,, Bldg Development Fund ,301022,,1064,
ME-2025-0001260,301022,Bldg Development Fund, 403,01-09-2025,,,, Bldg Development Fund ,301022,,530,
ME-2025-0001270,301022,Bldg Development Fund, 404,01-09-2025,,,, Bldg Development Fund ,301022,,510,
ME-2025-0001281,301022,Bldg Development Fund, 501,01-09-2025,,,, Bldg Development Fund ,301022,,1064,
ME-2025-0001292,301022,Bldg Development Fund, 502,01-09-2025,,,, Bldg Development Fund ,301022,,1020,
ME-2025-0001303,301022,Bldg Development Fund, 601,01-09-2025,,,, Bldg Development Fund ,301022,,1084,
ME-2025-0001314,301022,Bldg Development Fund, 602,01-09-2025,,,, Bldg Development Fund ,301022,,1020,
ME-2025-0001325,301022,Bldg Development Fund, 701,01-09-2025,,,, Bldg Development Fund ,301022,,1236,
ME-2025-0001335,301022,Bldg Development Fund, 702,01-09-2025,,,, Bldg Development Fund ,301022,,1236,
ME-2025-0001366,301022,Bldg Development Fund, 101,01-10-2025,,,, Bldg Development Fund ,301022,,1592,
ME-2025-0001375,301022,Bldg Development Fund, 102,01-10-2025,,,, Bldg Development Fund ,301022,,510,
ME-2025-0001384,301022,Bldg Development Fund, 201,01-10-2025,,,, Bldg Development Fund ,301022,,504,
ME-2025-0001395,301022,Bldg Development Fund, 202,01-10-2025,,,, Bldg Development Fund ,301022,,560,
ME-2025-0001406,301022,Bldg Development Fund, 203,01-10-2025,,,, Bldg Development Fund ,301022,,510,
ME-2025-0001417,301022,Bldg Development Fund, 204,01-10-2025,,,, Bldg Development Fund ,301022,,510,
ME-2025-0001427,301022,Bldg Development Fund, 301,01-10-2025,,,, Bldg Development Fund ,301022,,826,
ME-2025-0001436,301022,Bldg Development Fund, 302,01-10-2025,,,, Bldg Development Fund ,301022,,766,
ME-2025-0001446,301022,Bldg Development Fund, 303,01-10-2025,,,, Bldg Development Fund ,301022,,510,
ME-2025-0001456,301022,Bldg Development Fund, 401,01-10-2025,,,, Bldg Development Fund ,301022,,1064,
ME-2025-0001468,301022,Bldg Development Fund, 403,01-10-2025,,,, Bldg Development Fund ,301022,,530,
ME-2025-0001478,301022,Bldg Development Fund, 404,01-10-2025,,,, Bldg Development Fund ,301022,,510,
ME-2025-0001489,301022,Bldg Development Fund, 501,01-10-2025,,,, Bldg Development Fund ,301022,,1064,
ME-2025-0001500,301022,Bldg Development Fund, 502,01-10-2025,,,, Bldg Development Fund ,301022,,1020,
ME-2025-0001511,301022,Bldg Development Fund, 601,01-10-2025,,,, Bldg Development Fund ,301022,,1084,
ME-2025-0001522,301022,Bldg Development Fund, 602,01-10-2025,,,, Bldg Development Fund ,301022,,1020,
ME-2025-0001533,301022,Bldg Development Fund, 701,01-10-2025,,,, Bldg Development Fund ,301022,,1236,
ME-2025-0001543,301022,Bldg Development Fund, 702,01-10-2025,,,, Bldg Development Fund ,301022,,1236,
ME-2025-0001571,301022,Bldg Development Fund, 101,01-11-2025,,,, Bldg Development Fund ,301022,,1592,
ME-2025-0001580,301022,Bldg Development Fund, 102,01-11-2025,,,, Bldg Development Fund ,301022,,510,
ME-2025-0001588,301022,Bldg Development Fund, 201,01-11-2025,,,, Bldg Development Fund ,301022,,504,
ME-2025-0001597,301022,Bldg Development Fund, 202,01-11-2025,,,, Bldg Development Fund ,301022,,560,
ME-2025-0001607,301022,Bldg Development Fund, 203,01-11-2025,,,, Bldg Development Fund ,301022,,510,
ME-2025-0001617,301022,Bldg Development Fund, 204,01-11-2025,,,, Bldg Development Fund ,301022,,510,
ME-2025-0001626,301022,Bldg Development Fund, 301,01-11-2025,,,, Bldg Development Fund ,301022,,826,
ME-2025-0001635,301022,Bldg Development Fund, 302,01-11-2025,,,, Bldg Development Fund ,301022,,766,
ME-2025-0001645,301022,Bldg Development Fund, 303,01-11-2025,,,, Bldg Development Fund ,301022,,510,
ME-2025-0001655,301022,Bldg Development Fund, 401,01-11-2025,,,, Bldg Development Fund ,301022,,1064,
ME-2025-0001666,301022,Bldg Development Fund, 403,01-11-2025,,,, Bldg Development Fund ,301022,,530,
ME-2025-0001675,301022,Bldg Development Fund, 404,01-11-2025,,,, Bldg Development Fund ,301022,,510,
ME-2025-0001685,301022,Bldg Development Fund, 501,01-11-2025,,,, Bldg Development Fund ,301022,,1064,
ME-2025-0001695,301022,Bldg Development Fund, 502,01-11-2025,,,, Bldg Development Fund ,301022,,1020,
ME-2025-0001705,301022,Bldg Development Fund, 601,01-11-2025,,,, Bldg Development Fund ,301022,,1084,
ME-2025-0001715,301022,Bldg Development Fund, 602,01-11-2025,,,, Bldg Development Fund ,301022,,1020,
ME-2025-0001725,301022,Bldg Development Fund, 701,01-11-2025,,,, Bldg Development Fund ,301022,,1236,
ME-2025-0001734,301022,Bldg Development Fund, 702,01-11-2025,,,, Bldg Development Fund ,301022,,1236,
ME-2025-0001767,301022,Bldg Development Fund, 101,01-12-2025,,,, Bldg Development Fund ,301022,,1592,
ME-2025-0001776,301022,Bldg Development Fund, 102,01-12-2025,,,, Bldg Development Fund ,301022,,510,
ME-2025-0001784,301022,Bldg Development Fund, 201,01-12-2025,,,, Bldg Development Fund ,301022,,504,
ME-2025-0001794,301022,Bldg Development Fund, 202,01-12-2025,,,, Bldg Development Fund ,301022,,560,
ME-2025-0001804,301022,Bldg Development Fund, 203,01-12-2025,,,, Bldg Development Fund ,301022,,510,
ME-2025-0001813,301022,Bldg Development Fund, 204,01-12-2025,,,, Bldg Development Fund ,301022,,510,
ME-2025-0001822,301022,Bldg Development Fund, 301,01-12-2025,,,, Bldg Development Fund ,301022,,826,
ME-2025-0001831,301022,Bldg Development Fund, 302,01-12-2025,,,, Bldg Development Fund ,301022,,766,
ME-2025-0001842,301022,Bldg Development Fund, 303,01-12-2025,,,, Bldg Development Fund ,301022,,510,
ME-2025-0001851,301022,Bldg Development Fund, 401,01-12-2025,,,, Bldg Development Fund ,301022,,1064,
ME-2025-0001861,301022,Bldg Development Fund, 403,01-12-2025,,,, Bldg Development Fund ,301022,,530,
ME-2025-0001870,301022,Bldg Development Fund, 404,01-12-2025,,,, Bldg Development Fund ,301022,,510,
ME-2025-0001880,301022,Bldg Development Fund, 501,01-12-2025,,,, Bldg Development Fund ,301022,,1064,
ME-2025-0001890,301022,Bldg Development Fund, 502,01-12-2025,,,, Bldg Development Fund ,301022,,1020,
ME-2025-0001900,301022,Bldg Development Fund, 601,01-12-2025,,,, Bldg Development Fund ,301022,,1084,
ME-2025-0001910,301022,Bldg Development Fund, 602,01-12-2025,,,, Bldg Development Fund ,301022,,1020,
ME-2025-0001920,301022,Bldg Development Fund, 701,01-12-2025,,,, Bldg Development Fund ,301022,,1236,
ME-2025-0001929,301022,Bldg Development Fund, 702,01-12-2025,,,, Bldg Development Fund ,301022,,1236,
ME-2025-0001965,301022,Bldg Development Fund, 101,01-01-2026,,,, Bldg Development Fund ,301022,,1592,
ME-2025-0001974,301022,Bldg Development Fund, 102,01-01-2026,,,, Bldg Development Fund ,301022,,510,
ME-2025-0001982,301022,Bldg Development Fund, 201,01-01-2026,,,, Bldg Development Fund ,301022,,504,
ME-2025-0001992,301022,Bldg Development Fund, 202,01-01-2026,,,, Bldg Development Fund ,301022,,560,
ME-2025-0002003,301022,Bldg Development Fund, 203,01-01-2026,,,, Bldg Development Fund ,301022,,510,
ME-2025-0002012,301022,Bldg Development Fund, 204,01-01-2026,,,, Bldg Development Fund ,301022,,510,
ME-2025-0002021,301022,Bldg Development Fund, 301,01-01-2026,,,, Bldg Development Fund ,301022,,826,
ME-2025-0002030,301022,Bldg Development Fund, 302,01-01-2026,,,, Bldg Development Fund ,301022,,766,
ME-2025-0002041,301022,Bldg Development Fund, 303,01-01-2026,,,, Bldg Development Fund ,301022,,510,
ME-2025-0002051,301022,Bldg Development Fund, 401,01-01-2026,,,, Bldg Development Fund ,301022,,1064,
ME-2025-0002060,301022,Bldg Development Fund, 403,01-01-2026,,,, Bldg Development Fund ,301022,,530,
ME-2025-0002069,301022,Bldg Development Fund, 404,01-01-2026,,,, Bldg Development Fund ,301022,,510,
ME-2025-0002079,301022,Bldg Development Fund, 501,01-01-2026,,,, Bldg Development Fund ,301022,,1064,
ME-2025-0002090,301022,Bldg Development Fund, 502,01-01-2026,,,, Bldg Development Fund ,301022,,1020,
ME-2025-0002100,301022,Bldg Development Fund, 601,01-01-2026,,,, Bldg Development Fund ,301022,,1084,
ME-2025-0002110,301022,Bldg Development Fund, 602,01-01-2026,,,, Bldg Development Fund ,301022,,1020,
ME-2025-0002120,301022,Bldg Development Fund, 701,01-01-2026,,,, Bldg Development Fund ,301022,,1236,
ME-2025-0002129,301022,Bldg Development Fund, 702,01-01-2026,,,, Bldg Development Fund ,301022,,1236,
ME-2025-0002163,301022,Bldg Development Fund, 101,01-02-2026,,,, Bldg Development Fund ,301022,,1592,
ME-2025-0002172,301022,Bldg Development Fund, 102,01-02-2026,,,, Bldg Development Fund ,301022,,510,
ME-2025-0002180,301022,Bldg Development Fund, 201,01-02-2026,,,, Bldg Development Fund ,301022,,504,
ME-2025-0002190,301022,Bldg Development Fund, 202,01-02-2026,,,, Bldg Development Fund ,301022,,560,
ME-2025-0002201,301022,Bldg Development Fund, 203,01-02-2026,,,, Bldg Development Fund ,301022,,510,
ME-2025-0002210,301022,Bldg Development Fund, 204,01-02-2026,,,, Bldg Development Fund ,301022,,510,
ME-2025-0002219,301022,Bldg Development Fund, 301,01-02-2026,,,, Bldg Development Fund ,301022,,826,
ME-2025-0002228,301022,Bldg Development Fund, 302,01-02-2026,,,, Bldg Development Fund ,301022,,766,
ME-2025-0002240,301022,Bldg Development Fund, 303,01-02-2026,,,, Bldg Development Fund ,301022,,510,
ME-2025-0002249,301022,Bldg Development Fund, 403,01-02-2026,,,, Bldg Development Fund ,301022,,530,
ME-2025-0002258,301022,Bldg Development Fund, 404,01-02-2026,,,, Bldg Development Fund ,301022,,510,
ME-2025-0002268,301022,Bldg Development Fund, 501,01-02-2026,,,, Bldg Development Fund ,301022,,1064,
ME-2025-0002280,301022,Bldg Development Fund, 502,01-02-2026,,,, Bldg Development Fund ,301022,,1020,
ME-2025-0002291,301022,Bldg Development Fund, 601,01-02-2026,,,, Bldg Development Fund ,301022,,1084,
ME-2025-0002302,301022,Bldg Development Fund, 602,01-02-2026,,,, Bldg Development Fund ,301022,,1020,
ME-2025-0002312,301022,Bldg Development Fund, 701,01-02-2026,,,, Bldg Development Fund ,301022,,1236,
ME-2025-0002321,301022,Bldg Development Fund, 702,01-02-2026,,,, Bldg Development Fund ,301022,,1236,
ME-2025-0002331,301022,Bldg Development Fund, 401,01-02-2026,,,, Bldg Development Fund ,301022,,1064,
ME-2025-0002361,301022,Bldg Development Fund, 101,01-03-2026,,,, Bldg Development Fund ,301022,,1592,
ME-2025-0002370,301022,Bldg Development Fund, 102,01-03-2026,,,, Bldg Development Fund ,301022,,510,
ME-2025-0002378,301022,Bldg Development Fund, 201,01-03-2026,,,, Bldg Development Fund ,301022,,504,
ME-2025-0002387,301022,Bldg Development Fund, 202,01-03-2026,,,, Bldg Development Fund ,301022,,560,
ME-2025-0002398,301022,Bldg Development Fund, 203,01-03-2026,,,, Bldg Development Fund ,301022,,510,
ME-2025-0002407,301022,Bldg Development Fund, 204,01-03-2026,,,, Bldg Development Fund ,301022,,510,
ME-2025-0002416,301022,Bldg Development Fund, 301,01-03-2026,,,, Bldg Development Fund ,301022,,826,
ME-2025-0002425,301022,Bldg Development Fund, 302,01-03-2026,,,, Bldg Development Fund ,301022,,766,
ME-2025-0002436,301022,Bldg Development Fund, 303,01-03-2026,,,, Bldg Development Fund ,301022,,510,
ME-2025-0002446,301022,Bldg Development Fund, 401,01-03-2026,,,, Bldg Development Fund ,301022,,1064,
ME-2025-0002457,301022,Bldg Development Fund, 403,01-03-2026,,,, Bldg Development Fund ,301022,,530,
ME-2025-0002466,301022,Bldg Development Fund, 404,01-03-2026,,,, Bldg Development Fund ,301022,,510,
ME-2025-0002476,301022,Bldg Development Fund, 501,01-03-2026,,,, Bldg Development Fund ,301022,,1064,
ME-2025-0002487,301022,Bldg Development Fund, 502,01-03-2026,,,, Bldg Development Fund ,301022,,1020,
ME-2025-0002498,301022,Bldg Development Fund, 601,01-03-2026,,,, Bldg Development Fund ,301022,,1084,
ME-2025-0002508,301022,Bldg Development Fund, 602,01-03-2026,,,, Bldg Development Fund ,301022,,1020,
ME-2025-0002518,301022,Bldg Development Fund, 701,01-03-2026,,,, Bldg Development Fund ,301022,,1236,
ME-2025-0002527,301022,Bldg Development Fund, 702,01-03-2026,,,, Bldg Development Fund ,301022,,1236,
JE-2025-0000071,301022,Bldg Development Fund,,31-03-2026,Being contribution trf to liab FY 25-26,,, Bldg Development Fund ,301022,180624.00,,

"","","","","","","","","","","180624","180624",

"Income - Members > 4W Parking Charges ( 301033 ) ",
"Journal No","Other GL No.","Other Account","Subledger","Posted Date","Comments","Instrument No.","Instrument Bank","Account Name","GL Account No.","Debit","Credit",
"","","","","","Opening Balance","",""," 4W Parking Charges ","301033","","",
ME-2025-0000085,301033,4W Parking Charges, 401,01-04-2025,,,, 4W Parking Charges ,301033,,2000,
ME-2025-0000247,301033,4W Parking Charges, 203,01-04-2025,,,, 4W Parking Charges ,301033,,600,
ME-2025-0000269,301033,4W Parking Charges, 502,01-04-2025,,,, 4W Parking Charges ,301033,,600,
ME-2025-0000281,301033,4W Parking Charges, 601,01-04-2025,,,, 4W Parking Charges ,301033,,600,
ME-2025-0000368,301033,4W Parking Charges, 203,01-05-2025,,,, 4W Parking Charges ,301033,,600,
ME-2025-0000416,301033,4W Parking Charges, 401,01-05-2025,,,, 4W Parking Charges ,301033,,2000,
ME-2025-0000455,301033,4W Parking Charges, 502,01-05-2025,,,, 4W Parking Charges ,301033,,600,
ME-2025-0000590,301033,4W Parking Charges, 203,01-06-2025,,,, 4W Parking Charges ,301033,,600,
ME-2025-0000635,301033,4W Parking Charges, 401,01-06-2025,,,, 4W Parking Charges ,301033,,2000,
ME-2025-0000674,301033,4W Parking Charges, 502,01-06-2025,,,, 4W Parking Charges ,301033,,600,
ME-2025-0000777,301033,4W Parking Charges, 203,01-07-2025,,,, 4W Parking Charges ,301033,,600,
ME-2025-0000861,301033,4W Parking Charges, 502,01-07-2025,,,, 4W Parking Charges ,301033,,600,
ME-2025-0000920,301033,4W Parking Charges, 401,01-07-2025,,,, 4W Parking Charges ,301033,,2000,
ME-2025-0000987,301033,4W Parking Charges, 203,01-08-2025,,,, 4W Parking Charges ,301033,,600,
ME-2025-0001035,301033,4W Parking Charges, 401,01-08-2025,,,, 4W Parking Charges ,301033,,2000,
ME-2025-0001078,301033,4W Parking Charges, 502,01-08-2025,,,, 4W Parking Charges ,301033,,600,
ME-2025-0001196,301033,4W Parking Charges, 203,01-09-2025,,,, 4W Parking Charges ,301033,,600,
ME-2025-0001246,301033,4W Parking Charges, 401,01-09-2025,,,, 4W Parking Charges ,301033,,2000,
ME-2025-0001290,301033,4W Parking Charges, 502,01-09-2025,,,, 4W Parking Charges ,301033,,600,
ME-2025-0001404,301033,4W Parking Charges, 203,01-10-2025,,,, 4W Parking Charges ,301033,,600,
ME-2025-0001445,301033,4W Parking Charges, 303,01-10-2025,,,, 4W Parking Charges ,301033,,600,
ME-2025-0001454,301033,4W Parking Charges, 401,01-10-2025,,,, 4W Parking Charges ,301033,,2000,
ME-2025-0001498,301033,4W Parking Charges, 502,01-10-2025,,,, 4W Parking Charges ,301033,,600,
ME-2025-0001606,301033,4W Parking Charges, 203,01-11-2025,,,, 4W Parking Charges ,301033,,600,
ME-2025-0001644,301033,4W Parking Charges, 303,01-11-2025,,,, 4W Parking Charges ,301033,,600,
ME-2025-0001654,301033,4W Parking Charges, 401,01-11-2025,,,, 4W Parking Charges ,301033,,2000,
ME-2025-0001694,301033,4W Parking Charges, 502,01-11-2025,,,, 4W Parking Charges ,301033,,600,
ME-2025-0001803,301033,4W Parking Charges, 203,01-12-2025,,,, 4W Parking Charges ,301033,,600,
ME-2025-0001841,301033,4W Parking Charges, 303,01-12-2025,,,, 4W Parking Charges ,301033,,600,
ME-2025-0001889,301033,4W Parking Charges, 502,01-12-2025,,,, 4W Parking Charges ,301033,,600,
ME-2025-0002002,301033,4W Parking Charges, 203,01-01-2026,,,, 4W Parking Charges ,301033,,600,
ME-2025-0002040,301033,4W Parking Charges, 303,01-01-2026,,,, 4W Parking Charges ,301033,,600,
ME-2025-0002050,301033,4W Parking Charges, 401,01-01-2026,,,, 4W Parking Charges ,301033,,2600,
ME-2025-0002089,301033,4W Parking Charges, 502,01-01-2026,,,, 4W Parking Charges ,301033,,600,
ME-2025-0002200,301033,4W Parking Charges, 203,01-02-2026,,,, 4W Parking Charges ,301033,,600,
ME-2025-0002238,301033,4W Parking Charges, 303,01-02-2026,,,, 4W Parking Charges ,301033,,600,
ME-2025-0002278,301033,4W Parking Charges, 502,01-02-2026,,,, 4W Parking Charges ,301033,,600,
ME-2025-0002330,301033,4W Parking Charges, 401,01-02-2026,,,, 4W Parking Charges ,301033,,2600,
ME-2025-0002397,301033,4W Parking Charges, 203,01-03-2026,,,, 4W Parking Charges ,301033,,600,
ME-2025-0002435,301033,4W Parking Charges, 303,01-03-2026,,,, 4W Parking Charges ,301033,,600,
ME-2025-0002445,301033,4W Parking Charges, 401,01-03-2026,,,, 4W Parking Charges ,301033,,2600,
ME-2025-0002486,301033,4W Parking Charges, 502,01-03-2026,,,, 4W Parking Charges ,301033,,600,
JE-2025-0000066,301033,4W Parking Charges,,01-04-2025,Being credit note given for parking charges to be removed,,, 4W Parking Charges ,301033,600.00,,

"Balance : 41800(Credit)","","","","","","","","","","600","42400",

"Income - Members > 4W Stilt Parking Charges ( 301035 ) ",
"Journal No","Other GL No.","Other Account","Subledger","Posted Date","Comments","Instrument No.","Instrument Bank","Account Name","GL Account No.","Debit","Credit",
"","","","","","Opening Balance","",""," 4W Stilt Parking Charges ","301035","","",
ME-2025-0000258,301035,4W Stilt Parking Charges, 501,01-04-2025,,,, 4W Stilt Parking Charges ,301035,,200,
ME-2025-0000282,301035,4W Stilt Parking Charges, 601,01-04-2025,,,, 4W Stilt Parking Charges ,301035,,200,
ME-2025-0000444,301035,4W Stilt Parking Charges, 501,01-05-2025,,,, 4W Stilt Parking Charges ,301035,,200,
ME-2025-0000521,301035,4W Stilt Parking Charges, 601,01-05-2025,,,, 4W Stilt Parking Charges ,301035,,200,
ME-2025-0000664,301035,4W Stilt Parking Charges, 501,01-06-2025,,,, 4W Stilt Parking Charges ,301035,,200,
ME-2025-0000684,301035,4W Stilt Parking Charges, 601,01-06-2025,,,, 4W Stilt Parking Charges ,301035,,200,
ME-2025-0000851,301035,4W Stilt Parking Charges, 501,01-07-2025,,,, 4W Stilt Parking Charges ,301035,,200,
ME-2025-0000871,301035,4W Stilt Parking Charges, 601,01-07-2025,,,, 4W Stilt Parking Charges ,301035,,200,
ME-2025-0001067,301035,4W Stilt Parking Charges, 501,01-08-2025,,,, 4W Stilt Parking Charges ,301035,,200,
ME-2025-0001089,301035,4W Stilt Parking Charges, 601,01-08-2025,,,, 4W Stilt Parking Charges ,301035,,200,
ME-2025-0001279,301035,4W Stilt Parking Charges, 501,01-09-2025,,,, 4W Stilt Parking Charges ,301035,,200,
ME-2025-0001301,301035,4W Stilt Parking Charges, 601,01-09-2025,,,, 4W Stilt Parking Charges ,301035,,200,
ME-2025-0001487,301035,4W Stilt Parking Charges, 501,01-10-2025,,,, 4W Stilt Parking Charges ,301035,,200,
ME-2025-0001509,301035,4W Stilt Parking Charges, 601,01-10-2025,,,, 4W Stilt Parking Charges ,301035,,200,
ME-2025-0001684,301035,4W Stilt Parking Charges, 501,01-11-2025,,,, 4W Stilt Parking Charges ,301035,,200,
ME-2025-0001704,301035,4W Stilt Parking Charges, 601,01-11-2025,,,, 4W Stilt Parking Charges ,301035,,200,
ME-2025-0001879,301035,4W Stilt Parking Charges, 501,01-12-2025,,,, 4W Stilt Parking Charges ,301035,,200,
ME-2025-0001899,301035,4W Stilt Parking Charges, 601,01-12-2025,,,, 4W Stilt Parking Charges ,301035,,200,
ME-2025-0002078,301035,4W Stilt Parking Charges, 501,01-01-2026,,,, 4W Stilt Parking Charges ,301035,,200,
ME-2025-0002099,301035,4W Stilt Parking Charges, 601,01-01-2026,,,, 4W Stilt Parking Charges ,301035,,200,
ME-2025-0002267,301035,4W Stilt Parking Charges, 501,01-02-2026,,,, 4W Stilt Parking Charges ,301035,,200,
ME-2025-0002290,301035,4W Stilt Parking Charges, 601,01-02-2026,,,, 4W Stilt Parking Charges ,301035,,200,
ME-2025-0002475,301035,4W Stilt Parking Charges, 501,01-03-2026,,,, 4W Stilt Parking Charges ,301035,,200,
ME-2025-0002497,301035,4W Stilt Parking Charges, 601,01-03-2026,,,, 4W Stilt Parking Charges ,301035,,200,

"Balance : 4800(Credit)","","","","","","","","","","0","4800",

"Income - Members > Property Tax ( 303001 ) ",
"Journal No","Other GL No.","Other Account","Subledger","Posted Date","Comments","Instrument No.","Instrument Bank","Account Name","GL Account No.","Debit","Credit",
"","","","","","Opening Balance","",""," Property Tax ","303001","","",
ME-2025-0000005,303001,Property Tax, 101,01-04-2025,,,, Property Tax ,303001,,1781,
ME-2025-0000022,303001,Property Tax, 201,01-04-2025,,,, Property Tax ,303001,,485,
ME-2025-0000032,303001,Property Tax, 202,01-04-2025,,,, Property Tax ,303001,,485,
ME-2025-0000053,303001,Property Tax, 204,01-04-2025,,,, Property Tax ,303001,,471,
ME-2025-0000062,303001,Property Tax, 301,01-04-2025,,,, Property Tax ,303001,,1099,
ME-2025-0000071,303001,Property Tax, 302,01-04-2025,,,, Property Tax ,303001,,948,
ME-2025-0000090,303001,Property Tax, 401,01-04-2025,,,, Property Tax ,303001,,969,
ME-2025-0000100,303001,Property Tax, 403,01-04-2025,,,, Property Tax ,303001,,471,
ME-2025-0000109,303001,Property Tax, 404,01-04-2025,,,, Property Tax ,303001,,471,
ME-2025-0000174,303001,Property Tax, 702,01-04-2025,,,, Property Tax ,303001,,1048,
ME-2025-0000253,303001,Property Tax, 203,01-04-2025,,,, Property Tax ,303001,,471,
ME-2025-0000264,303001,Property Tax, 501,01-04-2025,,,, Property Tax ,303001,,1078,
ME-2025-0000275,303001,Property Tax, 502,01-04-2025,,,, Property Tax ,303001,,988,
ME-2025-0000287,303001,Property Tax, 601,01-04-2025,,,, Property Tax ,303001,,1078,
ME-2025-0000298,303001,Property Tax, 602,01-04-2025,,,, Property Tax ,303001,,1018,
ME-2025-0000309,303001,Property Tax, 701,01-04-2025,,,, Property Tax ,303001,,1080,
ME-2025-0000336,303001,Property Tax, 101,01-05-2025,,,, Property Tax ,303001,,1781,
ME-2025-0000353,303001,Property Tax, 201,01-05-2025,,,, Property Tax ,303001,,485,
ME-2025-0000362,303001,Property Tax, 202,01-05-2025,,,, Property Tax ,303001,,485,
ME-2025-0000374,303001,Property Tax, 203,01-05-2025,,,, Property Tax ,303001,,471,
ME-2025-0000383,303001,Property Tax, 204,01-05-2025,,,, Property Tax ,303001,,471,
ME-2025-0000392,303001,Property Tax, 301,01-05-2025,,,, Property Tax ,303001,,1099,
ME-2025-0000401,303001,Property Tax, 302,01-05-2025,,,, Property Tax ,303001,,948,
ME-2025-0000421,303001,Property Tax, 401,01-05-2025,,,, Property Tax ,303001,,969,
ME-2025-0000430,303001,Property Tax, 403,01-05-2025,,,, Property Tax ,303001,,471,
ME-2025-0000439,303001,Property Tax, 404,01-05-2025,,,, Property Tax ,303001,,471,
ME-2025-0000450,303001,Property Tax, 501,01-05-2025,,,, Property Tax ,303001,,1078,
ME-2025-0000461,303001,Property Tax, 502,01-05-2025,,,, Property Tax ,303001,,988,
ME-2025-0000484,303001,Property Tax, 602,01-05-2025,,,, Property Tax ,303001,,1018,
ME-2025-0000495,303001,Property Tax, 701,01-05-2025,,,, Property Tax ,303001,,1080,
ME-2025-0000504,303001,Property Tax, 702,01-05-2025,,,, Property Tax ,303001,,1048,
ME-2025-0000526,303001,Property Tax, 601,01-05-2025,,,, Property Tax ,303001,,1078,
ME-2025-0000558,303001,Property Tax, 101,01-06-2025,,,, Property Tax ,303001,,1781,
ME-2025-0000575,303001,Property Tax, 201,01-06-2025,,,, Property Tax ,303001,,485,
ME-2025-0000584,303001,Property Tax, 202,01-06-2025,,,, Property Tax ,303001,,485,
ME-2025-0000595,303001,Property Tax, 203,01-06-2025,,,, Property Tax ,303001,,471,
ME-2025-0000604,303001,Property Tax, 204,01-06-2025,,,, Property Tax ,303001,,471,
ME-2025-0000613,303001,Property Tax, 301,01-06-2025,,,, Property Tax ,303001,,1099,
ME-2025-0000622,303001,Property Tax, 302,01-06-2025,,,, Property Tax ,303001,,948,
ME-2025-0000640,303001,Property Tax, 401,01-06-2025,,,, Property Tax ,303001,,969,
ME-2025-0000650,303001,Property Tax, 403,01-06-2025,,,, Property Tax ,303001,,471,
ME-2025-0000659,303001,Property Tax, 404,01-06-2025,,,, Property Tax ,303001,,471,
ME-2025-0000669,303001,Property Tax, 501,01-06-2025,,,, Property Tax ,303001,,1078,
ME-2025-0000679,303001,Property Tax, 502,01-06-2025,,,, Property Tax ,303001,,988,
ME-2025-0000689,303001,Property Tax, 601,01-06-2025,,,, Property Tax ,303001,,1078,
ME-2025-0000699,303001,Property Tax, 602,01-06-2025,,,, Property Tax ,303001,,1018,
ME-2025-0000709,303001,Property Tax, 701,01-06-2025,,,, Property Tax ,303001,,1080,
ME-2025-0000718,303001,Property Tax, 702,01-06-2025,,,, Property Tax ,303001,,1048,
ME-2025-0000746,303001,Property Tax, 101,01-07-2025,,,, Property Tax ,303001,,1781,
ME-2025-0000763,303001,Property Tax, 201,01-07-2025,,,, Property Tax ,303001,,485,
ME-2025-0000772,303001,Property Tax, 202,01-07-2025,,,, Property Tax ,303001,,485,
ME-2025-0000782,303001,Property Tax, 203,01-07-2025,,,, Property Tax ,303001,,471,
ME-2025-0000791,303001,Property Tax, 204,01-07-2025,,,, Property Tax ,303001,,471,
ME-2025-0000800,303001,Property Tax, 301,01-07-2025,,,, Property Tax ,303001,,1099,
ME-2025-0000809,303001,Property Tax, 302,01-07-2025,,,, Property Tax ,303001,,948,
ME-2025-0000837,303001,Property Tax, 403,01-07-2025,,,, Property Tax ,303001,,471,
ME-2025-0000846,303001,Property Tax, 404,01-07-2025,,,, Property Tax ,303001,,471,
ME-2025-0000856,303001,Property Tax, 501,01-07-2025,,,, Property Tax ,303001,,1078,
ME-2025-0000866,303001,Property Tax, 502,01-07-2025,,,, Property Tax ,303001,,988,
ME-2025-0000876,303001,Property Tax, 601,01-07-2025,,,, Property Tax ,303001,,1078,
ME-2025-0000886,303001,Property Tax, 602,01-07-2025,,,, Property Tax ,303001,,1018,
ME-2025-0000896,303001,Property Tax, 701,01-07-2025,,,, Property Tax ,303001,,1080,
ME-2025-0000905,303001,Property Tax, 702,01-07-2025,,,, Property Tax ,303001,,1048,
ME-2025-0000926,303001,Property Tax, 401,01-07-2025,,,, Property Tax ,303001,,969,
ME-2025-0000954,303001,Property Tax, 101,01-08-2025,,,, Property Tax ,303001,,2063,
ME-2025-0000972,303001,Property Tax, 201,01-08-2025,,,, Property Tax ,303001,,655,
ME-2025-0000982,303001,Property Tax, 202,01-08-2025,,,, Property Tax ,303001,,655,
ME-2025-0000993,303001,Property Tax, 203,01-08-2025,,,, Property Tax ,303001,,636,
ME-2025-0001003,303001,Property Tax, 204,01-08-2025,,,, Property Tax ,303001,,636,
ME-2025-0001012,303001,Property Tax, 301,01-08-2025,,,, Property Tax ,303001,,1048,
ME-2025-0001021,303001,Property Tax, 302,01-08-2025,,,, Property Tax ,303001,,904,
ME-2025-0001041,303001,Property Tax, 401,01-08-2025,,,, Property Tax ,303001,,1309,
ME-2025-0001052,303001,Property Tax, 403,01-08-2025,,,, Property Tax ,303001,,636,
ME-2025-0001062,303001,Property Tax, 404,01-08-2025,,,, Property Tax ,303001,,636,
ME-2025-0001073,303001,Property Tax, 501,01-08-2025,,,, Property Tax ,303001,,1456,
ME-2025-0001084,303001,Property Tax, 502,01-08-2025,,,, Property Tax ,303001,,1335,
ME-2025-0001095,303001,Property Tax, 601,01-08-2025,,,, Property Tax ,303001,,1456,
ME-2025-0001106,303001,Property Tax, 602,01-08-2025,,,, Property Tax ,303001,,1375,
ME-2025-0001117,303001,Property Tax, 701,01-08-2025,,,, Property Tax ,303001,,1459,
ME-2025-0001127,303001,Property Tax, 702,01-08-2025,,,, Property Tax ,303001,,1415,
ME-2025-0001161,303001,Property Tax, 101,01-09-2025,,,, Property Tax ,303001,,2063,
ME-2025-0001179,303001,Property Tax, 201,01-09-2025,,,, Property Tax ,303001,,655,
ME-2025-0001190,303001,Property Tax, 202,01-09-2025,,,, Property Tax ,303001,,655,
ME-2025-0001202,303001,Property Tax, 203,01-09-2025,,,, Property Tax ,303001,,636,
ME-2025-0001213,303001,Property Tax, 204,01-09-2025,,,, Property Tax ,303001,,636,
ME-2025-0001223,303001,Property Tax, 301,01-09-2025,,,, Property Tax ,303001,,1048,
ME-2025-0001232,303001,Property Tax, 302,01-09-2025,,,, Property Tax ,303001,,904,
ME-2025-0001252,303001,Property Tax, 401,01-09-2025,,,, Property Tax ,303001,,1309,
ME-2025-0001264,303001,Property Tax, 403,01-09-2025,,,, Property Tax ,303001,,636,
ME-2025-0001274,303001,Property Tax, 404,01-09-2025,,,, Property Tax ,303001,,636,
ME-2025-0001285,303001,Property Tax, 501,01-09-2025,,,, Property Tax ,303001,,1456,
ME-2025-0001296,303001,Property Tax, 502,01-09-2025,,,, Property Tax ,303001,,1335,
ME-2025-0001307,303001,Property Tax, 601,01-09-2025,,,, Property Tax ,303001,,1456,
ME-2025-0001318,303001,Property Tax, 602,01-09-2025,,,, Property Tax ,303001,,1375,
ME-2025-0001329,303001,Property Tax, 701,01-09-2025,,,, Property Tax ,303001,,1459,
ME-2025-0001339,303001,Property Tax, 702,01-09-2025,,,, Property Tax ,303001,,1415,
ME-2025-0001370,303001,Property Tax, 101,01-10-2025,,,, Property Tax ,303001,,2063,
ME-2025-0001388,303001,Property Tax, 201,01-10-2025,,,, Property Tax ,303001,,655,
ME-2025-0001399,303001,Property Tax, 202,01-10-2025,,,, Property Tax ,303001,,655,
ME-2025-0001410,303001,Property Tax, 203,01-10-2025,,,, Property Tax ,303001,,636,
ME-2025-0001421,303001,Property Tax, 204,01-10-2025,,,, Property Tax ,303001,,636,
ME-2025-0001431,303001,Property Tax, 301,01-10-2025,,,, Property Tax ,303001,,1048,
ME-2025-0001440,303001,Property Tax, 302,01-10-2025,,,, Property Tax ,303001,,904,
ME-2025-0001460,303001,Property Tax, 401,01-10-2025,,,, Property Tax ,303001,,1309,
ME-2025-0001472,303001,Property Tax, 403,01-10-2025,,,, Property Tax ,303001,,636,
ME-2025-0001482,303001,Property Tax, 404,01-10-2025,,,, Property Tax ,303001,,636,
ME-2025-0001493,303001,Property Tax, 501,01-10-2025,,,, Property Tax ,303001,,1456,
ME-2025-0001504,303001,Property Tax, 502,01-10-2025,,,, Property Tax ,303001,,1335,
ME-2025-0001515,303001,Property Tax, 601,01-10-2025,,,, Property Tax ,303001,,1456,
ME-2025-0001526,303001,Property Tax, 602,01-10-2025,,,, Property Tax ,303001,,1375,
ME-2025-0001537,303001,Property Tax, 701,01-10-2025,,,, Property Tax ,303001,,1459,
ME-2025-0001547,303001,Property Tax, 702,01-10-2025,,,, Property Tax ,303001,,1415,
ME-2025-0001575,303001,Property Tax, 101,01-11-2025,,,, Property Tax ,303001,,2063,
ME-2025-0001592,303001,Property Tax, 201,01-11-2025,,,, Property Tax ,303001,,655,
ME-2025-0001601,303001,Property Tax, 202,01-11-2025,,,, Property Tax ,303001,,655,
ME-2025-0001611,303001,Property Tax, 203,01-11-2025,,,, Property Tax ,303001,,636,
ME-2025-0001621,303001,Property Tax, 204,01-11-2025,,,, Property Tax ,303001,,636,
ME-2025-0001630,303001,Property Tax, 301,01-11-2025,,,, Property Tax ,303001,,1048,
ME-2025-0001639,303001,Property Tax, 302,01-11-2025,,,, Property Tax ,303001,,904,
ME-2025-0001659,303001,Property Tax, 401,01-11-2025,,,, Property Tax ,303001,,1309,
ME-2025-0001670,303001,Property Tax, 403,01-11-2025,,,, Property Tax ,303001,,636,
ME-2025-0001679,303001,Property Tax, 404,01-11-2025,,,, Property Tax ,303001,,636,
ME-2025-0001689,303001,Property Tax, 501,01-11-2025,,,, Property Tax ,303001,,1456,
ME-2025-0001699,303001,Property Tax, 502,01-11-2025,,,, Property Tax ,303001,,1335,
ME-2025-0001709,303001,Property Tax, 601,01-11-2025,,,, Property Tax ,303001,,1456,
ME-2025-0001719,303001,Property Tax, 602,01-11-2025,,,, Property Tax ,303001,,1375,
ME-2025-0001729,303001,Property Tax, 701,01-11-2025,,,, Property Tax ,303001,,1459,
ME-2025-0001738,303001,Property Tax, 702,01-11-2025,,,, Property Tax ,303001,,1415,
ME-2025-0001771,303001,Property Tax, 101,01-12-2025,,,, Property Tax ,303001,,2063,
ME-2025-0001788,303001,Property Tax, 201,01-12-2025,,,, Property Tax ,303001,,655,
ME-2025-0001798,303001,Property Tax, 202,01-12-2025,,,, Property Tax ,303001,,655,
ME-2025-0001808,303001,Property Tax, 203,01-12-2025,,,, Property Tax ,303001,,636,
ME-2025-0001817,303001,Property Tax, 204,01-12-2025,,,, Property Tax ,303001,,636,
ME-2025-0001826,303001,Property Tax, 301,01-12-2025,,,, Property Tax ,303001,,1048,
ME-2025-0001835,303001,Property Tax, 302,01-12-2025,,,, Property Tax ,303001,,904,
ME-2025-0001855,303001,Property Tax, 401,01-12-2025,,,, Property Tax ,303001,,1309,
ME-2025-0001865,303001,Property Tax, 403,01-12-2025,,,, Property Tax ,303001,,636,
ME-2025-0001874,303001,Property Tax, 404,01-12-2025,,,, Property Tax ,303001,,636,
ME-2025-0001884,303001,Property Tax, 501,01-12-2025,,,, Property Tax ,303001,,1456,
ME-2025-0001894,303001,Property Tax, 502,01-12-2025,,,, Property Tax ,303001,,1335,
ME-2025-0001904,303001,Property Tax, 601,01-12-2025,,,, Property Tax ,303001,,1456,
ME-2025-0001914,303001,Property Tax, 602,01-12-2025,,,, Property Tax ,303001,,1375,
ME-2025-0001924,303001,Property Tax, 701,01-12-2025,,,, Property Tax ,303001,,1459,
ME-2025-0001933,303001,Property Tax, 702,01-12-2025,,,, Property Tax ,303001,,1415,
ME-2025-0001969,303001,Property Tax, 101,01-01-2026,,,, Property Tax ,303001,,2063,
ME-2025-0001986,303001,Property Tax, 201,01-01-2026,,,, Property Tax ,303001,,655,
ME-2025-0001996,303001,Property Tax, 202,01-01-2026,,,, Property Tax ,303001,,655,
ME-2025-0002007,303001,Property Tax, 203,01-01-2026,,,, Property Tax ,303001,,636,
ME-2025-0002016,303001,Property Tax, 204,01-01-2026,,,, Property Tax ,303001,,636,
ME-2025-0002025,303001,Property Tax, 301,01-01-2026,,,, Property Tax ,303001,,1048,
ME-2025-0002034,303001,Property Tax, 302,01-01-2026,,,, Property Tax ,303001,,904,
ME-2025-0002055,303001,Property Tax, 401,01-01-2026,,,, Property Tax ,303001,,1309,
ME-2025-0002064,303001,Property Tax, 403,01-01-2026,,,, Property Tax ,303001,,636,
ME-2025-0002073,303001,Property Tax, 404,01-01-2026,,,, Property Tax ,303001,,636,
ME-2025-0002083,303001,Property Tax, 501,01-01-2026,,,, Property Tax ,303001,,1456,
ME-2025-0002094,303001,Property Tax, 502,01-01-2026,,,, Property Tax ,303001,,1335,
ME-2025-0002104,303001,Property Tax, 601,01-01-2026,,,, Property Tax ,303001,,1456,
ME-2025-0002114,303001,Property Tax, 602,01-01-2026,,,, Property Tax ,303001,,1375,
ME-2025-0002124,303001,Property Tax, 701,01-01-2026,,,, Property Tax ,303001,,1459,
ME-2025-0002133,303001,Property Tax, 702,01-01-2026,,,, Property Tax ,303001,,1415,
ME-2025-0002167,303001,Property Tax, 101,01-02-2026,,,, Property Tax ,303001,,2063,
ME-2025-0002184,303001,Property Tax, 201,01-02-2026,,,, Property Tax ,303001,,655,
ME-2025-0002194,303001,Property Tax, 202,01-02-2026,,,, Property Tax ,303001,,655,
ME-2025-0002205,303001,Property Tax, 203,01-02-2026,,,, Property Tax ,303001,,636,
ME-2025-0002214,303001,Property Tax, 204,01-02-2026,,,, Property Tax ,303001,,636,
ME-2025-0002223,303001,Property Tax, 301,01-02-2026,,,, Property Tax ,303001,,1048,
ME-2025-0002232,303001,Property Tax, 302,01-02-2026,,,, Property Tax ,303001,,904,
ME-2025-0002253,303001,Property Tax, 403,01-02-2026,,,, Property Tax ,303001,,636,
ME-2025-0002262,303001,Property Tax, 404,01-02-2026,,,, Property Tax ,303001,,636,
ME-2025-0002272,303001,Property Tax, 501,01-02-2026,,,, Property Tax ,303001,,1456,
ME-2025-0002284,303001,Property Tax, 502,01-02-2026,,,, Property Tax ,303001,,1335,
ME-2025-0002295,303001,Property Tax, 601,01-02-2026,,,, Property Tax ,303001,,1456,
ME-2025-0002306,303001,Property Tax, 602,01-02-2026,,,, Property Tax ,303001,,1375,
ME-2025-0002316,303001,Property Tax, 701,01-02-2026,,,, Property Tax ,303001,,1459,
ME-2025-0002325,303001,Property Tax, 702,01-02-2026,,,, Property Tax ,303001,,1415,
ME-2025-0002335,303001,Property Tax, 401,01-02-2026,,,, Property Tax ,303001,,1309,
ME-2025-0002365,303001,Property Tax, 101,01-03-2026,,,, Property Tax ,303001,,2063,
ME-2025-0002382,303001,Property Tax, 201,01-03-2026,,,, Property Tax ,303001,,655,
ME-2025-0002391,303001,Property Tax, 202,01-03-2026,,,, Property Tax ,303001,,655,
ME-2025-0002402,303001,Property Tax, 203,01-03-2026,,,, Property Tax ,303001,,636,
ME-2025-0002411,303001,Property Tax, 204,01-03-2026,,,, Property Tax ,303001,,636,
ME-2025-0002420,303001,Property Tax, 301,01-03-2026,,,, Property Tax ,303001,,1048,
ME-2025-0002429,303001,Property Tax, 302,01-03-2026,,,, Property Tax ,303001,,904,
ME-2025-0002450,303001,Property Tax, 401,01-03-2026,,,, Property Tax ,303001,,1309,
ME-2025-0002461,303001,Property Tax, 403,01-03-2026,,,, Property Tax ,303001,,636,
ME-2025-0002470,303001,Property Tax, 404,01-03-2026,,,, Property Tax ,303001,,636,
ME-2025-0002480,303001,Property Tax, 501,01-03-2026,,,, Property Tax ,303001,,1456,
ME-2025-0002491,303001,Property Tax, 502,01-03-2026,,,, Property Tax ,303001,,1335,
ME-2025-0002502,303001,Property Tax, 601,01-03-2026,,,, Property Tax ,303001,,1456,
ME-2025-0002512,303001,Property Tax, 602,01-03-2026,,,, Property Tax ,303001,,1375,
ME-2025-0002522,303001,Property Tax, 701,01-03-2026,,,, Property Tax ,303001,,1459,
ME-2025-0002531,303001,Property Tax, 702,01-03-2026,,,, Property Tax ,303001,,1415,

"Balance : 197156(Credit)","","","","","","","","","","0","197156",

"Income - Members > Arrears Property Tax ( 303002 ) ",
"Journal No","Other GL No.","Other Account","Subledger","Posted Date","Comments","Instrument No.","Instrument Bank","Account Name","GL Account No.","Debit","Credit",
"","","","","","Opening Balance","",""," Arrears Property Tax ","303002","","",
ME-2025-0000949,303002,Arrears Property Tax, 101,01-08-2025,,,, Arrears Property Tax ,303002,,377,
ME-2025-0000967,303002,Arrears Property Tax, 201,01-08-2025,,,, Arrears Property Tax ,303002,,226,
ME-2025-0000977,303002,Arrears Property Tax, 202,01-08-2025,,,, Arrears Property Tax ,303002,,226,
ME-2025-0000988,303002,Arrears Property Tax, 203,01-08-2025,,,, Arrears Property Tax ,303002,,219,
ME-2025-0000998,303002,Arrears Property Tax, 204,01-08-2025,,,, Arrears Property Tax ,303002,,219,
ME-2025-0001036,303002,Arrears Property Tax, 401,01-08-2025,,,, Arrears Property Tax ,303002,,453,
ME-2025-0001047,303002,Arrears Property Tax, 403,01-08-2025,,,, Arrears Property Tax ,303002,,219,
ME-2025-0001057,303002,Arrears Property Tax, 404,01-08-2025,,,, Arrears Property Tax ,303002,,219,
ME-2025-0001068,303002,Arrears Property Tax, 501,01-08-2025,,,, Arrears Property Tax ,303002,,504,
ME-2025-0001079,303002,Arrears Property Tax, 502,01-08-2025,,,, Arrears Property Tax ,303002,,462,
ME-2025-0001090,303002,Arrears Property Tax, 601,01-08-2025,,,, Arrears Property Tax ,303002,,504,
ME-2025-0001101,303002,Arrears Property Tax, 602,01-08-2025,,,, Arrears Property Tax ,303002,,477,
ME-2025-0001112,303002,Arrears Property Tax, 701,01-08-2025,,,, Arrears Property Tax ,303002,,505,
ME-2025-0001122,303002,Arrears Property Tax, 702,01-08-2025,,,, Arrears Property Tax ,303002,,490,
ME-2025-0001156,303002,Arrears Property Tax, 101,01-09-2025,,,, Arrears Property Tax ,303002,,377,
ME-2025-0001174,303002,Arrears Property Tax, 201,01-09-2025,,,, Arrears Property Tax ,303002,,226,
ME-2025-0001185,303002,Arrears Property Tax, 202,01-09-2025,,,, Arrears Property Tax ,303002,,226,
ME-2025-0001197,303002,Arrears Property Tax, 203,01-09-2025,,,, Arrears Property Tax ,303002,,219,
ME-2025-0001208,303002,Arrears Property Tax, 204,01-09-2025,,,, Arrears Property Tax ,303002,,219,
ME-2025-0001247,303002,Arrears Property Tax, 401,01-09-2025,,,, Arrears Property Tax ,303002,,453,
ME-2025-0001259,303002,Arrears Property Tax, 403,01-09-2025,,,, Arrears Property Tax ,303002,,219,
ME-2025-0001269,303002,Arrears Property Tax, 404,01-09-2025,,,, Arrears Property Tax ,303002,,219,
ME-2025-0001280,303002,Arrears Property Tax, 501,01-09-2025,,,, Arrears Property Tax ,303002,,504,
ME-2025-0001291,303002,Arrears Property Tax, 502,01-09-2025,,,, Arrears Property Tax ,303002,,462,
ME-2025-0001302,303002,Arrears Property Tax, 601,01-09-2025,,,, Arrears Property Tax ,303002,,504,
ME-2025-0001313,303002,Arrears Property Tax, 602,01-09-2025,,,, Arrears Property Tax ,303002,,477,
ME-2025-0001324,303002,Arrears Property Tax, 701,01-09-2025,,,, Arrears Property Tax ,303002,,505,
ME-2025-0001334,303002,Arrears Property Tax, 702,01-09-2025,,,, Arrears Property Tax ,303002,,490,
ME-2025-0001365,303002,Arrears Property Tax, 101,01-10-2025,,,, Arrears Property Tax ,303002,,377,
ME-2025-0001383,303002,Arrears Property Tax, 201,01-10-2025,,,, Arrears Property Tax ,303002,,226,
ME-2025-0001394,303002,Arrears Property Tax, 202,01-10-2025,,,, Arrears Property Tax ,303002,,226,
ME-2025-0001405,303002,Arrears Property Tax, 203,01-10-2025,,,, Arrears Property Tax ,303002,,219,
ME-2025-0001416,303002,Arrears Property Tax, 204,01-10-2025,,,, Arrears Property Tax ,303002,,219,
ME-2025-0001455,303002,Arrears Property Tax, 401,01-10-2025,,,, Arrears Property Tax ,303002,,453,
ME-2025-0001467,303002,Arrears Property Tax, 403,01-10-2025,,,, Arrears Property Tax ,303002,,219,
ME-2025-0001477,303002,Arrears Property Tax, 404,01-10-2025,,,, Arrears Property Tax ,303002,,219,
ME-2025-0001488,303002,Arrears Property Tax, 501,01-10-2025,,,, Arrears Property Tax ,303002,,504,
ME-2025-0001499,303002,Arrears Property Tax, 502,01-10-2025,,,, Arrears Property Tax ,303002,,462,
ME-2025-0001510,303002,Arrears Property Tax, 601,01-10-2025,,,, Arrears Property Tax ,303002,,504,
ME-2025-0001521,303002,Arrears Property Tax, 602,01-10-2025,,,, Arrears Property Tax ,303002,,477,
ME-2025-0001532,303002,Arrears Property Tax, 701,01-10-2025,,,, Arrears Property Tax ,303002,,505,
ME-2025-0001542,303002,Arrears Property Tax, 702,01-10-2025,,,, Arrears Property Tax ,303002,,490,

"Balance : 15300(Credit)","","","","","","","","","","0","15300",

"Income - Members > Sinking Fund ( 304001 ) ",
"Journal No","Other GL No.","Other Account","Subledger","Posted Date","Comments","Instrument No.","Instrument Bank","Account Name","GL Account No.","Debit","Credit",
"","","","","","Opening Balance","",""," Sinking Fund ","304001","","",
ME-2025-0000008,304001,Sinking Fund, 101,01-04-2025,,,, Sinking Fund ,304001,,113,
ME-2025-0000016,304001,Sinking Fund, 102,01-04-2025,,,, Sinking Fund ,304001,,36,
ME-2025-0000025,304001,Sinking Fund, 201,01-04-2025,,,, Sinking Fund ,304001,,36,
ME-2025-0000035,304001,Sinking Fund, 202,01-04-2025,,,, Sinking Fund ,304001,,39,
ME-2025-0000056,304001,Sinking Fund, 204,01-04-2025,,,, Sinking Fund ,304001,,36,
ME-2025-0000065,304001,Sinking Fund, 301,01-04-2025,,,, Sinking Fund ,304001,,59,
ME-2025-0000074,304001,Sinking Fund, 302,01-04-2025,,,, Sinking Fund ,304001,,54,
ME-2025-0000082,304001,Sinking Fund, 303,01-04-2025,,,, Sinking Fund ,304001,,36,
ME-2025-0000093,304001,Sinking Fund, 401,01-04-2025,,,, Sinking Fund ,304001,,75,
ME-2025-0000103,304001,Sinking Fund, 403,01-04-2025,,,, Sinking Fund ,304001,,38,
ME-2025-0000112,304001,Sinking Fund, 404,01-04-2025,,,, Sinking Fund ,304001,,36,
ME-2025-0000177,304001,Sinking Fund, 702,01-04-2025,,,, Sinking Fund ,304001,,88,
ME-2025-0000256,304001,Sinking Fund, 203,01-04-2025,,,, Sinking Fund ,304001,,36,
ME-2025-0000267,304001,Sinking Fund, 501,01-04-2025,,,, Sinking Fund ,304001,,75,
ME-2025-0000278,304001,Sinking Fund, 502,01-04-2025,,,, Sinking Fund ,304001,,72,
ME-2025-0000290,304001,Sinking Fund, 601,01-04-2025,,,, Sinking Fund ,304001,,77,
ME-2025-0000301,304001,Sinking Fund, 602,01-04-2025,,,, Sinking Fund ,304001,,72,
ME-2025-0000312,304001,Sinking Fund, 701,01-04-2025,,,, Sinking Fund ,304001,,88,
ME-2025-0000339,304001,Sinking Fund, 101,01-05-2025,,,, Sinking Fund ,304001,,113,
ME-2025-0000347,304001,Sinking Fund, 102,01-05-2025,,,, Sinking Fund ,304001,,36,
ME-2025-0000356,304001,Sinking Fund, 201,01-05-2025,,,, Sinking Fund ,304001,,36,
ME-2025-0000365,304001,Sinking Fund, 202,01-05-2025,,,, Sinking Fund ,304001,,39,
ME-2025-0000377,304001,Sinking Fund, 203,01-05-2025,,,, Sinking Fund ,304001,,36,
ME-2025-0000386,304001,Sinking Fund, 204,01-05-2025,,,, Sinking Fund ,304001,,36,
ME-2025-0000395,304001,Sinking Fund, 301,01-05-2025,,,, Sinking Fund ,304001,,59,
ME-2025-0000404,304001,Sinking Fund, 302,01-05-2025,,,, Sinking Fund ,304001,,54,
ME-2025-0000413,304001,Sinking Fund, 303,01-05-2025,,,, Sinking Fund ,304001,,36,
ME-2025-0000424,304001,Sinking Fund, 401,01-05-2025,,,, Sinking Fund ,304001,,75,
ME-2025-0000433,304001,Sinking Fund, 403,01-05-2025,,,, Sinking Fund ,304001,,38,
ME-2025-0000442,304001,Sinking Fund, 404,01-05-2025,,,, Sinking Fund ,304001,,36,
ME-2025-0000453,304001,Sinking Fund, 501,01-05-2025,,,, Sinking Fund ,304001,,75,
ME-2025-0000464,304001,Sinking Fund, 502,01-05-2025,,,, Sinking Fund ,304001,,72,
ME-2025-0000487,304001,Sinking Fund, 602,01-05-2025,,,, Sinking Fund ,304001,,72,
ME-2025-0000498,304001,Sinking Fund, 701,01-05-2025,,,, Sinking Fund ,304001,,88,
ME-2025-0000507,304001,Sinking Fund, 702,01-05-2025,,,, Sinking Fund ,304001,,88,
ME-2025-0000529,304001,Sinking Fund, 601,01-05-2025,,,, Sinking Fund ,304001,,77,
ME-2025-0000561,304001,Sinking Fund, 101,01-06-2025,,,, Sinking Fund ,304001,,113,
ME-2025-0000569,304001,Sinking Fund, 102,01-06-2025,,,, Sinking Fund ,304001,,36,
ME-2025-0000578,304001,Sinking Fund, 201,01-06-2025,,,, Sinking Fund ,304001,,36,
ME-2025-0000587,304001,Sinking Fund, 202,01-06-2025,,,, Sinking Fund ,304001,,39,
ME-2025-0000598,304001,Sinking Fund, 203,01-06-2025,,,, Sinking Fund ,304001,,36,
ME-2025-0000607,304001,Sinking Fund, 204,01-06-2025,,,, Sinking Fund ,304001,,36,
ME-2025-0000616,304001,Sinking Fund, 301,01-06-2025,,,, Sinking Fund ,304001,,59,
ME-2025-0000625,304001,Sinking Fund, 302,01-06-2025,,,, Sinking Fund ,304001,,54,
ME-2025-0000633,304001,Sinking Fund, 303,01-06-2025,,,, Sinking Fund ,304001,,36,
ME-2025-0000643,304001,Sinking Fund, 401,01-06-2025,,,, Sinking Fund ,304001,,75,
ME-2025-0000653,304001,Sinking Fund, 403,01-06-2025,,,, Sinking Fund ,304001,,38,
ME-2025-0000662,304001,Sinking Fund, 404,01-06-2025,,,, Sinking Fund ,304001,,36,
ME-2025-0000672,304001,Sinking Fund, 501,01-06-2025,,,, Sinking Fund ,304001,,75,
ME-2025-0000682,304001,Sinking Fund, 502,01-06-2025,,,, Sinking Fund ,304001,,72,
ME-2025-0000692,304001,Sinking Fund, 601,01-06-2025,,,, Sinking Fund ,304001,,77,
ME-2025-0000702,304001,Sinking Fund, 602,01-06-2025,,,, Sinking Fund ,304001,,72,
ME-2025-0000712,304001,Sinking Fund, 701,01-06-2025,,,, Sinking Fund ,304001,,88,
ME-2025-0000721,304001,Sinking Fund, 702,01-06-2025,,,, Sinking Fund ,304001,,88,
ME-2025-0000749,304001,Sinking Fund, 101,01-07-2025,,,, Sinking Fund ,304001,,113,
ME-2025-0000757,304001,Sinking Fund, 102,01-07-2025,,,, Sinking Fund ,304001,,36,
ME-2025-0000766,304001,Sinking Fund, 201,01-07-2025,,,, Sinking Fund ,304001,,36,
ME-2025-0000775,304001,Sinking Fund, 202,01-07-2025,,,, Sinking Fund ,304001,,39,
ME-2025-0000785,304001,Sinking Fund, 203,01-07-2025,,,, Sinking Fund ,304001,,36,
ME-2025-0000794,304001,Sinking Fund, 204,01-07-2025,,,, Sinking Fund ,304001,,36,
ME-2025-0000803,304001,Sinking Fund, 301,01-07-2025,,,, Sinking Fund ,304001,,59,
ME-2025-0000812,304001,Sinking Fund, 302,01-07-2025,,,, Sinking Fund ,304001,,54,
ME-2025-0000820,304001,Sinking Fund, 303,01-07-2025,,,, Sinking Fund ,304001,,36,
ME-2025-0000840,304001,Sinking Fund, 403,01-07-2025,,,, Sinking Fund ,304001,,38,
ME-2025-0000849,304001,Sinking Fund, 404,01-07-2025,,,, Sinking Fund ,304001,,36,
ME-2025-0000859,304001,Sinking Fund, 501,01-07-2025,,,, Sinking Fund ,304001,,75,
ME-2025-0000869,304001,Sinking Fund, 502,01-07-2025,,,, Sinking Fund ,304001,,72,
ME-2025-0000879,304001,Sinking Fund, 601,01-07-2025,,,, Sinking Fund ,304001,,77,
ME-2025-0000889,304001,Sinking Fund, 602,01-07-2025,,,, Sinking Fund ,304001,,72,
ME-2025-0000899,304001,Sinking Fund, 701,01-07-2025,,,, Sinking Fund ,304001,,88,
ME-2025-0000908,304001,Sinking Fund, 702,01-07-2025,,,, Sinking Fund ,304001,,88,
ME-2025-0000929,304001,Sinking Fund, 401,01-07-2025,,,, Sinking Fund ,304001,,75,
ME-2025-0000957,304001,Sinking Fund, 101,01-08-2025,,,, Sinking Fund ,304001,,113,
ME-2025-0000965,304001,Sinking Fund, 102,01-08-2025,,,, Sinking Fund ,304001,,36,
ME-2025-0000975,304001,Sinking Fund, 201,01-08-2025,,,, Sinking Fund ,304001,,36,
ME-2025-0000985,304001,Sinking Fund, 202,01-08-2025,,,, Sinking Fund ,304001,,39,
ME-2025-0000996,304001,Sinking Fund, 203,01-08-2025,,,, Sinking Fund ,304001,,36,
ME-2025-0001006,304001,Sinking Fund, 204,01-08-2025,,,, Sinking Fund ,304001,,36,
ME-2025-0001015,304001,Sinking Fund, 301,01-08-2025,,,, Sinking Fund ,304001,,59,
ME-2025-0001024,304001,Sinking Fund, 302,01-08-2025,,,, Sinking Fund ,304001,,54,
ME-2025-0001032,304001,Sinking Fund, 303,01-08-2025,,,, Sinking Fund ,304001,,36,
ME-2025-0001044,304001,Sinking Fund, 401,01-08-2025,,,, Sinking Fund ,304001,,75,
ME-2025-0001055,304001,Sinking Fund, 403,01-08-2025,,,, Sinking Fund ,304001,,38,
ME-2025-0001065,304001,Sinking Fund, 404,01-08-2025,,,, Sinking Fund ,304001,,36,
ME-2025-0001076,304001,Sinking Fund, 501,01-08-2025,,,, Sinking Fund ,304001,,75,
ME-2025-0001087,304001,Sinking Fund, 502,01-08-2025,,,, Sinking Fund ,304001,,72,
ME-2025-0001098,304001,Sinking Fund, 601,01-08-2025,,,, Sinking Fund ,304001,,77,
ME-2025-0001109,304001,Sinking Fund, 602,01-08-2025,,,, Sinking Fund ,304001,,72,
ME-2025-0001120,304001,Sinking Fund, 701,01-08-2025,,,, Sinking Fund ,304001,,88,
ME-2025-0001130,304001,Sinking Fund, 702,01-08-2025,,,, Sinking Fund ,304001,,88,
ME-2025-0001164,304001,Sinking Fund, 101,01-09-2025,,,, Sinking Fund ,304001,,113,
ME-2025-0001172,304001,Sinking Fund, 102,01-09-2025,,,, Sinking Fund ,304001,,36,
ME-2025-0001182,304001,Sinking Fund, 201,01-09-2025,,,, Sinking Fund ,304001,,36,
ME-2025-0001193,304001,Sinking Fund, 202,01-09-2025,,,, Sinking Fund ,304001,,39,
ME-2025-0001205,304001,Sinking Fund, 203,01-09-2025,,,, Sinking Fund ,304001,,36,
ME-2025-0001216,304001,Sinking Fund, 204,01-09-2025,,,, Sinking Fund ,304001,,36,
ME-2025-0001226,304001,Sinking Fund, 301,01-09-2025,,,, Sinking Fund ,304001,,59,
ME-2025-0001235,304001,Sinking Fund, 302,01-09-2025,,,, Sinking Fund ,304001,,54,
ME-2025-0001243,304001,Sinking Fund, 303,01-09-2025,,,, Sinking Fund ,304001,,36,
ME-2025-0001255,304001,Sinking Fund, 401,01-09-2025,,,, Sinking Fund ,304001,,75,
ME-2025-0001267,304001,Sinking Fund, 403,01-09-2025,,,, Sinking Fund ,304001,,38,
ME-2025-0001277,304001,Sinking Fund, 404,01-09-2025,,,, Sinking Fund ,304001,,36,
ME-2025-0001288,304001,Sinking Fund, 501,01-09-2025,,,, Sinking Fund ,304001,,75,
ME-2025-0001299,304001,Sinking Fund, 502,01-09-2025,,,, Sinking Fund ,304001,,72,
ME-2025-0001310,304001,Sinking Fund, 601,01-09-2025,,,, Sinking Fund ,304001,,77,
ME-2025-0001321,304001,Sinking Fund, 602,01-09-2025,,,, Sinking Fund ,304001,,72,
ME-2025-0001332,304001,Sinking Fund, 701,01-09-2025,,,, Sinking Fund ,304001,,88,
ME-2025-0001342,304001,Sinking Fund, 702,01-09-2025,,,, Sinking Fund ,304001,,88,
ME-2025-0001373,304001,Sinking Fund, 101,01-10-2025,,,, Sinking Fund ,304001,,113,
ME-2025-0001381,304001,Sinking Fund, 102,01-10-2025,,,, Sinking Fund ,304001,,36,
ME-2025-0001391,304001,Sinking Fund, 201,01-10-2025,,,, Sinking Fund ,304001,,36,
ME-2025-0001402,304001,Sinking Fund, 202,01-10-2025,,,, Sinking Fund ,304001,,39,
ME-2025-0001413,304001,Sinking Fund, 203,01-10-2025,,,, Sinking Fund ,304001,,36,
ME-2025-0001424,304001,Sinking Fund, 204,01-10-2025,,,, Sinking Fund ,304001,,36,
ME-2025-0001434,304001,Sinking Fund, 301,01-10-2025,,,, Sinking Fund ,304001,,59,
ME-2025-0001443,304001,Sinking Fund, 302,01-10-2025,,,, Sinking Fund ,304001,,54,
ME-2025-0001452,304001,Sinking Fund, 303,01-10-2025,,,, Sinking Fund ,304001,,36,
ME-2025-0001463,304001,Sinking Fund, 401,01-10-2025,,,, Sinking Fund ,304001,,75,
ME-2025-0001475,304001,Sinking Fund, 403,01-10-2025,,,, Sinking Fund ,304001,,38,
ME-2025-0001485,304001,Sinking Fund, 404,01-10-2025,,,, Sinking Fund ,304001,,36,
ME-2025-0001496,304001,Sinking Fund, 501,01-10-2025,,,, Sinking Fund ,304001,,75,
ME-2025-0001507,304001,Sinking Fund, 502,01-10-2025,,,, Sinking Fund ,304001,,72,
ME-2025-0001518,304001,Sinking Fund, 601,01-10-2025,,,, Sinking Fund ,304001,,77,
ME-2025-0001529,304001,Sinking Fund, 602,01-10-2025,,,, Sinking Fund ,304001,,72,
ME-2025-0001540,304001,Sinking Fund, 701,01-10-2025,,,, Sinking Fund ,304001,,88,
ME-2025-0001550,304001,Sinking Fund, 702,01-10-2025,,,, Sinking Fund ,304001,,88,
ME-2025-0001578,304001,Sinking Fund, 101,01-11-2025,,,, Sinking Fund ,304001,,113,
ME-2025-0001586,304001,Sinking Fund, 102,01-11-2025,,,, Sinking Fund ,304001,,36,
ME-2025-0001595,304001,Sinking Fund, 201,01-11-2025,,,, Sinking Fund ,304001,,36,
ME-2025-0001604,304001,Sinking Fund, 202,01-11-2025,,,, Sinking Fund ,304001,,39,
ME-2025-0001614,304001,Sinking Fund, 203,01-11-2025,,,, Sinking Fund ,304001,,36,
ME-2025-0001624,304001,Sinking Fund, 204,01-11-2025,,,, Sinking Fund ,304001,,36,
ME-2025-0001633,304001,Sinking Fund, 301,01-11-2025,,,, Sinking Fund ,304001,,59,
ME-2025-0001642,304001,Sinking Fund, 302,01-11-2025,,,, Sinking Fund ,304001,,54,
ME-2025-0001651,304001,Sinking Fund, 303,01-11-2025,,,, Sinking Fund ,304001,,36,
ME-2025-0001662,304001,Sinking Fund, 401,01-11-2025,,,, Sinking Fund ,304001,,75,
ME-2025-0001673,304001,Sinking Fund, 403,01-11-2025,,,, Sinking Fund ,304001,,38,
ME-2025-0001682,304001,Sinking Fund, 404,01-11-2025,,,, Sinking Fund ,304001,,36,
ME-2025-0001692,304001,Sinking Fund, 501,01-11-2025,,,, Sinking Fund ,304001,,75,
ME-2025-0001702,304001,Sinking Fund, 502,01-11-2025,,,, Sinking Fund ,304001,,72,
ME-2025-0001712,304001,Sinking Fund, 601,01-11-2025,,,, Sinking Fund ,304001,,77,
ME-2025-0001722,304001,Sinking Fund, 602,01-11-2025,,,, Sinking Fund ,304001,,72,
ME-2025-0001732,304001,Sinking Fund, 701,01-11-2025,,,, Sinking Fund ,304001,,88,
ME-2025-0001741,304001,Sinking Fund, 702,01-11-2025,,,, Sinking Fund ,304001,,88,
ME-2025-0001774,304001,Sinking Fund, 101,01-12-2025,,,, Sinking Fund ,304001,,113,
ME-2025-0001782,304001,Sinking Fund, 102,01-12-2025,,,, Sinking Fund ,304001,,36,
ME-2025-0001791,304001,Sinking Fund, 201,01-12-2025,,,, Sinking Fund ,304001,,36,
ME-2025-0001801,304001,Sinking Fund, 202,01-12-2025,,,, Sinking Fund ,304001,,39,
ME-2025-0001811,304001,Sinking Fund, 203,01-12-2025,,,, Sinking Fund ,304001,,36,
ME-2025-0001820,304001,Sinking Fund, 204,01-12-2025,,,, Sinking Fund ,304001,,36,
ME-2025-0001829,304001,Sinking Fund, 301,01-12-2025,,,, Sinking Fund ,304001,,59,
ME-2025-0001838,304001,Sinking Fund, 302,01-12-2025,,,, Sinking Fund ,304001,,54,
ME-2025-0001848,304001,Sinking Fund, 303,01-12-2025,,,, Sinking Fund ,304001,,36,
ME-2025-0001858,304001,Sinking Fund, 401,01-12-2025,,,, Sinking Fund ,304001,,75,
ME-2025-0001868,304001,Sinking Fund, 403,01-12-2025,,,, Sinking Fund ,304001,,38,
ME-2025-0001877,304001,Sinking Fund, 404,01-12-2025,,,, Sinking Fund ,304001,,36,
ME-2025-0001887,304001,Sinking Fund, 501,01-12-2025,,,, Sinking Fund ,304001,,75,
ME-2025-0001897,304001,Sinking Fund, 502,01-12-2025,,,, Sinking Fund ,304001,,72,
ME-2025-0001907,304001,Sinking Fund, 601,01-12-2025,,,, Sinking Fund ,304001,,77,
ME-2025-0001917,304001,Sinking Fund, 602,01-12-2025,,,, Sinking Fund ,304001,,72,
ME-2025-0001927,304001,Sinking Fund, 701,01-12-2025,,,, Sinking Fund ,304001,,88,
ME-2025-0001936,304001,Sinking Fund, 702,01-12-2025,,,, Sinking Fund ,304001,,88,
ME-2025-0001972,304001,Sinking Fund, 101,01-01-2026,,,, Sinking Fund ,304001,,113,
ME-2025-0001980,304001,Sinking Fund, 102,01-01-2026,,,, Sinking Fund ,304001,,36,
ME-2025-0001989,304001,Sinking Fund, 201,01-01-2026,,,, Sinking Fund ,304001,,36,
ME-2025-0001999,304001,Sinking Fund, 202,01-01-2026,,,, Sinking Fund ,304001,,39,
ME-2025-0002010,304001,Sinking Fund, 203,01-01-2026,,,, Sinking Fund ,304001,,36,
ME-2025-0002019,304001,Sinking Fund, 204,01-01-2026,,,, Sinking Fund ,304001,,36,
ME-2025-0002028,304001,Sinking Fund, 301,01-01-2026,,,, Sinking Fund ,304001,,59,
ME-2025-0002037,304001,Sinking Fund, 302,01-01-2026,,,, Sinking Fund ,304001,,54,
ME-2025-0002047,304001,Sinking Fund, 303,01-01-2026,,,, Sinking Fund ,304001,,36,
ME-2025-0002058,304001,Sinking Fund, 401,01-01-2026,,,, Sinking Fund ,304001,,75,
ME-2025-0002067,304001,Sinking Fund, 403,01-01-2026,,,, Sinking Fund ,304001,,38,
ME-2025-0002076,304001,Sinking Fund, 404,01-01-2026,,,, Sinking Fund ,304001,,36,
ME-2025-0002086,304001,Sinking Fund, 501,01-01-2026,,,, Sinking Fund ,304001,,75,
ME-2025-0002097,304001,Sinking Fund, 502,01-01-2026,,,, Sinking Fund ,304001,,72,
ME-2025-0002107,304001,Sinking Fund, 601,01-01-2026,,,, Sinking Fund ,304001,,77,
ME-2025-0002117,304001,Sinking Fund, 602,01-01-2026,,,, Sinking Fund ,304001,,72,
ME-2025-0002127,304001,Sinking Fund, 701,01-01-2026,,,, Sinking Fund ,304001,,88,
ME-2025-0002136,304001,Sinking Fund, 702,01-01-2026,,,, Sinking Fund ,304001,,88,
ME-2025-0002170,304001,Sinking Fund, 101,01-02-2026,,,, Sinking Fund ,304001,,113,
ME-2025-0002178,304001,Sinking Fund, 102,01-02-2026,,,, Sinking Fund ,304001,,36,
ME-2025-0002187,304001,Sinking Fund, 201,01-02-2026,,,, Sinking Fund ,304001,,36,
ME-2025-0002197,304001,Sinking Fund, 202,01-02-2026,,,, Sinking Fund ,304001,,39,
ME-2025-0002208,304001,Sinking Fund, 203,01-02-2026,,,, Sinking Fund ,304001,,36,
ME-2025-0002217,304001,Sinking Fund, 204,01-02-2026,,,, Sinking Fund ,304001,,36,
ME-2025-0002226,304001,Sinking Fund, 301,01-02-2026,,,, Sinking Fund ,304001,,59,
ME-2025-0002235,304001,Sinking Fund, 302,01-02-2026,,,, Sinking Fund ,304001,,54,
ME-2025-0002246,304001,Sinking Fund, 303,01-02-2026,,,, Sinking Fund ,304001,,36,
ME-2025-0002256,304001,Sinking Fund, 403,01-02-2026,,,, Sinking Fund ,304001,,38,
ME-2025-0002265,304001,Sinking Fund, 404,01-02-2026,,,, Sinking Fund ,304001,,36,
ME-2025-0002275,304001,Sinking Fund, 501,01-02-2026,,,, Sinking Fund ,304001,,75,
ME-2025-0002287,304001,Sinking Fund, 502,01-02-2026,,,, Sinking Fund ,304001,,72,
ME-2025-0002298,304001,Sinking Fund, 601,01-02-2026,,,, Sinking Fund ,304001,,77,
ME-2025-0002309,304001,Sinking Fund, 602,01-02-2026,,,, Sinking Fund ,304001,,72,
ME-2025-0002319,304001,Sinking Fund, 701,01-02-2026,,,, Sinking Fund ,304001,,88,
ME-2025-0002328,304001,Sinking Fund, 702,01-02-2026,,,, Sinking Fund ,304001,,88,
ME-2025-0002338,304001,Sinking Fund, 401,01-02-2026,,,, Sinking Fund ,304001,,75,
ME-2025-0002368,304001,Sinking Fund, 101,01-03-2026,,,, Sinking Fund ,304001,,113,
ME-2025-0002376,304001,Sinking Fund, 102,01-03-2026,,,, Sinking Fund ,304001,,36,
ME-2025-0002385,304001,Sinking Fund, 201,01-03-2026,,,, Sinking Fund ,304001,,36,
ME-2025-0002394,304001,Sinking Fund, 202,01-03-2026,,,, Sinking Fund ,304001,,39,
ME-2025-0002405,304001,Sinking Fund, 203,01-03-2026,,,, Sinking Fund ,304001,,36,
ME-2025-0002414,304001,Sinking Fund, 204,01-03-2026,,,, Sinking Fund ,304001,,36,
ME-2025-0002423,304001,Sinking Fund, 301,01-03-2026,,,, Sinking Fund ,304001,,59,
ME-2025-0002432,304001,Sinking Fund, 302,01-03-2026,,,, Sinking Fund ,304001,,54,
ME-2025-0002442,304001,Sinking Fund, 303,01-03-2026,,,, Sinking Fund ,304001,,36,
ME-2025-0002453,304001,Sinking Fund, 401,01-03-2026,,,, Sinking Fund ,304001,,75,
ME-2025-0002464,304001,Sinking Fund, 403,01-03-2026,,,, Sinking Fund ,304001,,38,
ME-2025-0002473,304001,Sinking Fund, 404,01-03-2026,,,, Sinking Fund ,304001,,36,
ME-2025-0002483,304001,Sinking Fund, 501,01-03-2026,,,, Sinking Fund ,304001,,75,
ME-2025-0002494,304001,Sinking Fund, 502,01-03-2026,,,, Sinking Fund ,304001,,72,
ME-2025-0002505,304001,Sinking Fund, 601,01-03-2026,,,, Sinking Fund ,304001,,77,
ME-2025-0002515,304001,Sinking Fund, 602,01-03-2026,,,, Sinking Fund ,304001,,72,
ME-2025-0002525,304001,Sinking Fund, 701,01-03-2026,,,, Sinking Fund ,304001,,88,
ME-2025-0002534,304001,Sinking Fund, 702,01-03-2026,,,, Sinking Fund ,304001,,88,
JE-2025-0000071,304001,Sinking Fund,,31-03-2026,Being contribution trf to liab FY 25-26,,, Sinking Fund ,304001,12792.00,,

"","","","","","","","","","","12792","12792",

"Income - Members > Repair & Maintenance Fund ( 304002 ) ",
"Journal No","Other GL No.","Other Account","Subledger","Posted Date","Comments","Instrument No.","Instrument Bank","Account Name","GL Account No.","Debit","Credit",
"","","","","","Opening Balance","",""," Repair & Maintenance Fund ","304002","","",
ME-2025-0000006,304002,Repair & Maintenance Fund, 101,01-04-2025,,,, Repair & Maintenance Fund ,304002,,339,
ME-2025-0000014,304002,Repair & Maintenance Fund, 102,01-04-2025,,,, Repair & Maintenance Fund ,304002,,108,
ME-2025-0000023,304002,Repair & Maintenance Fund, 201,01-04-2025,,,, Repair & Maintenance Fund ,304002,,108,
ME-2025-0000033,304002,Repair & Maintenance Fund, 202,01-04-2025,,,, Repair & Maintenance Fund ,304002,,117,
ME-2025-0000054,304002,Repair & Maintenance Fund, 204,01-04-2025,,,, Repair & Maintenance Fund ,304002,,108,
ME-2025-0000063,304002,Repair & Maintenance Fund, 301,01-04-2025,,,, Repair & Maintenance Fund ,304002,,177,
ME-2025-0000072,304002,Repair & Maintenance Fund, 302,01-04-2025,,,, Repair & Maintenance Fund ,304002,,162,
ME-2025-0000080,304002,Repair & Maintenance Fund, 303,01-04-2025,,,, Repair & Maintenance Fund ,304002,,108,
ME-2025-0000091,304002,Repair & Maintenance Fund, 401,01-04-2025,,,, Repair & Maintenance Fund ,304002,,225,
ME-2025-0000101,304002,Repair & Maintenance Fund, 403,01-04-2025,,,, Repair & Maintenance Fund ,304002,,114,
ME-2025-0000110,304002,Repair & Maintenance Fund, 404,01-04-2025,,,, Repair & Maintenance Fund ,304002,,108,
ME-2025-0000175,304002,Repair & Maintenance Fund, 702,01-04-2025,,,, Repair & Maintenance Fund ,304002,,264,
ME-2025-0000254,304002,Repair & Maintenance Fund, 203,01-04-2025,,,, Repair & Maintenance Fund ,304002,,108,
ME-2025-0000265,304002,Repair & Maintenance Fund, 501,01-04-2025,,,, Repair & Maintenance Fund ,304002,,225,
ME-2025-0000276,304002,Repair & Maintenance Fund, 502,01-04-2025,,,, Repair & Maintenance Fund ,304002,,216,
ME-2025-0000288,304002,Repair & Maintenance Fund, 601,01-04-2025,,,, Repair & Maintenance Fund ,304002,,231,
ME-2025-0000299,304002,Repair & Maintenance Fund, 602,01-04-2025,,,, Repair & Maintenance Fund ,304002,,216,
ME-2025-0000310,304002,Repair & Maintenance Fund, 701,01-04-2025,,,, Repair & Maintenance Fund ,304002,,264,
ME-2025-0000337,304002,Repair & Maintenance Fund, 101,01-05-2025,,,, Repair & Maintenance Fund ,304002,,339,
ME-2025-0000345,304002,Repair & Maintenance Fund, 102,01-05-2025,,,, Repair & Maintenance Fund ,304002,,108,
ME-2025-0000354,304002,Repair & Maintenance Fund, 201,01-05-2025,,,, Repair & Maintenance Fund ,304002,,108,
ME-2025-0000363,304002,Repair & Maintenance Fund, 202,01-05-2025,,,, Repair & Maintenance Fund ,304002,,117,
ME-2025-0000375,304002,Repair & Maintenance Fund, 203,01-05-2025,,,, Repair & Maintenance Fund ,304002,,108,
ME-2025-0000384,304002,Repair & Maintenance Fund, 204,01-05-2025,,,, Repair & Maintenance Fund ,304002,,108,
ME-2025-0000393,304002,Repair & Maintenance Fund, 301,01-05-2025,,,, Repair & Maintenance Fund ,304002,,177,
ME-2025-0000402,304002,Repair & Maintenance Fund, 302,01-05-2025,,,, Repair & Maintenance Fund ,304002,,162,
ME-2025-0000411,304002,Repair & Maintenance Fund, 303,01-05-2025,,,, Repair & Maintenance Fund ,304002,,108,
ME-2025-0000422,304002,Repair & Maintenance Fund, 401,01-05-2025,,,, Repair & Maintenance Fund ,304002,,225,
ME-2025-0000431,304002,Repair & Maintenance Fund, 403,01-05-2025,,,, Repair & Maintenance Fund ,304002,,114,
ME-2025-0000440,304002,Repair & Maintenance Fund, 404,01-05-2025,,,, Repair & Maintenance Fund ,304002,,108,
ME-2025-0000451,304002,Repair & Maintenance Fund, 501,01-05-2025,,,, Repair & Maintenance Fund ,304002,,225,
ME-2025-0000462,304002,Repair & Maintenance Fund, 502,01-05-2025,,,, Repair & Maintenance Fund ,304002,,216,
ME-2025-0000485,304002,Repair & Maintenance Fund, 602,01-05-2025,,,, Repair & Maintenance Fund ,304002,,216,
ME-2025-0000496,304002,Repair & Maintenance Fund, 701,01-05-2025,,,, Repair & Maintenance Fund ,304002,,264,
ME-2025-0000505,304002,Repair & Maintenance Fund, 702,01-05-2025,,,, Repair & Maintenance Fund ,304002,,264,
ME-2025-0000527,304002,Repair & Maintenance Fund, 601,01-05-2025,,,, Repair & Maintenance Fund ,304002,,231,
ME-2025-0000559,304002,Repair & Maintenance Fund, 101,01-06-2025,,,, Repair & Maintenance Fund ,304002,,339,
ME-2025-0000567,304002,Repair & Maintenance Fund, 102,01-06-2025,,,, Repair & Maintenance Fund ,304002,,108,
ME-2025-0000576,304002,Repair & Maintenance Fund, 201,01-06-2025,,,, Repair & Maintenance Fund ,304002,,108,
ME-2025-0000585,304002,Repair & Maintenance Fund, 202,01-06-2025,,,, Repair & Maintenance Fund ,304002,,117,
ME-2025-0000596,304002,Repair & Maintenance Fund, 203,01-06-2025,,,, Repair & Maintenance Fund ,304002,,108,
ME-2025-0000605,304002,Repair & Maintenance Fund, 204,01-06-2025,,,, Repair & Maintenance Fund ,304002,,108,
ME-2025-0000614,304002,Repair & Maintenance Fund, 301,01-06-2025,,,, Repair & Maintenance Fund ,304002,,177,
ME-2025-0000623,304002,Repair & Maintenance Fund, 302,01-06-2025,,,, Repair & Maintenance Fund ,304002,,162,
ME-2025-0000631,304002,Repair & Maintenance Fund, 303,01-06-2025,,,, Repair & Maintenance Fund ,304002,,108,
ME-2025-0000641,304002,Repair & Maintenance Fund, 401,01-06-2025,,,, Repair & Maintenance Fund ,304002,,225,
ME-2025-0000651,304002,Repair & Maintenance Fund, 403,01-06-2025,,,, Repair & Maintenance Fund ,304002,,114,
ME-2025-0000660,304002,Repair & Maintenance Fund, 404,01-06-2025,,,, Repair & Maintenance Fund ,304002,,108,
ME-2025-0000670,304002,Repair & Maintenance Fund, 501,01-06-2025,,,, Repair & Maintenance Fund ,304002,,225,
ME-2025-0000680,304002,Repair & Maintenance Fund, 502,01-06-2025,,,, Repair & Maintenance Fund ,304002,,216,
ME-2025-0000690,304002,Repair & Maintenance Fund, 601,01-06-2025,,,, Repair & Maintenance Fund ,304002,,231,
ME-2025-0000700,304002,Repair & Maintenance Fund, 602,01-06-2025,,,, Repair & Maintenance Fund ,304002,,216,
ME-2025-0000710,304002,Repair & Maintenance Fund, 701,01-06-2025,,,, Repair & Maintenance Fund ,304002,,264,
ME-2025-0000719,304002,Repair & Maintenance Fund, 702,01-06-2025,,,, Repair & Maintenance Fund ,304002,,264,
ME-2025-0000747,304002,Repair & Maintenance Fund, 101,01-07-2025,,,, Repair & Maintenance Fund ,304002,,339,
ME-2025-0000755,304002,Repair & Maintenance Fund, 102,01-07-2025,,,, Repair & Maintenance Fund ,304002,,108,
ME-2025-0000764,304002,Repair & Maintenance Fund, 201,01-07-2025,,,, Repair & Maintenance Fund ,304002,,108,
ME-2025-0000773,304002,Repair & Maintenance Fund, 202,01-07-2025,,,, Repair & Maintenance Fund ,304002,,117,
ME-2025-0000783,304002,Repair & Maintenance Fund, 203,01-07-2025,,,, Repair & Maintenance Fund ,304002,,108,
ME-2025-0000792,304002,Repair & Maintenance Fund, 204,01-07-2025,,,, Repair & Maintenance Fund ,304002,,108,
ME-2025-0000801,304002,Repair & Maintenance Fund, 301,01-07-2025,,,, Repair & Maintenance Fund ,304002,,177,
ME-2025-0000810,304002,Repair & Maintenance Fund, 302,01-07-2025,,,, Repair & Maintenance Fund ,304002,,162,
ME-2025-0000818,304002,Repair & Maintenance Fund, 303,01-07-2025,,,, Repair & Maintenance Fund ,304002,,108,
ME-2025-0000838,304002,Repair & Maintenance Fund, 403,01-07-2025,,,, Repair & Maintenance Fund ,304002,,114,
ME-2025-0000847,304002,Repair & Maintenance Fund, 404,01-07-2025,,,, Repair & Maintenance Fund ,304002,,108,
ME-2025-0000857,304002,Repair & Maintenance Fund, 501,01-07-2025,,,, Repair & Maintenance Fund ,304002,,225,
ME-2025-0000867,304002,Repair & Maintenance Fund, 502,01-07-2025,,,, Repair & Maintenance Fund ,304002,,216,
ME-2025-0000877,304002,Repair & Maintenance Fund, 601,01-07-2025,,,, Repair & Maintenance Fund ,304002,,231,
ME-2025-0000887,304002,Repair & Maintenance Fund, 602,01-07-2025,,,, Repair & Maintenance Fund ,304002,,216,
ME-2025-0000897,304002,Repair & Maintenance Fund, 701,01-07-2025,,,, Repair & Maintenance Fund ,304002,,264,
ME-2025-0000906,304002,Repair & Maintenance Fund, 702,01-07-2025,,,, Repair & Maintenance Fund ,304002,,264,
ME-2025-0000927,304002,Repair & Maintenance Fund, 401,01-07-2025,,,, Repair & Maintenance Fund ,304002,,225,
ME-2025-0000955,304002,Repair & Maintenance Fund, 101,01-08-2025,,,, Repair & Maintenance Fund ,304002,,339,
ME-2025-0000963,304002,Repair & Maintenance Fund, 102,01-08-2025,,,, Repair & Maintenance Fund ,304002,,108,
ME-2025-0000973,304002,Repair & Maintenance Fund, 201,01-08-2025,,,, Repair & Maintenance Fund ,304002,,108,
ME-2025-0000983,304002,Repair & Maintenance Fund, 202,01-08-2025,,,, Repair & Maintenance Fund ,304002,,117,
ME-2025-0000994,304002,Repair & Maintenance Fund, 203,01-08-2025,,,, Repair & Maintenance Fund ,304002,,108,
ME-2025-0001004,304002,Repair & Maintenance Fund, 204,01-08-2025,,,, Repair & Maintenance Fund ,304002,,108,
ME-2025-0001013,304002,Repair & Maintenance Fund, 301,01-08-2025,,,, Repair & Maintenance Fund ,304002,,177,
ME-2025-0001022,304002,Repair & Maintenance Fund, 302,01-08-2025,,,, Repair & Maintenance Fund ,304002,,162,
ME-2025-0001030,304002,Repair & Maintenance Fund, 303,01-08-2025,,,, Repair & Maintenance Fund ,304002,,108,
ME-2025-0001042,304002,Repair & Maintenance Fund, 401,01-08-2025,,,, Repair & Maintenance Fund ,304002,,225,
ME-2025-0001053,304002,Repair & Maintenance Fund, 403,01-08-2025,,,, Repair & Maintenance Fund ,304002,,114,
ME-2025-0001063,304002,Repair & Maintenance Fund, 404,01-08-2025,,,, Repair & Maintenance Fund ,304002,,108,
ME-2025-0001074,304002,Repair & Maintenance Fund, 501,01-08-2025,,,, Repair & Maintenance Fund ,304002,,225,
ME-2025-0001085,304002,Repair & Maintenance Fund, 502,01-08-2025,,,, Repair & Maintenance Fund ,304002,,216,
ME-2025-0001096,304002,Repair & Maintenance Fund, 601,01-08-2025,,,, Repair & Maintenance Fund ,304002,,231,
ME-2025-0001107,304002,Repair & Maintenance Fund, 602,01-08-2025,,,, Repair & Maintenance Fund ,304002,,216,
ME-2025-0001118,304002,Repair & Maintenance Fund, 701,01-08-2025,,,, Repair & Maintenance Fund ,304002,,264,
ME-2025-0001128,304002,Repair & Maintenance Fund, 702,01-08-2025,,,, Repair & Maintenance Fund ,304002,,264,
ME-2025-0001162,304002,Repair & Maintenance Fund, 101,01-09-2025,,,, Repair & Maintenance Fund ,304002,,339,
ME-2025-0001170,304002,Repair & Maintenance Fund, 102,01-09-2025,,,, Repair & Maintenance Fund ,304002,,108,
ME-2025-0001180,304002,Repair & Maintenance Fund, 201,01-09-2025,,,, Repair & Maintenance Fund ,304002,,108,
ME-2025-0001191,304002,Repair & Maintenance Fund, 202,01-09-2025,,,, Repair & Maintenance Fund ,304002,,117,
ME-2025-0001203,304002,Repair & Maintenance Fund, 203,01-09-2025,,,, Repair & Maintenance Fund ,304002,,108,
ME-2025-0001214,304002,Repair & Maintenance Fund, 204,01-09-2025,,,, Repair & Maintenance Fund ,304002,,108,
ME-2025-0001224,304002,Repair & Maintenance Fund, 301,01-09-2025,,,, Repair & Maintenance Fund ,304002,,177,
ME-2025-0001233,304002,Repair & Maintenance Fund, 302,01-09-2025,,,, Repair & Maintenance Fund ,304002,,162,
ME-2025-0001241,304002,Repair & Maintenance Fund, 303,01-09-2025,,,, Repair & Maintenance Fund ,304002,,108,
ME-2025-0001253,304002,Repair & Maintenance Fund, 401,01-09-2025,,,, Repair & Maintenance Fund ,304002,,225,
ME-2025-0001265,304002,Repair & Maintenance Fund, 403,01-09-2025,,,, Repair & Maintenance Fund ,304002,,114,
ME-2025-0001275,304002,Repair & Maintenance Fund, 404,01-09-2025,,,, Repair & Maintenance Fund ,304002,,108,
ME-2025-0001286,304002,Repair & Maintenance Fund, 501,01-09-2025,,,, Repair & Maintenance Fund ,304002,,225,
ME-2025-0001297,304002,Repair & Maintenance Fund, 502,01-09-2025,,,, Repair & Maintenance Fund ,304002,,216,
ME-2025-0001308,304002,Repair & Maintenance Fund, 601,01-09-2025,,,, Repair & Maintenance Fund ,304002,,231,
ME-2025-0001319,304002,Repair & Maintenance Fund, 602,01-09-2025,,,, Repair & Maintenance Fund ,304002,,216,
ME-2025-0001330,304002,Repair & Maintenance Fund, 701,01-09-2025,,,, Repair & Maintenance Fund ,304002,,264,
ME-2025-0001340,304002,Repair & Maintenance Fund, 702,01-09-2025,,,, Repair & Maintenance Fund ,304002,,264,
ME-2025-0001371,304002,Repair & Maintenance Fund, 101,01-10-2025,,,, Repair & Maintenance Fund ,304002,,339,
ME-2025-0001379,304002,Repair & Maintenance Fund, 102,01-10-2025,,,, Repair & Maintenance Fund ,304002,,108,
ME-2025-0001389,304002,Repair & Maintenance Fund, 201,01-10-2025,,,, Repair & Maintenance Fund ,304002,,108,
ME-2025-0001400,304002,Repair & Maintenance Fund, 202,01-10-2025,,,, Repair & Maintenance Fund ,304002,,117,
ME-2025-0001411,304002,Repair & Maintenance Fund, 203,01-10-2025,,,, Repair & Maintenance Fund ,304002,,108,
ME-2025-0001422,304002,Repair & Maintenance Fund, 204,01-10-2025,,,, Repair & Maintenance Fund ,304002,,108,
ME-2025-0001432,304002,Repair & Maintenance Fund, 301,01-10-2025,,,, Repair & Maintenance Fund ,304002,,177,
ME-2025-0001441,304002,Repair & Maintenance Fund, 302,01-10-2025,,,, Repair & Maintenance Fund ,304002,,162,
ME-2025-0001450,304002,Repair & Maintenance Fund, 303,01-10-2025,,,, Repair & Maintenance Fund ,304002,,108,
ME-2025-0001461,304002,Repair & Maintenance Fund, 401,01-10-2025,,,, Repair & Maintenance Fund ,304002,,225,
ME-2025-0001473,304002,Repair & Maintenance Fund, 403,01-10-2025,,,, Repair & Maintenance Fund ,304002,,114,
ME-2025-0001483,304002,Repair & Maintenance Fund, 404,01-10-2025,,,, Repair & Maintenance Fund ,304002,,108,
ME-2025-0001494,304002,Repair & Maintenance Fund, 501,01-10-2025,,,, Repair & Maintenance Fund ,304002,,225,
ME-2025-0001505,304002,Repair & Maintenance Fund, 502,01-10-2025,,,, Repair & Maintenance Fund ,304002,,216,
ME-2025-0001516,304002,Repair & Maintenance Fund, 601,01-10-2025,,,, Repair & Maintenance Fund ,304002,,231,
ME-2025-0001527,304002,Repair & Maintenance Fund, 602,01-10-2025,,,, Repair & Maintenance Fund ,304002,,216,
ME-2025-0001538,304002,Repair & Maintenance Fund, 701,01-10-2025,,,, Repair & Maintenance Fund ,304002,,264,
ME-2025-0001548,304002,Repair & Maintenance Fund, 702,01-10-2025,,,, Repair & Maintenance Fund ,304002,,264,
ME-2025-0001576,304002,Repair & Maintenance Fund, 101,01-11-2025,,,, Repair & Maintenance Fund ,304002,,339,
ME-2025-0001584,304002,Repair & Maintenance Fund, 102,01-11-2025,,,, Repair & Maintenance Fund ,304002,,108,
ME-2025-0001593,304002,Repair & Maintenance Fund, 201,01-11-2025,,,, Repair & Maintenance Fund ,304002,,108,
ME-2025-0001602,304002,Repair & Maintenance Fund, 202,01-11-2025,,,, Repair & Maintenance Fund ,304002,,117,
ME-2025-0001612,304002,Repair & Maintenance Fund, 203,01-11-2025,,,, Repair & Maintenance Fund ,304002,,108,
ME-2025-0001622,304002,Repair & Maintenance Fund, 204,01-11-2025,,,, Repair & Maintenance Fund ,304002,,108,
ME-2025-0001631,304002,Repair & Maintenance Fund, 301,01-11-2025,,,, Repair & Maintenance Fund ,304002,,177,
ME-2025-0001640,304002,Repair & Maintenance Fund, 302,01-11-2025,,,, Repair & Maintenance Fund ,304002,,162,
ME-2025-0001649,304002,Repair & Maintenance Fund, 303,01-11-2025,,,, Repair & Maintenance Fund ,304002,,108,
ME-2025-0001660,304002,Repair & Maintenance Fund, 401,01-11-2025,,,, Repair & Maintenance Fund ,304002,,225,
ME-2025-0001671,304002,Repair & Maintenance Fund, 403,01-11-2025,,,, Repair & Maintenance Fund ,304002,,114,
ME-2025-0001680,304002,Repair & Maintenance Fund, 404,01-11-2025,,,, Repair & Maintenance Fund ,304002,,108,
ME-2025-0001690,304002,Repair & Maintenance Fund, 501,01-11-2025,,,, Repair & Maintenance Fund ,304002,,225,
ME-2025-0001700,304002,Repair & Maintenance Fund, 502,01-11-2025,,,, Repair & Maintenance Fund ,304002,,216,
ME-2025-0001710,304002,Repair & Maintenance Fund, 601,01-11-2025,,,, Repair & Maintenance Fund ,304002,,231,
ME-2025-0001720,304002,Repair & Maintenance Fund, 602,01-11-2025,,,, Repair & Maintenance Fund ,304002,,216,
ME-2025-0001730,304002,Repair & Maintenance Fund, 701,01-11-2025,,,, Repair & Maintenance Fund ,304002,,264,
ME-2025-0001739,304002,Repair & Maintenance Fund, 702,01-11-2025,,,, Repair & Maintenance Fund ,304002,,264,
ME-2025-0001772,304002,Repair & Maintenance Fund, 101,01-12-2025,,,, Repair & Maintenance Fund ,304002,,339,
ME-2025-0001780,304002,Repair & Maintenance Fund, 102,01-12-2025,,,, Repair & Maintenance Fund ,304002,,108,
ME-2025-0001789,304002,Repair & Maintenance Fund, 201,01-12-2025,,,, Repair & Maintenance Fund ,304002,,108,
ME-2025-0001799,304002,Repair & Maintenance Fund, 202,01-12-2025,,,, Repair & Maintenance Fund ,304002,,117,
ME-2025-0001809,304002,Repair & Maintenance Fund, 203,01-12-2025,,,, Repair & Maintenance Fund ,304002,,108,
ME-2025-0001818,304002,Repair & Maintenance Fund, 204,01-12-2025,,,, Repair & Maintenance Fund ,304002,,108,
ME-2025-0001827,304002,Repair & Maintenance Fund, 301,01-12-2025,,,, Repair & Maintenance Fund ,304002,,177,
ME-2025-0001836,304002,Repair & Maintenance Fund, 302,01-12-2025,,,, Repair & Maintenance Fund ,304002,,162,
ME-2025-0001846,304002,Repair & Maintenance Fund, 303,01-12-2025,,,, Repair & Maintenance Fund ,304002,,108,
ME-2025-0001856,304002,Repair & Maintenance Fund, 401,01-12-2025,,,, Repair & Maintenance Fund ,304002,,225,
ME-2025-0001866,304002,Repair & Maintenance Fund, 403,01-12-2025,,,, Repair & Maintenance Fund ,304002,,114,
ME-2025-0001875,304002,Repair & Maintenance Fund, 404,01-12-2025,,,, Repair & Maintenance Fund ,304002,,108,
ME-2025-0001885,304002,Repair & Maintenance Fund, 501,01-12-2025,,,, Repair & Maintenance Fund ,304002,,225,
ME-2025-0001895,304002,Repair & Maintenance Fund, 502,01-12-2025,,,, Repair & Maintenance Fund ,304002,,216,
ME-2025-0001905,304002,Repair & Maintenance Fund, 601,01-12-2025,,,, Repair & Maintenance Fund ,304002,,231,
ME-2025-0001915,304002,Repair & Maintenance Fund, 602,01-12-2025,,,, Repair & Maintenance Fund ,304002,,216,
ME-2025-0001925,304002,Repair & Maintenance Fund, 701,01-12-2025,,,, Repair & Maintenance Fund ,304002,,264,
ME-2025-0001934,304002,Repair & Maintenance Fund, 702,01-12-2025,,,, Repair & Maintenance Fund ,304002,,264,
ME-2025-0001970,304002,Repair & Maintenance Fund, 101,01-01-2026,,,, Repair & Maintenance Fund ,304002,,339,
ME-2025-0001978,304002,Repair & Maintenance Fund, 102,01-01-2026,,,, Repair & Maintenance Fund ,304002,,108,
ME-2025-0001987,304002,Repair & Maintenance Fund, 201,01-01-2026,,,, Repair & Maintenance Fund ,304002,,108,
ME-2025-0001997,304002,Repair & Maintenance Fund, 202,01-01-2026,,,, Repair & Maintenance Fund ,304002,,117,
ME-2025-0002008,304002,Repair & Maintenance Fund, 203,01-01-2026,,,, Repair & Maintenance Fund ,304002,,108,
ME-2025-0002017,304002,Repair & Maintenance Fund, 204,01-01-2026,,,, Repair & Maintenance Fund ,304002,,108,
ME-2025-0002026,304002,Repair & Maintenance Fund, 301,01-01-2026,,,, Repair & Maintenance Fund ,304002,,177,
ME-2025-0002035,304002,Repair & Maintenance Fund, 302,01-01-2026,,,, Repair & Maintenance Fund ,304002,,162,
ME-2025-0002045,304002,Repair & Maintenance Fund, 303,01-01-2026,,,, Repair & Maintenance Fund ,304002,,108,
ME-2025-0002056,304002,Repair & Maintenance Fund, 401,01-01-2026,,,, Repair & Maintenance Fund ,304002,,225,
ME-2025-0002065,304002,Repair & Maintenance Fund, 403,01-01-2026,,,, Repair & Maintenance Fund ,304002,,114,
ME-2025-0002074,304002,Repair & Maintenance Fund, 404,01-01-2026,,,, Repair & Maintenance Fund ,304002,,108,
ME-2025-0002084,304002,Repair & Maintenance Fund, 501,01-01-2026,,,, Repair & Maintenance Fund ,304002,,225,
ME-2025-0002095,304002,Repair & Maintenance Fund, 502,01-01-2026,,,, Repair & Maintenance Fund ,304002,,216,
ME-2025-0002105,304002,Repair & Maintenance Fund, 601,01-01-2026,,,, Repair & Maintenance Fund ,304002,,231,
ME-2025-0002115,304002,Repair & Maintenance Fund, 602,01-01-2026,,,, Repair & Maintenance Fund ,304002,,216,
ME-2025-0002125,304002,Repair & Maintenance Fund, 701,01-01-2026,,,, Repair & Maintenance Fund ,304002,,264,
ME-2025-0002134,304002,Repair & Maintenance Fund, 702,01-01-2026,,,, Repair & Maintenance Fund ,304002,,264,
ME-2025-0002168,304002,Repair & Maintenance Fund, 101,01-02-2026,,,, Repair & Maintenance Fund ,304002,,339,
ME-2025-0002176,304002,Repair & Maintenance Fund, 102,01-02-2026,,,, Repair & Maintenance Fund ,304002,,108,
ME-2025-0002185,304002,Repair & Maintenance Fund, 201,01-02-2026,,,, Repair & Maintenance Fund ,304002,,108,
ME-2025-0002195,304002,Repair & Maintenance Fund, 202,01-02-2026,,,, Repair & Maintenance Fund ,304002,,117,
ME-2025-0002206,304002,Repair & Maintenance Fund, 203,01-02-2026,,,, Repair & Maintenance Fund ,304002,,108,
ME-2025-0002215,304002,Repair & Maintenance Fund, 204,01-02-2026,,,, Repair & Maintenance Fund ,304002,,108,
ME-2025-0002224,304002,Repair & Maintenance Fund, 301,01-02-2026,,,, Repair & Maintenance Fund ,304002,,177,
ME-2025-0002233,304002,Repair & Maintenance Fund, 302,01-02-2026,,,, Repair & Maintenance Fund ,304002,,162,
ME-2025-0002244,304002,Repair & Maintenance Fund, 303,01-02-2026,,,, Repair & Maintenance Fund ,304002,,108,
ME-2025-0002254,304002,Repair & Maintenance Fund, 403,01-02-2026,,,, Repair & Maintenance Fund ,304002,,114,
ME-2025-0002263,304002,Repair & Maintenance Fund, 404,01-02-2026,,,, Repair & Maintenance Fund ,304002,,108,
ME-2025-0002273,304002,Repair & Maintenance Fund, 501,01-02-2026,,,, Repair & Maintenance Fund ,304002,,225,
ME-2025-0002285,304002,Repair & Maintenance Fund, 502,01-02-2026,,,, Repair & Maintenance Fund ,304002,,216,
ME-2025-0002296,304002,Repair & Maintenance Fund, 601,01-02-2026,,,, Repair & Maintenance Fund ,304002,,231,
ME-2025-0002307,304002,Repair & Maintenance Fund, 602,01-02-2026,,,, Repair & Maintenance Fund ,304002,,216,
ME-2025-0002317,304002,Repair & Maintenance Fund, 701,01-02-2026,,,, Repair & Maintenance Fund ,304002,,264,
ME-2025-0002326,304002,Repair & Maintenance Fund, 702,01-02-2026,,,, Repair & Maintenance Fund ,304002,,264,
ME-2025-0002336,304002,Repair & Maintenance Fund, 401,01-02-2026,,,, Repair & Maintenance Fund ,304002,,225,
ME-2025-0002366,304002,Repair & Maintenance Fund, 101,01-03-2026,,,, Repair & Maintenance Fund ,304002,,339,
ME-2025-0002374,304002,Repair & Maintenance Fund, 102,01-03-2026,,,, Repair & Maintenance Fund ,304002,,108,
ME-2025-0002383,304002,Repair & Maintenance Fund, 201,01-03-2026,,,, Repair & Maintenance Fund ,304002,,108,
ME-2025-0002392,304002,Repair & Maintenance Fund, 202,01-03-2026,,,, Repair & Maintenance Fund ,304002,,117,
ME-2025-0002403,304002,Repair & Maintenance Fund, 203,01-03-2026,,,, Repair & Maintenance Fund ,304002,,108,
ME-2025-0002412,304002,Repair & Maintenance Fund, 204,01-03-2026,,,, Repair & Maintenance Fund ,304002,,108,
ME-2025-0002421,304002,Repair & Maintenance Fund, 301,01-03-2026,,,, Repair & Maintenance Fund ,304002,,177,
ME-2025-0002430,304002,Repair & Maintenance Fund, 302,01-03-2026,,,, Repair & Maintenance Fund ,304002,,162,
ME-2025-0002440,304002,Repair & Maintenance Fund, 303,01-03-2026,,,, Repair & Maintenance Fund ,304002,,108,
ME-2025-0002451,304002,Repair & Maintenance Fund, 401,01-03-2026,,,, Repair & Maintenance Fund ,304002,,225,
ME-2025-0002462,304002,Repair & Maintenance Fund, 403,01-03-2026,,,, Repair & Maintenance Fund ,304002,,114,
ME-2025-0002471,304002,Repair & Maintenance Fund, 404,01-03-2026,,,, Repair & Maintenance Fund ,304002,,108,
ME-2025-0002481,304002,Repair & Maintenance Fund, 501,01-03-2026,,,, Repair & Maintenance Fund ,304002,,225,
ME-2025-0002492,304002,Repair & Maintenance Fund, 502,01-03-2026,,,, Repair & Maintenance Fund ,304002,,216,
ME-2025-0002503,304002,Repair & Maintenance Fund, 601,01-03-2026,,,, Repair & Maintenance Fund ,304002,,231,
ME-2025-0002513,304002,Repair & Maintenance Fund, 602,01-03-2026,,,, Repair & Maintenance Fund ,304002,,216,
ME-2025-0002523,304002,Repair & Maintenance Fund, 701,01-03-2026,,,, Repair & Maintenance Fund ,304002,,264,
ME-2025-0002532,304002,Repair & Maintenance Fund, 702,01-03-2026,,,, Repair & Maintenance Fund ,304002,,264,
JE-2025-0000070,304002,Repair & Maintenance Fund,,31-03-2026,Being contribution trf to liab FY 25-26,,, Repair & Maintenance Fund ,304002,38376.00,,

"","","","","","","","","","","38376","38376",

"Income - Members > Entrance Fee ( 305008 ) ",
"Journal No","Other GL No.","Other Account","Subledger","Posted Date","Comments","Instrument No.","Instrument Bank","Account Name","GL Account No.","Debit","Credit",
"","","","","","Opening Balance","",""," Entrance Fee ","305008","","",
ME-2025-0001760,305008,Entrance Fee, 201,20-11-2025,Flat 201,,, Entrance Fee ,305008,,100,
ME-2025-0001762,305008,Entrance Fee, 202,20-11-2025,Flat 202,,, Entrance Fee ,305008,,100,
ME-2025-0002157,305008,Entrance Fee, 403,10-01-2026,Flat 403,,, Entrance Fee ,305008,,100,
ME-2025-0002158,305008,Entrance Fee, 404,10-01-2026,Flat 404,,, Entrance Fee ,305008,,100,
ME-2025-0002557,305008,Entrance Fee, 202,21-02-2026,Quantity  2  x  Rate  100,,, Entrance Fee ,305008,,200,
JE-2025-0000068,305008,Entrance Fee,,31-03-2026,Being contribution trf to reserve fund FY 25-26,,, Entrance Fee ,305008,600.00,,

"","","","","","","","","","","600","600",

"Income - Members > Share Transfer Fee ( 305009 ) ",
"Journal No","Other GL No.","Other Account","Subledger","Posted Date","Comments","Instrument No.","Instrument Bank","Account Name","GL Account No.","Debit","Credit",
"","","","","","Opening Balance","",""," Share Transfer Fee ","305009","","",
ME-2025-0001759,305009,Share Transfer Fee, 201,20-11-2025,Flat 201,,, Share Transfer Fee ,305009,,500,
ME-2025-0001761,305009,Share Transfer Fee, 202,20-11-2025,Flat 202,,, Share Transfer Fee ,305009,,500,
ME-2025-0002155,305009,Share Transfer Fee, 403,10-01-2026,Flat 403,,, Share Transfer Fee ,305009,,500,
ME-2025-0002156,305009,Share Transfer Fee, 404,10-01-2026,Flat 404,,, Share Transfer Fee ,305009,,500,
ME-2025-0002556,305009,Share Transfer Fee, 202,21-02-2026,Quantity  1  x  Rate  500,,, Share Transfer Fee ,305009,,500,
JE-2025-0000068,305009,Share Transfer Fee,,31-03-2026,Being contribution trf to reserve fund FY 25-26,,, Share Transfer Fee ,305009,2500.00,,

"","","","","","","","","","","2500","2500",

"Income - Members > Legal Charges  ( 305010 ) ",
"Journal No","Other GL No.","Other Account","Subledger","Posted Date","Comments","Instrument No.","Instrument Bank","Account Name","GL Account No.","Debit","Credit",
"","","","","","Opening Balance","",""," Legal Charges  ","305010","","",
ME-2025-0002356,305010,Legal Charges , 404,13-01-2026,403,,, Legal Charges  ,305010,,3500,
ME-2025-0002358,305010,Legal Charges , 403,13-01-2026,403,,, Legal Charges  ,305010,,3500,
ME-2025-0002562,305010,Legal Charges , 202,04-03-2026,,,, Legal Charges  ,305010,,5400,

"Balance : 12400(Credit)","","","","","","","","","","0","12400",

"Income - Members > Transfer Premium ( 305011 ) ",
"Journal No","Other GL No.","Other Account","Subledger","Posted Date","Comments","Instrument No.","Instrument Bank","Account Name","GL Account No.","Debit","Credit",
"","","","","","Opening Balance","",""," Transfer Premium ","305011","","",
ME-2025-0002555,305011,Transfer Premium, 202,21-02-2026,Quantity  1  x  Rate  25000,,, Transfer Premium ,305011,,25000,
JE-2025-0000068,305011,Transfer Premium,,31-03-2026,Being contribution trf to reserve fund FY 25-26,,, Transfer Premium ,305011,25000.00,,

"","","","","","","","","","","25000","25000",

"Income - Members > Arrears for NOC ( 3010172 ) ",
"Journal No","Other GL No.","Other Account","Subledger","Posted Date","Comments","Instrument No.","Instrument Bank","Account Name","GL Account No.","Debit","Credit",
"","","","","","Opening Balance","",""," Arrears for NOC ","3010172","","",
ME-2025-0000921,3010172,Arrears for NOC, 401,01-07-2025,For Feb to Jun 2025,,, Arrears for NOC ,3010172,,1585,

"Balance : 1585(Credit)","","","","","","","","","","0","1585",

"Income - Members > Arrears for Parking ( 3010173 ) ",
"Journal No","Other GL No.","Other Account","Subledger","Posted Date","Comments","Instrument No.","Instrument Bank","Account Name","GL Account No.","Debit","Credit",
"","","","","","Opening Balance","",""," Arrears for Parking ","3010173","","",
ME-2025-0000248,3010173,Arrears for Parking, 203,01-04-2025,Short charged from Jan to Mar 2025 - 1st Instalment,,, Arrears for Parking ,3010173,,450,
ME-2025-0000259,3010173,Arrears for Parking, 501,01-04-2025,Short charged from Jan to Mar 2025 - 1st Instalment,,, Arrears for Parking ,3010173,,225,
ME-2025-0000270,3010173,Arrears for Parking, 502,01-04-2025,Short charged from Jan to Mar 2025 - 1st Instalment,,, Arrears for Parking ,3010173,,450,
ME-2025-0000293,3010173,Arrears for Parking, 602,01-04-2025,Short charged from Jan to Mar 2025 - 1st Instalment,,, Arrears for Parking ,3010173,,75,
ME-2025-0000304,3010173,Arrears for Parking, 701,01-04-2025,Short charged from Jan to Mar 2025 - 1st Instalment,,, Arrears for Parking ,3010173,,75,
ME-2025-0000369,3010173,Arrears for Parking, 203,01-05-2025,,,, Arrears for Parking ,3010173,,450,
ME-2025-0000445,3010173,Arrears for Parking, 501,01-05-2025,,,, Arrears for Parking ,3010173,,225,
ME-2025-0000456,3010173,Arrears for Parking, 502,01-05-2025,,,, Arrears for Parking ,3010173,,450,
ME-2025-0000479,3010173,Arrears for Parking, 602,01-05-2025,,,, Arrears for Parking ,3010173,,75,
ME-2025-0000490,3010173,Arrears for Parking, 701,01-05-2025,,,, Arrears for Parking ,3010173,,75,
ME-2025-0002239,3010173,Arrears for Parking, 303,01-02-2026,2W for Jan 2026,,, Arrears for Parking ,3010173,,200,
ME-2025-0002279,3010173,Arrears for Parking, 502,01-02-2026,2W for Jan 2026,,, Arrears for Parking ,3010173,,100,

"Balance : 2850(Credit)","","","","","","","","","","0","2850",

"Income - Members > Major Repair Fund ( 3010174 ) ",
"Journal No","Other GL No.","Other Account","Subledger","Posted Date","Comments","Instrument No.","Instrument Bank","Account Name","GL Account No.","Debit","Credit",
"","","","","","Opening Balance","",""," Major Repair Fund ","3010174","","",
JE-2025-0000090,3010174,Major Repair Fund,,31-03-2026,Being major repair exp less from repair fund & building dev fund FY 25-26,,, Major Repair Fund ,3010174,,891306.00,

"Balance : 891306(Credit)","","","","","","","","","","0","891306",

"Income - Non Members > Interest Income - Savings Account ( 306001 ) ",
"Journal No","Other GL No.","Other Account","Subledger","Posted Date","Comments","Instrument No.","Instrument Bank","Account Name","GL Account No.","Debit","Credit",
"","","","","","Opening Balance","",""," Interest Income - Savings Account ","306001","","",
JE-2025-0000004,306001,Interest Income - Savings Account,,30-06-2025,Being SB Interest till 01.04.25 to 30.06.25,,, Interest Income - Savings Account ,306001,,3260.00,
JE-2025-0000009,306001,Interest Income - Savings Account,,30-09-2025,int recd on saving account 01.07.25 to 30.09.25,,, Interest Income - Savings Account ,306001,,2905.00,
JE-2025-0000016,306001,Interest Income - Savings Account,,31-12-2025,Being interest recd on saving account  01.10.25 to 31.12.25  - SCB,,, Interest Income - Savings Account ,306001,,3656.00,
JE-2025-0000024,306001,Interest Income - Savings Account,,31-03-2026,Being interest recd on saving    01.01.26 to 31.03.26   - SCB,,, Interest Income - Savings Account ,306001,,2628.00,

"Balance : 12449(Credit)","","","","","","","","","","0","12449",

"Income - Non Members > Interest Income - Fixed Deposit  ( 306002 ) ",
"Journal No","Other GL No.","Other Account","Subledger","Posted Date","Comments","Instrument No.","Instrument Bank","Account Name","GL Account No.","Debit","Credit",
"","","","","","Opening Balance","",""," Interest Income - Fixed Deposit  ","306002","","",
JE-2025-0000006,306002,Interest Income - Fixed Deposit ,,15-04-2025,Being FD Matured FD 404759 SF SCB,,, Interest Income - Fixed Deposit  ,306002,,22.00,
JE-2025-0000005,306002,Interest Income - Fixed Deposit ,,15-04-2025,Being FD Matured 404760 Res.F SCB,,, Interest Income - Fixed Deposit  ,306002,,10.00,
JE-2025-0000045,306002,Interest Income - Fixed Deposit ,,15-04-2025,Being wrongly tds booked for fd 404760,,, Interest Income - Fixed Deposit  ,306002,1.00,,
JE-2025-0000046,306002,Interest Income - Fixed Deposit ,,15-04-2025,Being tds wrongly charges on fd 404759,,, Interest Income - Fixed Deposit  ,306002,2.00,,
JE-2025-0000037,306002,Interest Income - Fixed Deposit ,,14-06-2025,Being FD TD1001227336 renewed and remade SCB - GF,,, Interest Income - Fixed Deposit  ,306002,,11504.00,
JE-2025-0000041,306002,Interest Income - Fixed Deposit ,,26-06-2025,Being FD TD1001240638 renewed and remade SCB - EDTF,,, Interest Income - Fixed Deposit  ,306002,,24.00,
JE-2025-0000043,306002,Interest Income - Fixed Deposit ,,26-06-2025,Being FD TD1001240642  renewed and remade SCB - RMF,,, Interest Income - Fixed Deposit  ,306002,,890.00,
JE-2025-0000051,306002,Interest Income - Fixed Deposit ,,30-06-2025,Being interest on sweep TD0000400923   SCB,,, Interest Income - Fixed Deposit  ,306002,,152.00,
JE-2025-0000039,306002,Interest Income - Fixed Deposit ,,15-08-2025,Being FD TD1001240592 renewed and remade SCB - SF,,, Interest Income - Fixed Deposit  ,306002,,232.00,
JE-2025-0000048,306002,Interest Income - Fixed Deposit ,,15-09-2025,Being FD TD1000855869 renewed and remade SCB - RMF,,, Interest Income - Fixed Deposit  ,306002,,8597.00,
JE-2025-0000047,306002,Interest Income - Fixed Deposit ,,15-09-2025,Being FD TD1000855858 renewed and remade SCB - GF,,, Interest Income - Fixed Deposit  ,306002,,1463.00,
JE-2025-0000050,306002,Interest Income - Fixed Deposit ,,15-09-2025,Being FD TD1000855877 renewed and remade SCB - ETDF,,, Interest Income - Fixed Deposit  ,306002,,732.00,
JE-2025-0000035,306002,Interest Income - Fixed Deposit ,,15-09-2025,Being FD TD1000855895 renewed and remade SCB - BDF,,, Interest Income - Fixed Deposit  ,306002,,6658.00,
JE-2025-0000008,306002,Interest Income - Fixed Deposit ,,30-09-2025,Being interest recd on FD TD0000400923 SC SB,,, Interest Income - Fixed Deposit  ,306002,,152.00,
JE-2025-0000052,306002,Interest Income - Fixed Deposit ,,31-12-2025,Being interest on sweep   TD0000400923 SCB,,, Interest Income - Fixed Deposit  ,306002,,152.00,
JE-2025-0000044,306002,Interest Income - Fixed Deposit ,,31-03-2026,Being int accu on FD TD1001240642  - RMF - SCB,,, Interest Income - Fixed Deposit  ,306002,,2698.00,
JE-2025-0000074,306002,Interest Income - Fixed Deposit ,,31-03-2026,Being interest amount transfer to respective fund,,, Interest Income - Fixed Deposit  ,306002,99687.00,,
JE-2025-0000042,306002,Interest Income - Fixed Deposit ,,31-03-2026,Being int accu on FD TD1001240638 - EDTF - SCB,,, Interest Income - Fixed Deposit  ,306002,,70.00,
JE-2025-0000040,306002,Interest Income - Fixed Deposit ,,31-03-2026,Being int accu on FD TD1001240592 - SF - SCB,,, Interest Income - Fixed Deposit  ,306002,,702.00,
JE-2025-0000038,306002,Interest Income - Fixed Deposit ,,31-03-2026,Being int accu on FD TD1001227336 - GF - SCB,,, Interest Income - Fixed Deposit  ,306002,,45572.00,
JE-2025-0000036,306002,Interest Income - Fixed Deposit ,,31-03-2026,Being int accu on FD TD1000855895 - BDF - SCB,,, Interest Income - Fixed Deposit  ,306002,,7828.00,
JE-2025-0000034,306002,Interest Income - Fixed Deposit ,,31-03-2026,Being int accu on FD TD1000855877 - ETF - SCB,,, Interest Income - Fixed Deposit  ,306002,,860.00,
JE-2025-0000032,306002,Interest Income - Fixed Deposit ,,31-03-2026,Being int accu on FD TD1000855869 - RF - SCB,,, Interest Income - Fixed Deposit  ,306002,,10108.00,
JE-2025-0000030,306002,Interest Income - Fixed Deposit ,,31-03-2026,Being int accru on FD  TD1000855858 - GF - SCB,,, Interest Income - Fixed Deposit  ,306002,,1720.00,
JE-2025-0000023,306002,Interest Income - Fixed Deposit ,,31-03-2026,Being interest recd on fd   TD0000400923N - SCB,,, Interest Income - Fixed Deposit  ,306002,,152.00,

"Balance : 608(Credit)","","","","","","","","","","99690","100298",

"Member Income > Credit Note to Members ( 301014 ) ",
"Journal No","Other GL No.","Other Account","Subledger","Posted Date","Comments","Instrument No.","Instrument Bank","Account Name","GL Account No.","Debit","Credit",
"","","","","","Opening Balance","",""," Credit Note to Members ","301014","","",
ME-2025-0000509,301014,Credit Note, 601,01-04-2025,Credit Note For 4W charged in Apr 2025,,, Credit Note to Members ,301014,600.00,,
JE-2025-0000066,301014,Credit Note,,01-04-2025,Being credit note given for parking charges to be removed,,, Credit Note to Members ,301014,,600.00,

"","","","","","","","","","","600","600",

