"Assets > Mumbai District Central Co-op. Bank ( 101001 ) ",
"Journal No","Other GL No.","Other Account","Subledger","Posted Date","Comments","Instrument No.","Instrument Bank","Account Name","GL Account No.","Debit","Credit",
"","","","","","Opening Balance","",""," Mumbai District Central Co-op. Bank ","101001","14409","",
JE-2025-0000050,101001,Mumbai District Central Co-op. Bank,,30-06-2025,Being Int recd on Saving Account 01 april  to 29 jun 2025,,, Mumbai District Central Co-op. Bank ,101001,115.00,,
JE-2025-0000051,101001,Mumbai District Central Co-op. Bank,,30-09-2025,Being Int recd on Saving Account 30 jun to 30 sep 2025,,, Mumbai District Central Co-op. Bank ,101001,111.00,,
JE-2025-0000052,101001,Mumbai District Central Co-op. Bank,,30-12-2025,Being Int recd on Saving Account Oct 2025 to 29 Dec 2025,,, Mumbai District Central Co-op. Bank ,101001,108.00,,
JE-2025-0000053,101001,Mumbai District Central Co-op. Bank,,31-03-2026,Being Int recd on Saving Account 30 Dec to 31 March 2025,,, Mumbai District Central Co-op. Bank ,101001,111.00,,

"Balance : 14854(Debit)","","","","","","","","","","14854","0",

"Assets > SVC Bank - 102103130004539 ( 101002 ) ",
"Journal No","Other GL No.","Other Account","Subledger","Posted Date","Comments","Instrument No.","Instrument Bank","Account Name","GL Account No.","Debit","Credit",
"","","","","","Opening Balance","",""," SVC Bank - 102103130004539 ","101002","236540.74","",
ME-2025-0000001,206001,Advance Members,LS 701801,01-04-2025,NEFT recd as advance,SBIN325091762830,State Bank of India, SVC Bank - 102103130004539 ,101002,5745.00,,
ME-2025-0000304,301011 301003 301039 301005 304003 301016 301006 304001 303002 301004,Education & Training Fund Electricity Charges Insurance Charges Lift Maintenance Charges Repair Fund Security Charges Service Charges Sinking Fund Stilt Tax Water Charges Education & Training Fund Electricity Charges Insurance Charges Lift Maintenance Charges Repair Fund Security Charges Service Charges Sinking Fund Stilt Tax Water Charges,LS 703803,03-04-2025,UPI recd on account,137041952120,N.A., SVC Bank - 102103130004539 ,101002,5883.00,,
ME-2025-0000291,301018 301011 301003 301039 301005 304003 301016 301006 304001 303002 301004 206001,4W Parking Charges Education & Training Fund Electricity Charges Insurance Charges Lift Maintenance Charges Repair Fund Security Charges Service Charges Sinking Fund Stilt Tax Water Charges Advance Members Advance Members,LS 601,04-04-2025,NEFT recd agst Apr n May bills,102103130004604,SVC Bank, SVC Bank - 102103130004539 ,101002,6422.00,,
ME-2025-0000305,301012 301011 301003 301039 301005 304003 301016 301006 304001 303002 301004,Late Payment Interest Education & Training Fund Electricity Charges Insurance Charges Lift Maintenance Charges Repair Fund Security Charges Service Charges Sinking Fund Stilt Tax Water Charges,LS 704804,04-04-2025,NEFT recd agst bill 028 dt. 01.04.25 from Tsukiji Food Expres,001989423956,N.A., SVC Bank - 102103130004539 ,101002,5750.00,,
ME-2025-0000306,301009 301018 301011 301003 301039 301005 304003 301016 301006 304001 301004,2W Parking Charges 4W Parking Charges Education & Training Fund Electricity Charges Insurance Charges Lift Maintenance Charges Repair Fund Security Charges Service Charges Sinking Fund Water Charges,LS 103,04-04-2025,IMPS recd agst bill 003 dt. 01.04.25,509419370609,N.A., SVC Bank - 102103130004539 ,101002,2915.00,,
ME-2025-0000307,301011 301003 301039 301005 304003 301016 301006 304001 301004,Education & Training Fund Electricity Charges Insurance Charges Lift Maintenance Charges Repair Fund Security Charges Service Charges Sinking Fund Water Charges,LS 501,14-04-2025,IMPS recd agst bill 017 dt. 01.04.25,510410450555,N.A., SVC Bank - 102103130004539 ,101002,2765.00,,
ME-2025-0000308,301018 304005 301011 301003 301039 301005 304003 301016 301006 304001 301004 301007,4W Parking Charges Contigency Fund Education & Training Fund Electricity Charges Insurance Charges Lift Maintenance Charges Repair Fund Security Charges Service Charges Sinking Fund Water Charges Non Occupancy Charges,LS 101,16-04-2025,NEFT recd agst bill 001 dt. 01.04.25,HDFCH00187839311,N.A., SVC Bank - 102103130004539 ,101002,5172.00,,
ME-2025-0000309,301011 301003 301039 301005 304003 301016 301006 304001 301004,Education & Training Fund Electricity Charges Insurance Charges Lift Maintenance Charges Repair Fund Security Charges Service Charges Sinking Fund Water Charges,LS 201,18-04-2025,IMPS recd agst bill 005 dt. 01.04.25,510814132779,N.A., SVC Bank - 102103130004539 ,101002,2765.00,,
EE-2025-0000018,403001,Electricity Expenses,Adani Electricity,19-04-2025,Being Electricity Bill Paid for March 2025,NA,, SVC Bank - 102103130004539 ,101002,,12060,
EE-2025-0000020,403001,Electricity Expenses,Adani Electricity,19-04-2025,Being Electricity bill paid for March 2025,NA,, SVC Bank - 102103130004539 ,101002,,340,
EE-2025-0000022,403001,Electricity Expenses,Adani Electricity,19-04-2025,Being Electricity bill paid for March 2025,NA,, SVC Bank - 102103130004539 ,101002,,860,
EE-2025-0000024,403001,Electricity Expenses,Adani Electricity,19-04-2025,Being Electricity bill paid for March 2025,NA,, SVC Bank - 102103130004539 ,101002,,1330,
ME-2025-0000310,301011 301003 301039 301005 304003 301016 301006 304001 301004,Education & Training Fund Electricity Charges Insurance Charges Lift Maintenance Charges Repair Fund Security Charges Service Charges Sinking Fund Water Charges,LS 104,20-04-2025,UPI recd agst bill 004 dt. 01.04.2025 by Radley Jos,511032987080,N.A., SVC Bank - 102103130004539 ,101002,2765.00,,
ME-2025-0000311,304005 301011 301003 301039 301005 304003 301016 301006 304001 301004 301007,Contigency Fund Education & Training Fund Electricity Charges Insurance Charges Lift Maintenance Charges Repair Fund Security Charges Service Charges Sinking Fund Water Charges Non Occupancy Charges,LS 503,24-04-2025,NEFT recd agst bill 019 dt. 01.04.25,ICIN111477905114,N.A., SVC Bank - 102103130004539 ,101002,4172.00,,
ME-2025-0000312,301011 301003 301039 301005 304003 301016 301006 304001 303002 301004,Education & Training Fund Electricity Charges Insurance Charges Lift Maintenance Charges Repair Fund Security Charges Service Charges Sinking Fund Stilt Tax Water Charges,LS 604,24-04-2025,NEFT recd agst bill 024 dt. 01.04.25,SIBLN25114125073,N.A., SVC Bank - 102103130004539 ,101002,2911.00,,
ME-2025-0000292,301011 301003 301039 301005 304003 301016 301006 304001 301004,Education & Training Fund Electricity Charges Insurance Charges Lift Maintenance Charges Repair Fund Security Charges Service Charges Sinking Fund Water Charges,LS 102,25-04-2025,Ch dt 24.04.25 recd agst bill 002 dt 01.04.25,003818,Union bank of India, SVC Bank - 102103130004539 ,101002,2765.00,,
ME-2025-0000295,301018 304005 301011 301003 301039 301005 304003 301016 301006 304001 301004 301007,4W Parking Charges Contigency Fund Education & Training Fund Electricity Charges Insurance Charges Lift Maintenance Charges Repair Fund Security Charges Service Charges Sinking Fund Water Charges Non Occupancy Charges,LS 203,25-04-2025,Ch dt 18.04.25 recd agst bill 007 dt 01.04.25,011695,Union bank of India, SVC Bank - 102103130004539 ,101002,5016.00,,
ME-2025-0000296,301011 301003 301039 301005 304003 301016 301006 304001 303002 301004,Education & Training Fund Electricity Charges Insurance Charges Lift Maintenance Charges Repair Fund Security Charges Service Charges Sinking Fund Stilt Tax Water Charges,LS 301,25-04-2025,Ch dt 23.04.25 recd agst bill 009 dt 01.04.25,000138,Bank of Baroda, SVC Bank - 102103130004539 ,101002,2844.00,,
ME-2025-0000298,301011 301003 301039 301005 304003 301016 301006 304001 303002 301004,Education & Training Fund Electricity Charges Insurance Charges Lift Maintenance Charges Repair Fund Security Charges Service Charges Sinking Fund Stilt Tax Water Charges,LS 401,25-04-2025,Ch dt 06.04.25 recd agst bill 013 dt 01.04.25,902976,Citizen Credit Bank, SVC Bank - 102103130004539 ,101002,2844.00,,
ME-2025-0000299,304005 301011 301003 301039 301005 304003 301016 301006 304001 301004 301007,Contigency Fund Education & Training Fund Electricity Charges Insurance Charges Lift Maintenance Charges Repair Fund Security Charges Service Charges Sinking Fund Water Charges Non Occupancy Charges,LS 502,25-04-2025,Ch dt 20.04.25 recd agst bill 018 dt 01.04.25,031801,SVC Bank, SVC Bank - 102103130004539 ,101002,4172.00,,
ME-2025-0000300,301018 304005 301011 301003 301039 301005 304003 301016 301006 304001 303002 301004 301007,4W Parking Charges Contigency Fund Education & Training Fund Electricity Charges Insurance Charges Lift Maintenance Charges Repair Fund Security Charges Service Charges Sinking Fund Stilt Tax Water Charges Non Occupancy Charges,LS 602,25-04-2025,Ch dt 01.04.25 recd agst bill 022 dt 01.04.25,000120,HDFC Bank, SVC Bank - 102103130004539 ,101002,4618.00,,
ME-2025-0000301,301011 301003 301039 301005 304003 301016 301006 304001 301004,Education & Training Fund Electricity Charges Insurance Charges Lift Maintenance Charges Repair Fund Security Charges Service Charges Sinking Fund Water Charges,LS 603,25-04-2025,Ch dt 06.04.25 recd agst bill 023 dt 01.04.25,565636,Citizen Credit Bank, SVC Bank - 102103130004539 ,101002,2832.00,,
ME-2025-0000303,301011 301003 301039 301005 304003 301016 301006 304001 303002 301004,Education & Training Fund Electricity Charges Insurance Charges Lift Maintenance Charges Repair Fund Security Charges Service Charges Sinking Fund Stilt Tax Water Charges,LS 304,25-04-2025,Ch.recd agst bill 6012 dt 01.04.2025,682001,Citizen Bank, SVC Bank - 102103130004539 ,101002,2844.00,,
ME-2025-0000313,301009 304005 301011 301003 301039 301005 304003 301016 301006 304001 301004 301007,2W Parking Charges Contigency Fund Education & Training Fund Electricity Charges Insurance Charges Lift Maintenance Charges Repair Fund Security Charges Service Charges Sinking Fund Water Charges Non Occupancy Charges,LS 504,25-04-2025,IMPS recd agst bill 020 dt. 01.04.25,511502163668,N.A., SVC Bank - 102103130004539 ,101002,4522.00,,
ME-2025-0000314,301018 304005 301011 301003 301039 301005 304003 301016 301006 304001 303002 301004 301007,4W Parking Charges Contigency Fund Education & Training Fund Electricity Charges Insurance Charges Lift Maintenance Charges Repair Fund Security Charges Service Charges Sinking Fund Stilt Tax Water Charges Non Occupancy Charges,LS 702802,25-04-2025,NEFT recd agst bill 026 dt. 01.04.25,HDFCH00201025296,N.A., SVC Bank - 102103130004539 ,101002,8859.00,,
ME-2025-0000315,206001,Advance Members,LS 703803,27-04-2025,UPI recd on advance,239987780849,NA, SVC Bank - 102103130004539 ,101002,5000.00,,
EE-2025-0000007,404001,Water Expenses,BMC,27-04-2025,Being Water Bill Paid CCN-PN 0388312 Period 05-12-2024 to 05-03-2025 90 Days 1360KL,029886,, SVC Bank - 102103130004539 ,101002,,14705,
BE-2025-0000001,0,Bank Transfer,,28-04-2025,Being cash withdrawn,29887,, SVC Bank - 102103130004539 ,101002,,4900,
EE-2025-0000009,406001,Garden Maintenance,Gardener,30-04-2025,Being Salary Paid for April 2025,029888,37924, SVC Bank - 102103130004539 ,101002,,4000,
EE-2025-0000011,407001,Security Charges,Ganesh Security  Service,30-04-2025,Being security expenses for April 2025,029889,, SVC Bank - 102103130004539 ,101002,,21780,
EE-2025-0000016,406009,Intercom  AMC Expenses,Suryatel Systems,30-04-2025,Being bill paid,029894,, SVC Bank - 102103130004539 ,101002,,14278,
ME-2025-0000617,301011 301003 301039 301005 304003 301016 301006 304001 303002 301004,Education & Training Fund Electricity Charges Insurance Charges Lift Maintenance Charges Repair Fund Security Charges Service Charges Sinking Fund Stilt Tax Water Charges,LS 701801,01-05-2025,NEFT recd agst bill no. 053 dt 01.05.2025,SBIN325121548137,SBI Bank, SVC Bank - 102103130004539 ,101002,5745.00,,
ME-2025-0000618,206001,Advance Members,LS 403,01-05-2025,IMPS recd as advance,512113370790,NA, SVC Bank - 102103130004539 ,101002,2765.00,,
ME-2025-0000619,301011 301003 301039 301005 304003 301016 301006 304001 303002 301004,Education & Training Fund Electricity Charges Insurance Charges Lift Maintenance Charges Repair Fund Security Charges Service Charges Sinking Fund Stilt Tax Water Charges,LS 703803,03-05-2025,UPI recd agst bill no. 055 dt 01.05.2025,483554241231,Union Bank Of India, SVC Bank - 102103130004539 ,101002,5823.00,,
ME-2025-0000620,301009 301018 301011 301003 301039 301005 304003 301016 301006 304001 301004,2W Parking Charges 4W Parking Charges Education & Training Fund Electricity Charges Insurance Charges Lift Maintenance Charges Repair Fund Security Charges Service Charges Sinking Fund Water Charges,LS 103,05-05-2025,IMPS recd agst bill no. 031 dt 01.05.2025,512509510215,N.A., SVC Bank - 102103130004539 ,101002,2915.00,,
ME-2025-0000621,301011 301003 301039 301005 304003 301016 301006 304001 303002 301004,Education & Training Fund Electricity Charges Insurance Charges Lift Maintenance Charges Repair Fund Security Charges Service Charges Sinking Fund Stilt Tax Water Charges,LS 704804,06-05-2025,NEFT recd agst bill no. 056 dt 01.05.2025,002046023333,Union Bank Of India, SVC Bank - 102103130004539 ,101002,5745.00,,
ME-2025-0000622,301009 301011 301003 301039 301005 304003 301016 301006 304001 301004 206001,2W Parking Charges Education & Training Fund Electricity Charges Insurance Charges Lift Maintenance Charges Repair Fund Security Charges Service Charges Sinking Fund Water Charges Advance Members Advance Members,LS 302,06-05-2025,NEFT recd on acount,HDFCH00223441421,HDFC Bank, SVC Bank - 102103130004539 ,101002,3000.00,,
EE-2025-0000407,401001,Salary Expenses,Annamalai Harijan,06-05-2025,Being salary paid for April 2025,029890,, SVC Bank - 102103130004539 ,101002,,3500,
ME-2025-0000623,206001,Advance Members,LS 601,09-05-2025,NEFT recd as advance,102103130004604,NA, SVC Bank - 102103130004539 ,101002,3211.00,,
ME-2025-0000624,301011 301003 301039 301005 304003 301016 301006 304001 301004,Education & Training Fund Electricity Charges Insurance Charges Lift Maintenance Charges Repair Fund Security Charges Service Charges Sinking Fund Water Charges,LS 501,10-05-2025,IMPS recd agst bill no. 045 dt 01.05.2025,513010271836,N.A., SVC Bank - 102103130004539 ,101002,2765.00,,
ME-2025-0000625,301011 301003 301039 301005 304003 301016 301006 304001 301004,Education & Training Fund Electricity Charges Insurance Charges Lift Maintenance Charges Repair Fund Security Charges Service Charges Sinking Fund Water Charges,LS 402,19-05-2025,NEFT recd agst bill no. 014 dt 01.04.2025,002069528172,Union Bank Of India, SVC Bank - 102103130004539 ,101002,2765.00,,
ME-2025-0000626,301012 301011 301003 301039 301005 304003 301016 301006 304001 301004,Late Payment Interest Education & Training Fund Electricity Charges Insurance Charges Lift Maintenance Charges Repair Fund Security Charges Service Charges Sinking Fund Water Charges,LS 402,19-05-2025,NEFT recd on acount,002069528279,Union Bank Of India, SVC Bank - 102103130004539 ,101002,2765.00,,
ME-2025-0000627,301011 301003 301039 301005 304003 301016 301006 304001 301004,Education & Training Fund Electricity Charges Insurance Charges Lift Maintenance Charges Repair Fund Security Charges Service Charges Sinking Fund Water Charges,LS 201,20-05-2025,IMPS recd agst bill no. 033 dt 01.05.2025,513922101,N.A., SVC Bank - 102103130004539 ,101002,2765.00,,
EE-2025-0000152,403001,Electricity Expenses,Adani Electricity,20-05-2025,Being electricty bill paid for Apr-2025,NA,, SVC Bank - 102103130004539 ,101002,,1040.9,
EE-2025-0000153,403001,Electricity Expenses,Adani Electricity,20-05-2025,Being electricty bill paid for Apr-2025,NA,, SVC Bank - 102103130004539 ,101002,,11441.4,
EE-2025-0000154,403001,Electricity Expenses,Adani Electricity,20-05-2025,Being electricty bill paid for Apr-2025,NA,, SVC Bank - 102103130004539 ,101002,,1417.65,
EE-2025-0000155,403001,Electricity Expenses,Adani Electricity,20-05-2025,Being electricty bill paid for Apr-2025,NA,, SVC Bank - 102103130004539 ,101002,,327.19,
ME-2025-0000607,301011 301003 301039 301005 304003 301016 301006 304001 301004 206001,Education & Training Fund Electricity Charges Insurance Charges Lift Maintenance Charges Repair Fund Security Charges Service Charges Sinking Fund Water Charges Advance Members Advance Members,LS 204,22-05-2025,NEFT recd on account,HDFCN52025052247842919,HDFC Bank, SVC Bank - 102103130004539 ,101002,5530.00,,
ME-2025-0000628,301011 301003 301039 301005 304003 301016 301006 304001 301004,Education & Training Fund Electricity Charges Insurance Charges Lift Maintenance Charges Repair Fund Security Charges Service Charges Sinking Fund Water Charges,LS 104,22-05-2025,UPI recd agst bill no. 032 dt 01.05.2025,51412445066,Yes Bank, SVC Bank - 102103130004539 ,101002,2765.00,,
ME-2025-0000629,301011 301003 301039 301005 304003 301016 301006 304001 303002 301004,Education & Training Fund Electricity Charges Insurance Charges Lift Maintenance Charges Repair Fund Security Charges Service Charges Sinking Fund Stilt Tax Water Charges,LS 604,23-05-2025,NEFT recd agst bill no. 052 dt 01.05.2025,SIBLN25143485916,SIB Bank, SVC Bank - 102103130004539 ,101002,2911.00,,
ME-2025-0000630,304005 301011 301003 301039 301005 304003 301016 301006 304001 301004 301007,Contigency Fund Education & Training Fund Electricity Charges Insurance Charges Lift Maintenance Charges Repair Fund Security Charges Service Charges Sinking Fund Water Charges Non Occupancy Charges,LS 503,23-05-2025,NEFT recd agst bill no. 047 dt 01.05.2025,ICINC114379733434,ICICI Bank, SVC Bank - 102103130004539 ,101002,4172.00,,
ME-2025-0000608,301011 301003 301039 301005 304003 301016 301006 304001 301004,Education & Training Fund Electricity Charges Insurance Charges Lift Maintenance Charges Repair Fund Security Charges Service Charges Sinking Fund Water Charges,LS 603,25-05-2025,Ch dt. 08.05.25 recd agst bill 51 dt. 01.05.25,903911,Citizen Bank, SVC Bank - 102103130004539 ,101002,2832.00,,
ME-2025-0000609,301018 304005 301011 301003 301039 301005 304003 301016 301006 304001 303002 301004 301007,4W Parking Charges Contigency Fund Education & Training Fund Electricity Charges Insurance Charges Lift Maintenance Charges Repair Fund Security Charges Service Charges Sinking Fund Stilt Tax Water Charges Non Occupancy Charges,LS 602,25-05-2025,Ch dt. 20.05.25 recd agst bill 50 dt. 01.05.25,000121,HDFC Bank, SVC Bank - 102103130004539 ,101002,4618.00,,
ME-2025-0000610,304005 301011 301003 301039 301005 304003 301016 301006 304001 301004 301007,Contigency Fund Education & Training Fund Electricity Charges Insurance Charges Lift Maintenance Charges Repair Fund Security Charges Service Charges Sinking Fund Water Charges Non Occupancy Charges,LS 502,25-05-2025,Ch dt. 20.05.25 recd agst bill 46 dt. 01.05.25,031803,SVC Bank, SVC Bank - 102103130004539 ,101002,4172.00,,
ME-2025-0000611,206001,Advance Members,LS 404,25-05-2025,Ch recd in advance,331051,SVC Bank, SVC Bank - 102103130004539 ,101002,18000.00,,
ME-2025-0000612,301011 301003 301039 301005 304003 301016 301006 304001 303002 301004,Education & Training Fund Electricity Charges Insurance Charges Lift Maintenance Charges Repair Fund Security Charges Service Charges Sinking Fund Stilt Tax Water Charges,LS 401,25-05-2025,Ch dt. 24.05.25 recd agst bill 41 dt. 01.05.25,902978,Citizen Bank, SVC Bank - 102103130004539 ,101002,2844.00,,
ME-2025-0000613,301011 301003 301039 301005 304003 301016 301006 304001 303002 301004,Education & Training Fund Electricity Charges Insurance Charges Lift Maintenance Charges Repair Fund Security Charges Service Charges Sinking Fund Stilt Tax Water Charges,LS 304,25-05-2025,Ch dt. 25.05.25 recd agst bill 40 dt.01.05.25,682002,Citizen Bank, SVC Bank - 102103130004539 ,101002,2844.00,,
ME-2025-0000614,301011 301003 301039 301005 304003 301016 301006 304001 303002 301004,Education & Training Fund Electricity Charges Insurance Charges Lift Maintenance Charges Repair Fund Security Charges Service Charges Sinking Fund Stilt Tax Water Charges,LS 301,25-05-2025,Ch dt. 23.05.25 recd agst bill 37 dt. 01.05.25,000141,Bank of Baroda, SVC Bank - 102103130004539 ,101002,2844.00,,
ME-2025-0000615,301018 304005 301011 301003 301039 301005 304003 301016 301006 304001 301004 301007,4W Parking Charges Contigency Fund Education & Training Fund Electricity Charges Insurance Charges Lift Maintenance Charges Repair Fund Security Charges Service Charges Sinking Fund Water Charges Non Occupancy Charges,LS 203,25-05-2025,Ch dt. 23.05.25 recd agst bill 35 dt.01.05.25,011699,Union Bank, SVC Bank - 102103130004539 ,101002,5172.00,,
ME-2025-0000616,301011 301003 301039 301005 304003 301016 301006 304001 301004,Education & Training Fund Electricity Charges Insurance Charges Lift Maintenance Charges Repair Fund Security Charges Service Charges Sinking Fund Water Charges,LS 102,25-05-2025,Ch dt. 20.05.25 recd adst bill 30 dt. 01.05.25,320843,SVC Bank, SVC Bank - 102103130004539 ,101002,2765.00,,
ME-2025-0000631,301009 304005 301011 301003 301039 301005 304003 301016 301006 304001 301004 301007,2W Parking Charges Contigency Fund Education & Training Fund Electricity Charges Insurance Charges Lift Maintenance Charges Repair Fund Security Charges Service Charges Sinking Fund Water Charges Non Occupancy Charges,LS 504,25-05-2025,IMPS recd agst bill no. 048 dt 01.05.2025,514511229722,N.A., SVC Bank - 102103130004539 ,101002,4522.00,,
ME-2025-0000632,301018 304005 301011 301003 301039 301005 304003 301016 301006 304001 301004 301007,4W Parking Charges Contigency Fund Education & Training Fund Electricity Charges Insurance Charges Lift Maintenance Charges Repair Fund Security Charges Service Charges Sinking Fund Water Charges Non Occupancy Charges,LS 101,25-05-2025,NEFT recd agst bill no. 029 dt 01.05.2025,HDFCH00258713303,HDFC Bank, SVC Bank - 102103130004539 ,101002,5172.00,,
ME-2025-0000635,301018 304005 301011 301003 301039 301005 304003 301016 301006 304001 303002 301004 301007,4W Parking Charges Contigency Fund Education & Training Fund Electricity Charges Insurance Charges Lift Maintenance Charges Repair Fund Security Charges Service Charges Sinking Fund Stilt Tax Water Charges Non Occupancy Charges,LS 702802,25-05-2025,NEFT recd agst bill 054 dt 01.05.2024,HDFCH00259415192,HDFC Bank, SVC Bank - 102103130004539 ,101002,8859.00,,
BE-2025-0000002,0,Bank Transfer,,28-05-2025,Being TDS Reimbursement for April 2025,029893,, SVC Bank - 102103130004539 ,101002,,220,
BE-2025-0000003,0,Bank Transfer,,31-05-2025,Being TDS reimbursed,029899,, SVC Bank - 102103130004539 ,101002,,220,
EE-2025-0000046,406007,Repair Maintenance - Electrical,Unassigned,31-05-2025,Being 22w LED light purchased,034852,, SVC Bank - 102103130004539 ,101002,,650,
EE-2025-0000048,407001,Security Charges,Ganesh Security  Service,31-05-2025,Being May 25 bill paid,029897,, SVC Bank - 102103130004539 ,101002,,21780,
EE-2025-0000052,406001,Garden Maintenance,Gardener,31-05-2025,Being May 25 payment made,029895,, SVC Bank - 102103130004539 ,101002,,4000,
EE-2025-0000060,405002,Lift Repair & Maintenance,Ashna Elevators,31-05-2025,Being Lift AMC charges paid for period 01.04.25 to 30.06.25,034851,, SVC Bank - 102103130004539 ,101002,,10324,
ME-2025-0000962,301011 301003 301039 301005 304003 301016 301006 304001 301004,Education & Training Fund Electricity Charges Insurance Charges Lift Maintenance Charges Repair Fund Security Charges Service Charges Sinking Fund Water Charges,LS 501,01-06-2025,IMPS recd agst bill 74 dt. 01.06.25,515208922301,N.A., SVC Bank - 102103130004539 ,101002,2765.00,,
ME-2025-0000926,206001,Advance Members,LS 601,02-06-2025,Ch. recd in advance,329338,SVC Bank, SVC Bank - 102103130004539 ,101002,19266.00,,
ME-2025-0000951,301011 301003 301039 301005 304003 301016 301006 304001 301004,Education & Training Fund Electricity Charges Insurance Charges Lift Maintenance Charges Repair Fund Security Charges Service Charges Sinking Fund Water Charges,LS 603,02-06-2025,Ch. dt. 02.06.2025 recd agst bill no.080 dt 01.06.2025,930913,Citizencredit CO-OP Bank, SVC Bank - 102103130004539 ,101002,2832.00,,
ME-2025-0000963,301011 301003 301039 301005 304003 301016 301006 304001 303002 301004,Education & Training Fund Electricity Charges Insurance Charges Lift Maintenance Charges Repair Fund Security Charges Service Charges Sinking Fund Stilt Tax Water Charges,LS 701801,02-06-2025,IMPS recd agst bill 82 dt. 01.06.25,515310513607,N.A., SVC Bank - 102103130004539 ,101002,5745.00,,
ME-2025-0000965,301011 301003 301039 301005 304003 301016 301006 304001 303002 301004,Education & Training Fund Electricity Charges Insurance Charges Lift Maintenance Charges Repair Fund Security Charges Service Charges Sinking Fund Stilt Tax Water Charges,LS 704804,02-06-2025,NEFT recd agst bill 85 dt. 01.06.25,002093277103,N.A., SVC Bank - 102103130004539 ,101002,5745.00,,
ME-2025-0000964,301009 301018 301011 301003 301039 301005 304003 301016 301006 304001 301004,2W Parking Charges 4W Parking Charges Education & Training Fund Electricity Charges Insurance Charges Lift Maintenance Charges Repair Fund Security Charges Service Charges Sinking Fund Water Charges,LS 103,03-06-2025,IMPS recd agst bill 60 dt 01.06.25,515409101075,N.A., SVC Bank - 102103130004539 ,101002,2915.00,,
ME-2025-0000966,301011 301003 301039 301005 304003 301016 301006 304001 303002 301004,Education & Training Fund Electricity Charges Insurance Charges Lift Maintenance Charges Repair Fund Security Charges Service Charges Sinking Fund Stilt Tax Water Charges,LS 703803,06-06-2025,IMPS recd agst bill 84 dt. 01.06.25,219330495674,Union bank of India, SVC Bank - 102103130004539 ,101002,5823.00,,
ME-2025-0000967,301011 301003 301039 301005 304003 301016 301006 304001 301004,Education & Training Fund Electricity Charges Insurance Charges Lift Maintenance Charges Repair Fund Security Charges Service Charges Sinking Fund Water Charges,LS 201,06-06-2025,IMPS recd agst bill 62 dt. 01.06.25,515719165099,N.A., SVC Bank - 102103130004539 ,101002,2765.00,,
EE-2025-0000411,401001,Salary Expenses,Annamalai Harijan,06-06-2025,Being salary paid for May 2025,029896,, SVC Bank - 102103130004539 ,101002,,3500,
ME-2025-0000954,301011 301003 301039 301005 304003 301016 301006 304001 303002 301004,Education & Training Fund Electricity Charges Insurance Charges Lift Maintenance Charges Repair Fund Security Charges Service Charges Sinking Fund Stilt Tax Water Charges,LS 401,08-06-2025,Ch. dt. 08.06.2025 recd agst bill no. 070 dt 01.06.2025,902979,Citizencredit CO-OP Bank, SVC Bank - 102103130004539 ,101002,2844.00,,
ME-2025-0000968,301018 304005 301011 301003 301039 301005 304003 301016 301006 304001 303002 301004 301007,4W Parking Charges Contigency Fund Education & Training Fund Electricity Charges Insurance Charges Lift Maintenance Charges Repair Fund Security Charges Service Charges Sinking Fund Stilt Tax Water Charges Non Occupancy Charges,LS 702802,14-06-2025,NEFT recd agst bill 83 dt. 01.06.25,H00303736660,HDFC Bank , SVC Bank - 102103130004539 ,101002,8859.00,,
ME-2025-0000975,301012 301011 301003 301039 301005 304003 301016 301006 304001 301004,Late Payment Interest Education & Training Fund Electricity Charges Insurance Charges Lift Maintenance Charges Repair Fund Security Charges Service Charges Sinking Fund Water Charges Education & Training Fund Electricity Charges Insurance Charges Lift Maintenance Charges Repair Fund Security Charges Service Charges Sinking Fund Water Charges,LS 204,17-06-2025,NEFT recd agst bill 65 dt. 01.06.25,102103130000047,N.A., SVC Bank - 102103130004539 ,101002,2800.00,,
EE-2025-0000161,403001,Electricity Expenses,Adani Electricity,19-06-2025,Being electricty bill paid for May-2025,NA,, SVC Bank - 102103130004539 ,101002,,1388.03,
EE-2025-0000162,403001,Electricity Expenses,Adani Electricity,19-06-2025,Being electricty bill paid for May-2025,NA,, SVC Bank - 102103130004539 ,101002,,10946.51,
EE-2025-0000163,403001,Electricity Expenses,Adani Electricity,19-06-2025,Being electricty bill paid for May-2025,NA,, SVC Bank - 102103130004539 ,101002,,1040.9,
EE-2025-0000191,403001,Electricity Expenses,Adani Electricity,19-06-2025,Being electricty bill paid for May-2025,NA,, SVC Bank - 102103130004539 ,101002,,337.12,
ME-2025-0000952,301011 301003 301039 301005 304003 301016 301006 304001 303002 301004,Education & Training Fund Electricity Charges Insurance Charges Lift Maintenance Charges Repair Fund Security Charges Service Charges Sinking Fund Stilt Tax Water Charges,LS 602,20-06-2025,Ch. dt. 20.06.2025 recd agst bill no. 086 dt 01.06.2025,000122,HDFC Bank, SVC Bank - 102103130004539 ,101002,1204.00,,
ME-2025-0000953,304005 301011 301003 301039 301005 304003 301016 301006 304001 301004 301007,Contigency Fund Education & Training Fund Electricity Charges Insurance Charges Lift Maintenance Charges Repair Fund Security Charges Service Charges Sinking Fund Water Charges Non Occupancy Charges,LS 502,20-06-2025,Ch. dt. 20.06.2025 recd agst bill no.075 dt 01.06.2025,031805,SVC Co-op Bank, SVC Bank - 102103130004539 ,101002,4172.00,,
ME-2025-0000961,206001,Advance Members,LS 303,20-06-2025,ch recd as advance,037051,SVC Bank , SVC Bank - 102103130004539 ,101002,7000.00,,
ME-2025-0000969,301011 301003 301039 301005 304003 301016 301006 304001 301004,Education & Training Fund Electricity Charges Insurance Charges Lift Maintenance Charges Repair Fund Security Charges Service Charges Sinking Fund Water Charges,LS 104,22-06-2025,IMPS recd agst bill 61 dt. 1.06.25,517278849366,Yes Bank, SVC Bank - 102103130004539 ,101002,2765.00,,
ME-2025-0000956,301011 301003 301039 301005 304003 301016 301006 304001 303002 301004,Education & Training Fund Electricity Charges Insurance Charges Lift Maintenance Charges Repair Fund Security Charges Service Charges Sinking Fund Stilt Tax Water Charges,LS 301,23-06-2025,Ch. dt. 23.06.2025 recd agst bill no.066 dt 01.06.2025,000143,Bank Of Baroda, SVC Bank - 102103130004539 ,101002,2844.00,,
ME-2025-0000958,301018 304005 301011 301003 301039 301005 304003 301016 301006 304001 301004 301007,4W Parking Charges Contigency Fund Education & Training Fund Electricity Charges Insurance Charges Lift Maintenance Charges Repair Fund Security Charges Service Charges Sinking Fund Water Charges Non Occupancy Charges,LS 203,24-06-2025,Ch. dt. 24.06.2025 recd agst bill no. 064 dt 01.06.2025,011702,Union Bank Of India, SVC Bank - 102103130004539 ,101002,5172.00,,
ME-2025-0000959,301011 301003 301039 301005 304003 301016 301006 304001 301004,Education & Training Fund Electricity Charges Insurance Charges Lift Maintenance Charges Repair Fund Security Charges Service Charges Sinking Fund Water Charges,LS 102,24-06-2025,Ch. dt. 24.06.2025 recd agst bill no.059 dt 01.06.2025,320845,SVC Co-op Bank, SVC Bank - 102103130004539 ,101002,2765.00,,
ME-2025-0000970,301011 301003 301039 301005 304003 301016 301006 304001 303002 301004,Education & Training Fund Electricity Charges Insurance Charges Lift Maintenance Charges Repair Fund Security Charges Service Charges Sinking Fund Stilt Tax Water Charges,LS 604,24-06-2025,NEFT  recd agst bill 81 dt. 01.06.25,N25175221071,N.A., SVC Bank - 102103130004539 ,101002,2911.00,,
ME-2025-0000971,301018 304005 301011 301003 301039 301005 304003 301016 301006 304001 301004 301007,4W Parking Charges Contigency Fund Education & Training Fund Electricity Charges Insurance Charges Lift Maintenance Charges Repair Fund Security Charges Service Charges Sinking Fund Water Charges Non Occupancy Charges,LS 101,24-06-2025,NEFT recd agst bill 58 dt. 01.06.25,H00318313930,HDFC Bank , SVC Bank - 102103130004539 ,101002,5172.00,,
ME-2025-0000955,301011 301003 301039 301005 304003 301016 301006 304001 303002 301004,Education & Training Fund Electricity Charges Insurance Charges Lift Maintenance Charges Repair Fund Security Charges Service Charges Sinking Fund Stilt Tax Water Charges,LS 304,25-06-2025,Ch. dt. 25.06.2025 recd agst bill no.069 dt 01.06.2025,682004,Citizencredit CO-OP Bank, SVC Bank - 102103130004539 ,101002,2844.00,,
ME-2025-0000972,301009 304005 301011 301003 301039 301005 304003 301016 301006 304001 301004 301007,2W Parking Charges Contigency Fund Education & Training Fund Electricity Charges Insurance Charges Lift Maintenance Charges Repair Fund Security Charges Service Charges Sinking Fund Water Charges Non Occupancy Charges,LS 504,25-06-2025,IMPS recd agst bill 77 dt. 01.06.25,517608476128,N.A., SVC Bank - 102103130004539 ,101002,4522.00,,
ME-2025-0000973,304005 301011 301003 301039 301005 304003 301016 301006 304001 301004 301007,Contigency Fund Education & Training Fund Electricity Charges Insurance Charges Lift Maintenance Charges Repair Fund Security Charges Service Charges Sinking Fund Water Charges Non Occupancy Charges,LS 503,25-06-2025,NEFT recd agst bill 76 dt. 01.06.25,117681768553,ICICI Bank, SVC Bank - 102103130004539 ,101002,4172.00,,
ME-2025-0000974,301011 301003 301039 301005 304003 301016 301006 304001 301004 206001,Education & Training Fund Electricity Charges Insurance Charges Lift Maintenance Charges Repair Fund Security Charges Service Charges Sinking Fund Water Charges Advance Members Advance Members,LS 402,28-06-2025,NEFT recd agst bill 71 dt. 01.06.25,002141142530,N.A., SVC Bank - 102103130004539 ,101002,2765.00,,
EE-2025-0000065,407002,House Keeping Expenses,Annamalai Harijan,29-06-2025,Being salary paid for garbage cleaning of Jun-2025,034854,, SVC Bank - 102103130004539 ,101002,,3500,
EE-2025-0000067,406001,Garden Maintenance,Gardener,29-06-2025,Being salary paid for Jun-25,034853,, SVC Bank - 102103130004539 ,101002,,4000,
ME-2025-0000976,206001,Advance Members,LS 403,30-06-2025,IMPS recd on advance,518122988363,NA, SVC Bank - 102103130004539 ,101002,2765.00,,
EE-2025-0000061,408010,Professional Fees,Irene Rosario,30-06-2025,Being accounting charges paid for Apr to Jun-2025,034857,, SVC Bank - 102103130004539 ,101002,,4897,
BE-2025-0000006,0,Bank Transfer,,30-06-2025,Being TDS reimbursed for  May-2025,034856,, SVC Bank - 102103130004539 ,101002,,220,
EE-2025-0000063,407001,Security Charges,Ganesh Security  Service,30-06-2025,Being security charges paid for Jun-25,034855,, SVC Bank - 102103130004539 ,101002,,21780,
EE-2025-0000226,408010,Professional Fees,Irene Rosario,30-06-2025,Being Q4 TDS returns Jan to Mar 25,034857,, SVC Bank - 102103130004539 ,101002,,1000,
ME-2025-0001270,301011 301039 301004 304001 301005 304003 301006 301003 301016,Education & Training Fund Insurance Charges Water Charges Sinking Fund Lift Maintenance Charges Repair Fund Service Charges Electricity Charges Security Charges,LS 501,02-07-2025,IMPS recd agst bill no. 103  dt. 01.07.25,518309253263,N.A., SVC Bank - 102103130004539 ,101002,2765.00,,
ME-2025-0001271,301011 303002 301039 301004 304001 301005 301006 304003 301003 301016,Education & Training Fund Stilt Tax Insurance Charges Water Charges Sinking Fund Lift Maintenance Charges Service Charges Repair Fund Electricity Charges Security Charges,LS 701801,03-07-2025,IMPS recd agst bill no. 111 dt. 01.07.25,518400781178,N.A., SVC Bank - 102103130004539 ,101002,5745.00,,
ME-2025-0001268,301011 303002 301039 301004 304001 301005 304003 301006 301003 301016,Education & Training Fund Stilt Tax Insurance Charges Water Charges Sinking Fund Lift Maintenance Charges Repair Fund Service Charges Electricity Charges Security Charges,LS 401,06-07-2025,Ch. dt. 06.07.2025 recd agst bill no.099 dt. 01.07.2025,902980,Citizen Bank, SVC Bank - 102103130004539 ,101002,2844.00,,
ME-2025-0001272,301011 303002 301039 301004 304001 301005 301006 304003 301003 301016,Education & Training Fund Stilt Tax Insurance Charges Water Charges Sinking Fund Lift Maintenance Charges Service Charges Repair Fund Electricity Charges Security Charges,LS 703803,06-07-2025,UPI recd agst bill no.113 dt.01.07.25,816945501792,Union Bank of India, SVC Bank - 102103130004539 ,101002,5823.00,,
ME-2025-0001273,301011 301039 301004 304001 301005 301006 304003 301003 301016,Education & Training Fund Insurance Charges Water Charges Sinking Fund Lift Maintenance Charges Service Charges Repair Fund Electricity Charges Security Charges,LS 603,08-07-2025,NEFT recd agst bill no.109 dt. 01.07.25,002159503678,Union Bank of India, SVC Bank - 102103130004539 ,101002,2832.00,,
EE-2025-0000058,406001,Garden Maintenance,Unassigned,08-07-2025,Being Cutting 14 Ashoka tree in Society,034858,, SVC Bank - 102103130004539 ,101002,,16500,
ME-2025-0001274,301011 303002 301039 301004 304001 301005 301006 304003 301003 301016,Education & Training Fund Stilt Tax Insurance Charges Water Charges Sinking Fund Lift Maintenance Charges Service Charges Repair Fund Electricity Charges Security Charges,LS 704804,09-07-2025,NEFT recd agst bill no.114 dt. 01.07.25,002163394181,N.A., SVC Bank - 102103130004539 ,101002,5745.00,,
ME-2025-0001284,301011 301039 301004 304001 301005 304003 301006 301003 301016,Education & Training Fund Insurance Charges Water Charges Sinking Fund Lift Maintenance Charges Repair Fund Service Charges Electricity Charges Security Charges,LS 204,09-07-2025,NEFT recd agst bill 94 dt. 01.07.25,NA,SVC Bank, SVC Bank - 102103130004539 ,101002,2765.00,,
EE-2025-0000397,405001,Lift AMC Expenses,Ashna Elevators,11-07-2025,Being Lift AMC for 01.01.2025 TO 31.03.2025,029892,, SVC Bank - 102103130004539 ,101002,,10324,
ME-2025-0001275,301011 303002 301039 301004 304001 301005 301006 304003 301003 301016,Education & Training Fund Stilt Tax Insurance Charges Water Charges Sinking Fund Lift Maintenance Charges Service Charges Repair Fund Electricity Charges Security Charges,LS 604,16-07-2025,NEFT recd agst bill no.110 dt. 01.07.25,SIBLN25197408216,South Indian Bank, SVC Bank - 102103130004539 ,101002,2911.00,,
ME-2025-0001276,301011 303002 301039 301004 301018 304001 301007 301005 301006 304003 301003 301016 304005,Education & Training Fund Stilt Tax Insurance Charges Water Charges 4W Parking Charges Sinking Fund Non Occupancy Charges Lift Maintenance Charges Service Charges Repair Fund Electricity Charges Security Charges Contigency Fund,LS 702802,19-07-2025,NEFT recd agst bill no.112 dt. 01.07.25,HDFCH00374008045,HDFC Bank , SVC Bank - 102103130004539 ,101002,8859.00,,
EE-2025-0000168,403001,Electricity Expenses,Adani Electricity,19-07-2025,Being electricty bill paid for Jun-2025,NA,, SVC Bank - 102103130004539 ,101002,,337.12,
EE-2025-0000169,403001,Electricity Expenses,Adani Electricity,19-07-2025,Being electricty bill paid for Jun-2025,NA,, SVC Bank - 102103130004539 ,101002,,1040.9,
EE-2025-0000170,403001,Electricity Expenses,Adani Electricity,19-07-2025,Being electricty bill paid for Jun-2025,NA,, SVC Bank - 102103130004539 ,101002,,1427.66,
EE-2025-0000171,403001,Electricity Expenses,Adani Electricity,19-07-2025,Being electricty bill paid for Jun-2025,NA,, SVC Bank - 102103130004539 ,101002,,11115.01,
ME-2025-0001266,301011 301039 301004 304001 301007 301005 304003 301006 301003 301016 304005,Education & Training Fund Insurance Charges Water Charges Sinking Fund Non Occupancy Charges Lift Maintenance Charges Repair Fund Service Charges Electricity Charges Security Charges Contigency Fund,LS 502,20-07-2025,Ch. dt. 20.07.2025 recd agst bill no.104 dt. 01.07.2025,031807,SVC Bank, SVC Bank - 102103130004539 ,101002,4172.00,,
ME-2025-0001267,301011 303002 301039 301004 304001 301005 301006 304003 301003 301016,Education & Training Fund Stilt Tax Insurance Charges Water Charges Sinking Fund Lift Maintenance Charges Service Charges Repair Fund Electricity Charges Security Charges,LS 602,20-07-2025,Ch. dt. 20.07.2025 recd agst bill no.108 dt. 01.07.2025,000123,HDFC BANK, SVC Bank - 102103130004539 ,101002,2911.00,,
EE-2025-0000056,408010,Professional Fees,Irene Rosario,20-07-2025,Being accounting charges paid for July to Sep 2025,034860,, SVC Bank - 102103130004539 ,101002,,4897,
ME-2025-0001280,301011 301039 301004 304001 301005 304003 301006 301003 301016,Education & Training Fund Insurance Charges Water Charges Sinking Fund Lift Maintenance Charges Repair Fund Service Charges Electricity Charges Security Charges,LS 104,21-07-2025,UPI recd agst bill 90 dt. 01.0.07.25,520258623131,Bank Of Baroda, SVC Bank - 102103130004539 ,101002,2765.00,,
EE-2025-0000072,402001,Property Tax,BMC,21-07-2025,Being property tax paid for FY2025-26,034859,37924, SVC Bank - 102103130004539 ,101002,,16296,
EE-2025-0000074,404001,Water Expenses,BMC,21-07-2025,Being Water charges paid for period 05.03.25 to 05.06.25,034861,, SVC Bank - 102103130004539 ,101002,,14739,
EE-2025-0000076,407001,Security Charges,Ganesh Security  Service,21-07-2025,Being security charges paid for July-2025,034862,, SVC Bank - 102103130004539 ,101002,,21780,
EE-2025-0000078,407002,House Keeping Expenses,Annamalai Harijan,21-07-2025,Being salary paid for July-2025,NA,, SVC Bank - 102103130004539 ,101002,,3500,
ME-2025-0001277,301011 301039 301004 304001 301007 301005 304003 301006 301003 301016 301018 304005,Education & Training Fund Insurance Charges Water Charges Sinking Fund Non Occupancy Charges Lift Maintenance Charges Repair Fund Service Charges Electricity Charges Security Charges 4W Parking Charges Contigency Fund,LS 101,24-07-2025,NEFT recd agst bill no.087 dt. 01.07.25,HDFCH00380870654,HDFC Bank , SVC Bank - 102103130004539 ,101002,5172.00,,
ME-2025-0001263,301018 304005 301011 301003 301039 301005 304003 301016 301006 304001 301004 301007 206001,4W Parking Charges Contigency Fund Education & Training Fund Electricity Charges Insurance Charges Lift Maintenance Charges Repair Fund Security Charges Service Charges Sinking Fund Water Charges Non Occupancy Charges Advance Members Advance Members,LS 203,25-07-2025,Ch. dt. 24.07.25 recd agst bill no. 093 dt. 01.07.25,011706,Union Bank, SVC Bank - 102103130004539 ,101002,15600.00,,
ME-2025-0001264,301011 301003 301039 301005 304003 301016 301006 304001 303002 301004,Education & Training Fund Electricity Charges Insurance Charges Lift Maintenance Charges Repair Fund Security Charges Service Charges Sinking Fund Stilt Tax Water Charges,LS 301,25-07-2025,Ch. dt. 23.07.25 recd agst bill 095 dt. 01.07.25,000144,Bank of Baroda, SVC Bank - 102103130004539 ,101002,2844.00,,
ME-2025-0001265,301011 301039 301004 304001 301005 304003 301006 301003 301016,Education & Training Fund Insurance Charges Water Charges Sinking Fund Lift Maintenance Charges Repair Fund Service Charges Electricity Charges Security Charges,LS 102,25-07-2025,Ch. dt. 24.07.2025 recd agst bill no.088 dt. 01.07.2025,320846,SVC Bank, SVC Bank - 102103130004539 ,101002,2765.00,,
ME-2025-0001269,301011 303002 301039 301004 304001 301005 304003 301006 301003 301016,Education & Training Fund Stilt Tax Insurance Charges Water Charges Sinking Fund Lift Maintenance Charges Repair Fund Service Charges Electricity Charges Security Charges,LS 304,25-07-2025,Ch. dt. 25.07.2025 recd agst bill no.098 dt. 01.07.2025,682006,Citizen Bank, SVC Bank - 102103130004539 ,101002,2844.00,,
ME-2025-0001278,301011 301039 301004 304001 301007 301005 304003 301006 301003 301016 304005,Education & Training Fund Insurance Charges Water Charges Sinking Fund Non Occupancy Charges Lift Maintenance Charges Repair Fund Service Charges Electricity Charges Security Charges Contigency Fund,LS 503,25-07-2025,NEFT recd agst bill no.105 dt. 01.07.25,ICIN120683675296,ICICI Bank , SVC Bank - 102103130004539 ,101002,4172.00,,
ME-2025-0001279,301011 301039 301004 304001 301007 301005 301009 304003 301006 301003 301016 304005,Education & Training Fund Insurance Charges Water Charges Sinking Fund Non Occupancy Charges Lift Maintenance Charges 2W Parking Charges Repair Fund Service Charges Electricity Charges Security Charges Contigency Fund,LS 504,25-07-2025,IMPS recd agst bill no.106 dt. 01.07.25,520611808834,N.A., SVC Bank - 102103130004539 ,101002,4522.00,,
BE-2025-0000004,0,Bank Transfer,,27-07-2025,Being TDS reimbursed for July-2025,034865,, SVC Bank - 102103130004539 ,101002,,220,
EE-2025-0000081,406001,Garden Maintenance,Gardener,27-07-2025,Being salary paid for July-2025,NA,, SVC Bank - 102103130004539 ,101002,,4400,
ME-2025-0001283,301012 301011 301003 301039 301005 304003 301016 301006 304001 301004,Late Payment Interest Education & Training Fund Electricity Charges Insurance Charges Lift Maintenance Charges Repair Fund Security Charges Service Charges Sinking Fund Water Charges Education & Training Fund Electricity Charges Insurance Charges Lift Maintenance Charges Repair Fund Security Charges Service Charges Sinking Fund Water Charges,LS 402,31-07-2025,NEFT recd agst bill 100 dt. 01.07.25,002200247910,Axis bank, SVC Bank - 102103130004539 ,101002,2765.00,,
ME-2025-0001596,301011 303002 301039 301004 304001 301005 301006 304003 301003 301016,Education & Training Fund Stilt Tax Insurance Charges Water Charges Sinking Fund Lift Maintenance Charges Service Charges Repair Fund Electricity Charges Security Charges,LS 701801,01-08-2025,IMPS recd agst bill 139 dt.01.08.25,521309974040,N.A., SVC Bank - 102103130004539 ,101002,5745.00,,
ME-2025-0001597,301011 301039 301004 304001 301005 304003 301006 301003 301016,Education & Training Fund Insurance Charges Water Charges Sinking Fund Lift Maintenance Charges Repair Fund Service Charges Electricity Charges Security Charges,LS 403,02-08-2025,IMPS recd agst bill 129 dt 01.08.25,521413610444,N.A., SVC Bank - 102103130004539 ,101002,2765.00,,
ME-2025-0001598,301012 301016 301003 301006 304003 301005 304001 301004 301018 301039 301009 301011,Late Payment Interest Security Charges Electricity Charges Service Charges Repair Fund Lift Maintenance Charges Sinking Fund Water Charges 4W Parking Charges Insurance Charges 2W Parking Charges Education & Training Fund Education & Training Fund Security Charges Electricity Charges Service Charges Repair Fund Lift Maintenance Charges Sinking Fund Water Charges 4W Parking Charges Insurance Charges 2W Parking Charges,LS 103,02-08-2025,IMPS recd agst bill 89 dt. 01.08.25,521452344345,N.A., SVC Bank - 102103130004539 ,101002,5837.00,,
ME-2025-0001616,301011 301003 301039 301005 304003 301016 301006 304001 301004,Education & Training Fund Electricity Charges Insurance Charges Lift Maintenance Charges Repair Fund Security Charges Service Charges Sinking Fund Water Charges,LS 501,05-08-2025,NEFT recd agst bill 131 dt. 01.08.25,ICIN121787855838,ICICI BANK, SVC Bank - 102103130004539 ,101002,2765.00,,
ME-2025-0001599,301012 301011 301003 301039 301005 304003 301016 301006 304001 301004,Late Payment Interest Late Payment Interest Late Payment Interest Education & Training Fund Electricity Charges Insurance Charges Lift Maintenance Charges Repair Fund Security Charges Service Charges Sinking Fund Water Charges Education & Training Fund Electricity Charges Insurance Charges Lift Maintenance Charges Repair Fund Security Charges Service Charges Sinking Fund Water Charges Education & Training Fund Electricity Charges Insurance Charges Lift Maintenance Charges Repair Fund Security Charges Service Charges Sinking Fund Water Charges Education & Training Fund Electricity Charges Insurance Charges Lift Maintenance Charges Repair Fund Security Charges Service Charges Sinking Fund Water Charges,LS 302,08-08-2025,NEFT recd on account,HDFCH00413225528,HDFC Bank, SVC Bank - 102103130004539 ,101002,10000.00,,
ME-2025-0001600,301011 303002 301039 301004 304001 301005 301006 304003 301003 301016,Education & Training Fund Stilt Tax Insurance Charges Water Charges Sinking Fund Lift Maintenance Charges Service Charges Repair Fund Electricity Charges Security Charges,LS 704804,09-08-2025,NEFT recd agst bill 142 dt. 01.08.25,002220085613,N.A., SVC Bank - 102103130004539 ,101002,5745.00,,
EE-2025-0000115,404002,Water Tanker expenses,Valmiki Services,10-08-2025,Being paymnet done for Water tank provide for Ground level 2 & Terrace level 3,034866,, SVC Bank - 102103130004539 ,101002,,4000,
EE-2025-0000176,403001,Electricity Expenses,Adani Electricity,19-08-2025,Being electricty bill paid for July-2025,NA,37924, SVC Bank - 102103130004539 ,101002,,356.98,
EE-2025-0000177,403001,Electricity Expenses,Adani Electricity,19-08-2025,Being electricty bill paid for July-2025,NA,, SVC Bank - 102103130004539 ,101002,,11848.82,
EE-2025-0000178,403001,Electricity Expenses,Adani Electricity,19-08-2025,Being electricty bill paid for July-2025,NA,, SVC Bank - 102103130004539 ,101002,,1050.9,
EE-2025-0000179,403001,Electricity Expenses,Adani Electricity,19-08-2025,Being electricty bill paid for July-2025,NA,, SVC Bank - 102103130004539 ,101002,,1427.63,
ME-2025-0001601,301011 303002 301039 301004 304001 301005 301006 304003 301003 301016,Education & Training Fund Stilt Tax Insurance Charges Water Charges Sinking Fund Lift Maintenance Charges Service Charges Repair Fund Electricity Charges Security Charges,LS 604,21-08-2025,NEFT recd agst bill 138 dt. 01.08.25,SIBLN2533368107,South Indian Bank, SVC Bank - 102103130004539 ,101002,2911.00,,
ME-2025-0001602,301011 301039 301004 304001 301007 301005 304003 301006 301003 301016 301018 304005,Education & Training Fund Insurance Charges Water Charges Sinking Fund Non Occupancy Charges Lift Maintenance Charges Repair Fund Service Charges Electricity Charges Security Charges 4W Parking Charges Contigency Fund,LS 101,21-08-2025,NEFT recd agst bill 0115 dt. 01.08.25,HDFCH00435683505,HDFC Bank, SVC Bank - 102103130004539 ,101002,5172.00,,
ME-2025-0001603,301011 301039 301004 304001 301005 304003 301006 301003 301016,Education & Training Fund Insurance Charges Water Charges Sinking Fund Lift Maintenance Charges Repair Fund Service Charges Electricity Charges Security Charges,LS 104,22-08-2025,UPI recd agst bill 118 dt. 01.08.25,523310652977,Bank of Baroda, SVC Bank - 102103130004539 ,101002,2765.00,,
ME-2025-0001604,301012 301016 301003 301006 304003 301005 304001 301004 301039 301011,Late Payment Interest Security Charges Electricity Charges Service Charges Repair Fund Lift Maintenance Charges Sinking Fund Water Charges Insurance Charges Education & Training Fund Education & Training Fund Security Charges Electricity Charges Service Charges Repair Fund Lift Maintenance Charges Sinking Fund Water Charges Insurance Charges,LS 201,22-08-2025,IMPS recd agst bill 91 dt. 01.07.25,523410158176,N.A., SVC Bank - 102103130004539 ,101002,5537.00,,
ME-2025-0001605,301011 303002 301039 301004 301018 304001 301007 301005 301006 304003 301003 301016 304005,Education & Training Fund Stilt Tax Insurance Charges Water Charges 4W Parking Charges Sinking Fund Non Occupancy Charges Lift Maintenance Charges Service Charges Repair Fund Electricity Charges Security Charges Contigency Fund,LS 702802,25-08-2025,NEFT recd agst bill 140 dt. 01.08.25,HDFCH00440240854,HDFC Bank, SVC Bank - 102103130004539 ,101002,8859.00,,
ME-2025-0001606,301011 301039 301004 304001 301007 301005 301009 304003 301006 301003 301016 304005,Education & Training Fund Insurance Charges Water Charges Sinking Fund Non Occupancy Charges Lift Maintenance Charges 2W Parking Charges Repair Fund Service Charges Electricity Charges Security Charges Contigency Fund,LS 504,25-08-2025,IMPS recd agst bill 134 dt. 01.08.25,5237069000841,N.A., SVC Bank - 102103130004539 ,101002,4522.00,,
ME-2025-0001607,301011 301039 301004 304001 301007 301005 304003 301006 301003 301016 304005,Education & Training Fund Insurance Charges Water Charges Sinking Fund Non Occupancy Charges Lift Maintenance Charges Repair Fund Service Charges Electricity Charges Security Charges Contigency Fund,LS 503,25-08-2025,NEFT recd agst bill 133 dt. 01.08.25,ICIN123792185233,ICICI Bank, SVC Bank - 102103130004539 ,101002,4172.00,,
ME-2025-0001609,305005,Shifting Charges - Move In And Move Out,LS 602,25-08-2025,Ch. recd agst shifting charges,494812,Axis Bank, SVC Bank - 102103130004539 ,101002,2000.00,,
ME-2025-0001610,301011 303002 301039 301004 304001 301007 301018 301005 301006 304003 301003 301016 304005,Education & Training Fund Stilt Tax Insurance Charges Water Charges Sinking Fund Non Occupancy Charges 4W Parking Charges Lift Maintenance Charges Service Charges Repair Fund Electricity Charges Security Charges Contigency Fund,LS 602,25-08-2025,Ch. dt.20.08.25 recd agst bill no.143 dt. 01.08.25,000124,HDFC Bank , SVC Bank - 102103130004539 ,101002,4618.00,,
ME-2025-0001611,301011 303002 301039 301004 304001 301005 304003 301006 301003 301016,Education & Training Fund Stilt Tax Insurance Charges Water Charges Sinking Fund Lift Maintenance Charges Repair Fund Service Charges Electricity Charges Security Charges,LS 401,25-08-2025,Ch. dt. 03.08.25 recd agst bill 127 dt. 01.08.25,902982,Citizen Credit Bank, SVC Bank - 102103130004539 ,101002,2844.00,,
ME-2025-0001612,301011 303002 301039 301004 304001 301005 304003 301006 301003 301016,Education & Training Fund Stilt Tax Insurance Charges Water Charges Sinking Fund Lift Maintenance Charges Repair Fund Service Charges Electricity Charges Security Charges,LS 304,25-08-2025,Ch. dt. 25.08.25 recd agst bill 126 dt. 01.08.25,682007,Citizen Credit Bank, SVC Bank - 102103130004539 ,101002,2844.00,,
ME-2025-0001613,301011 303002 301039 301004 304001 301005 304003 301006 301003 301016,Education & Training Fund Stilt Tax Insurance Charges Water Charges Sinking Fund Lift Maintenance Charges Repair Fund Service Charges Electricity Charges Security Charges,LS 301,25-08-2025,Ch. dt. 23.08.25 recd agst bill 123 dt. 01.08.25,000146,Bank of Baroda, SVC Bank - 102103130004539 ,101002,2844.00,,
ME-2025-0001614,301011 301039 301004 304001 301007 301005 304003 301006 301003 301016 304005,Education & Training Fund Insurance Charges Water Charges Sinking Fund Non Occupancy Charges Lift Maintenance Charges Repair Fund Service Charges Electricity Charges Security Charges Contigency Fund,LS 502,25-08-2025,Ch. dt. 20.08.25 recd agst bill 132 dt. 01.08.25,031811,SVC Bank , SVC Bank - 102103130004539 ,101002,4172.00,,
ME-2025-0001615,301011 301039 301004 304001 301005 304003 301006 301003 301016,Education & Training Fund Insurance Charges Water Charges Sinking Fund Lift Maintenance Charges Repair Fund Service Charges Electricity Charges Security Charges,LS 102,25-08-2025,Ch. dt. 25.08.25 recd agst bill 116 dt. 01.08.25,320847,SVC Bank , SVC Bank - 102103130004539 ,101002,2765.00,,
EE-2025-0000127,406007,Repair Maintenance - Electrical,Unassigned,25-08-2025,Replacement of Steel Light,NA,, SVC Bank - 102103130004539 ,101002,,1350,
ME-2025-0001617,301012 301016 301003 301006 304003 301005 304001 301004 301039 301011,Late Payment Interest Security Charges Electricity Charges Service Charges Repair Fund Lift Maintenance Charges Sinking Fund Water Charges Insurance Charges Education & Training Fund Education & Training Fund Security Charges Electricity Charges Service Charges Repair Fund Lift Maintenance Charges Sinking Fund Water Charges Insurance Charges Late Payment Interest,LS 402,27-08-2025,NEFT recd agst bill 128 dt. 01.08.25,002250596543,Union Bank of India, SVC Bank - 102103130004539 ,101002,2808.00,,
BE-2025-0000007,0,Bank Transfer,,29-08-2025,Being cash withdrawn,34869,, SVC Bank - 102103130004539 ,101002,,4900,
ME-2025-0001618,301011 301039 301004 304001 301005 301006 304003 301003 301016,Education & Training Fund Insurance Charges Water Charges Sinking Fund Lift Maintenance Charges Service Charges Repair Fund Electricity Charges Security Charges,LS 603,29-08-2025,NEFT recd agst bill 137 dt. 01.08.25,002254276929,Union Bank of India, SVC Bank - 102103130004539 ,101002,2832.00,,
ME-2025-0001619,206001,Advance Members,LS 403,29-08-2025,IMPS recd as advance,524120942610,N/A, SVC Bank - 102103130004539 ,101002,2765.00,,
ME-2025-0001620,301016 301003 301006 304003 301005 304001 301012 301004 301039 301011,Security Charges Electricity Charges Service Charges Repair Fund Lift Maintenance Charges Sinking Fund Late Payment Interest Water Charges Insurance Charges Education & Training Fund Electricity Charges Education & Training Fund Late Payment Interest Insurance Charges Water Charges Sinking Fund Lift Maintenance Charges Repair Fund Service Charges Security Charges Lift Maintenance Charges Security Charges Electricity Charges Service Charges Repair Fund Sinking Fund Water Charges Insurance Charges Late Payment Interest Education & Training Fund Water Charges Late Payment Interest Education & Training Fund Insurance Charges Sinking Fund Lift Maintenance Charges Repair Fund Service Charges Electricity Charges Security Charges Education & Training Fund Security Charges Electricity Charges Service Charges Repair Fund Lift Maintenance Charges Sinking Fund Water Charges Insurance Charges Late Payment Interest,LS 202,29-08-2025,NEFT recd agst bill 120 dt. 01.08.25,ICIN124193245615,ICICI Bank, SVC Bank - 102103130004539 ,101002,14155.00,,
BE-2025-0000008,0,Bank Transfer,,31-08-2025,Being TDS Reimbursed Aug 2025,NA,, SVC Bank - 102103130004539 ,101002,,220,
EE-2025-0000121,407001,Security Charges,Ganesh Security  Service,31-08-2025,Being security charges paid Aug-2025,034872,, SVC Bank - 102103130004539 ,101002,,21780,
EE-2025-0000123,407002,House Keeping Expenses,Annamalai Harijan,31-08-2025,Being paid for Aug-2025,034874,, SVC Bank - 102103130004539 ,101002,,3500,
ME-2025-0001621,206001,Advance Members,LS 701801,01-09-2025,IMPS recd as advance,524408696075,N/A, SVC Bank - 102103130004539 ,101002,5745.00,,
ME-2025-0001915,301011 301039 301004 304001 301005 304003 301006 301003 301016,Education & Training Fund Insurance Charges Water Charges Sinking Fund Lift Maintenance Charges Repair Fund Service Charges Electricity Charges Security Charges,LS 501,01-09-2025,NEFT recd agst bill 161 dt. 01.09.2025,ICIN124494078058,ICICI Bank, SVC Bank - 102103130004539 ,101002,2765.00,,
EE-2025-0000117,408011,Bank Charges,Unassigned,01-09-2025,Being cheque book charges paid,NA,, SVC Bank - 102103130004539 ,101002,,125,
EE-2025-0000415,406001,Garden Maintenance,Gardener,01-09-2025,Being salary paid for Aug 2025,034870,, SVC Bank - 102103130004539 ,101002,,4000,
ME-2025-0001916,301012 301011 301003 301039 301005 304003 301016 301006 304001 301004,Late Payment Interest Education & Training Fund Electricity Charges Insurance Charges Lift Maintenance Charges Repair Fund Security Charges Service Charges Sinking Fund Water Charges,LS 202,03-09-2025,NEFT recd agst bill 150 dt. 01.09.2025,ICIN24694841634,ICICI Bank, SVC Bank - 102103130004539 ,101002,2765.00,,
ME-2025-0001917,206001,Advance Members,LS 303,04-09-2025,UPI recd as advance,110761381540,HDFC BANK, SVC Bank - 102103130004539 ,101002,645.00,,
ME-2025-0001918,301011 303002 301039 301004 304001 301005 301006 304003 301003 301016,Education & Training Fund Stilt Tax Insurance Charges Water Charges Sinking Fund Lift Maintenance Charges Service Charges Repair Fund Electricity Charges Security Charges,LS 704804,04-09-2025,NEFT recd agst bill 172 dt. 01.09.2025,002265334233,Union Bank Of India, SVC Bank - 102103130004539 ,101002,5745.00,,
ME-2025-0001927,206001,Advance Members,LS 303,04-09-2025,UPI recd as advance,110776827715,HDFC BANK, SVC Bank - 102103130004539 ,101002,1525.00,,
ME-2025-0001919,301011 301009 301039 301018 301004 304001 301005 304003 301006 301003 301016,Education & Training Fund 2W Parking Charges Insurance Charges 4W Parking Charges Water Charges Sinking Fund Lift Maintenance Charges Repair Fund Service Charges Electricity Charges Security Charges,LS 103,05-09-2025,IMPS recd agst bill 147 dt. 01.09.2025,524821723402,N.A., SVC Bank - 102103130004539 ,101002,2915.00,,
ME-2025-0001920,301012 301016 301003 304003 301006 301005 304001 301004 301039 303002 301011,Late Payment Interest Security Charges Electricity Charges Repair Fund Service Charges Lift Maintenance Charges Sinking Fund Water Charges Insurance Charges Stilt Tax Education & Training Fund Education & Training Fund Security Charges Electricity Charges Repair Fund Service Charges Lift Maintenance Charges Sinking Fund Water Charges Insurance Charges Stilt Tax,LS 703803,08-09-2025,UPI recd agst bill 171 dt. 01.09.2025,173995655836,Union Bank Of India, SVC Bank - 102103130004539 ,101002,11664.00,,
BE-2025-0000011,0,Bank Transfer,,10-09-2025,Being TDS reimbursed Paid,034868,, SVC Bank - 102103130004539 ,101002,,1220,
ME-2025-0001921,301011 301039 301004 304001 301007 301005 304003 301006 301003 301016 301018 304005,Education & Training Fund Insurance Charges Water Charges Sinking Fund Non Occupancy Charges Lift Maintenance Charges Repair Fund Service Charges Electricity Charges Security Charges 4W Parking Charges Contigency Fund,LS 101,16-09-2025,NEFT recd agst bill 145 dt. 01.09.2025,HDFCH00488345682,HDFC BANK, SVC Bank - 102103130004539 ,101002,5172.00,,
ME-2025-0001926,301012 301011 301003 301039 301005 304003 301016 301006 304001 301004 206001,Late Payment Interest Education & Training Fund Electricity Charges Insurance Charges Lift Maintenance Charges Repair Fund Security Charges Service Charges Sinking Fund Water Charges Education & Training Fund Electricity Charges Insurance Charges Lift Maintenance Charges Repair Fund Security Charges Service Charges Sinking Fund Water Charges Advance Members Advance Members,LS 204,17-09-2025,NEFT recd agst bill 152 dt. 01.09.2025,102103130000047,SVC Bank, SVC Bank - 102103130004539 ,101002,5550.00,,
ME-2025-0001922,301011 303002 301039 301004 301018 304001 301007 301005 301006 304003 301003 301016 304005,Education & Training Fund Stilt Tax Insurance Charges Water Charges 4W Parking Charges Sinking Fund Non Occupancy Charges Lift Maintenance Charges Service Charges Repair Fund Electricity Charges Security Charges Contigency Fund,LS 702802,18-09-2025,NEFT recd agst bill 170 dt. 01.09.2025,HDFCH00492039914,HDFC BANK, SVC Bank - 102103130004539 ,101002,8859.00,,
ME-2025-0001925,301012 301011 301003 301039 301005 304003 301016 301006 304001 301004 206001,Late Payment Interest Education & Training Fund Electricity Charges Insurance Charges Lift Maintenance Charges Repair Fund Security Charges Service Charges Sinking Fund Water Charges Advance Members Advance Members,LS 201,18-09-2025,IMPS recd agst bill 149 dt. 01.09.2025,526112118570,N.A., SVC Bank - 102103130004539 ,101002,5530.00,,
EE-2025-0000119,407008,Insurance Expenses,Bajaj Allianz General Insurance Co. Ltd.,18-09-2025,Being Insurance charges Paid For Period 29.09.2025 to 28.09.2026,034875,37924, SVC Bank - 102103130004539 ,101002,,23595,
ME-2025-0001924,301011 301039 301004 304001 301005 304003 301006 301003 301016,Education & Training Fund Insurance Charges Water Charges Sinking Fund Lift Maintenance Charges Repair Fund Service Charges Electricity Charges Security Charges,LS 104,22-09-2025,UPI recd agst bill 148 dt. 01.09.2025,526473329801,Yes Bank, SVC Bank - 102103130004539 ,101002,2765.00,,
EE-2025-0000141,408010,Professional Fees,Anup Tamhanekar,22-09-2025,Being Income Tax Return FY2024-25,036555,, SVC Bank - 102103130004539 ,101002,,3800,
EE-2025-0000184,403001,Electricity Expenses,Adani Electricity,22-09-2025,Being electricty bill paid for Aug-2025,NA,, SVC Bank - 102103130004539 ,101002,,366.86,
EE-2025-0000185,403001,Electricity Expenses,Adani Electricity,22-09-2025,Being electricty bill paid for Aug-2025,NA,, SVC Bank - 102103130004539 ,101002,,1447.51,
EE-2025-0000186,403001,Electricity Expenses,Adani Electricity,22-09-2025,Being electricty bill paid for Aug-2025,NA,, SVC Bank - 102103130004539 ,101002,,1040.9,
EE-2025-0000187,403001,Electricity Expenses,Adani Electricity,22-09-2025,Being electricty bill paid for Aug-2025,NA,, SVC Bank - 102103130004539 ,101002,,12919.55,
ME-2025-0001923,301011 303002 301039 301004 304001 301005 301006 304003 301003 301016,Education & Training Fund Stilt Tax Insurance Charges Water Charges Sinking Fund Lift Maintenance Charges Service Charges Repair Fund Electricity Charges Security Charges,LS 604,23-09-2025,NEFT recd agst bill 168 dt. 01.09.2025,SIBLN25265010908,South Indian Bank, SVC Bank - 102103130004539 ,101002,2911.00,,
ME-2025-0001929,301011 303002 301039 301004 304001 301005 304003 301006 301003 301016,Education & Training Fund Stilt Tax Insurance Charges Water Charges Sinking Fund Lift Maintenance Charges Repair Fund Service Charges Electricity Charges Security Charges,LS 301,23-09-2025,Ch. recd  dt 23.09.02025 agst bill no.153 dt 01.09.25,000148,Bank of Baroda, SVC Bank - 102103130004539 ,101002,2844.00,,
ME-2025-0001935,301012 301011 301039 301004 304001 301005 304003 301006 301003 301016,Late Payment Interest Education & Training Fund Insurance Charges Water Charges Sinking Fund Lift Maintenance Charges Repair Fund Service Charges Electricity Charges Security Charges,LS 402,24-09-2025,NEFT recd agst bill 158 dt. 01.09.2025,002302512383,Union Bank Of India, SVC Bank - 102103130004539 ,101002,2766.00,,
ME-2025-0001928,301011 301039 301004 304001 301005 304003 301006 301003 301016,Education & Training Fund Insurance Charges Water Charges Sinking Fund Lift Maintenance Charges Repair Fund Service Charges Electricity Charges Security Charges,LS 102,25-09-2025,Ch. recd dt 24.09.25 agst bill no.146 dt 01.09.25,320848,SVC Co-op Bank, SVC Bank - 102103130004539 ,101002,2765.00,,
ME-2025-0001930,301011 303002 301039 301004 304001 301005 304003 301006 301003 301016,Education & Training Fund Stilt Tax Insurance Charges Water Charges Sinking Fund Lift Maintenance Charges Repair Fund Service Charges Electricity Charges Security Charges,LS 304,25-09-2025,Ch. recd dt 25.09.25 agst bill no.156 dt 01.09.25,682009,Citizencredit CO-OP Bank, SVC Bank - 102103130004539 ,101002,2844.00,,
ME-2025-0001931,301011 303002 301039 301004 304001 301005 304003 301006 301003 301016,Education & Training Fund Stilt Tax Insurance Charges Water Charges Sinking Fund Lift Maintenance Charges Repair Fund Service Charges Electricity Charges Security Charges,LS 401,25-09-2025,Ch. recd dt 08 .09.25 agst bill no.157 dt 01.09.25,902983,Citizencredit CO-OP Bank, SVC Bank - 102103130004539 ,101002,2844.00,,
ME-2025-0001932,301011 301039 301004 304001 301007 301005 304003 301006 301003 301016 304005,Education & Training Fund Insurance Charges Water Charges Sinking Fund Non Occupancy Charges Lift Maintenance Charges Repair Fund Service Charges Electricity Charges Security Charges Contigency Fund,LS 502,25-09-2025,Ch. recd dt 20.09.25 agst bill no.162 dt 01.09.25,031815,SVC Co-op Bank, SVC Bank - 102103130004539 ,101002,4172.00,,
ME-2025-0001933,301011 303002 301039 301004 304001 301007 301018 301005 301006 304003 301003 301016 304005,Education & Training Fund Stilt Tax Insurance Charges Water Charges Sinking Fund Non Occupancy Charges 4W Parking Charges Lift Maintenance Charges Service Charges Repair Fund Electricity Charges Security Charges Contigency Fund,LS 602,25-09-2025,Ch. recd dt 20.09.25 agst bill no.166 dt 01.09.25,000125,HDFC Bank , SVC Bank - 102103130004539 ,101002,4618.00,,
ME-2025-0001934,301012 301011 301039 301004 304001 301005 301006 304003 301003 301016,Late Payment Interest Education & Training Fund Insurance Charges Water Charges Sinking Fund Lift Maintenance Charges Service Charges Repair Fund Electricity Charges Security Charges,LS 603,25-09-2025,Ch. recd agst bill no. 167dt 01.09.25,930917,Citizencredit CO-OP Bank, SVC Bank - 102103130004539 ,101002,2837.00,,
ME-2025-0001936,301011 301039 301004 304001 301007 301005 304003 301006 301003 301016 304005,Education & Training Fund Insurance Charges Water Charges Sinking Fund Non Occupancy Charges Lift Maintenance Charges Repair Fund Service Charges Electricity Charges Security Charges Contigency Fund,LS 503,25-09-2025,NEFT recd agst bill 163 dt. 01.09.2025,ICIN126899177991,ICICI Bank, SVC Bank - 102103130004539 ,101002,4172.00,,
ME-2025-0002220,301011 304005 301016 301003 301006 304003 301009 301005 301007 304001 301004 301039,Education & Training Fund Contigency Fund Security Charges Electricity Charges Service Charges Repair Fund 2W Parking Charges Lift Maintenance Charges Non Occupancy Charges Sinking Fund Water Charges Insurance Charges,LS 504,30-09-2025,IMPS recd agst bill 164 dt. 01.09.25,527312492056,N.A., SVC Bank - 102103130004539 ,101002,4522.00,,
ME-2025-0002221,301018 301011 301003 301039 301005 304003 301016 301006 304001 301004 301007 206001,4W Parking Charges Education & Training Fund Electricity Charges Insurance Charges Lift Maintenance Charges Repair Fund Security Charges Service Charges Sinking Fund Water Charges Non Occupancy Charges Advance Members Advance Members,LS 101,30-09-2025,NEFT recd as advance,HDFCH00512811402,HDFC Bank, SVC Bank - 102103130004539 ,101002,5172.00,,
EE-2025-0000135,406001,Garden Maintenance,Gardener,30-09-2025,Being Gardner salary paid for month Sep-25,036551,, SVC Bank - 102103130004539 ,101002,,4000,
EE-2025-0000137,407002,House Keeping Expenses,Annamalai Harijan,30-09-2025,Being salary paid for Sep-2025,036552,, SVC Bank - 102103130004539 ,101002,,3500,
EE-2025-0000139,407001,Security Charges,Ganesh Security  Service,30-09-2025,Being security charges paid for Sep-25,036553,, SVC Bank - 102103130004539 ,101002,,21780,
BE-2025-0000009,0,Bank Transfer,,30-09-2025,Being TDS reimbursed for Sep-25,036554,, SVC Bank - 102103130004539 ,101002,,220,
ME-2025-0002222,301011 301039 301004 304001 301005 304003 301006 301003 301016,Education & Training Fund Insurance Charges Water Charges Sinking Fund Lift Maintenance Charges Repair Fund Service Charges Electricity Charges Security Charges,LS 501,01-10-2025,NEFT recd agst bill 189 dt. 01.10.25,ICIN127400288973,ICICI Bank, SVC Bank - 102103130004539 ,101002,2765.00,,
ME-2025-0002243,301012 301011 301003 301039 301005 304003 301016 301006 304001 301004,Late Payment Interest Education & Training Fund Electricity Charges Insurance Charges Lift Maintenance Charges Repair Fund Security Charges Service Charges Sinking Fund Water Charges,LS 204,01-10-2025,NEFT recd on account,102103130000047,N.A., SVC Bank - 102103130004539 ,101002,2765.00,,
ME-2025-0002230,301011 301003 301039 301005 304003 301016 301006 304001 301004,Education & Training Fund Electricity Charges Insurance Charges Lift Maintenance Charges Repair Fund Security Charges Service Charges Sinking Fund Water Charges,LS 403,02-10-2025,NEFT recd agst bill 187 dt. 01.10.2025,527422538013,N.A., SVC Bank - 102103130004539 ,101002,2765.00,,
ME-2025-0002231,301009 301018 301011 301003 301039 301005 304003 301016 301006 304001 301004,2W Parking Charges 4W Parking Charges Education & Training Fund Electricity Charges Insurance Charges Lift Maintenance Charges Repair Fund Security Charges Service Charges Sinking Fund Water Charges,LS 103,02-10-2025,NEFT recd agst bill 175 dt. 01.10.2025,527561533115,N.A., SVC Bank - 102103130004539 ,101002,2915.00,,
ME-2025-0002232,301011 301003 301039 301005 304003 301016 301006 304001 301004,Education & Training Fund Electricity Charges Insurance Charges Lift Maintenance Charges Repair Fund Security Charges Service Charges Sinking Fund Water Charges Education & Training Fund Electricity Charges Insurance Charges Lift Maintenance Charges Repair Fund Security Charges Service Charges Sinking Fund Water Charges,LS 202,03-10-2025,NEFT recd agst bill 150 dt. 01.10.2025,ICIN127600943217,N.A., SVC Bank - 102103130004539 ,101002,2765.00,,
ME-2025-0002233,301011 301003 301039 301005 304003 301016 301006 304001 303002 301004,Education & Training Fund Electricity Charges Insurance Charges Lift Maintenance Charges Repair Fund Security Charges Service Charges Sinking Fund Stilt Tax Water Charges,LS 704804,03-10-2025,NEFT recd agst bill 200 dt. 01.10.2025,002319166774,N.A., SVC Bank - 102103130004539 ,101002,5745.00,,
ME-2025-0002234,301011 301003 301039 301005 304003 301016 301006 304001 303002 301004,Education & Training Fund Electricity Charges Insurance Charges Lift Maintenance Charges Repair Fund Security Charges Service Charges Sinking Fund Stilt Tax Water Charges,LS 701801,04-10-2025,IMPS recd agst bill 197 dt. 01.10.2025,527800516190,N.A., SVC Bank - 102103130004539 ,101002,5745.00,,
ME-2025-0002235,301011 301003 301039 301005 304003 301016 301006 304001 301004,Education & Training Fund Electricity Charges Insurance Charges Lift Maintenance Charges Repair Fund Security Charges Service Charges Sinking Fund Water Charges,LS 603,06-10-2025,NEFT recd agst bill 195 dt. 01.10.2025,HDFCH00526625518,HDFC Bank, SVC Bank - 102103130004539 ,101002,2832.00,,
ME-2025-0002236,301012 301011 301003 301039 301005 304003 301016 301006 304001 303002 301004,Late Payment Interest Education & Training Fund Electricity Charges Insurance Charges Lift Maintenance Charges Repair Fund Security Charges Service Charges Sinking Fund Stilt Tax Water Charges,LS 703803,07-10-2025,NEFT recd agst bill 199 dt. 01.10.2025,834645764249,N.A., SVC Bank - 102103130004539 ,101002,5823.00,,
ME-2025-0002237,301011 301003 301039 301005 304003 301016 301006 304001 301004,Education & Training Fund Electricity Charges Insurance Charges Lift Maintenance Charges Repair Fund Security Charges Service Charges Sinking Fund Water Charges,LS 402,07-10-2025,NEFT recd agst bill 186 dt. 01.10.2025,NA,N.A., SVC Bank - 102103130004539 ,101002,2765.00,,
EE-2025-0000143,406006,Repair Maintenance - Others,Manu Chouhan,13-10-2025,Being Painting works carried out at society,036556,, SVC Bank - 102103130004539 ,101002,,59400,
BE-2025-0000013,0,Bank Transfer,,13-10-2025,TDS reimbursed for Oct-2025,NA,, SVC Bank - 102103130004539 ,101002,,1521,
EE-2025-0000145,406006,Repair Maintenance - Others,Mahak Agrawal,15-10-2025,Being Painting works carried out at society,036557,, SVC Bank - 102103130004539 ,101002,,59400,
EE-2025-0000147,406006,Repair Maintenance - Others,Navin Singh,15-10-2025,Being Painting works carried out at Society,036558,, SVC Bank - 102103130004539 ,101002,,31778,
ME-2025-0002238,301011 301003 301039 301005 304003 301016 301006 304001 301004 301007,Education & Training Fund Electricity Charges Insurance Charges Lift Maintenance Charges Repair Fund Security Charges Service Charges Sinking Fund Water Charges Non Occupancy Charges,LS 503,17-10-2025,NEFT recd agst bill 191 dt. 01.10.2025,ICIN129003948631,ICICI Bank, SVC Bank - 102103130004539 ,101002,2972.00,,
ME-2025-0002239,301018 301011 301003 301039 301005 304003 301016 301006 304001 303002 301004 301007,4W Parking Charges Education & Training Fund Electricity Charges Insurance Charges Lift Maintenance Charges Repair Fund Security Charges Service Charges Sinking Fund Stilt Tax Water Charges Non Occupancy Charges,LS 702802,18-10-2025,NEFT recd agst bill 198 dt. 01.10.2025,HDFCH00559796749,HDFC bank, SVC Bank - 102103130004539 ,101002,6459.00,,
ME-2025-0002240,301011 301003 301039 301005 304003 301016 301006 304001 301004,Education & Training Fund Electricity Charges Insurance Charges Lift Maintenance Charges Repair Fund Security Charges Service Charges Sinking Fund Water Charges,LS 104,22-10-2025,NEFT recd agst bill 176 dt. 01.10.2025,529432851804,N.A., SVC Bank - 102103130004539 ,101002,2765.00,,
ME-2025-0002241,301011 301003 301039 301005 304003 301016 301006 304001 303002 301004,Education & Training Fund Electricity Charges Insurance Charges Lift Maintenance Charges Repair Fund Security Charges Service Charges Sinking Fund Stilt Tax Water Charges,LS 604,23-10-2025,NEFT recd agst bill 196 dt. 01.10.2025,SIBLN25296380849,N.A., SVC Bank - 102103130004539 ,101002,2911.00,,
EE-2025-0000194,403001,Electricity Expenses,Adani Electricity,23-10-2025,Being electricty bill paid for Sep2025,NA,, SVC Bank - 102103130004539 ,101002,,1040.9,
EE-2025-0000196,403001,Electricity Expenses,Adani Electricity,23-10-2025,Being electricty bill paid for Sep-2025,NA,, SVC Bank - 102103130004539 ,101002,,386.77,
EE-2025-0000198,403001,Electricity Expenses,Adani Electricity,23-10-2025,Being electricty bill paid for Sep-2025,NA,, SVC Bank - 102103130004539 ,101002,,1497.08,
EE-2025-0000200,403001,Electricity Expenses,Adani Electricity,23-10-2025,Being electricty bill paid for Sep-2025,NA,, SVC Bank - 102103130004539 ,101002,,13722.6,
ME-2025-0002223,301011 301003 301039 301005 304003 301016 301006 304001 301004,Education & Training Fund Electricity Charges Insurance Charges Lift Maintenance Charges Repair Fund Security Charges Service Charges Sinking Fund Water Charges,LS 102,25-10-2025,Ch recd agst bill 174 ch dt 24.10.25,964376,Citizencredit CO-OP Bank, SVC Bank - 102103130004539 ,101002,2765.00,,
ME-2025-0002225,301011 301003 301039 301005 304003 301016 301006 304001 303002 301004,Education & Training Fund Electricity Charges Insurance Charges Lift Maintenance Charges Repair Fund Security Charges Service Charges Sinking Fund Stilt Tax Water Charges,LS 304,25-10-2025,Ch recd afst bill 184 ch dt 25.10.25,682010,Citizencredit CO-OP Bank, SVC Bank - 102103130004539 ,101002,2844.00,,
ME-2025-0002226,301011 301003 301039 301005 304003 301016 301006 304001 303002 301004,Education & Training Fund Electricity Charges Insurance Charges Lift Maintenance Charges Repair Fund Security Charges Service Charges Sinking Fund Stilt Tax Water Charges,LS 401,25-10-2025,Ch recd agst bill 185 ch dt 05.10.25,902984,Citizencredit CO-OP Bank, SVC Bank - 102103130004539 ,101002,2844.00,,
ME-2025-0002227,301011 301003 301039 301005 304003 301016 301006 304001 301004 301007,Education & Training Fund Electricity Charges Insurance Charges Lift Maintenance Charges Repair Fund Security Charges Service Charges Sinking Fund Water Charges Non Occupancy Charges,LS 502,25-10-2025,Ch recd agst bill 190 ch dt 20.10.25,031821,SVC Bank , SVC Bank - 102103130004539 ,101002,2972.00,,
ME-2025-0002228,301018 301011 301003 301039 301005 304003 301016 301006 304001 303002 301004 301007,4W Parking Charges Education & Training Fund Electricity Charges Insurance Charges Lift Maintenance Charges Repair Fund Security Charges Service Charges Sinking Fund Stilt Tax Water Charges Non Occupancy Charges,LS 602,25-10-2025,Ch recd agst bill 194 ch dt 20.10.25,000126,HDFC bank, SVC Bank - 102103130004539 ,101002,3418.00,,
ME-2025-0002229,206001,Advance Members,LS 404,25-10-2025,Ch recd agst adv,331058,SVC Bank , SVC Bank - 102103130004539 ,101002,12000.00,,
ME-2025-0002242,301012 301009 301011 301003 301039 301005 304003 301016 301006 304001 301004 301007,Late Payment Interest 2W Parking Charges Education & Training Fund Electricity Charges Insurance Charges Lift Maintenance Charges Repair Fund Security Charges Service Charges Sinking Fund Water Charges Non Occupancy Charges,LS 504,25-10-2025,NEFT recd agst bill 192 dt. 01.10.2025,529800367267,N.A., SVC Bank - 102103130004539 ,101002,3333.00,,
BE-2025-0000012,0,Bank Transfer,,27-10-2025,Being cash withdrawn,36565,, SVC Bank - 102103130004539 ,101002,,3800,
EE-2025-0000202,406006,Repair Maintenance - Others,Unassigned,30-10-2025,Being railings above water tank on terrace repaid,036566,, SVC Bank - 102103130004539 ,101002,,3000,
BE-2025-0000010,0,Bank Transfer,,31-10-2025,Being TDS reimbursed for Oct-25,036564,, SVC Bank - 102103130004539 ,101002,,609,
EE-2025-0000204,405002,Lift Repair & Maintenance,Ashna Elevators,31-10-2025,Being bill paid,036562,, SVC Bank - 102103130004539 ,101002,,38551,
EE-2025-0000212,407002,House Keeping Expenses,Annamalai Harijan,31-10-2025,Being Oct 25 payment made,036560,, SVC Bank - 102103130004539 ,101002,,3500,
EE-2025-0000214,407001,Security Charges,Ganesh Security  Service,31-10-2025,Being Oct 25 bill paid,036563,, SVC Bank - 102103130004539 ,101002,,21780,
EE-2025-0000225,406001,Garden Maintenance,Gardener,31-10-2025,Being Oct 25 salary paid,036561,, SVC Bank - 102103130004539 ,101002,,4000,
ME-2025-0002533,301011 301039 301004 304001 301005 304003 301006 301003 301016,Education & Training Fund Insurance Charges Water Charges Sinking Fund Lift Maintenance Charges Repair Fund Service Charges Electricity Charges Security Charges,LS 403,01-11-2025,IMPS recd agst bill 6215 dt. 01.11.2025,530511802183,N.A., SVC Bank - 102103130004539 ,101002,2765.00,,
ME-2025-0002534,301011 303002 301039 301004 304001 301005 301006 304003 301003 301016,Education & Training Fund Stilt Tax Insurance Charges Water Charges Sinking Fund Lift Maintenance Charges Service Charges Repair Fund Electricity Charges Security Charges,LS 704804,01-11-2025,NEFT recd agst bill 228 dt. 01.11.2025,002373214794,Union Bank of India, SVC Bank - 102103130004539 ,101002,5745.00,,
ME-2025-0002535,301011 301016 301003 304003 301006 301005 304001 301004 301039 303002,Education & Training Fund Security Charges Electricity Charges Repair Fund Service Charges Lift Maintenance Charges Sinking Fund Water Charges Insurance Charges Stilt Tax Education & Training Fund Security Charges Electricity Charges Repair Fund Service Charges Lift Maintenance Charges Sinking Fund Water Charges Insurance Charges Stilt Tax,LS 703803,01-11-2025,UPI recd agst bill 227 dt. 01.11.2025,695686612339,Union Bank of India, SVC Bank - 102103130004539 ,101002,5842.00,,
ME-2025-0002536,301011 301009 301039 301018 301004 304001 301005 304003 301006 301003 301016,Education & Training Fund 2W Parking Charges Insurance Charges 4W Parking Charges Water Charges Sinking Fund Lift Maintenance Charges Repair Fund Service Charges Electricity Charges Security Charges,LS 103,02-11-2025,IMPS recd agst bill 203 dt. 01.11.2025,530692436786,N.A., SVC Bank - 102103130004539 ,101002,2915.00,,
ME-2025-0002537,301009 301011 301003 301039 301005 304003 301016 301006 304001 301004 206001,2W Parking Charges Education & Training Fund Electricity Charges Insurance Charges Lift Maintenance Charges Repair Fund Security Charges Service Charges Sinking Fund Water Charges Advance Members Advance Members,LS 303,02-11-2025,UPI recd agst bill 211 dt. 01.11.2025,567246855716,HDFC Bank , SVC Bank - 102103130004539 ,101002,2900.00,,
ME-2025-0002538,301011 301039 301004 304001 301005 301006 304003 301003 301016,Education & Training Fund Insurance Charges Water Charges Sinking Fund Lift Maintenance Charges Service Charges Repair Fund Electricity Charges Security Charges,LS 603,02-11-2025,NEFT recd agst bill 223 dt. 01.11.2025,002375049243,Union Bank of India, SVC Bank - 102103130004539 ,101002,2832.00,,
ME-2025-0002539,301011 303002 301039 301004 304001 301005 301006 304003 301003 301016,Education & Training Fund Stilt Tax Insurance Charges Water Charges Sinking Fund Lift Maintenance Charges Service Charges Repair Fund Electricity Charges Security Charges,LS 701801,03-11-2025,IMPS recd agst bill 225 dt. 01.11.2025,530700908603,N.A., SVC Bank - 102103130004539 ,101002,5745.00,,
ME-2025-0002540,301011 301003 301039 301005 304003 301016 301006 304001 301004,Education & Training Fund Electricity Charges Insurance Charges Lift Maintenance Charges Repair Fund Security Charges Service Charges Sinking Fund Water Charges Education & Training Fund Electricity Charges Insurance Charges Lift Maintenance Charges Repair Fund Security Charges Service Charges Sinking Fund Water Charges,LS 202,03-11-2025,NEFT recd on account,ICIN130706501483,ICICI Bank Ltd, SVC Bank - 102103130004539 ,101002,2765.00,,
ME-2025-0002541,301011 301039 301004 304001 301005 304003 301006 301003 301016,Education & Training Fund Insurance Charges Water Charges Sinking Fund Lift Maintenance Charges Repair Fund Service Charges Electricity Charges Security Charges,LS 501,03-11-2025,NEFT recd agst bill 217 dt. 01.11.2025 from Nigel George,ICIN130706581876,ICICI Bank Ltd, SVC Bank - 102103130004539 ,101002,2765.00,,
ME-2025-0002542,301012 301011 301003 301039 301005 304003 301016 301006 304001 301004,Late Payment Interest Late Payment Interest Late Payment Interest Education & Training Fund Electricity Charges Insurance Charges Lift Maintenance Charges Repair Fund Security Charges Service Charges Sinking Fund Water Charges Education & Training Fund Electricity Charges Insurance Charges Lift Maintenance Charges Repair Fund Security Charges Service Charges Sinking Fund Water Charges Education & Training Fund Electricity Charges Insurance Charges Lift Maintenance Charges Repair Fund Security Charges Service Charges Sinking Fund Water Charges Education & Training Fund Electricity Charges Insurance Charges Lift Maintenance Charges Repair Fund Security Charges Service Charges Sinking Fund Water Charges Education & Training Fund Electricity Charges Insurance Charges Lift Maintenance Charges Repair Fund Security Charges Service Charges Sinking Fund Water Charges,LS 302,06-11-2025,NEFT recd on account from Bhrendeeta Silveira,HDFCH00595883089,HDFC Bank , SVC Bank - 102103130004539 ,101002,10000.00,,
ME-2025-0002543,301011 301039 301004 304001 301005 304003 301006 301003 301016,Education & Training Fund Insurance Charges Water Charges Sinking Fund Lift Maintenance Charges Repair Fund Service Charges Electricity Charges Security Charges,LS 402,09-11-2025,NEFT recd agst bill 214 dt. 01.11.2025,300003000079917,N.A., SVC Bank - 102103130004539 ,101002,2765.00,,
ME-2025-0002544,301011 301003 301039 301005 304003 301016 301006 304001 301004 206001,Education & Training Fund Electricity Charges Insurance Charges Lift Maintenance Charges Repair Fund Security Charges Service Charges Sinking Fund Water Charges Education & Training Fund Electricity Charges Insurance Charges Lift Maintenance Charges Repair Fund Security Charges Service Charges Sinking Fund Water Charges Advance Members Advance Members,LS 201,09-11-2025,IMPS recd agst bill 205 dt. 01.11.2025,531316183543,N.A., SVC Bank - 102103130004539 ,101002,5530.00,,
ME-2025-0002545,301018 301011 301003 301039 301005 304003 301016 301006 304001 301004 301007 206001,4W Parking Charges Education & Training Fund Electricity Charges Insurance Charges Lift Maintenance Charges Repair Fund Security Charges Service Charges Sinking Fund Water Charges Non Occupancy Charges Advance Members Advance Members,LS 101,17-11-2025,NEFT recd agst bill 201 dt. 01.11.2025,HDFCH00618813967,HDFC Bank , SVC Bank - 102103130004539 ,101002,2792.00,,
ME-2025-0002546,301011 303002 301039 301004 304001 301005 301006 304003 301003 301016,Education & Training Fund Stilt Tax Insurance Charges Water Charges Sinking Fund Lift Maintenance Charges Service Charges Repair Fund Electricity Charges Security Charges,LS 604,20-11-2025,NEFT recd agst bill 224 dt. 01.11.2025,SIBLN25324402762,South Indian Bank, SVC Bank - 102103130004539 ,101002,2911.00,,
EE-2025-0000218,408010,Professional Fees,Irene Rosario,24-11-2025,Being Q3 accounting n Q1 TDS returns bills paid,036571,, SVC Bank - 102103130004539 ,101002,,5897,
EE-2025-0000221,407011,Audit Fees,Bharat C. Boridkar,24-11-2025,Being FY 24-25 audit bill paid,036572,, SVC Bank - 102103130004539 ,101002,,3300,
EE-2025-0000315,403001,Electricity Expenses,Adani Electricity,24-11-2025,Being elec bill paid Oct 2025,NA,, SVC Bank - 102103130004539 ,101002,,1050.9,
EE-2025-0000316,403001,Electricity Expenses,Adani Electricity,24-11-2025,Being elec bill paid Oct 2025,NA,, SVC Bank - 102103130004539 ,101002,,12869.77,
EE-2025-0000317,403001,Electricity Expenses,Adani Electricity,24-11-2025,Being elec bill paid Oct 2025,NA,, SVC Bank - 102103130004539 ,101002,,356.98,
EE-2025-0000318,403001,Electricity Expenses,Adani Electricity,24-11-2025,Being elec bill paid Oct 2025,NA,, SVC Bank - 102103130004539 ,101002,,1427.72,
ME-2025-0002526,301011 303002 301039 301004 304001 301007 301018 301005 301006 304003 301003 301016,Education & Training Fund Stilt Tax Insurance Charges Water Charges Sinking Fund Non Occupancy Charges 4W Parking Charges Lift Maintenance Charges Service Charges Repair Fund Electricity Charges Security Charges,LS 602,25-11-2025,Ch. dt. 20.11.25 recd agst bill 222 dt. 01.11.25,000128,HDFC Bank, SVC Bank - 102103130004539 ,101002,3418.00,,
ME-2025-0002527,301011 301039 301004 304001 301007 301005 304003 301006 301003 301016,Education & Training Fund Insurance Charges Water Charges Sinking Fund Non Occupancy Charges Lift Maintenance Charges Repair Fund Service Charges Electricity Charges Security Charges Education & Training Fund Electricity Charges Insurance Charges Lift Maintenance Charges Repair Fund Security Charges Service Charges Sinking Fund Water Charges Non Occupancy Charges,LS 502,25-11-2025,Ch. dt. 20.11.25 recd agst bill 218 dt. 01.11.25,031822,SVC Bank, SVC Bank - 102103130004539 ,101002,5944.00,,
ME-2025-0002528,301011 303002 301039 301004 304001 301005 304003 301006 301003 301016,Education & Training Fund Stilt Tax Insurance Charges Water Charges Sinking Fund Lift Maintenance Charges Repair Fund Service Charges Electricity Charges Security Charges,LS 401,25-11-2025,Ch. dt. 23.11.25 recd agst bill 213 dt. 01.11.25,902986,Citizen Bank, SVC Bank - 102103130004539 ,101002,2844.00,,
ME-2025-0002529,301011 303002 301039 301004 304001 301005 304003 301006 301003 301016,Education & Training Fund Stilt Tax Insurance Charges Water Charges Sinking Fund Lift Maintenance Charges Repair Fund Service Charges Electricity Charges Security Charges,LS 304,25-11-2025,Ch. dt. 25.11.25 recd agst bill 212 dt. 01.11.25,682011,Citizen Bank, SVC Bank - 102103130004539 ,101002,2844.00,,
ME-2025-0002530,301012 301016 301003 301006 304003 301005 304001 301004 301039 303002 301011,Late Payment Interest Security Charges Electricity Charges Service Charges Repair Fund Lift Maintenance Charges Sinking Fund Water Charges Insurance Charges Stilt Tax Education & Training Fund Education & Training Fund Security Charges Electricity Charges Service Charges Repair Fund Lift Maintenance Charges Sinking Fund Water Charges Insurance Charges Stilt Tax,LS 301,25-11-2025,Ch. dt. 23.11.25 recd agst bill 181 dt. 01.11.25,000149,Bank of Baroda, SVC Bank - 102103130004539 ,101002,5695.00,,
ME-2025-0002531,301018 301011 301003 301039 301005 304003 301016 301006 304001 301004 301007,4W Parking Charges Education & Training Fund Electricity Charges Insurance Charges Lift Maintenance Charges Repair Fund Security Charges Service Charges Sinking Fund Water Charges Non Occupancy Charges 4W Parking Charges Education & Training Fund Electricity Charges Insurance Charges Lift Maintenance Charges Repair Fund Security Charges Service Charges Sinking Fund Water Charges Non Occupancy Charges,LS 203,25-11-2025,Ch. dt. 22.11.25 recd on account,018602,Union Bank of India, SVC Bank - 102103130004539 ,101002,3972.00,,
ME-2025-0002532,301011 301039 301004 304001 301005 304003 301006 301003 301016,Education & Training Fund Insurance Charges Water Charges Sinking Fund Lift Maintenance Charges Repair Fund Service Charges Electricity Charges Security Charges Education & Training Fund Electricity Charges Insurance Charges Lift Maintenance Charges Repair Fund Security Charges Service Charges Sinking Fund Water Charges,LS 102,25-11-2025,Ch. dt. 24.11.25 recd agst bill 202 dt. 01.11.25,454281,Citizen Bank, SVC Bank - 102103130004539 ,101002,5530.00,,
ME-2025-0002547,301011 303002 301039 301004 301018 304001 301007 301005 301006 304003 301003 301016,Education & Training Fund Stilt Tax Insurance Charges Water Charges 4W Parking Charges Sinking Fund Non Occupancy Charges Lift Maintenance Charges Service Charges Repair Fund Electricity Charges Security Charges,LS 702802,25-11-2025,NEFT recd agst bill 226 dt. 01.11.2025,HDFCH00630212317,HDFC Bank , SVC Bank - 102103130004539 ,101002,6459.00,,
ME-2025-0002548,301011 301039 301004 304001 301007 301005 301009 304003 301006 301003 301016,Education & Training Fund Insurance Charges Water Charges Sinking Fund Non Occupancy Charges Lift Maintenance Charges 2W Parking Charges Repair Fund Service Charges Electricity Charges Security Charges,LS 504,25-11-2025,NEFT recd agst bill 220 dt. 01.11.2025,KKBKH25329786281,Kotak Mahindra Bank, SVC Bank - 102103130004539 ,101002,3322.00,,
ME-2025-0002549,301011 301039 301004 304001 301007 301005 304003 301006 301003 301016,Education & Training Fund Insurance Charges Water Charges Sinking Fund Non Occupancy Charges Lift Maintenance Charges Repair Fund Service Charges Electricity Charges Security Charges,LS 503,25-11-2025,NEFT recd agst bill 219 dt. 01.11.2025,IN12532909925179,ICICI Bank Ltd, SVC Bank - 102103130004539 ,101002,2972.00,,
ME-2025-0002550,206001,Advance Members,LS 403,29-11-2025,IMPS recd as advance,533309859585,N/A, SVC Bank - 102103130004539 ,101002,2765.00,,
ME-2025-0002825,301011 301003 301039 301005 304003 301016 301006 304001 301004,Education & Training Fund Electricity Charges Insurance Charges Lift Maintenance Charges Repair Fund Security Charges Service Charges Sinking Fund Water Charges,LS 104,30-11-2025,IMPS recd agst bill 204,114928926790,N.A., SVC Bank - 102103130004539 ,101002,2765.00,,
BE-2025-0000015,0,Bank Transfer,,30-11-2025,TDS Reimbursed for Nov-2025,036568,, SVC Bank - 102103130004539 ,101002,,220,
EE-2025-0000240,407001,Security Charges,Ganesh Security  Service,30-11-2025,being Nov-25 bill paid,036567,, SVC Bank - 102103130004539 ,101002,,21780,
ME-2025-0002826,301011 301003 301039 301005 304003 301016 301006 304001 303002 301004,Education & Training Fund Electricity Charges Insurance Charges Lift Maintenance Charges Repair Fund Security Charges Service Charges Sinking Fund Stilt Tax Water Charges,LS 701801,01-12-2025,IMPS recd agst bill 252 dt. 01.12.25,533507716127,N.A., SVC Bank - 102103130004539 ,101002,5745.00,,
ME-2025-0002827,301011 301003 301039 301005 304003 301016 301006 304001 301004,Education & Training Fund Electricity Charges Insurance Charges Lift Maintenance Charges Repair Fund Security Charges Service Charges Sinking Fund Water Charges,LS 501,01-12-2025,NEFT recd agst bill 244 dt. 01.12.25,IN12533511070284,ICICI Bank, SVC Bank - 102103130004539 ,101002,2765.00,,
ME-2025-0002844,301011 301003 301039 301005 304003 301016 301006 304001 303002 301004,Education & Training Fund Electricity Charges Insurance Charges Lift Maintenance Charges Repair Fund Security Charges Service Charges Sinking Fund Stilt Tax Water Charges,LS 704804,01-12-2025,NEFT recd agst bill no.255 dt.01.12.25,002427845243,union bank, SVC Bank - 102103130004539 ,101002,5745.00,,
ME-2025-0002845,301011 301003 301039 301005 304003 301016 301006 304001 301004,Education & Training Fund Electricity Charges Insurance Charges Lift Maintenance Charges Repair Fund Security Charges Service Charges Sinking Fund Water Charges Education & Training Fund Electricity Charges Insurance Charges Lift Maintenance Charges Repair Fund Security Charges Service Charges Sinking Fund Water Charges,LS 202,02-12-2025,NEFT recd agst bill no.233 dt.01.12.25,IN12533711716463,ICICIBANK, SVC Bank - 102103130004539 ,101002,2765.00,,
EE-2025-0000238,406007,Repair Maintenance - Electrical,Unassigned,02-12-2025,Being amt paid for led tubelight  panels  etc,043701,, SVC Bank - 102103130004539 ,101002,,1030,
EE-2025-0000244,401001,Salary Expenses,Sweeper,02-12-2025,being Nov-25 salary paid,043702,, SVC Bank - 102103130004539 ,101002,,3500,
EE-2025-0000419,406001,Garden Maintenance,Gardener,02-12-2025,Being salary paid for Nov 2025,036569,, SVC Bank - 102103130004539 ,101002,,4000,
ME-2025-0002857,301012 301011 301003 301039 301005 304003 301016 301006 304001 301004 206001,Late Payment Interest Education & Training Fund Electricity Charges Insurance Charges Lift Maintenance Charges Repair Fund Security Charges Service Charges Sinking Fund Water Charges Education & Training Fund Electricity Charges Insurance Charges Lift Maintenance Charges Repair Fund Security Charges Service Charges Sinking Fund Water Charges Education & Training Fund Electricity Charges Insurance Charges Lift Maintenance Charges Repair Fund Security Charges Service Charges Sinking Fund Water Charges Advance Members Advance Members,LS 204,04-12-2025,NEFT recd agst bill   180 dt 01.12.25,10210313130000047,N.A., SVC Bank - 102103130004539 ,101002,5550.00,,
ME-2025-0002846,301018 301011 301003 301039 301005 304003 301016 301006 304001 301004 301007,4W Parking Charges Education & Training Fund Electricity Charges Insurance Charges Lift Maintenance Charges Repair Fund Security Charges Service Charges Sinking Fund Water Charges Non Occupancy Charges,LS 101,06-12-2025,NEFT recd agst bill no.229 dt.01.12.25,HDFCH00655948747,HDFC BANK, SVC Bank - 102103130004539 ,101002,3952.00,,
ME-2025-0002858,206001,Advance Members,LS 603,06-12-2025,NEFT recd agst bill,002438161953,N.A, SVC Bank - 102103130004539 ,101002,2832.00,,
ME-2025-0002847,301011 301003 301039 301005 304003 301016 301006 304001 303002 301004,Education & Training Fund Electricity Charges Insurance Charges Lift Maintenance Charges Repair Fund Security Charges Service Charges Sinking Fund Stilt Tax Water Charges,LS 703803,09-12-2025,UPI recd agst bill no.254 dt.01.12.25,985256047956,union bank, SVC Bank - 102103130004539 ,101002,5823.00,,
ME-2025-0002848,301009 301018 301011 301003 301039 301005 304003 301016 301006 304001 301004,2W Parking Charges 4W Parking Charges Education & Training Fund Electricity Charges Insurance Charges Lift Maintenance Charges Repair Fund Security Charges Service Charges Sinking Fund Water Charges,LS 103,09-12-2025,IMPS recd agst bill no.231 dt.01.12.25,534339779598,N.A., SVC Bank - 102103130004539 ,101002,2915.00,,
ME-2025-0002849,301009 301011 301003 301039 301005 304003 301016 301006 304001 301004,2W Parking Charges Education & Training Fund Electricity Charges Insurance Charges Lift Maintenance Charges Repair Fund Security Charges Service Charges Sinking Fund Water Charges,LS 303,10-12-2025,UPI recd agst bill no.238 dt.01.12.25,571040249273,HDFC BANK, SVC Bank - 102103130004539 ,101002,2730.00,,
EE-2025-0000236,405002,Lift Repair & Maintenance,Unassigned,10-12-2025,Being amt paid for list door repairs chgs - Rajesh yadav,036524,, SVC Bank - 102103130004539 ,101002,,9550,
BE-2025-0000014,0,Bank Transfer,,10-12-2025,Being cash withdrawn,036573,, SVC Bank - 102103130004539 ,101002,,4100,
EE-2025-0000246,408011,Bank Charges,Unassigned,10-12-2025,Bank chgs,NA,, SVC Bank - 102103130004539 ,101002,,125,
ME-2025-0002850,301011 301003 301039 301005 304003 301016 301006 304001 303002 301004,Education & Training Fund Electricity Charges Insurance Charges Lift Maintenance Charges Repair Fund Security Charges Service Charges Sinking Fund Stilt Tax Water Charges,LS 604,12-12-2025,NEFT recd agst bill no.251 dt.01.12.25,SIBLN25346240251,south indian bank, SVC Bank - 102103130004539 ,101002,2911.00,,
EE-2025-0000268,404001,Water Expenses,BMC,12-12-2025,Being water bill paid for the period 05.06.25 to 04.09.25,043703,37924, SVC Bank - 102103130004539 ,101002,,14693,
ME-2025-0002838,206001,Advance Members,LS 601,19-12-2025,Chq. recd as advance,329341,NA, SVC Bank - 102103130004539 ,101002,9633.00,,
EE-2025-0000277,410004,Bonus,Sweeper,21-12-2025,Being Dec salary and 50% bonus paid to Vijaya Naidu,043707,37924, SVC Bank - 102103130004539 ,101002,,5250,
EE-2025-0000285,407001,Security Charges,Ganesh Security  Service,21-12-2025,Being Dec 2025 bill paid,043705,, SVC Bank - 102103130004539 ,101002,,21780,
EE-2025-0000288,406001,Garden Maintenance,Gardener,21-12-2025,Being Dec 2025 salary & bonus paid,043704,, SVC Bank - 102103130004539 ,101002,,8000,
ME-2025-0002859,301011 301039 301004 304001 301005 304003 301006 301003 301016,Education & Training Fund Insurance Charges Water Charges Sinking Fund Lift Maintenance Charges Repair Fund Service Charges Electricity Charges Security Charges,LS 402,22-12-2025,NEFT recd agst bill,300003000079917,N.A., SVC Bank - 102103130004539 ,101002,2765.00,,
EE-2025-0000283,410004,Bonus,Ganesh Security  Service,22-12-2025,Being bonus paid to Raghuraj Singh,043706,37924, SVC Bank - 102103130004539 ,101002,,2000,
EE-2025-0000323,403001,Electricity Expenses,Adani Electricity,22-12-2025,Being elec bill paid Nov 2025,NA,, SVC Bank - 102103130004539 ,101002,,337.05,
EE-2025-0000324,403001,Electricity Expenses,Adani Electricity,22-12-2025,Being elec bill paid Nov 2025,NA,, SVC Bank - 102103130004539 ,101002,,1437.51,
EE-2025-0000325,403001,Electricity Expenses,Adani Electricity,22-12-2025,Being elec bill paid Nov 2025,NA,, SVC Bank - 102103130004539 ,101002,,1040.9,
EE-2025-0000326,403001,Electricity Expenses,Adani Electricity,22-12-2025,Being elec bill paid Nov 2025,NA,, SVC Bank - 102103130004539 ,101002,,12602.2,
ME-2025-0002851,301018 301011 301003 301039 301005 304003 301016 301006 304001 303002 301004 301007,4W Parking Charges Education & Training Fund Electricity Charges Insurance Charges Lift Maintenance Charges Repair Fund Security Charges Service Charges Sinking Fund Stilt Tax Water Charges Non Occupancy Charges,LS 702802,24-12-2025,NEFT recd agst bill no.253 dt.01.12.25,HDFCH00691082118,HDFC BANK, SVC Bank - 102103130004539 ,101002,6459.00,,
ME-2025-0002852,301011 301003 301039 301005 304003 301016 301006 304001 301004 301007,Education & Training Fund Electricity Charges Insurance Charges Lift Maintenance Charges Repair Fund Security Charges Service Charges Sinking Fund Water Charges Non Occupancy Charges,LS 503,24-12-2025,NEFT recd agst bill no.246 dt.01.12.25,IN12535815057380,ICICIBANK, SVC Bank - 102103130004539 ,101002,2972.00,,
ME-2025-0002853,301012 301011 301003 301039 301005 304003 301016 301006 304001 301004,Late Payment Interest Education & Training Fund Electricity Charges Insurance Charges Lift Maintenance Charges Repair Fund Security Charges Service Charges Sinking Fund Water Charges,LS 104,24-12-2025,UPI recd agst bill no.256 dt.01.12.25,116137067118,YES BANK, SVC Bank - 102103130004539 ,101002,2765.00,,
ME-2025-0002860,206001,Advance Members,LS 101,24-12-2025,Neft recd as advance,HDFCH00692169662,HDFC BANK `, SVC Bank - 102103130004539 ,101002,3952.00,,
ME-2025-0002839,301011 301012 303002 301039 301004 304001 301005 304003 301006 301003 301016,Education & Training Fund Late Payment Interest Stilt Tax Insurance Charges Water Charges Sinking Fund Lift Maintenance Charges Repair Fund Service Charges Electricity Charges Security Charges,LS 301,25-12-2025,Chq recd agst bill  236 dt 01.12 2025,000150,Bank of Baroda`, SVC Bank - 102103130004539 ,101002,2878.00,,
ME-2025-0002840,301011 303002 301039 301004 304001 301005 304003 301006 301003 301016,Education & Training Fund Stilt Tax Insurance Charges Water Charges Sinking Fund Lift Maintenance Charges Repair Fund Service Charges Electricity Charges Security Charges,LS 304,25-12-2025,Chq recd agst bill 239 dt 01.12.25,682013,Citizen Bank, SVC Bank - 102103130004539 ,101002,2844.00,,
ME-2025-0002841,301011 303002 301039 301004 304001 301005 304003 301006 301003 301016,Education & Training Fund Stilt Tax Insurance Charges Water Charges Sinking Fund Lift Maintenance Charges Repair Fund Service Charges Electricity Charges Security Charges,LS 401,25-12-2025,Chq recd agst bill  240 dt 01.12.2025,902985,Citizen Bank, SVC Bank - 102103130004539 ,101002,2844.00,,
ME-2025-0002842,301011 303002 301039 301004 304001 301007 301018 301005 301006 304003 301003 301016,Education & Training Fund Stilt Tax Insurance Charges Water Charges Sinking Fund Non Occupancy Charges 4W Parking Charges Lift Maintenance Charges Service Charges Repair Fund Electricity Charges Security Charges,LS 602,25-12-2025,Chq recd agst bill  249 dt 01.12.2025,000129,Hdfc bank, SVC Bank - 102103130004539 ,101002,3418.00,,
ME-2025-0002843,301011 301039 301004 304001 301005 301006 304003 301003 301016,Education & Training Fund Insurance Charges Water Charges Sinking Fund Lift Maintenance Charges Service Charges Repair Fund Electricity Charges Security Charges,LS 603,25-12-2025,Chq recd agst bill  250 dt 01.12.2025,565632,Citizen Bank, SVC Bank - 102103130004539 ,101002,2832.00,,
ME-2025-0002854,301009 301011 301003 301039 301005 304003 301016 301006 304001 301004 301007,2W Parking Charges Education & Training Fund Electricity Charges Insurance Charges Lift Maintenance Charges Repair Fund Security Charges Service Charges Sinking Fund Water Charges Non Occupancy Charges,LS 504,25-12-2025,IMPS recd agst bill no.247 dt.01.12.25,535919388185,N.A., SVC Bank - 102103130004539 ,101002,3322.00,,
ME-2025-0002855,301011 301003 301039 301005 304003 301016 301006 304001 301004 206001,Education & Training Fund Electricity Charges Insurance Charges Lift Maintenance Charges Repair Fund Security Charges Service Charges Sinking Fund Water Charges Advance Members Advance Members,LS 201,25-12-2025,NEFT recd agst bill no.232 dt.01.12.25,HDFCH00694049226,HDFC BANK, SVC Bank - 102103130004539 ,101002,5530.00,,
ME-2025-0002856,206001,Advance Members,LS 403,01-01-2026,IMPS recd on advance,600108192715,NA, SVC Bank - 102103130004539 ,101002,2765.00,,
ME-2025-0002861,206001,Advance Members,LS 501,01-01-2026,IMPS recd as advance,IN12600116365564,N.A, SVC Bank - 102103130004539 ,101002,2765.00,,
EE-2025-0000272,410001,Festival Expenses,Unassigned,01-01-2026,Being bill paid for Customized snack boxes towards Building day function,043709,, SVC Bank - 102103130004539 ,101002,,13070,
ME-2025-0003151,301011 301003 301039 301005 304003 301016 301006 304001 303002 301004,Education & Training Fund Electricity Charges Insurance Charges Lift Maintenance Charges Repair Fund Security Charges Service Charges Sinking Fund Stilt Tax Water Charges,LS 701801,02-01-2026,IMPS recd agst bill no.281 dt.01.01.26,600209931233,N.A., SVC Bank - 102103130004539 ,101002,5745.00,,
ME-2025-0003152,301011 301003 301039 301005 304003 301016 301006 304001 301004,Education & Training Fund Electricity Charges Insurance Charges Lift Maintenance Charges Repair Fund Security Charges Service Charges Sinking Fund Water Charges Education & Training Fund Electricity Charges Insurance Charges Lift Maintenance Charges Repair Fund Security Charges Service Charges Sinking Fund Water Charges,LS 202,03-01-2026,NEFT recd agst bill no.262 dt.01.01.26,IN12600316876449,ICICIBANK, SVC Bank - 102103130004539 ,101002,2765.00,,
ME-2025-0003153,301009 301018 301011 301003 301039 301005 304003 301016 301006 304001 301004,2W Parking Charges 4W Parking Charges Education & Training Fund Electricity Charges Insurance Charges Lift Maintenance Charges Repair Fund Security Charges Service Charges Sinking Fund Water Charges,LS 103,03-01-2026,IMPS recd agst bill no.259 dt.01.01.26,600333005085,N.A., SVC Bank - 102103130004539 ,101002,2915.00,,
EE-2025-0000270,410001,Festival Expenses,Unassigned,04-01-2026,Being bill paid for Chairs tables etc hired towards Building day function,043710,, SVC Bank - 102103130004539 ,101002,,1100,
ME-2025-0003778,301011 301003 301039 301005 304003 301016 301006 304001 301004,Education & Training Fund Electricity Charges Insurance Charges Lift Maintenance Charges Repair Fund Security Charges Service Charges Sinking Fund Water Charges Education & Training Fund Electricity Charges Insurance Charges Lift Maintenance Charges Repair Fund Security Charges Service Charges Sinking Fund Water Charges,LS 204,04-01-2026,NEFT recd on acount,102103130000047,N.A., SVC Bank - 102103130004539 ,101002,2765.00,,
ME-2025-0003154,301011 301003 301039 301005 304003 301016 301006 304001 303002 301004,Education & Training Fund Electricity Charges Insurance Charges Lift Maintenance Charges Repair Fund Security Charges Service Charges Sinking Fund Stilt Tax Water Charges,LS 703803,05-01-2026,UPI recd agst bill no.283 dt.01.01.26,778051257801,union bank, SVC Bank - 102103130004539 ,101002,5823.00,,
EE-2025-0000423,410004,Bonus,Annamalai Harijan,05-01-2026,Being bonus for fy 25,043708,, SVC Bank - 102103130004539 ,101002,,1750,
ME-2025-0003155,301011 301003 301039 301005 304003 301016 301006 304001 303002 301004,Education & Training Fund Electricity Charges Insurance Charges Lift Maintenance Charges Repair Fund Security Charges Service Charges Sinking Fund Stilt Tax Water Charges,LS 704804,07-01-2026,NEFT recd agst bill no.284 dt.01.01.26,002497149742,union bank of india, SVC Bank - 102103130004539 ,101002,5745.00,,
BE-2025-0000016,0,Bank Transfer,,08-01-2026,Being cash withdrawn,043711,, SVC Bank - 102103130004539 ,101002,,4100,
ME-2025-0003156,301018 301011 301003 301039 301005 304003 301016 301006 304001 301004 301007,4W Parking Charges Education & Training Fund Electricity Charges Insurance Charges Lift Maintenance Charges Repair Fund Security Charges Service Charges Sinking Fund Water Charges Non Occupancy Charges,LS 101,08-01-2026,NEFT recd agst bill no.257 dt.01.01.26,HDFCH00728102903,HDFC BANK, SVC Bank - 102103130004539 ,101002,20.00,,
ME-2025-0003157,301011 301003 301039 301005 304003 301016 301006 304001 301004,Education & Training Fund Electricity Charges Insurance Charges Lift Maintenance Charges Repair Fund Security Charges Service Charges Sinking Fund Water Charges,LS 402,14-01-2026,NEFT recd agst bill no.270 dt.01.01.26,300003000079917,N.A., SVC Bank - 102103130004539 ,101002,2765.00,,
ME-2025-0003158,301009 301011 301003 301039 301005 304003 301016 301006 304001 301004,2W Parking Charges Education & Training Fund Electricity Charges Insurance Charges Lift Maintenance Charges Repair Fund Security Charges Service Charges Sinking Fund Water Charges,LS 303,15-01-2026,UPI recd agst bill no.267 dt.01.01.26,601485853604,HDFC BANK, SVC Bank - 102103130004539 ,101002,2815.00,,
ME-2025-0003159,301011 301003 301039 301005 304003 301016 301006 304001 303002 301004,Education & Training Fund Electricity Charges Insurance Charges Lift Maintenance Charges Repair Fund Security Charges Service Charges Sinking Fund Stilt Tax Water Charges,LS 604,16-01-2026,NEFT recd agst bill no.280 dt.01.01.26,SIBLN26016148253,south indian bank, SVC Bank - 102103130004539 ,101002,2911.00,,
ME-2025-0003163,301011 301003 301039 301005 304003 301016 301006 304001 301004,Education & Training Fund Electricity Charges Insurance Charges Lift Maintenance Charges Repair Fund Security Charges Service Charges Sinking Fund Water Charges Education & Training Fund Electricity Charges Insurance Charges Lift Maintenance Charges Repair Fund Security Charges Service Charges Sinking Fund Water Charges,LS 104,20-01-2026,UPI recd agst bill no.260 dt.01.01.26,638655931090,YES BANK, SVC Bank - 102103130004539 ,101002,2765.00,,
EE-2025-0000331,403001,Electricity Expenses,Adani Electricity,22-01-2026,Being elec bill paid Dec 2025,NA,, SVC Bank - 102103130004539 ,101002,,1457.53,
EE-2025-0000332,403001,Electricity Expenses,Adani Electricity,22-01-2026,Being elec bill paid Dec 2025,NA,, SVC Bank - 102103130004539 ,101002,,376.87,
EE-2025-0000333,403001,Electricity Expenses,Adani Electricity,22-01-2026,Being elec bill paid Dec 2025,NA,, SVC Bank - 102103130004539 ,101002,,1040.9,
EE-2025-0000334,403001,Electricity Expenses,Adani Electricity,22-01-2026,Being elec bill paid Dec 2025,NA,, SVC Bank - 102103130004539 ,101002,,13356.63,
ME-2025-0003160,301011 301003 301039 301005 304003 301016 301006 304001 301004 301007,Education & Training Fund Electricity Charges Insurance Charges Lift Maintenance Charges Repair Fund Security Charges Service Charges Sinking Fund Water Charges Non Occupancy Charges,LS 503,23-01-2026,NEFT recd asgt bill no.275 dt.01.01.26,IN12602319902573,ICICIBANK, SVC Bank - 102103130004539 ,101002,2972.00,,
ME-2025-0003144,301011 301003 301039 301005 304003 301016 301006 304001 301004 206001,Education & Training Fund Electricity Charges Insurance Charges Lift Maintenance Charges Repair Fund Security Charges Service Charges Sinking Fund Water Charges Advance Members Advance Members,LS 102,25-01-2026,Ch.dt.01.01.26 recd agst bill no.258 dt.01.01.26,014776,SVC co-op bank, SVC Bank - 102103130004539 ,101002,5530.00,,
ME-2025-0003145,301012 301018 301011 301003 301039 301005 304003 301016 301006 304001 301004 301007 206001,Late Payment Interest Late Payment Interest 4W Parking Charges Education & Training Fund Electricity Charges Insurance Charges Lift Maintenance Charges Repair Fund Security Charges Service Charges Sinking Fund Water Charges Non Occupancy Charges 4W Parking Charges Education & Training Fund Electricity Charges Insurance Charges Lift Maintenance Charges Repair Fund Security Charges Service Charges Sinking Fund Water Charges Non Occupancy Charges 4W Parking Charges Education & Training Fund Electricity Charges Insurance Charges Lift Maintenance Charges Repair Fund Security Charges Service Charges Sinking Fund Water Charges Non Occupancy Charges Advance Members Advance Members,LS 203,25-01-2026,Ch.dt.22.01.26 recd agst bill no.263 dt.01.01.26,018604,union bank of india, SVC Bank - 102103130004539 ,101002,20000.00,,
ME-2025-0003146,301011 301003 301039 301005 304003 301016 301006 304001 303002 301004,Education & Training Fund Electricity Charges Insurance Charges Lift Maintenance Charges Repair Fund Security Charges Service Charges Sinking Fund Stilt Tax Water Charges,LS 301,25-01-2026,Ch.dt.23.01.26 recd agst bill no.265 dt.01.01.26,000152,bank of baroda, SVC Bank - 102103130004539 ,101002,2844.00,,
ME-2025-0003147,301011 301003 301039 301005 304003 301016 301006 304001 303002 301004,Education & Training Fund Electricity Charges Insurance Charges Lift Maintenance Charges Repair Fund Security Charges Service Charges Sinking Fund Stilt Tax Water Charges,LS 304,25-01-2026,Ch.dt.25.12.25 recd agst bill no.268 dt.01.01.26,682012,citizen bank, SVC Bank - 102103130004539 ,101002,2844.00,,
ME-2025-0003148,301011 301003 301039 301005 304003 301016 301006 304001 303002 301004,Education & Training Fund Electricity Charges Insurance Charges Lift Maintenance Charges Repair Fund Security Charges Service Charges Sinking Fund Stilt Tax Water Charges,LS 401,25-01-2026,Ch.dt.24.01.26 recd agst bill no.269 dt.01.01.26,902987,citizen bank, SVC Bank - 102103130004539 ,101002,2844.00,,
ME-2025-0003149,301011 301003 301039 301005 304003 301016 301006 304001 301004 301007,Education & Training Fund Electricity Charges Insurance Charges Lift Maintenance Charges Repair Fund Security Charges Service Charges Sinking Fund Water Charges Non Occupancy Charges,LS 502,25-01-2026,Ch.dt.20.01.26 recd agst bill no.274 dt.01.01.26,031825,SVC co-op bank, SVC Bank - 102103130004539 ,101002,2972.00,,
ME-2025-0003150,301018 301011 301003 301039 301005 304003 301016 301006 304001 303002 301004 301007,4W Parking Charges Education & Training Fund Electricity Charges Insurance Charges Lift Maintenance Charges Repair Fund Security Charges Service Charges Sinking Fund Stilt Tax Water Charges Non Occupancy Charges,LS 602,25-01-2026,Ch.dt.20.01.26 recd agst bill no.278 dt.01.01.26,000130,HDFC BANK, SVC Bank - 102103130004539 ,101002,3418.00,,
ME-2025-0003161,301009 301011 301003 301039 301005 304003 301016 301006 304001 301004 301007,2W Parking Charges Education & Training Fund Electricity Charges Insurance Charges Lift Maintenance Charges Repair Fund Security Charges Service Charges Sinking Fund Water Charges Non Occupancy Charges,LS 504,25-01-2026,IMPS recd agst bill no.276 dt.01.01.26,602501497553,N.A., SVC Bank - 102103130004539 ,101002,3322.00,,
ME-2025-0003162,301018 301011 301003 301039 301005 304003 301016 301006 304001 303002 301004 301007,4W Parking Charges Education & Training Fund Electricity Charges Insurance Charges Lift Maintenance Charges Repair Fund Security Charges Service Charges Sinking Fund Stilt Tax Water Charges Non Occupancy Charges,LS 702802,26-01-2026,NEFT recd agst bill no. 282 dt.01.01.26,HDFCH00758835838,HDFC BANK, SVC Bank - 102103130004539 ,101002,6459.00,,
ME-2025-0003454,301011 301003 301039 301005 304003 301016 301006 304001 301004,Education & Training Fund Electricity Charges Insurance Charges Lift Maintenance Charges Repair Fund Security Charges Service Charges Sinking Fund Water Charges,LS 403,31-01-2026,IMPS recd agst bill no.299 dt.01.02.26,603111268093,N.A., SVC Bank - 102103130004539 ,101002,2765.00,,
EE-2025-0000294,406001,Garden Maintenance,Gardener,31-01-2026,Being salary paid for January 2026,043712,, SVC Bank - 102103130004539 ,101002,,4000,
ME-2025-0003455,301011 301003 301039 301005 304003 301016 301006 304001 301004,Education & Training Fund Electricity Charges Insurance Charges Lift Maintenance Charges Repair Fund Security Charges Service Charges Sinking Fund Water Charges,LS 501,01-02-2026,NEFT recd agst bill no.301 dt.01.02.26,IN12603221363723,ICICIBANK, SVC Bank - 102103130004539 ,101002,2765.00,,
EE-2025-0000298,407001,Security Charges,Ganesh Security  Service,01-02-2026,Being salary paid for January 2026,043714,, SVC Bank - 102103130004539 ,101002,,21780,
ME-2025-0003456,301011 301003 301039 301005 304003 301016 301006 304001 303002 301004,Education & Training Fund Electricity Charges Insurance Charges Lift Maintenance Charges Repair Fund Security Charges Service Charges Sinking Fund Stilt Tax Water Charges,LS 701801,02-02-2026,IMPS recd agst bill no.309 dt.01.02.26,603318662450,N.A., SVC Bank - 102103130004539 ,101002,5745.00,,
ME-2025-0003457,301018 301011 301003 301039 301005 304003 301016 301006 304001 301004 301007,4W Parking Charges Education & Training Fund Electricity Charges Insurance Charges Lift Maintenance Charges Repair Fund Security Charges Service Charges Sinking Fund Water Charges Non Occupancy Charges,LS 101,02-02-2026,NEFT recd agst bill no.285 dt.01.02.26,HDFCH00774841321,HDFC BANK, SVC Bank - 102103130004539 ,101002,3972.00,,
ME-2025-0003458,301011 301003 301039 301005 304003 301016 301006 304001 303002 301004,Education & Training Fund Electricity Charges Insurance Charges Lift Maintenance Charges Repair Fund Security Charges Service Charges Sinking Fund Stilt Tax Water Charges,LS 704804,02-02-2026,NEFT recd agst bill no.312 dt.01.02.26,002546247422,union bank of india, SVC Bank - 102103130004539 ,101002,5745.00,,
ME-2025-0003459,301009 301011 301003 301039 301005 304003 301016 301006 304001 301004,2W Parking Charges Education & Training Fund Electricity Charges Insurance Charges Lift Maintenance Charges Repair Fund Security Charges Service Charges Sinking Fund Water Charges,LS 303,02-02-2026,UPI recd agst bill no.295 dt.01.02.26,603312848392,HDFC BANK, SVC Bank - 102103130004539 ,101002,2815.00,,
ME-2025-0003460,301011 301003 301039 301005 304003 301016 301006 304001 301004,Education & Training Fund Electricity Charges Insurance Charges Lift Maintenance Charges Repair Fund Security Charges Service Charges Sinking Fund Water Charges,LS 603,02-02-2026,NEFT recd agst bill no.307 dt.01.02.26,002546303274,union bank of india, SVC Bank - 102103130004539 ,101002,2832.00,,
ME-2025-0003461,301011 301003 301039 301005 304003 301016 301006 304001 301004,Education & Training Fund Electricity Charges Insurance Charges Lift Maintenance Charges Repair Fund Security Charges Service Charges Sinking Fund Water Charges Education & Training Fund Electricity Charges Insurance Charges Lift Maintenance Charges Repair Fund Security Charges Service Charges Sinking Fund Water Charges,LS 202,03-02-2026,NEFT recd agst bill no.290 dt.01.02.26,IN12603421775694,ICICIBANK, SVC Bank - 102103130004539 ,101002,2765.00,,
BE-2025-0000017,0,Bank Transfer,,03-02-2026,Being TDS reimbursed - January 2026,043715,, SVC Bank - 102103130004539 ,101002,,220,
ME-2025-0003462,301009 301018 301011 301003 301039 301005 304003 301016 301006 304001 301004,2W Parking Charges 4W Parking Charges Education & Training Fund Electricity Charges Insurance Charges Lift Maintenance Charges Repair Fund Security Charges Service Charges Sinking Fund Water Charges,LS 103,05-02-2026,IMPS recd agst bill no.287 dt.01.02.26,603653874891,N.A., SVC Bank - 102103130004539 ,101002,2915.00,,
ME-2025-0003463,301011 301003 301039 301005 304003 301016 301006 304001 303002 301004,Education & Training Fund Electricity Charges Insurance Charges Lift Maintenance Charges Repair Fund Security Charges Service Charges Sinking Fund Stilt Tax Water Charges,LS 703803,07-02-2026,UPI recd agst bill no.311 dt.01.02.26,5201410005714,union bank of india, SVC Bank - 102103130004539 ,101002,5823.00,,
EE-2025-0000307,406007,Repair Maintenance - Electrical,Unassigned,08-02-2026,Being paid towards light fixtures for the building,043716,, SVC Bank - 102103130004539 ,101002,,3450,
EE-2025-0000309,407003,Pest Control Expenses,Reliable Pest Control,08-02-2026,Being bill paid for the Period - 01.02.26 to 31.01.27,043717,, SVC Bank - 102103130004539 ,101002,,5700,
ME-2025-0003471,301012 301011 301003 301039 301005 304003 301016 301006 304001 301004,Late Payment Interest Education & Training Fund Electricity Charges Insurance Charges Lift Maintenance Charges Repair Fund Security Charges Service Charges Sinking Fund Water Charges,LS 204,16-02-2026,NEFT recd agst bill no.292 dt.01.02.26,102103130000047,N.A., SVC Bank - 102103130004539 ,101002,2765.00,,
EE-2025-0000301,405002,Lift Repair & Maintenance,Ashna Elevators,16-02-2026,Being bill paid for AMC Period - 01.07.25 to 30.09.25 & 01.10.25 to 31.12.25,043723,, SVC Bank - 102103130004539 ,101002,,20473,
EE-2025-0000303,405002,Lift Repair & Maintenance,Ashin Elevators,16-02-2026,Being bill paid for COP & LOP fitting labour charges,043724,, SVC Bank - 102103130004539 ,101002,,15000,
EE-2025-0000305,405002,Lift Repair & Maintenance,Ashin Elevators,16-02-2026,Being bill paid for motor contactor  latch card  lock contact,043725,, SVC Bank - 102103130004539 ,101002,,9652,
BE-2025-0000019,0,Bank Transfer,,17-02-2026,Being fund trf SCB to SVC to SCB,043718,, SVC Bank - 102103130004539 ,101002,,250000,
BE-2025-0000020,0,Bank Transfer,,19-02-2026,Being fund trf SCB to SVC,43719,, SVC Bank - 102103130004539 ,101002,,63324,
ME-2025-0003464,301011 301003 301039 301005 304003 301016 301006 304001 301004,Education & Training Fund Electricity Charges Insurance Charges Lift Maintenance Charges Repair Fund Security Charges Service Charges Sinking Fund Water Charges Education & Training Fund Electricity Charges Insurance Charges Lift Maintenance Charges Repair Fund Security Charges Service Charges Sinking Fund Water Charges,LS 104,21-02-2026,UPI recd agst bill no.288 dt.01.02.26,118952170304,bank of baroda, SVC Bank - 102103130004539 ,101002,2765.00,,
EE-2025-0000339,403001,Electricity Expenses,Adani Electricity,21-02-2026,Being elec bill paid Jan 2026,NA,, SVC Bank - 102103130004539 ,101002,,1437.51,
EE-2025-0000340,403001,Electricity Expenses,Adani Electricity,21-02-2026,Being elec bill paid Jan 2026,NA,, SVC Bank - 102103130004539 ,101002,,1040.9,
EE-2025-0000341,403001,Electricity Expenses,Adani Electricity,21-02-2026,Being elec bill paid Jan 2026,NA,, SVC Bank - 102103130004539 ,101002,,347.1,
EE-2025-0000342,403001,Electricity Expenses,Adani Electricity,21-02-2026,Being elec bill paid Jan 2026,NA,, SVC Bank - 102103130004539 ,101002,,12117.47,
ME-2025-0003465,301011 301003 301039 301005 304003 301016 301006 304001 303002 301004,Education & Training Fund Electricity Charges Insurance Charges Lift Maintenance Charges Repair Fund Security Charges Service Charges Sinking Fund Stilt Tax Water Charges,LS 604,22-02-2026,IMPS recd agst bill no.308 dt.01.02.26,605311464031,N.A., SVC Bank - 102103130004539 ,101002,2911.00,,
ME-2025-0003466,301012 301018 301011 301003 301039 301005 304003 301016 301006 304001 303002 301004 301007,Late Payment Interest 4W Parking Charges Education & Training Fund Electricity Charges Insurance Charges Lift Maintenance Charges Repair Fund Security Charges Service Charges Sinking Fund Stilt Tax Water Charges Non Occupancy Charges,LS 702802,23-02-2026,NEFT recd agst bill no.310 dt.01.02.26,HDFCH00818453422,HDFC BANK, SVC Bank - 102103130004539 ,101002,6461.00,,
ME-2025-0003467,301011 301003 301039 301005 304003 301016 301006 304001 301004 301007,Education & Training Fund Electricity Charges Insurance Charges Lift Maintenance Charges Repair Fund Security Charges Service Charges Sinking Fund Water Charges Non Occupancy Charges,LS 503,23-02-2026,NEFT recd agst bill no.303 dt.01.02.26,IN12605424667827,ICICIBANK, SVC Bank - 102103130004539 ,101002,2972.00,,
ME-2025-0003468,301011 301003 301039 301005 304003 301016 301006 304001 301004,Education & Training Fund Electricity Charges Insurance Charges Lift Maintenance Charges Repair Fund Security Charges Service Charges Sinking Fund Water Charges,LS 402,24-02-2026,NEFT recd agst bill no.298 dt.01.02.26,300003000079917,N.A., SVC Bank - 102103130004539 ,101002,2765.00,,
ME-2025-0003447,301011 301003 301039 301005 304003 301016 301006 304001 303002 301004,Education & Training Fund Electricity Charges Insurance Charges Lift Maintenance Charges Repair Fund Security Charges Service Charges Sinking Fund Stilt Tax Water Charges,LS 301,25-02-2026,Ch.dt.23.02.26 recd agst bill no.293 dt.01.02.26,000153,bank of baroda, SVC Bank - 102103130004539 ,101002,2844.00,,
ME-2025-0003448,301011 301003 301039 301005 304003 301016 301006 304001 303002 301004,Education & Training Fund Electricity Charges Insurance Charges Lift Maintenance Charges Repair Fund Security Charges Service Charges Sinking Fund Stilt Tax Water Charges,LS 304,25-02-2026,Ch.dt.25.02.26 recd agst bill no.296 dt.01.02.26,682016,citizen bank, SVC Bank - 102103130004539 ,101002,2844.00,,
ME-2025-0003449,301011 301003 301039 301005 304003 301016 301006 304001 303002 301004,Education & Training Fund Electricity Charges Insurance Charges Lift Maintenance Charges Repair Fund Security Charges Service Charges Sinking Fund Stilt Tax Water Charges,LS 401,25-02-2026,Ch.dt 08.02.26 recd agst bill no.297 dt.01.02.26,902988,citizen bank, SVC Bank - 102103130004539 ,101002,2844.00,,
ME-2025-0003450,206001,Advance Members,LS 404,25-02-2026,Cheque recd agst on advance,331060,SVC co-op bank, SVC Bank - 102103130004539 ,101002,20000.00,,
ME-2025-0003451,206001,Advance Members,LS 203,25-02-2026,Cheque recd agst on advance,018606,union bank of india, SVC Bank - 102103130004539 ,101002,4162.00,,
ME-2025-0003452,301011 301003 301039 301005 304003 301016 301006 304001 301004 301007,Education & Training Fund Electricity Charges Insurance Charges Lift Maintenance Charges Repair Fund Security Charges Service Charges Sinking Fund Water Charges Non Occupancy Charges,LS 502,25-02-2026,Ch.dt.20.02.26 recd agst bill no.302 dt.01.02.26,044828,SVC co-op bank, SVC Bank - 102103130004539 ,101002,2972.00,,
ME-2025-0003453,301018 301011 301003 301039 301005 304003 301016 301006 304001 303002 301004 301007,4W Parking Charges Education & Training Fund Electricity Charges Insurance Charges Lift Maintenance Charges Repair Fund Security Charges Service Charges Sinking Fund Stilt Tax Water Charges Non Occupancy Charges,LS 602,25-02-2026,Ch.dt.20.02.26 recd agst bill no.306 dt.01.02.26,000131,HDFC BANK, SVC Bank - 102103130004539 ,101002,3418.00,,
ME-2025-0003469,301009 301011 301003 301039 301005 304003 301016 301006 304001 301004 301007,2W Parking Charges Education & Training Fund Electricity Charges Insurance Charges Lift Maintenance Charges Repair Fund Security Charges Service Charges Sinking Fund Water Charges Non Occupancy Charges,LS 504,25-02-2026,IMPS recd agst bill no.304 dt.01.02.26,605612936528,N.A., SVC Bank - 102103130004539 ,101002,3322.00,,
ME-2025-0003473,206001,Advance Members,LS 403,28-02-2026,IMPS recd on advance,605909949617,NA, SVC Bank - 102103130004539 ,101002,2765.00,,
EE-2025-0000360,407001,Security Charges,Ganesh Security  Service,01-03-2026,Being salary paid for Feb 2026,048929,, SVC Bank - 102103130004539 ,101002,,21780,
EE-2025-0000362,406001,Garden Maintenance,Gardener,01-03-2026,Being salary paid for January 2026,048931,, SVC Bank - 102103130004539 ,101002,,4000,
EE-2025-0000364,407002,House Keeping Expenses,Annamalai Harijan,01-03-2026,Being salary paid for Jan & Feb2026,048932,, SVC Bank - 102103130004539 ,101002,,7000,
ME-2025-0003474,206001,Advance Members,LS 701801,02-03-2026,IMPS recd on advance,606116974741,NA, SVC Bank - 102103130004539 ,101002,5745.00,,
ME-2025-0003775,301011 301039 301004 304001 301005 304003 301006 301003 301016,Education & Training Fund Insurance Charges Water Charges Sinking Fund Lift Maintenance Charges Repair Fund Service Charges Electricity Charges Security Charges,LS 501,02-03-2026,.NEFT recd agst bill no. 329 dt.01.03.26,IN12606126110944,N.A., SVC Bank - 102103130004539 ,101002,2765.00,,
ME-2025-0003776,301011 301003 301039 301005 304003 301016 301006 304001 301004,Education & Training Fund Electricity Charges Insurance Charges Lift Maintenance Charges Repair Fund Security Charges Service Charges Sinking Fund Water Charges Education & Training Fund Electricity Charges Insurance Charges Lift Maintenance Charges Repair Fund Security Charges Service Charges Sinking Fund Water Charges,LS 202,03-03-2026,NEFT recd on acount,IN12606226275329,N.A., SVC Bank - 102103130004539 ,101002,2765.00,,
ME-2025-0003777,301011 301009 301039 301018 301004 304001 301005 304003 301006 301003 301016,Education & Training Fund 2W Parking Charges Insurance Charges 4W Parking Charges Water Charges Sinking Fund Lift Maintenance Charges Repair Fund Service Charges Electricity Charges Security Charges,LS 103,03-03-2026,IMPS recd agst bill no. 315 dt 01.03.2026,606245602439,N.A., SVC Bank - 102103130004539 ,101002,2915.00,,
ME-2025-0003774,301012 301011 301003 301039 301005 304003 301016 301006 304001 301004,Late Payment Interest Education & Training Fund Electricity Charges Insurance Charges Lift Maintenance Charges Repair Fund Security Charges Service Charges Sinking Fund Water Charges Education & Training Fund Electricity Charges Insurance Charges Lift Maintenance Charges Repair Fund Security Charges Service Charges Sinking Fund Water Charges,LS 204,05-03-2026,NEFT recd on acount,102103130000047,N.A., SVC Bank - 102103130004539 ,101002,2765.00,,
ME-2025-0003762,301012 301011 301003 301039 301005 304003 301016 301006 304001 301004,Late Payment Interest Late Payment Interest Late Payment Interest Late Payment Interest Education & Training Fund Electricity Charges Insurance Charges Lift Maintenance Charges Repair Fund Security Charges Service Charges Sinking Fund Water Charges Education & Training Fund Electricity Charges Insurance Charges Lift Maintenance Charges Repair Fund Security Charges Service Charges Sinking Fund Water Charges,LS 302,08-03-2026,NEFT recd agst bill no.322 dt.01.03.26,HDFCH00853243699,HDFC BANK, SVC Bank - 102103130004539 ,101002,5000.00,,
ME-2025-0003763,301009 301011 301003 301039 301005 304003 301016 301006 304001 301004,2W Parking Charges Education & Training Fund Electricity Charges Insurance Charges Lift Maintenance Charges Repair Fund Security Charges Service Charges Sinking Fund Water Charges,LS 303,09-03-2026,UPI recd agst bill no.323 dt.01.03.26,643440784312,HDFC BANK, SVC Bank - 102103130004539 ,101002,2815.00,,
ME-2025-0003764,301011 301003 301039 301005 304003 301016 301006 304001 301004,Education & Training Fund Electricity Charges Insurance Charges Lift Maintenance Charges Repair Fund Security Charges Service Charges Sinking Fund Water Charges,LS 603,09-03-2026,NEFT recd agst bill no.335 dt.01.03.26,002614729283,union bank of india, SVC Bank - 102103130004539 ,101002,2832.00,,
ME-2025-0003765,301011 301003 301039 301005 304003 301016 301006 304001 303002 301004,Education & Training Fund Electricity Charges Insurance Charges Lift Maintenance Charges Repair Fund Security Charges Service Charges Sinking Fund Stilt Tax Water Charges,LS 704804,09-03-2026,NEFT recd agst bill no.340 dt.01.03.26,002613998116,union bank of india, SVC Bank - 102103130004539 ,101002,5745.00,,
EE-2025-0000310,408002,Accounting Charges,Irene Rosario,10-03-2026,Being bill paid for Jan to March 2026,048926,37924, SVC Bank - 102103130004539 ,101002,,5897,
BE-2025-0000022,0,Bank Transfer,,10-03-2026,Being TDS reimbursed,048930,, SVC Bank - 102103130004539 ,101002,,440,
ME-2025-0003766,301011 301003 301039 301005 304003 301016 301006 304001 303002 301004,Education & Training Fund Electricity Charges Insurance Charges Lift Maintenance Charges Repair Fund Security Charges Service Charges Sinking Fund Stilt Tax Water Charges,LS 604,16-03-2026,NEFT recd agst bill no.336 dt.01.03.26,SIBLN26075393966,south indian bank, SVC Bank - 102103130004539 ,101002,2911.00,,
ME-2025-0003767,301018 301011 301003 301039 301005 304003 301016 301006 304001 301004 301007,4W Parking Charges Education & Training Fund Electricity Charges Insurance Charges Lift Maintenance Charges Repair Fund Security Charges Service Charges Sinking Fund Water Charges Non Occupancy Charges,LS 101,19-03-2026,NEFT recd agst bill no.313 dt.01.03.26,HDFCH00875503832,HDFC BANK, SVC Bank - 102103130004539 ,101002,3972.00,,
ME-2025-0003770,301011 301003 301039 301005 304003 301016 301006 304001 301004,Education & Training Fund Electricity Charges Insurance Charges Lift Maintenance Charges Repair Fund Security Charges Service Charges Sinking Fund Water Charges Education & Training Fund Electricity Charges Insurance Charges Lift Maintenance Charges Repair Fund Security Charges Service Charges Sinking Fund Water Charges,LS 104,21-03-2026,UPI recd agst bill no.316 dt.01.03.26,120344259402,bank of baroda, SVC Bank - 102103130004539 ,101002,2765.00,,
ME-2025-0003768,301011 301003 301039 301005 304003 301016 301006 304001 301004 301007,Education & Training Fund Electricity Charges Insurance Charges Lift Maintenance Charges Repair Fund Security Charges Service Charges Sinking Fund Water Charges Non Occupancy Charges,LS 503,23-03-2026,NEFT recd agst bill no.331 dt.01.03.26,IN1260822916484,ICICIBANK, SVC Bank - 102103130004539 ,101002,2972.00,,
ME-2025-0003769,301011 301003 301039 301005 304003 301016 301006 304001 303002 301004,Education & Training Fund Electricity Charges Insurance Charges Lift Maintenance Charges Repair Fund Security Charges Service Charges Sinking Fund Stilt Tax Water Charges,LS 703803,23-03-2026,UPI recd agst bill no.339 dt.01.03.26,5201410005714,union bank of india, SVC Bank - 102103130004539 ,101002,5823.00,,
EE-2025-0000347,403001,Electricity Expenses,Adani Electricity,23-03-2026,Being elec bill paid Feb 2025,NA,, SVC Bank - 102103130004539 ,101002,,1030.9,
EE-2025-0000348,403001,Electricity Expenses,Adani Electricity,23-03-2026,Being elec bill paid Feb 2025,NA,, SVC Bank - 102103130004539 ,101002,,337.07,
EE-2025-0000349,403001,Electricity Expenses,Adani Electricity,23-03-2026,Being elec bill paid Feb 2025,NA,, SVC Bank - 102103130004539 ,101002,,1278.88,
EE-2025-0000350,403001,Electricity Expenses,Adani Electricity,23-03-2026,Being elec bill paid Feb 2025,NA,, SVC Bank - 102103130004539 ,101002,,11750.21,
ME-2025-0003771,301018 301011 301003 301039 301005 304003 301016 301006 304001 303002 301004 301007,4W Parking Charges Education & Training Fund Electricity Charges Insurance Charges Lift Maintenance Charges Repair Fund Security Charges Service Charges Sinking Fund Stilt Tax Water Charges Non Occupancy Charges,LS 702802,24-03-2026,NEFT recd agst bill no.338 dt.01.03.26,HDFCH00882628379,HDFC BANK, SVC Bank - 102103130004539 ,101002,6459.00,,
ME-2025-0003772,301009 301011 301003 301039 301005 304003 301016 301006 304001 301004 301007,2W Parking Charges Education & Training Fund Electricity Charges Insurance Charges Lift Maintenance Charges Repair Fund Security Charges Service Charges Sinking Fund Water Charges Non Occupancy Charges,LS 504,24-03-2026,IMPS recd agst bill no.332 dt.01.03.26,608314860283,N.A., SVC Bank - 102103130004539 ,101002,3322.00,,
ME-2025-0003756,301011 301003 301039 301005 304003 301016 301006 304001 301004 206001,Education & Training Fund Electricity Charges Insurance Charges Lift Maintenance Charges Repair Fund Security Charges Service Charges Sinking Fund Water Charges Advance Members Advance Members,LS 102,25-03-2026,Ch dt. 24.03.26 recd agst bill 314 dt. 01.03.26,014778,SVC Bank, SVC Bank - 102103130004539 ,101002,5530.00,,
ME-2025-0003757,301011 303002 301039 301004 304001 301005 304003 301006 301003 301016,Education & Training Fund Stilt Tax Insurance Charges Water Charges Sinking Fund Lift Maintenance Charges Repair Fund Service Charges Electricity Charges Security Charges,LS 301,25-03-2026,Ch dt. 23.03.26 recd agst bill 321 dt. 01.03.26,000155,Bank of Baroda, SVC Bank - 102103130004539 ,101002,2844.00,,
ME-2025-0003758,301011 303002 301039 301004 304001 301005 304003 301006 301003 301016,Education & Training Fund Stilt Tax Insurance Charges Water Charges Sinking Fund Lift Maintenance Charges Repair Fund Service Charges Electricity Charges Security Charges,LS 304,25-03-2026,Ch dt. 25.03.26 recd agst bill 324 dt. 01.03.26,682017,Citizen Bank, SVC Bank - 102103130004539 ,101002,2844.00,,
ME-2025-0003759,301011 303002 301039 301004 304001 301005 304003 301006 301003 301016,Education & Training Fund Stilt Tax Insurance Charges Water Charges Sinking Fund Lift Maintenance Charges Repair Fund Service Charges Electricity Charges Security Charges,LS 401,25-03-2026,Ch dt. 22.03.26 recd agst bill 325 dt. 01.03.26,902989,Citizen Bank, SVC Bank - 102103130004539 ,101002,2844.00,,
ME-2025-0003760,301011 301039 301004 304001 301007 301005 304003 301006 301003 301016,Education & Training Fund Insurance Charges Water Charges Sinking Fund Non Occupancy Charges Lift Maintenance Charges Repair Fund Service Charges Electricity Charges Security Charges,LS 502,25-03-2026,Ch dt. 20.03.26 recd agst bill 330 dt. 01.03.26,044830,SVC Bank, SVC Bank - 102103130004539 ,101002,2972.00,,
ME-2025-0003761,301011 303002 301039 301004 304001 301007 301018 301005 301006 304003 301003 301016,Education & Training Fund Stilt Tax Insurance Charges Water Charges Sinking Fund Non Occupancy Charges 4W Parking Charges Lift Maintenance Charges Service Charges Repair Fund Electricity Charges Security Charges,LS 602,25-03-2026,Ch dt. 20.03.26 recd agst bill 334 dt. 01.03.26,000132,HDFC Bank, SVC Bank - 102103130004539 ,101002,3418.00,,
ME-2025-0003773,301011 301003 301039 301005 304003 301016 301006 304001 301004,Education & Training Fund Electricity Charges Insurance Charges Lift Maintenance Charges Repair Fund Security Charges Service Charges Sinking Fund Water Charges,LS 402,25-03-2026,NEFT recd agst bill no.326 dt.01.03.26,300003000079917,N.A., SVC Bank - 102103130004539 ,101002,2765.00,,
ME-2025-0003779,301011 301039 301004 304001 301005 304003 301006 301003 301016,Education & Training Fund Insurance Charges Water Charges Sinking Fund Lift Maintenance Charges Repair Fund Service Charges Electricity Charges Security Charges,LS 403,30-03-2026,Being Amt recieved For Maintenance Charges,608921109980,N.A., SVC Bank - 102103130004539 ,101002,2765.00,,
EE-2025-0000366,406001,Garden Maintenance,Gardener,30-03-2026,Being salary paid for March 2026,048935,37924, SVC Bank - 102103130004539 ,101002,,4000,
EE-2025-0000368,407002,House Keeping Expenses,Annamalai Harijan,30-03-2026,Being salary paid for March 2026,048936,, SVC Bank - 102103130004539 ,101002,,3500,
EE-2025-0000370,407001,Security Charges,Ganesh Security  Service,30-03-2026,Being salary paid for March 2026,048937,, SVC Bank - 102103130004539 ,101002,,21780,
BE-2025-0000021,0,Bank Transfer,,30-03-2026,Being TDS reimbursed Feb 2026,04B8933,, SVC Bank - 102103130004539 ,101002,,273,
EE-2025-0000372,404001,Water Expenses,BMC,31-03-2026,Being water bill paid for the period 04.09.25 To 04.12.2025,048938,, SVC Bank - 102103130004539 ,101002,,14618,
EE-2025-0000374,404001,Water Expenses,BMC,31-03-2026,Being water bill paid for the period 04.12.2025 To 05.03.2026,048939,, SVC Bank - 102103130004539 ,101002,,14683,
JE-2025-0000001,101002,SVC Bank - 102103130004539,,30-06-2025,Being Int recd on FD  TD102101030043943 - SC SVC,,, SVC Bank - 102103130004539 ,101002,228.00,,
JE-2025-0000004,101002,SVC Bank - 102103130004539,,30-09-2025,Being int on FD  102101030043943 SVC,,, SVC Bank - 102103130004539 ,101002,229.00,,
JE-2025-0000005,101002,SVC Bank - 102103130004539,,30-09-2025,Being saving bank interest received 01.04.25 to 29.09.25,,, SVC Bank - 102103130004539 ,101002,5078.00,,
JE-2025-0000080,101002,SVC Bank - 102103130004539,,07-10-2025,Being FD 191583 redeeem & credited in bank SVC REF,,, SVC Bank - 102103130004539 ,101002,162627.00,,
JE-2025-0000007,101002,SVC Bank - 102103130004539,,31-12-2025,Being interest recd on fixed deposit TD102101030043943,,, SVC Bank - 102103130004539 ,101002,228.00,,
JE-2025-0000079,101002,SVC Bank - 102103130004539,,10-02-2026,Being income tax refund recd for FY 24-25 vide ref SBIN526041538790,,, SVC Bank - 102103130004539 ,101002,53100.00,,
JE-2025-0000081,101002,SVC Bank - 102103130004539,,16-02-2026,Being new FD made 6605400016067 SF MDCC,,, SVC Bank - 102103130004539 ,101002,,65324.00,
JE-2025-0000082,101002,SVC Bank - 102103130004539,,17-02-2026,Being new FD made 6605500001645 RF MDCC Chq no. 48926,,, SVC Bank - 102103130004539 ,101002,,23174.00,
JE-2025-0000010,101002,SVC Bank - 102103130004539,,31-03-2026,Being TD 102101030043943 Int 254.00 and TAX 25.00,,, SVC Bank - 102103130004539 ,101002,229.00,,
JE-2025-0000011,101002,SVC Bank - 102103130004539,,31-03-2026,Being 02103130004539  Int.Pd 30-09-2025 to 30-03-2026,,, SVC Bank - 102103130004539 ,101002,6520.00,,

"Balance : 227840.85(Debit)","","","","","","","","","","1670644.74","1442803.89",

"Assets > Ivan Rosario ( 101003 ) ",
"Journal No","Other GL No.","Other Account","Subledger","Posted Date","Comments","Instrument No.","Instrument Bank","Account Name","GL Account No.","Debit","Credit",
"","","","","","Opening Balance","",""," Ivan Rosario ","101003","","147",
TE-2025-0000001,203005,TDS Payable,,07-04-2025,Being TDS paid of vendor,07900,, Ivan Rosario ,101003,,220,
TE-2025-0000015,203005,TDS Payable,,07-05-2025,Being TDS paid of vendor,19298,, Ivan Rosario ,101003,,220,
BE-2025-0000002,0,Bank Transfer,,28-05-2025,Being TDS Reimbursement for April 2025,029893,, Ivan Rosario ,101003,220.00,,
BE-2025-0000003,0,Bank Transfer,,31-05-2025,Being TDS reimbursed,029899,, Ivan Rosario ,101003,220.00,,
TE-2025-0000003,203005,TDS Payable,,07-06-2025,Being TDS paid of vendor,42378,, Ivan Rosario ,101003,,220,
BE-2025-0000006,0,Bank Transfer,,30-06-2025,Being TDS reimbursed for  May-2025,034856,, Ivan Rosario ,101003,220.00,,
TE-2025-0000016,203005,TDS Payable,,07-07-2025,Being TDS paid of vendor,16770,, Ivan Rosario ,101003,,220,
BE-2025-0000004,0,Bank Transfer,,27-07-2025,Being TDS reimbursed for July-2025,034865,, Ivan Rosario ,101003,220.00,,
TE-2025-0000017,203005,TDS Payable,,07-08-2025,Being TDS paid of vendor,02970,, Ivan Rosario ,101003,,220,
BE-2025-0000008,0,Bank Transfer,,31-08-2025,Being TDS Reimbursed Aug 2025,NA,, Ivan Rosario ,101003,220.00,,
TE-2025-0000018,203005,TDS Payable,,06-09-2025,Being TDS paid of vendor,24534,, Ivan Rosario ,101003,,220,
BE-2025-0000011,0,Bank Transfer,,10-09-2025,Being TDS reimbursed Paid,034868,, Ivan Rosario ,101003,1220.00,,
EE-2025-0000403,408010,Professional Fees,Irene Rosario,10-09-2025,Bill paid,NA,, Ivan Rosario ,101003,,1000,
BE-2025-0000009,0,Bank Transfer,,30-09-2025,Being TDS reimbursed for Sep-25,036554,, Ivan Rosario ,101003,220.00,,
BE-2025-0000013,0,Bank Transfer,,13-10-2025,TDS reimbursed for Oct-2025,NA,, Ivan Rosario ,101003,1521.00,,
BE-2025-0000010,0,Bank Transfer,,31-10-2025,Being TDS reimbursed for Oct-25,036564,, Ivan Rosario ,101003,609.00,,
TE-2025-0000010,203005,TDS Payable,,07-11-2025,Being TDS paid of vendors,03296,, Ivan Rosario ,101003,,609,
BE-2025-0000015,0,Bank Transfer,,30-11-2025,TDS Reimbursed for Nov-2025,036568,, Ivan Rosario ,101003,220.00,,
TE-2025-0000012,203005,TDS Payable,,07-12-2025,Being TDS paid of vendors,19575,, Ivan Rosario ,101003,,1741,
TE-2025-0000013,203005,TDS Payable,,07-01-2026,Being TDS paid of vendors,66406,, Ivan Rosario ,101003,,220,
BE-2025-0000017,0,Bank Transfer,,03-02-2026,Being TDS reimbursed - January 2026,043715,, Ivan Rosario ,101003,220.00,,
TE-2025-0000014,203005,TDS Payable,,07-02-2026,Being TDS paid of vendors,21264,, Ivan Rosario ,101003,,220,
TE-2025-0000021,203005,TDS Payable,,10-03-2026,TDS paid to vendor,048930,, Ivan Rosario ,101003,,440,
BE-2025-0000022,0,Bank Transfer,,10-03-2026,Being TDS reimbursed,048930,, Ivan Rosario ,101003,440.00,,
BE-2025-0000021,0,Bank Transfer,,30-03-2026,Being TDS reimbursed Feb 2026,04B8933,, Ivan Rosario ,101003,273.00,,

"Balance : 126(Debit)","","","","","","","","","","5823","5697",

"Assets > Citizen Credit A/c - 2090102000015592 ( 101004 ) ",
"Journal No","Other GL No.","Other Account","Subledger","Posted Date","Comments","Instrument No.","Instrument Bank","Account Name","GL Account No.","Debit","Credit",
"","","","","","Opening Balance","",""," Citizen Credit A/c - 2090102000015592 ","101004","15608","",
JE-2025-0000073,101004,Citizen Credit A/c - 2090102000015592,,30-06-2025,Being int on FD 301100,,, Citizen Credit A/c - 2090102000015592 ,101004,438.00,,
JE-2025-0000074,101004,Citizen Credit A/c - 2090102000015592,,30-09-2025,Being int on FD 301100,,, Citizen Credit A/c - 2090102000015592 ,101004,438.00,,
JE-2025-0000077,101004,Citizen Credit A/c - 2090102000015592,,30-09-2025,Being Int recd on Saving Account Apr 25 to sep 25,,, Citizen Credit A/c - 2090102000015592 ,101004,238.00,,
JE-2025-0000075,101004,Citizen Credit A/c - 2090102000015592,,31-12-2025,Being int on FD 301100,,, Citizen Credit A/c - 2090102000015592 ,101004,438.00,,
JE-2025-0000076,101004,Citizen Credit A/c - 2090102000015592,,31-03-2026,Being int on FD 301100,,, Citizen Credit A/c - 2090102000015592 ,101004,438.00,,
JE-2025-0000078,101004,Citizen Credit A/c - 2090102000015592,,31-03-2026,Being Int recd on Saving Account Oct 25 to Mar 2026,,, Citizen Credit A/c - 2090102000015592 ,101004,253.00,,

"Balance : 17851(Debit)","","","","","","","","","","17851","0",

"Assets > Saraswat Bank 152209100000139 ( 101005 ) ",
"Journal No","Other GL No.","Other Account","Subledger","Posted Date","Comments","Instrument No.","Instrument Bank","Account Name","GL Account No.","Debit","Credit",
"","","","","","Opening Balance","",""," Saraswat Bank 152209100000139 ","101005","5895","",
BE-2025-0000019,0,Bank Transfer,,17-02-2026,Being fund trf SCB to SVC to SCB,043718,, Saraswat Bank 152209100000139 ,101005,250000.00,,
BE-2025-0000020,0,Bank Transfer,,19-02-2026,Being fund trf SCB to SVC,43719,, Saraswat Bank 152209100000139 ,101005,63324.00,,
JE-2025-0000054,101005,Saraswat Bank 152209100000139,,30-06-2025,Being Int recd on Saving Account April to jun 2025,,, Saraswat Bank 152209100000139 ,101005,44.00,,
JE-2025-0000055,101005,Saraswat Bank 152209100000139,,30-09-2025,Being Int recd on Saving Account jul 2025 to 30 sep 2025,,, Saraswat Bank 152209100000139 ,101005,45.00,,
JE-2025-0000056,101005,Saraswat Bank 152209100000139,,31-12-2025,Being Int recd on Saving Account oct to dec 2025,,, Saraswat Bank 152209100000139 ,101005,43.00,,
JE-2025-0000117,101005,Saraswat Bank 152209100000139,,17-02-2026,Being new FD made TD1002026254 RMF SCB,,, Saraswat Bank 152209100000139 ,101005,,250000.00,
JE-2025-0000118,101005,Saraswat Bank 152209100000139,,20-02-2026,Being new FD made TD1002030209 CF SCB,,, Saraswat Bank 152209100000139 ,101005,,63324.00,
JE-2025-0000057,101005,Saraswat Bank 152209100000139,,31-03-2026,Being int recd on FD TD1002026254,,, Saraswat Bank 152209100000139 ,101005,1821.00,,
JE-2025-0000058,101005,Saraswat Bank 152209100000139,,31-03-2026,Being int recd on FD TD1002030209,,, Saraswat Bank 152209100000139 ,101005,426.00,,
JE-2025-0000059,101005,Saraswat Bank 152209100000139,,31-03-2026,Being Int recd on Saving Account jan 2026 to march 2026,,, Saraswat Bank 152209100000139 ,101005,47.00,,

"Balance : 8321(Debit)","","","","","","","","","","321645","313324",

"Assets > Cash in hand ( 102001 ) ",
"Journal No","Other GL No.","Other Account","Subledger","Posted Date","Comments","Instrument No.","Instrument Bank","Account Name","GL Account No.","Debit","Credit",
"","","","","","Opening Balance","",""," Cash in hand ","102001","764","",
EE-2025-0000401,410001,Festival Expenses,Unassigned,01-04-2025,Being cash paid for purchase of flowers for grotto,N.A.,, Cash in hand ,102001,,750,
BE-2025-0000001,0,Bank Transfer,,28-04-2025,Being cash withdrawn,29887,, Cash in hand ,102001,4900.00,,
EE-2025-0000006,406006,Repair Maintenance - Others,Unassigned,18-05-2025,Being amount paid for purchase of 50 MM Lock,N.A.,, Cash in hand ,102001,,110,
EE-2025-0000030,410003,Grotto Expense,Unassigned,31-05-2025,Being amt paid for flowers,N.A.,, Cash in hand ,102001,,120,
EE-2025-0000032,410003,Grotto Expense,Unassigned,31-05-2025,Being snacks purchased for Rosary,N.A.,, Cash in hand ,102001,,1300,
EE-2025-0000034,410003,Grotto Expense,Unassigned,31-05-2025,Being paper plates purchased,N.A.,, Cash in hand ,102001,,50,
EE-2025-0000036,410003,Grotto Expense,Unassigned,31-05-2025,Being cake purchased for Rosary on 31st May,N.A.,, Cash in hand ,102001,,300,
EE-2025-0000038,410003,Grotto Expense,Unassigned,31-05-2025,Being juice packets purchased for 31st May Rosary,N.A.,, Cash in hand ,102001,,200,
EE-2025-0000040,410003,Grotto Expense,Unassigned,31-05-2025,Being chips purchased for Rosary on 31st May,N.A.,, Cash in hand ,102001,,100,
EE-2025-0000069,406007,Repair Maintenance - Electrical,Unassigned,07-07-2025,Being LED tublight purchase for 8th floor lobby,N.A.,, Cash in hand ,102001,,350,
EE-2025-0000111,406006,Repair Maintenance - Others,Unassigned,30-07-2025,Being Repair of kay,N.A.,, Cash in hand ,102001,,200,
EE-2025-0000109,406006,Repair Maintenance - Others,Unassigned,31-07-2025,Being Purchase new lock,N.A.,, Cash in hand ,102001,,500,
EE-2025-0000107,408007,Meals & Refreshments,Unassigned,10-08-2025,Being Tea & Snack for worker,N.A.,, Cash in hand ,102001,,200,
EE-2025-0000103,407002,House Keeping Expenses,Unassigned,11-08-2025,Being Purchase ditergent powder for society floor,N.A.,, Cash in hand ,102001,,375,
EE-2025-0000105,408003,Printing & Stationery,Unassigned,11-08-2025,Being Purchase binler clip,N.A.,, Cash in hand ,102001,,90,
EE-2025-0000097,408006,Conveyance,Unassigned,22-08-2025,Being Travelling conveyance,N.A.,, Cash in hand ,102001,,60,
EE-2025-0000099,408003,Printing & Stationery,Unassigned,22-08-2025,Being Xerox of balance sheet for distributio to member,N.A.,, Cash in hand ,102001,,830,
EE-2025-0000101,406006,Repair Maintenance - Others,Unassigned,22-08-2025,Being Repair of clock at the lobby,N.A.,, Cash in hand ,102001,,120,
BE-2025-0000007,0,Bank Transfer,,29-08-2025,Being cash withdrawn,34869,, Cash in hand ,102001,4900.00,,
EE-2025-0000129,408003,Printing & Stationery,Unassigned,30-09-2025,Being Xerox copy of Minutes of AGM,N.A.,, Cash in hand ,102001,,290,
EE-2025-0000230,408014,Miscellaneous Expenses,Unassigned,03-10-2025,Cash paid for shot-drinks water for out rosary,N.A.,, Cash in hand ,102001,,165,
EE-2025-0000131,408003,Printing & Stationery,Unassigned,12-10-2025,Being Ball Pen Box purchase for office,N.A.,, Cash in hand ,102001,,100,
EE-2025-0000378,406007,Repair Maintenance - Electrical,Unassigned,19-10-2025,Being cash paid for LED,N.A.,, Cash in hand ,102001,,820,
BE-2025-0000012,0,Bank Transfer,,27-10-2025,Being cash withdrawn,36565,, Cash in hand ,102001,3800.00,,
EE-2025-0000207,406007,Repair Maintenance - Electrical,Unassigned,30-10-2025,Being bulb purchased for security toilet,N.A.,, Cash in hand ,102001,,80,
EE-2025-0000380,408005,Meeting Expenses,Unassigned,31-10-2025,Snacks for AGM 2025,N.A.,, Cash in hand ,102001,,520,
EE-2025-0000382,408005,Meeting Expenses,Unassigned,31-10-2025,Snacks for AGM 2025,N.A.,, Cash in hand ,102001,,1350,
EE-2025-0000384,408014,Miscellaneous Expenses,Unassigned,31-10-2025,Being cash paid for rosery,N.A.,, Cash in hand ,102001,,400,
EE-2025-0000386,408014,Miscellaneous Expenses,Unassigned,31-10-2025,Being cash paid for rosery,N.A.,, Cash in hand ,102001,,720,
EE-2025-0000390,408014,Miscellaneous Expenses,Unassigned,31-10-2025,Being cash paid for rosery snack,N.A.,, Cash in hand ,102001,,1340,
EE-2025-0000388,406006,Repair Maintenance - Others,Unassigned,22-11-2025,Being cash paid for purch of lock for gate,N.A.,, Cash in hand ,102001,,680,
EE-2025-0000228,406001,Garden Maintenance,Unassigned,25-11-2025,Cash paid for garden cleaning - Raghuraj,N.A.,, Cash in hand ,102001,,500,
EE-2025-0000232,406006,Repair Maintenance - Others,Unassigned,01-12-2025,Cash paid for changing terrace lock,N.A.,, Cash in hand ,102001,,850,
BE-2025-0000014,0,Bank Transfer,,10-12-2025,Being cash withdrawn,036573,, Cash in hand ,102001,4100.00,,
EE-2025-0000266,408014,Miscellaneous Expenses,Unassigned,27-12-2025,Being Christmas cash paid to Mosquito Repellant worker,N.A.,, Cash in hand ,102001,,300,
EE-2025-0000258,410001,Festival Expenses,Unassigned,03-01-2026,Being cash paid for chocolates purchased towards Building day function dt. 03 01 26,N.A.,, Cash in hand ,102001,,1363,
EE-2025-0000260,410001,Festival Expenses,Unassigned,03-01-2026,Being cash paid towards wrapping paper purchased for Building day celebration,N.A.,, Cash in hand ,102001,,180,
EE-2025-0000262,410001,Festival Expenses,Unassigned,03-01-2026,Being cash paid for gift items purchased for games played on Building day function,N.A.,, Cash in hand ,102001,,780,
EE-2025-0000264,410001,Festival Expenses,Unassigned,03-01-2026,Being cash paid for game props Gift items purchased towards Building day function,N.A.,, Cash in hand ,102001,,438,
EE-2025-0000254,408014,Miscellaneous Expenses,Unassigned,06-01-2026,Being cash paid to Raghuraj for putting up decor  cleaning lobby area for Christmas and Building day celebration,N.A.,, Cash in hand ,102001,,1000,
EE-2025-0000256,408003,Printing & Stationery,Unassigned,06-01-2026,Being cash paid towards fevistick purchased for office use,N.A.,, Cash in hand ,102001,,50,
BE-2025-0000016,0,Bank Transfer,,08-01-2026,Being cash withdrawn,043711,, Cash in hand ,102001,4100.00,,
EE-2025-0000248,408014,Miscellaneous Expenses,Unassigned,12-01-2026,Being cash paid for fruit drinks purchased towards Building day function dt. 03 01 26,N.A.,, Cash in hand ,102001,,1200,
EE-2025-0000250,410001,Festival Expenses,Unassigned,12-01-2026,Being cash paid for water bottles purchased towards Building day function dt. 03 01 26,N.A.,, Cash in hand ,102001,,800,
EE-2025-0000252,407002,House Keeping Expenses,Unassigned,22-01-2026,Being cash paid towards floor liquid cleaner purchased - 12 nos,N.A.,, Cash in hand ,102001,,900,
EE-2025-0000292,406006,Repair Maintenance - Others,Unassigned,19-02-2026,Being paid for cleaning the clogging of drainage at bike parking area,N.A.,, Cash in hand ,102001,,500,
EE-2025-0000358,407006,Office Expenses,Unassigned,02-03-2026,Being cash paid for purchase of stapler for office use,N.A.,, Cash in hand ,102001,,24,
EE-2025-0000354,408005,Meeting Expenses,Unassigned,15-03-2026,Being cash paid for purchase of furite for,N.A.,, Cash in hand ,102001,,200,
EE-2025-0000356,408005,Meeting Expenses,Unassigned,15-03-2026,Being cash paid for purchase of 20 paties for sgm,N.A.,, Cash in hand ,102001,,500,
EE-2025-0000352,406008,Repair Maintenance - Plumbing,Unassigned,29-03-2026,Being cash paid for purchase of water pipe,N.A.,, Cash in hand ,102001,,650,
JE-2025-0000120,102001,Cash in hand,,01-04-2025,Being last year extra amount adjusted   Being paid plates abd glasses for rosary,,, Cash in hand ,102001,6.00,,

"Balance : 215(Debit)","","","","","","","","","","22570","22355",

"Assets > TDS - Receivables ( 109004 ) ",
"Journal No","Other GL No.","Other Account","Subledger","Posted Date","Comments","Instrument No.","Instrument Bank","Account Name","GL Account No.","Debit","Credit",
"","","","","","Opening Balance","",""," TDS - Receivables ","109004","50131","",
JE-2025-0000034,109004,TDS Receivable,,14-04-2025,Being FD 41420 renewed and remade SCB - RF,,, TDS - Receivables ,109004,119.00,,
JE-2025-0000001,109004,TDS Receivable,,30-06-2025,Being Int recd on FD  TD102101030043943 - SC SVC,,, TDS - Receivables ,109004,25.00,,
JE-2025-0000004,109004,TDS Receivable,,30-09-2025,Being int on FD  102101030043943 SVC,,, TDS - Receivables ,109004,25.00,,
JE-2025-0000080,109004,TDS Receivable,,07-10-2025,Being FD 191583 redeeem & credited in bank SVC REF,,, TDS - Receivables ,109004,613.00,,
JE-2025-0000096,109004,TDS Receivable,,08-11-2025,Being FD 6605400011724 renewed and remade MDCC - SF,,, TDS - Receivables ,109004,219.00,,
JE-2025-0000014,109004,TDS Receivable,,28-11-2025,Being FD TD0000413095 renewed and remade SCB - RF,,, TDS - Receivables ,109004,129.00,,
JE-2025-0000016,109004,TDS Receivable,,28-11-2025,Being FD TD0000413096 renewed and remade SCB - RMF,,, TDS - Receivables ,109004,1276.00,,
JE-2025-0000018,109004,TDS Receivable,,28-11-2025,Being FD TD0000413097 renewed and remade SCB - RF,,, TDS - Receivables ,109004,159.00,,
JE-2025-0000020,109004,TDS Receivable,,28-11-2025,Being FD TD0000413098 renewed and remade SCB - CF,,, TDS - Receivables ,109004,350.00,,
JE-2025-0000022,109004,TDS Receivable,,28-11-2025,Being FD TD0000413100 renewed and remade SCB - PF,,, TDS - Receivables ,109004,1124.00,,
JE-2025-0000105,109004,TDS Receivable,,30-11-2025,Being FD 6605400015102 renewed and remade MDCC - SF,,, TDS - Receivables ,109004,340.00,,
JE-2025-0000094,109004,TDS Receivable,,30-12-2025,Being FD 6605400012118 renewed and remade MDCC - SF,,, TDS - Receivables ,109004,430.00,,
JE-2025-0000007,109004,TDS Receivable,,31-12-2025,Being interest recd on fixed deposit TD102101030043943,,, TDS - Receivables ,109004,26.00,,
JE-2025-0000024,109004,TDS Receivable,,10-01-2026,Being FD TD0000413488 renewed and remade SCB - RMF,,, TDS - Receivables ,109004,2466.00,,
JE-2025-0000085,109004,TDS Receivable,,08-02-2026,Being FD 6605300015439 renewed and remade MDCC - RF,,, TDS - Receivables ,109004,172.00,,
JE-2025-0000102,109004,TDS Receivable,,08-02-2026,Being FD 6605400013159 renewed and remade MDCC - SF,,, TDS - Receivables ,109004,574.00,,
JE-2025-0000098,109004,TDS Receivable,,08-02-2026,Being FD 6605300015441 renewed and remade MDCC - CF,,, TDS - Receivables ,109004,898.00,,
JE-2025-0000079,109004,TDS Receivable,,10-02-2026,Being income tax refund recd for FY 24-25 vide ref SBIN526041538790,,, TDS - Receivables ,109004,,50131.00,
JE-2025-0000088,109004,TDS Receivable,,28-03-2026,Being FD 6605300011350 renewed and remade MDCC - CF,,, TDS - Receivables ,109004,272.00,,
JE-2025-0000083,109004,TDS Receivable,,28-03-2026,Being FD 6605400009713 renewed and remade MDCC - SF,,, TDS - Receivables ,109004,194.00,,
JE-2025-0000069,109004,TDS Receivable,,31-03-2026,Being int accu on FD 220754 - GRF - SVC,,, TDS - Receivables ,109004,73.00,,
JE-2025-0000070,109004,TDS Receivable,,31-03-2026,Being int accu on FD 281673 - RMF - SVC,,, TDS - Receivables ,109004,882.00,,
JE-2025-0000071,109004,TDS Receivable,,31-03-2026,Being int accu on FD 281681 - CF - SVC,,, TDS - Receivables ,109004,890.00,,
JE-2025-0000072,109004,TDS Receivable,,31-03-2026,Being int accu on FD 281691 - SF - SVC,,, TDS - Receivables ,109004,124.00,,
JE-2025-0000068,109004,TDS Receivable,,31-03-2026,Being int accu on FD 220743 - SDF - SVC,,, TDS - Receivables ,109004,74.00,,
JE-2025-0000067,109004,TDS Receivable,,31-03-2026,Being int accu on FD 220738 - RF - SVC,,, TDS - Receivables ,109004,37.00,,
JE-2025-0000066,109004,TDS Receivable,,31-03-2026,Being int accu on FD 116861 - RF - SVC,,, TDS - Receivables ,109004,3437.00,,
JE-2025-0000065,109004,TDS Receivable,,31-03-2026,Being int accu on FD 116845 - RF - SVC,,, TDS - Receivables ,109004,3438.00,,
JE-2025-0000084,109004,TDS Receivable,,31-03-2026,Being int accu on FD 6605400009713- SF - MDCC,,, TDS - Receivables ,109004,2.00,,
JE-2025-0000107,109004,TDS Receivable,,31-03-2026,Being int accu on FD 6605400015598 - SF - MDCC,,, TDS - Receivables ,109004,480.00,,
JE-2025-0000086,109004,TDS Receivable,,31-03-2026,Being int accu on FD 6605300015439 - REFS - MDCC,,, TDS - Receivables ,109004,25.00,,
JE-2025-0000064,109004,TDS Receivable,,31-03-2026,Being int accu on FD 116286 - RMF - SVC,,, TDS - Receivables ,109004,3012.00,,
JE-2025-0000087,109004,TDS Receivable,,31-03-2026,Being int accu on FD 01463 - GRF MDCC,,, TDS - Receivables ,109004,189.00,,
JE-2025-0000089,109004,TDS Receivable,,31-03-2026,Being int accu on FD 6605300011350 - CF - MDCC,,, TDS - Receivables ,109004,3.00,,
JE-2025-0000090,109004,TDS Receivable,,31-03-2026,Being int accu on FD 6605400014035- SF - MDCC,,, TDS - Receivables ,109004,528.00,,
JE-2025-0000091,109004,TDS Receivable,,31-03-2026,Being int accu on FD 6605400014434- SF - MDCC,,, TDS - Receivables ,109004,485.00,,
JE-2025-0000092,109004,TDS Receivable,,31-03-2026,Being int accu on FD 6605400014443 - SF - MDCC,,, TDS - Receivables ,109004,315.00,,
JE-2025-0000108,109004,TDS Receivable,,31-03-2026,Being int accu on FD 6605400016067 - SF - MDCC,,, TDS - Receivables ,109004,50.00,,
JE-2025-0000093,109004,TDS Receivable,,31-03-2026,Being int accu on FD 6605300017266- CF - MDCC,,, TDS - Receivables ,109004,468.00,,
JE-2025-0000095,109004,TDS Receivable,,31-03-2026,Being int accu on FD 6605400012118 - SF - MDCCC,,, TDS - Receivables ,109004,132.00,,
JE-2025-0000119,109004,TDS Receivable,,31-03-2026,Being int accu on FD 6605500001645 - RF - MDCC,,, TDS - Receivables ,109004,18.00,,
JE-2025-0000097,109004,TDS Receivable,,31-03-2026,Being int accu on FD 6605400011724- SF - MDCC,,, TDS - Receivables ,109004,125.00,,
JE-2025-0000099,109004,TDS Receivable,,31-03-2026,Being int accu on FD 6605300015441- CF - MDCC,,, TDS - Receivables ,109004,132.00,,
JE-2025-0000100,109004,TDS Receivable,,31-03-2026,Being int accu on FD 6605300017267 - RES - MDCC,,, TDS - Receivables ,109004,2166.00,,
JE-2025-0000101,109004,TDS Receivable,,31-03-2026,Being int accu on FD 6605300017268- RF - MDCC,,, TDS - Receivables ,109004,1895.00,,
JE-2025-0000103,109004,TDS Receivable,,31-03-2026,Being int accu on FD 6605400013159 - SF - MDCC,,, TDS - Receivables ,109004,84.00,,
JE-2025-0000104,109004,TDS Receivable,,31-03-2026,Being int accu on FD 6605400014698 - SF - MDCC,,, TDS - Receivables ,109004,430.00,,
JE-2025-0000106,109004,TDS Receivable,,31-03-2026,Being int accu on FD 6605400015102 - SF - MDCC,,, TDS - Receivables ,109004,149.00,,
JE-2025-0000025,109004,TDS Receivable,,31-03-2026,Being int accu on FD TD0000413488 - RMF - SCB,,, TDS - Receivables ,109004,712.00,,
JE-2025-0000035,109004,TDS Receivable,,31-03-2026,Being int accu on FD 41420 - RF - SVC,,, TDS - Receivables ,109004,3361.00,,
JE-2025-0000033,109004,TDS Receivable,,31-03-2026,Being int accu on FD 41369 - SDF - SVC,,, TDS - Receivables ,109004,94.00,,
JE-2025-0000032,109004,TDS Receivable,,31-03-2026,Being int accu on FD 41367 - CF - SVC,,, TDS - Receivables ,109004,997.00,,
JE-2025-0000031,109004,TDS Receivable,,31-03-2026,Being int accu on FD 41141 - SF - SVC,,, TDS - Receivables ,109004,993.00,,
JE-2025-0000030,109004,TDS Receivable,,31-03-2026,Being int accu on FD 39995 - SF - SVC,,, TDS - Receivables ,109004,2434.00,,
JE-2025-0000029,109004,TDS Receivable,,31-03-2026,Being int accu on FD 39990 - SF - SVC,,, TDS - Receivables ,109004,810.00,,
JE-2025-0000028,109004,TDS Receivable,,31-03-2026,Being int accu on FD 39880  - RF - SVC,,, TDS - Receivables ,109004,109.00,,
JE-2025-0000027,109004,TDS Receivable,,31-03-2026,Being int accu on FD 39874 - RF - SVC,,, TDS - Receivables ,109004,108.00,,
JE-2025-0000026,109004,TDS Receivable,,31-03-2026,Being int accru on FD TD1001257525 - PF - SCB,,, TDS - Receivables ,109004,2142.00,,
JE-2025-0000036,109004,TDS Receivable,,31-03-2026,Being int accu on FD 41718 - CF - SVC,,, TDS - Receivables ,109004,81.00,,
JE-2025-0000023,109004,TDS Receivable,,31-03-2026,Being int accu on FD TD0000413100 - PF - SCB,,, TDS - Receivables ,109004,584.00,,
JE-2025-0000021,109004,TDS Receivable,,31-03-2026,Being int accu on FD TD0000413098 - CF - SCB,,, TDS - Receivables ,109004,182.00,,
JE-2025-0000019,109004,TDS Receivable,,31-03-2026,Being int accu on FD TD0000413097 - RF - SCB,,, TDS - Receivables ,109004,84.00,,
JE-2025-0000017,109004,TDS Receivable,,31-03-2026,Being int accu on FD TD0000413096 - RMF - SCB,,, TDS - Receivables ,109004,663.00,,
JE-2025-0000015,109004,TDS Receivable,,31-03-2026,Being FD TD0000413095 renewed and remade SCB - RF,,, TDS - Receivables ,109004,66.00,,
JE-2025-0000013,109004,TDS Receivable,,31-03-2026,Being int accu on FD TD0000413093 - PF - SCB,,, TDS - Receivables ,109004,1532.00,,
JE-2025-0000012,109004,TDS Receivable,,31-03-2026,Being int accu on FD 39864 - SF - SVC,,, TDS - Receivables ,109004,148.00,,
JE-2025-0000010,109004,TDS Receivable,,31-03-2026,Being TD 102101030043943 Int 254.00 and TAX 25.00,,, TDS - Receivables ,109004,25.00,,
JE-2025-0000045,109004,TDS Receivable,,31-03-2026,Being int accu on FD 42887 - RMF - SVC,,, TDS - Receivables ,109004,2723.00,,
JE-2025-0000062,109004,TDS Receivable,,31-03-2026,Being int accu on FD 21123 - GRF - SVC,,, TDS - Receivables ,109004,77.00,,
JE-2025-0000061,109004,TDS Receivable,,31-03-2026,Being int accu on FD 21103 - CF - SVC,,, TDS - Receivables ,109004,820.00,,
JE-2025-0000060,109004,TDS Receivable,,31-03-2026,Being int accu on FD 21086 - RMF - SVC,,, TDS - Receivables ,109004,1377.00,,
JE-2025-0000058,109004,TDS Receivable,,31-03-2026,Being int recd on FD TD1002030209,,, TDS - Receivables ,109004,48.00,,
JE-2025-0000057,109004,TDS Receivable,,31-03-2026,Being int recd on FD TD1002026254,,, TDS - Receivables ,109004,203.00,,
JE-2025-0000049,109004,TDS Receivable,,31-03-2026,Being int accu on FD 43584 - CF - SVC,,, TDS - Receivables ,109004,800.00,,
JE-2025-0000048,109004,TDS Receivable,,31-03-2026,Being int accu on FD 43583 - RMF - SVC,,, TDS - Receivables ,109004,1390.00,,
JE-2025-0000047,109004,TDS Receivable,,31-03-2026,Being int accu on FD 42907 - RMF - SVC,,, TDS - Receivables ,109004,1205.00,,
JE-2025-0000046,109004,TDS Receivable,,31-03-2026,Being int accu on FD 42888 - CF - SVC,,, TDS - Receivables ,109004,784.00,,
JE-2025-0000063,109004,TDS Receivable,,31-03-2026,Being int accu on FD 116280 - SF - SVC,,, TDS - Receivables ,109004,1004.00,,
JE-2025-0000044,109004,TDS Receivable,,31-03-2026,Being int accu on FD 42886 - GRF - SVC,,, TDS - Receivables ,109004,68.00,,
JE-2025-0000043,109004,TDS Receivable,,31-03-2026,Being int accu on FD 42878 - GRF - SVC,,, TDS - Receivables ,109004,143.00,,
JE-2025-0000042,109004,TDS Receivable,,31-03-2026,Being int accu on FD 42877 - RMF - SVC,,, TDS - Receivables ,109004,430.00,,
JE-2025-0000041,109004,TDS Receivable,,31-03-2026,Being int accu on FD 42392 - CF - SVC,,, TDS - Receivables ,109004,1732.00,,
JE-2025-0000040,109004,TDS Receivable,,31-03-2026,Being int accu on FD 42391 - GRF - SVC,,, TDS - Receivables ,109004,90.00,,
JE-2025-0000039,109004,TDS Receivable,,31-03-2026,Being int accu on FD 41981 - SDF - SVC,,, TDS - Receivables ,109004,108.00,,
JE-2025-0000038,109004,TDS Receivable,,31-03-2026,Being int accu on FD 41799 - SF - SVC,,, TDS - Receivables ,109004,682.00,,
JE-2025-0000037,109004,TDS Receivable,,31-03-2026,Being int accu on FD 41796 - CF - SVC,,, TDS - Receivables ,109004,704.00,,

"Balance : 58567(Debit)","","","","","","","","","","108698","50131",

"Assets > Advance Payment to Vendors ( 109001 ) ",
"Journal No","Other GL No.","Other Account","Subledger","Posted Date","Comments","Instrument No.","Instrument Bank","Account Name","GL Account No.","Debit","Credit",
"","","","","","Opening Balance","",""," Advance Payment to Vendors ","109001","","",
EE-2025-0000149,109001,Advance Payment to Vendors,Ashna Elevators,31-10-2025,Towards payment to Ashna Elevators. TDS of 389,NA,, Advance Payment to Vendors ,109001,389,,
EE-2025-0000151,109001,Advance Payment to Vendors,Ganesh Security  Service,31-10-2025,Towards payment to Ganesh Security  Service. TDS of 220,NA,, Advance Payment to Vendors ,109001,220,,
EE-2025-0000215,109001,Advance Payment to Vendors,Ganesh Security  Service,31-10-2025,Being TDS deducted from Oct 25 bill   Allocated by Ivan Rosario from Advance Payment Voucher No 2257  and to Voucher 2290,,, Advance Payment to Vendors ,109001,,220,
EE-2025-0000205,109001,Advance Payment to Vendors,Ashna Elevators,01-11-2025,Being TDS deducted from Inv AE AC 85 25-26   Allocated by Ivan Rosario from Advance Payment Voucher No 2256  and to Voucher 2285,,, Advance Payment to Vendors ,109001,,389,

"","","","","","","","","","","609","609",

"Assets > Share in Mah. Co-op. Hsg. Finance Society Ltd. ( 103001 ) ",
"Journal No","Other GL No.","Other Account","Subledger","Posted Date","Comments","Instrument No.","Instrument Bank","Account Name","GL Account No.","Debit","Credit",
"","","","","","Opening Balance","",""," Share in Mah. Co-op. Hsg. Finance Society Ltd. ","103001","500","",

"Balance : 500(Debit)","","","","","","","","","","500","0",

"Assets > Shares in Mumbai Dist. Co-op. Hsg. Federation ( 104001 ) ",
"Journal No","Other GL No.","Other Account","Subledger","Posted Date","Comments","Instrument No.","Instrument Bank","Account Name","GL Account No.","Debit","Credit",
"","","","","","Opening Balance","",""," Shares in Mumbai Dist. Co-op. Hsg. Federation ","104001","100","",

"Balance : 100(Debit)","","","","","","","","","","100","0",

"Assets > Shares in Mah. State Co-op. Hsg. Fed. Ltd. ( 104002 ) ",
"Journal No","Other GL No.","Other Account","Subledger","Posted Date","Comments","Instrument No.","Instrument Bank","Account Name","GL Account No.","Debit","Credit",
"","","","","","Opening Balance","",""," Shares in Mah. State Co-op. Hsg. Fed. Ltd. ","104002","2500","",

"Balance : 2500(Debit)","","","","","","","","","","2500","0",

"Assets > Accrued Interest on Investment ( 105001 ) ",
"Journal No","Other GL No.","Other Account","Subledger","Posted Date","Comments","Instrument No.","Instrument Bank","Account Name","GL Account No.","Debit","Credit",
"","","","","","Opening Balance","",""," Accrued Interest on Investment ","105001","576281","",
JE-2025-0000034,105001,Accrued Interest on Investment,,14-04-2025,Being FD 41420 renewed and remade SCB - RF,,, Accrued Interest on Investment ,105001,,58341.00,
JE-2025-0000109,105001,Accrued Interest on Investment,,25-06-2025,Being FD 3053384 renewed and remade CIT - CF,,, Accrued Interest on Investment ,105001,,11573.00,
JE-2025-0000111,105001,Accrued Interest on Investment,,25-06-2025,Being FD 3053386 renewed and remade CIT - SF,,, Accrued Interest on Investment ,105001,,5973.00,
JE-2025-0000113,105001,Accrued Interest on Investment,,05-07-2025,Being FD 3053396 renewed and remade CIT - SDF,,, Accrued Interest on Investment ,105001,,2479.00,
JE-2025-0000115,105001,Accrued Interest on Investment,,10-09-2025,Being FD 3053502 renewed and remade CIT - CF,,, Accrued Interest on Investment ,105001,,5928.00,
JE-2025-0000080,105001,Accrued Interest on Investment,,07-10-2025,Being FD 191583 redeeem & credited in bank SVC REF,,, Accrued Interest on Investment ,105001,,5008.00,
JE-2025-0000096,105001,Accrued Interest on Investment,,08-11-2025,Being FD 6605400011724 renewed and remade MDCC - SF,,, Accrued Interest on Investment ,105001,,4179.00,
JE-2025-0000014,105001,Accrued Interest on Investment,,28-11-2025,Being FD TD0000413095 renewed and remade SCB - RF,,, Accrued Interest on Investment ,105001,,2202.00,
JE-2025-0000016,105001,Accrued Interest on Investment,,28-11-2025,Being FD TD0000413096 renewed and remade SCB - RMF,,, Accrued Interest on Investment ,105001,,22113.00,
JE-2025-0000018,105001,Accrued Interest on Investment,,28-11-2025,Being FD TD0000413097 renewed and remade SCB - RF,,, Accrued Interest on Investment ,105001,,2782.00,
JE-2025-0000020,105001,Accrued Interest on Investment,,28-11-2025,Being FD TD0000413098 renewed and remade SCB - CF,,, Accrued Interest on Investment ,105001,,6064.00,
JE-2025-0000022,105001,Accrued Interest on Investment,,28-11-2025,Being FD TD0000413100 renewed and remade SCB - PF,,, Accrued Interest on Investment ,105001,,19482.00,
JE-2025-0000105,105001,Accrued Interest on Investment,,30-11-2025,Being FD 6605400015102 renewed and remade MDCC - SF,,, Accrued Interest on Investment ,105001,,5635.00,
JE-2025-0000094,105001,Accrued Interest on Investment,,30-12-2025,Being FD 6605400012118 renewed and remade MDCC - SF,,, Accrued Interest on Investment ,105001,,1278.00,
JE-2025-0000024,105001,Accrued Interest on Investment,,10-01-2026,Being FD TD0000413488 renewed and remade SCB - RMF,,, Accrued Interest on Investment ,105001,,33143.00,
JE-2025-0000102,105001,Accrued Interest on Investment,,08-02-2026,Being FD 6605400013159 renewed and remade MDCC - SF,,, Accrued Interest on Investment ,105001,,818.00,
JE-2025-0000098,105001,Accrued Interest on Investment,,08-02-2026,Being FD 6605300015441 renewed and remade MDCC - CF,,, Accrued Interest on Investment ,105001,,1282.00,
JE-2025-0000085,105001,Accrued Interest on Investment,,08-02-2026,Being FD 6605300015439 renewed and remade MDCC - RF,,, Accrued Interest on Investment ,105001,,244.00,
JE-2025-0000088,105001,Accrued Interest on Investment,,28-03-2026,Being FD 6605300011350 renewed and remade MDCC - CF,,, Accrued Interest on Investment ,105001,,26.00,
JE-2025-0000083,105001,Accrued Interest on Investment,,28-03-2026,Being FD 6605400009713 renewed and remade MDCC - SF,,, Accrued Interest on Investment ,105001,,18.00,
JE-2025-0000090,105001,Accrued Interest on Investment,,31-03-2026,Being int accu on FD 6605400014035- SF - MDCC,,, Accrued Interest on Investment ,105001,4754.00,,
JE-2025-0000091,105001,Accrued Interest on Investment,,31-03-2026,Being int accu on FD 6605400014434- SF - MDCC,,, Accrued Interest on Investment ,105001,4366.00,,
JE-2025-0000089,105001,Accrued Interest on Investment,,31-03-2026,Being int accu on FD 6605300011350 - CF - MDCC,,, Accrued Interest on Investment ,105001,24.00,,
JE-2025-0000101,105001,Accrued Interest on Investment,,31-03-2026,Being int accu on FD 6605300017268- RF - MDCC,,, Accrued Interest on Investment ,105001,17056.00,,
JE-2025-0000092,105001,Accrued Interest on Investment,,31-03-2026,Being int accu on FD 6605400014443 - SF - MDCC,,, Accrued Interest on Investment ,105001,2835.00,,
JE-2025-0000087,105001,Accrued Interest on Investment,,31-03-2026,Being int accu on FD 01463 - GRF MDCC,,, Accrued Interest on Investment ,105001,1695.00,,
JE-2025-0000086,105001,Accrued Interest on Investment,,31-03-2026,Being int accu on FD 6605300015439 - REFS - MDCC,,, Accrued Interest on Investment ,105001,225.00,,
JE-2025-0000084,105001,Accrued Interest on Investment,,31-03-2026,Being int accu on FD 6605400009713- SF - MDCC,,, Accrued Interest on Investment ,105001,17.00,,
JE-2025-0000072,105001,Accrued Interest on Investment,,31-03-2026,Being int accu on FD 281691 - SF - SVC,,, Accrued Interest on Investment ,105001,1100.00,,
JE-2025-0000071,105001,Accrued Interest on Investment,,31-03-2026,Being int accu on FD 281681 - CF - SVC,,, Accrued Interest on Investment ,105001,8015.00,,
JE-2025-0000070,105001,Accrued Interest on Investment,,31-03-2026,Being int accu on FD 281673 - RMF - SVC,,, Accrued Interest on Investment ,105001,7925.00,,
JE-2025-0000069,105001,Accrued Interest on Investment,,31-03-2026,Being int accu on FD 220754 - GRF - SVC,,, Accrued Interest on Investment ,105001,659.00,,
JE-2025-0000093,105001,Accrued Interest on Investment,,31-03-2026,Being int accu on FD 6605300017266- CF - MDCC,,, Accrued Interest on Investment ,105001,4209.00,,
JE-2025-0000095,105001,Accrued Interest on Investment,,31-03-2026,Being int accu on FD 6605400012118 - SF - MDCCC,,, Accrued Interest on Investment ,105001,1182.00,,
JE-2025-0000097,105001,Accrued Interest on Investment,,31-03-2026,Being int accu on FD 6605400011724- SF - MDCC,,, Accrued Interest on Investment ,105001,1120.00,,
JE-2025-0000099,105001,Accrued Interest on Investment,,31-03-2026,Being int accu on FD 6605300015441- CF - MDCC,,, Accrued Interest on Investment ,105001,1185.00,,
JE-2025-0000100,105001,Accrued Interest on Investment,,31-03-2026,Being int accu on FD 6605300017267 - RES - MDCC,,, Accrued Interest on Investment ,105001,19489.00,,
JE-2025-0000119,105001,Accrued Interest on Investment,,31-03-2026,Being int accu on FD 6605500001645 - RF - MDCC,,, Accrued Interest on Investment ,105001,159.00,,
JE-2025-0000103,105001,Accrued Interest on Investment,,31-03-2026,Being int accu on FD 6605400013159 - SF - MDCC,,, Accrued Interest on Investment ,105001,756.00,,
JE-2025-0000104,105001,Accrued Interest on Investment,,31-03-2026,Being int accu on FD 6605400014698 - SF - MDCC,,, Accrued Interest on Investment ,105001,3876.00,,
JE-2025-0000106,105001,Accrued Interest on Investment,,31-03-2026,Being int accu on FD 6605400015102 - SF - MDCC,,, Accrued Interest on Investment ,105001,1340.00,,
JE-2025-0000107,105001,Accrued Interest on Investment,,31-03-2026,Being int accu on FD 6605400015598 - SF - MDCC,,, Accrued Interest on Investment ,105001,4314.00,,
JE-2025-0000108,105001,Accrued Interest on Investment,,31-03-2026,Being int accu on FD 6605400016067 - SF - MDCC,,, Accrued Interest on Investment ,105001,449.00,,
JE-2025-0000110,105001,Accrued Interest on Investment,,31-03-2026,Being int accu on FD 3053384 - CF - CIT,,, Accrued Interest on Investment ,105001,8245.00,,
JE-2025-0000112,105001,Accrued Interest on Investment,,31-03-2026,Being int accu on FD 3053386 - SF - CIT,,, Accrued Interest on Investment ,105001,4255.00,,
JE-2025-0000114,105001,Accrued Interest on Investment,,31-03-2026,Being int accu on FD 3053396 - SDF - CIT,,, Accrued Interest on Investment ,105001,1641.00,,
JE-2025-0000116,105001,Accrued Interest on Investment,,31-03-2026,Being int accu on FD 2090100003053502- CAF - CIT,,, Accrued Interest on Investment ,105001,3515.00,,
JE-2025-0000027,105001,Accrued Interest on Investment,,31-03-2026,Being int accu on FD 39874 - RF - SVC,,, Accrued Interest on Investment ,105001,983.00,,
JE-2025-0000037,105001,Accrued Interest on Investment,,31-03-2026,Being int accu on FD 41796 - CF - SVC,,, Accrued Interest on Investment ,105001,6316.00,,
JE-2025-0000036,105001,Accrued Interest on Investment,,31-03-2026,Being int accu on FD 41718 - CF - SVC,,, Accrued Interest on Investment ,105001,730.00,,
JE-2025-0000035,105001,Accrued Interest on Investment,,31-03-2026,Being int accu on FD 41420 - RF - SVC,,, Accrued Interest on Investment ,105001,30256.00,,
JE-2025-0000033,105001,Accrued Interest on Investment,,31-03-2026,Being int accu on FD 41369 - SDF - SVC,,, Accrued Interest on Investment ,105001,840.00,,
JE-2025-0000032,105001,Accrued Interest on Investment,,31-03-2026,Being int accu on FD 41367 - CF - SVC,,, Accrued Interest on Investment ,105001,8973.00,,
JE-2025-0000031,105001,Accrued Interest on Investment,,31-03-2026,Being int accu on FD 41141 - SF - SVC,,, Accrued Interest on Investment ,105001,8944.00,,
JE-2025-0000030,105001,Accrued Interest on Investment,,31-03-2026,Being int accu on FD 39995 - SF - SVC,,, Accrued Interest on Investment ,105001,21898.00,,
JE-2025-0000029,105001,Accrued Interest on Investment,,31-03-2026,Being int accu on FD 39990 - SF - SVC,,, Accrued Interest on Investment ,105001,7299.00,,
JE-2025-0000028,105001,Accrued Interest on Investment,,31-03-2026,Being int accu on FD 39880  - RF - SVC,,, Accrued Interest on Investment ,105001,982.00,,
JE-2025-0000038,105001,Accrued Interest on Investment,,31-03-2026,Being int accu on FD 41799 - SF - SVC,,, Accrued Interest on Investment ,105001,6129.00,,
JE-2025-0000026,105001,Accrued Interest on Investment,,31-03-2026,Being int accru on FD TD1001257525 - PF - SCB,,, Accrued Interest on Investment ,105001,19287.00,,
JE-2025-0000025,105001,Accrued Interest on Investment,,31-03-2026,Being int accu on FD TD0000413488 - RMF - SCB,,, Accrued Interest on Investment ,105001,6406.00,,
JE-2025-0000023,105001,Accrued Interest on Investment,,31-03-2026,Being int accu on FD TD0000413100 - PF - SCB,,, Accrued Interest on Investment ,105001,5256.00,,
JE-2025-0000021,105001,Accrued Interest on Investment,,31-03-2026,Being int accu on FD TD0000413098 - CF - SCB,,, Accrued Interest on Investment ,105001,1636.00,,
JE-2025-0000019,105001,Accrued Interest on Investment,,31-03-2026,Being int accu on FD TD0000413097 - RF - SCB,,, Accrued Interest on Investment ,105001,750.00,,
JE-2025-0000017,105001,Accrued Interest on Investment,,31-03-2026,Being int accu on FD TD0000413096 - RMF - SCB,,, Accrued Interest on Investment ,105001,5966.00,,
JE-2025-0000015,105001,Accrued Interest on Investment,,31-03-2026,Being FD TD0000413095 renewed and remade SCB - RF,,, Accrued Interest on Investment ,105001,594.00,,
JE-2025-0000013,105001,Accrued Interest on Investment,,31-03-2026,Being int accu on FD TD0000413093 - PF - SCB,,, Accrued Interest on Investment ,105001,13805.00,,
JE-2025-0000012,105001,Accrued Interest on Investment,,31-03-2026,Being int accu on FD 39864 - SF - SVC,,, Accrued Interest on Investment ,105001,1328.00,,
JE-2025-0000048,105001,Accrued Interest on Investment,,31-03-2026,Being int accu on FD 43583 - RMF - SVC,,, Accrued Interest on Investment ,105001,12513.00,,
JE-2025-0000067,105001,Accrued Interest on Investment,,31-03-2026,Being int accu on FD 220738 - RF - SVC,,, Accrued Interest on Investment ,105001,333.00,,
JE-2025-0000066,105001,Accrued Interest on Investment,,31-03-2026,Being int accu on FD 116861 - RF - SVC,,, Accrued Interest on Investment ,105001,30941.00,,
JE-2025-0000065,105001,Accrued Interest on Investment,,31-03-2026,Being int accu on FD 116845 - RF - SVC,,, Accrued Interest on Investment ,105001,30940.00,,
JE-2025-0000064,105001,Accrued Interest on Investment,,31-03-2026,Being int accu on FD 116286 - RMF - SVC,,, Accrued Interest on Investment ,105001,27093.00,,
JE-2025-0000063,105001,Accrued Interest on Investment,,31-03-2026,Being int accu on FD 116280 - SF - SVC,,, Accrued Interest on Investment ,105001,9031.00,,
JE-2025-0000062,105001,Accrued Interest on Investment,,31-03-2026,Being int accu on FD 21123 - GRF - SVC,,, Accrued Interest on Investment ,105001,709.00,,
JE-2025-0000061,105001,Accrued Interest on Investment,,31-03-2026,Being int accu on FD 21103 - CF - SVC,,, Accrued Interest on Investment ,105001,7387.00,,
JE-2025-0000060,105001,Accrued Interest on Investment,,31-03-2026,Being int accu on FD 21086 - RMF - SVC,,, Accrued Interest on Investment ,105001,12384.00,,
JE-2025-0000049,105001,Accrued Interest on Investment,,31-03-2026,Being int accu on FD 43584 - CF - SVC,,, Accrued Interest on Investment ,105001,7206.00,,
JE-2025-0000068,105001,Accrued Interest on Investment,,31-03-2026,Being int accu on FD 220743 - SDF - SVC,,, Accrued Interest on Investment ,105001,658.00,,
JE-2025-0000047,105001,Accrued Interest on Investment,,31-03-2026,Being int accu on FD 42907 - RMF - SVC,,, Accrued Interest on Investment ,105001,10846.00,,
JE-2025-0000046,105001,Accrued Interest on Investment,,31-03-2026,Being int accu on FD 42888 - CF - SVC,,, Accrued Interest on Investment ,105001,7060.00,,
JE-2025-0000045,105001,Accrued Interest on Investment,,31-03-2026,Being int accu on FD 42887 - RMF - SVC,,, Accrued Interest on Investment ,105001,24511.00,,
JE-2025-0000044,105001,Accrued Interest on Investment,,31-03-2026,Being int accu on FD 42886 - GRF - SVC,,, Accrued Interest on Investment ,105001,620.00,,
JE-2025-0000043,105001,Accrued Interest on Investment,,31-03-2026,Being int accu on FD 42878 - GRF - SVC,,, Accrued Interest on Investment ,105001,1292.00,,
JE-2025-0000042,105001,Accrued Interest on Investment,,31-03-2026,Being int accu on FD 42877 - RMF - SVC,,, Accrued Interest on Investment ,105001,3875.00,,
JE-2025-0000041,105001,Accrued Interest on Investment,,31-03-2026,Being int accu on FD 42392 - CF - SVC,,, Accrued Interest on Investment ,105001,15590.00,,
JE-2025-0000040,105001,Accrued Interest on Investment,,31-03-2026,Being int accu on FD 42391 - GRF - SVC,,, Accrued Interest on Investment ,105001,811.00,,
JE-2025-0000039,105001,Accrued Interest on Investment,,31-03-2026,Being int accu on FD 41981 - SDF - SVC,,, Accrued Interest on Investment ,105001,963.00,,

"Balance : 845260(Debit)","","","","","","","","","","1033828","188568",

"Assets > Security Deposit with Reliance Infrastructure ( 105002 ) ",
"Journal No","Other GL No.","Other Account","Subledger","Posted Date","Comments","Instrument No.","Instrument Bank","Account Name","GL Account No.","Debit","Credit",
"","","","","","Opening Balance","",""," Security Deposit with Reliance Infrastructure ","105002","12131.5","",

"Balance : 12131.5(Debit)","","","","","","","","","","12131.5","0",

"Assets > Land and Building ( 108001 ) ",
"Journal No","Other GL No.","Other Account","Subledger","Posted Date","Comments","Instrument No.","Instrument Bank","Account Name","GL Account No.","Debit","Credit",
"","","","","","Opening Balance","",""," Land and Building ","108001","35838000","",

"Balance : 35838000(Debit)","","","","","","","","","","35838000","0",

"Assets > Furniture  and  Fixture ( 108002 ) ",
"Journal No","Other GL No.","Other Account","Subledger","Posted Date","Comments","Instrument No.","Instrument Bank","Account Name","GL Account No.","Debit","Credit",
"","","","","","Opening Balance","",""," Furniture  and  Fixture ","108002","14405","",
JE-2025-0000122,108002,Furniture  and  Fixture,,31-03-2026,Being depriciation for the year 25-26,,, Furniture  and  Fixture ,108002,,1441.00,

"Balance : 12964(Debit)","","","","","","","","","","14405","1441",

"Assets > Water Pump Account ( 108003 ) ",
"Journal No","Other GL No.","Other Account","Subledger","Posted Date","Comments","Instrument No.","Instrument Bank","Account Name","GL Account No.","Debit","Credit",
"","","","","","Opening Balance","",""," Water Pump Account ","108003","41717","",
JE-2025-0000122,108003,Water Pump Account,,31-03-2026,Being depriciation for the year 25-26,,, Water Pump Account ,108003,,6258.00,

"Balance : 35459(Debit)","","","","","","","","","","41717","6258",

"Assets > Beetle Telephone ( 108004 ) ",
"Journal No","Other GL No.","Other Account","Subledger","Posted Date","Comments","Instrument No.","Instrument Bank","Account Name","GL Account No.","Debit","Credit",
"","","","","","Opening Balance","",""," Beetle Telephone ","108004","242","",
JE-2025-0000122,108004,Beetle Telephone,,31-03-2026,Being depriciation for the year 25-26,,, Beetle Telephone ,108004,,36.00,

"Balance : 206(Debit)","","","","","","","","","","242","36",

"Assets > CCTV  ( 108005 ) ",
"Journal No","Other GL No.","Other Account","Subledger","Posted Date","Comments","Instrument No.","Instrument Bank","Account Name","GL Account No.","Debit","Credit",
"","","","","","Opening Balance","",""," CCTV  ","108005","38892","",
JE-2025-0000122,108005,CCTV ,,31-03-2026,Being depriciation for the year 25-26,,, CCTV  ,108005,,5834.00,

"Balance : 33058(Debit)","","","","","","","","","","38892","5834",

"Assets > Fire Fighting System ( 108007 ) ",
"Journal No","Other GL No.","Other Account","Subledger","Posted Date","Comments","Instrument No.","Instrument Bank","Account Name","GL Account No.","Debit","Credit",
"","","","","","Opening Balance","",""," Fire Fighting System ","108007","94544","",
JE-2025-0000122,108007,Fire Fighting System,,31-03-2026,Being depriciation for the year 25-26,,, Fire Fighting System ,108007,,14182.00,

"Balance : 80362(Debit)","","","","","","","","","","94544","14182",

"Assets > Prepaid Insurance Charges ( 109006 ) ",
"Journal No","Other GL No.","Other Account","Subledger","Posted Date","Comments","Instrument No.","Instrument Bank","Account Name","GL Account No.","Debit","Credit",
"","","","","","Opening Balance","",""," Prepaid Insurance Charges ","109006","12286","",
JE-2025-0000133,109006,Prepaid Insurance Charges,,01-04-2025,Being prepaid exps from 1st Apr to 28th Sept 25 Charged Back,,, Prepaid Insurance Charges ,109006,,12286.00,
JE-2025-0000134,109006,Prepaid Insurance Charges,,31-03-2026,Being prepaid exps from 1st Apr to 28th Sept 26,,, Prepaid Insurance Charges ,109006,11701.00,,

"Balance : 11701(Debit)","","","","","","","","","","23987","12286",

"Assets > Prepaid Pest Control Exps ( 109036 ) ",
"Journal No","Other GL No.","Other Account","Subledger","Posted Date","Comments","Instrument No.","Instrument Bank","Account Name","GL Account No.","Debit","Credit",
"","","","","","Opening Balance","",""," Prepaid Pest Control Exps ","109036","4295","",
JE-2025-0000135,109036,Prepaid Pest Control Exps,,01-04-2025,Being prepaid exps from Apr to Dec 25 Charged Back,,, Prepaid Pest Control Exps ,109036,,4295.00,
JE-2025-0000139,109036,Prepaid Pest Control Exps,,31-03-2026,Being prepaid exps from Apr to Dec 26,,, Prepaid Pest Control Exps ,109036,4779.00,,

"Balance : 4779(Debit)","","","","","","","","","","9074","4295",

"Assets > 42907 SVCC RMF ( 109188 ) ",
"Journal No","Other GL No.","Other Account","Subledger","Posted Date","Comments","Instrument No.","Instrument Bank","Account Name","GL Account No.","Debit","Credit",
"","","","","","Opening Balance","",""," 42907 SVCC RMF ","109188","175056","",

"Balance : 175056(Debit)","","","","","","","","","","175056","0",

"Assets > 42886 SVCC Grotto GF ( 109190 ) ",
"Journal No","Other GL No.","Other Account","Subledger","Posted Date","Comments","Instrument No.","Instrument Bank","Account Name","GL Account No.","Debit","Credit",
"","","","","","Opening Balance","",""," 42886 SVCC Grotto GF ","109190","10000","",

"Balance : 10000(Debit)","","","","","","","","","","10000","0",

"Assets > 42392 CF SVC ( 109197 ) ",
"Journal No","Other GL No.","Other Account","Subledger","Posted Date","Comments","Instrument No.","Instrument Bank","Account Name","GL Account No.","Debit","Credit",
"","","","","","Opening Balance","",""," 42392 CF SVC ","109197","253640","",

"Balance : 253640(Debit)","","","","","","","","","","253640","0",

"Assets > 42391 GF SVC ( 109204 ) ",
"Journal No","Other GL No.","Other Account","Subledger","Posted Date","Comments","Instrument No.","Instrument Bank","Account Name","GL Account No.","Debit","Credit",
"","","","","","Opening Balance","",""," 42391 GF SVC ","109204","13202","",

"Balance : 13202(Debit)","","","","","","","","","","13202","0",

"Assets > SVCC/41420_01 RMF SVC ( 109234 ) ",
"Journal No","Other GL No.","Other Account","Subledger","Posted Date","Comments","Instrument No.","Instrument Bank","Account Name","GL Account No.","Debit","Credit",
"","","","","","Opening Balance","",""," SVCC/41420_01 RMF SVC ","109234","427033","",
JE-2025-0000034,109234,SVCC/41420_01 RMF SVC,,14-04-2025,Being FD 41420 renewed and remade SCB - RF,,, SVCC/41420_01 RMF SVC ,109234,,427033.00,

"","","","","","","","","","","427033","427033",

"Assets > SVCC/43583 RMF SVC ( 109240 ) ",
"Journal No","Other GL No.","Other Account","Subledger","Posted Date","Comments","Instrument No.","Instrument Bank","Account Name","GL Account No.","Debit","Credit",
"","","","","","Opening Balance","",""," SVCC/43583 RMF SVC ","109240","175056","",

"Balance : 175056(Debit)","","","","","","","","","","175056","0",

"Assets > SVCC/43584 CF SVC ( 109241 ) ",
"Journal No","Other GL No.","Other Account","Subledger","Posted Date","Comments","Instrument No.","Instrument Bank","Account Name","GL Account No.","Debit","Credit",
"","","","","","Opening Balance","",""," SVCC/43584 CF SVC ","109241","100800","",

"Balance : 100800(Debit)","","","","","","","","","","100800","0",

"Assets > 6605400014698 MDCC - SF ( 109245 ) ",
"Journal No","Other GL No.","Other Account","Subledger","Posted Date","Comments","Instrument No.","Instrument Bank","Account Name","GL Account No.","Debit","Credit",
"","","","","","Opening Balance","",""," 6605400014698 MDCC - SF ","109245","58224","",

"Balance : 58224(Debit)","","","","","","","","","","58224","0",

"Assets > 300001000021086 RMF SVC ( 109251 ) ",
"Journal No","Other GL No.","Other Account","Subledger","Posted Date","Comments","Instrument No.","Instrument Bank","Account Name","GL Account No.","Debit","Credit",
"","","","","","Opening Balance","",""," 300001000021086 RMF SVC ","109251","175056","",

"Balance : 175056(Debit)","","","","","","","","","","175056","0",

"Assets > 300001000021103 CF SVC ( 109252 ) ",
"Journal No","Other GL No.","Other Account","Subledger","Posted Date","Comments","Instrument No.","Instrument Bank","Account Name","GL Account No.","Debit","Credit",
"","","","","","Opening Balance","",""," 300001000021103 CF SVC ","109252","104400","",

"Balance : 104400(Debit)","","","","","","","","","","104400","0",

"Assets > 300001000021123 GF SVC ( 109253 ) ",
"Journal No","Other GL No.","Other Account","Subledger","Posted Date","Comments","Instrument No.","Instrument Bank","Account Name","GL Account No.","Debit","Credit",
"","","","","","Opening Balance","",""," 300001000021123 GF SVC ","109253","10000","",

"Balance : 10000(Debit)","","","","","","","","","","10000","0",

"Assets > 6605400015102 SF MDCC ( 109254 ) ",
"Journal No","Other GL No.","Other Account","Subledger","Posted Date","Comments","Instrument No.","Instrument Bank","Account Name","GL Account No.","Debit","Credit",
"","","","","","Opening Balance","",""," 6605400015102 SF MDCC ","109254","58224","",
JE-2025-0000105,109254,6605400015102 SF MDCC,,30-11-2025,Being FD 6605400015102 renewed and remade MDCC - SF,,, 6605400015102 SF MDCC ,109254,,58224.00,

"","","","","","","","","","","58224","58224",

"Assets > TD0000413093 PF SCB ( 109256 ) ",
"Journal No","Other GL No.","Other Account","Subledger","Posted Date","Comments","Instrument No.","Instrument Bank","Account Name","GL Account No.","Debit","Credit",
"","","","","","Opening Balance","",""," TD0000413093 PF SCB ","109256","187833","",

"Balance : 187833(Debit)","","","","","","","","","","187833","0",

"Assets > TD0000413095_02 RF SCB ( 109257 ) ",
"Journal No","Other GL No.","Other Account","Subledger","Posted Date","Comments","Instrument No.","Instrument Bank","Account Name","GL Account No.","Debit","Credit",
"","","","","","Opening Balance","",""," TD0000413095_02 RF SCB ","109257","24732","",
JE-2025-0000014,109257,TD0000413095_02 RF SCB,,28-11-2025,Being FD TD0000413095 renewed and remade SCB - RF,,, TD0000413095_02 RF SCB ,109257,,24732.00,

"","","","","","","","","","","24732","24732",

"Assets > TD0000413096_02 RMF SCB ( 109259 ) ",
"Journal No","Other GL No.","Other Account","Subledger","Posted Date","Comments","Instrument No.","Instrument Bank","Account Name","GL Account No.","Debit","Credit",
"","","","","","Opening Balance","",""," TD0000413096_02 RMF SCB ","109259","248536","",
JE-2025-0000016,109259,TD0000413096_02 RMF SCB,,28-11-2025,Being FD TD0000413096 renewed and remade SCB - RMF,,, TD0000413096_02 RMF SCB ,109259,,248536.00,

"","","","","","","","","","","248536","248536",

"Assets > TD0000413097_02 Res.F SCB ( 109260 ) ",
"Journal No","Other GL No.","Other Account","Subledger","Posted Date","Comments","Instrument No.","Instrument Bank","Account Name","GL Account No.","Debit","Credit",
"","","","","","Opening Balance","",""," TD0000413097_02 Res.F SCB ","109260","31277","",
JE-2025-0000018,109260,TD0000413097_02 Res.F SCB,,28-11-2025,Being FD TD0000413097 renewed and remade SCB - RF,,, TD0000413097_02 Res.F SCB ,109260,,31277.00,

"","","","","","","","","","","31277","31277",

"Assets > TD0000413098_02 CF SCB ( 109261 ) ",
"Journal No","Other GL No.","Other Account","Subledger","Posted Date","Comments","Instrument No.","Instrument Bank","Account Name","GL Account No.","Debit","Credit",
"","","","","","Opening Balance","",""," TD0000413098_02 CF SCB ","109261","68161","",
JE-2025-0000020,109261,TD0000413098_02 CF SCB,,28-11-2025,Being FD TD0000413098 renewed and remade SCB - CF,,, TD0000413098_02 CF SCB ,109261,,68161.00,

"","","","","","","","","","","68161","68161",

"Assets > TD0000413100_02 PF SCB ( 109262 ) ",
"Journal No","Other GL No.","Other Account","Subledger","Posted Date","Comments","Instrument No.","Instrument Bank","Account Name","GL Account No.","Debit","Credit",
"","","","","","Opening Balance","",""," TD0000413100_02 PF SCB ","109262","218943","",
JE-2025-0000022,109262,TD0000413100_02 PF SCB,,28-11-2025,Being FD TD0000413100 renewed and remade SCB - PF,,, TD0000413100_02 PF SCB ,109262,,218943.00,

"","","","","","","","","","","218943","218943",

"Assets > TD0000413488_02 RMF SCB ( 109263 ) ",
"Journal No","Other GL No.","Other Account","Subledger","Posted Date","Comments","Instrument No.","Instrument Bank","Account Name","GL Account No.","Debit","Credit",
"","","","","","Opening Balance","",""," TD0000413488_02 RMF SCB ","109263","408219","",
JE-2025-0000024,109263,TD0000413488_02 RMF SCB,,10-01-2026,Being FD TD0000413488 renewed and remade SCB - RMF,,, TD0000413488_02 RMF SCB ,109263,,408219.00,

"","","","","","","","","","","408219","408219",

"Assets > 6605400011724_3 SF MDCC ( 109267 ) ",
"Journal No","Other GL No.","Other Account","Subledger","Posted Date","Comments","Instrument No.","Instrument Bank","Account Name","GL Account No.","Debit","Credit",
"","","","","","Opening Balance","",""," 6605400011724_3 SF MDCC ","109267","41212","",
JE-2025-0000096,109267,6605400011724_3 SF MDCC,,08-11-2025,Being FD 6605400011724 renewed and remade MDCC - SF,,, 6605400011724_3 SF MDCC ,109267,,41212.00,

"","","","","","","","","","","41212","41212",

"Assets > 1188794_1 SF MDCC ( 109268 ) ",
"Journal No","Other GL No.","Other Account","Subledger","Posted Date","Comments","Instrument No.","Instrument Bank","Account Name","GL Account No.","Debit","Credit",
"","","","","","Opening Balance","",""," 1188794_1 SF MDCC ","109268","67120","",

"Balance : 67120(Debit)","","","","","","","","","","67120","0",

"Assets > 3053384_1 CF Citizen ( 109274 ) ",
"Journal No","Other GL No.","Other Account","Subledger","Posted Date","Comments","Instrument No.","Instrument Bank","Account Name","GL Account No.","Debit","Credit",
"","","","","","Opening Balance","",""," 3053384_1 CF Citizen ","109274","140272","",
JE-2025-0000109,109274,3053384_1 CF Citizen,,25-06-2025,Being FD 3053384 renewed and remade CIT - CF,,, 3053384_1 CF Citizen ,109274,,140272.00,

"","","","","","","","","","","140272","140272",

"Assets > 3053386_1 SF Citizen ( 109275 ) ",
"Journal No","Other GL No.","Other Account","Subledger","Posted Date","Comments","Instrument No.","Instrument Bank","Account Name","GL Account No.","Debit","Credit",
"","","","","","Opening Balance","",""," 3053386_1 SF Citizen ","109275","72404","",
JE-2025-0000111,109275,3053386_1 SF Citizen,,25-06-2025,Being FD 3053386 renewed and remade CIT - SF,,, 3053386_1 SF Citizen ,109275,,72404.00,

"","","","","","","","","","","72404","72404",

"Assets > 3053396_1 SD Citizen ( 109276 ) ",
"Journal No","Other GL No.","Other Account","Subledger","Posted Date","Comments","Instrument No.","Instrument Bank","Account Name","GL Account No.","Debit","Credit",
"","","","","","Opening Balance","",""," 3053396_1 SD Citizen ","109276","30785","",
JE-2025-0000113,109276,3053396_1 SD Citizen,,05-07-2025,Being FD 3053396 renewed and remade CIT - SDF,,, 3053396_1 SD Citizen ,109276,,30785.00,

"","","","","","","","","","","30785","30785",

"Assets > 101043011000368 Res.F Citizen ( 109277 ) ",
"Journal No","Other GL No.","Other Account","Subledger","Posted Date","Comments","Instrument No.","Instrument Bank","Account Name","GL Account No.","Debit","Credit",
"","","","","","Opening Balance","",""," 101043011000368 Res.F Citizen ","109277","25000","",

"Balance : 25000(Debit)","","","","","","","","","","25000","0",

"Assets > 39864_1 GF SVC ( 109278 ) ",
"Journal No","Other GL No.","Other Account","Subledger","Posted Date","Comments","Instrument No.","Instrument Bank","Account Name","GL Account No.","Debit","Credit",
"","","","","","Opening Balance","",""," 39864_1 GF SVC ","109278","18320","",

"Balance : 18320(Debit)","","","","","","","","","","18320","0",

"Assets > 39874_1 Res.F SVC ( 109279 ) ",
"Journal No","Other GL No.","Other Account","Subledger","Posted Date","Comments","Instrument No.","Instrument Bank","Account Name","GL Account No.","Debit","Credit",
"","","","","","Opening Balance","",""," 39874_1 Res.F SVC ","109279","13585","",

"Balance : 13585(Debit)","","","","","","","","","","13585","0",

"Assets > 39880_1 Res.F SVC ( 109280 ) ",
"Journal No","Other GL No.","Other Account","Subledger","Posted Date","Comments","Instrument No.","Instrument Bank","Account Name","GL Account No.","Debit","Credit",
"","","","","","Opening Balance","",""," 39880_1 Res.F SVC ","109280","13585","",

"Balance : 13585(Debit)","","","","","","","","","","13585","0",

"Assets > 39990_1 SF SVC ( 109281 ) ",
"Journal No","Other GL No.","Other Account","Subledger","Posted Date","Comments","Instrument No.","Instrument Bank","Account Name","GL Account No.","Debit","Credit",
"","","","","","Opening Balance","",""," 39990_1 SF SVC ","109281","105722","",

"Balance : 105722(Debit)","","","","","","","","","","105722","0",

"Assets > 39995_1 RF SVC ( 109282 ) ",
"Journal No","Other GL No.","Other Account","Subledger","Posted Date","Comments","Instrument No.","Instrument Bank","Account Name","GL Account No.","Debit","Credit",
"","","","","","Opening Balance","",""," 39995_1 RF SVC ","109282","317235","",

"Balance : 317235(Debit)","","","","","","","","","","317235","0",

"Assets > 41141_1 SF SVC ( 109283 ) ",
"Journal No","Other GL No.","Other Account","Subledger","Posted Date","Comments","Instrument No.","Instrument Bank","Account Name","GL Account No.","Debit","Credit",
"","","","","","Opening Balance","",""," 41141_1 SF SVC ","109283","123554","",

"Balance : 123554(Debit)","","","","","","","","","","123554","0",

"Assets > 41367_1 CF SVC ( 109284 ) ",
"Journal No","Other GL No.","Other Account","Subledger","Posted Date","Comments","Instrument No.","Instrument Bank","Account Name","GL Account No.","Debit","Credit",
"","","","","","Opening Balance","",""," 41367_1 CF SVC ","109284","124632","",

"Balance : 124632(Debit)","","","","","","","","","","124632","0",

"Assets > 41369_1 SD SVC ( 109285 ) ",
"Journal No","Other GL No.","Other Account","Subledger","Posted Date","Comments","Instrument No.","Instrument Bank","Account Name","GL Account No.","Debit","Credit",
"","","","","","Opening Balance","",""," 41369_1 SD SVC ","109285","11667","",

"Balance : 11667(Debit)","","","","","","","","","","11667","0",

"Assets > 41718_1 CF SVC ( 109286 ) ",
"Journal No","Other GL No.","Other Account","Subledger","Posted Date","Comments","Instrument No.","Instrument Bank","Account Name","GL Account No.","Debit","Credit",
"","","","","","Opening Balance","",""," 41718_1 CF SVC ","109286","10230","",

"Balance : 10230(Debit)","","","","","","","","","","10230","0",

"Assets > FDL/43943_1 SC SVC ( 109287 ) ",
"Journal No","Other GL No.","Other Account","Subledger","Posted Date","Comments","Instrument No.","Instrument Bank","Account Name","GL Account No.","Debit","Credit",
"","","","","","Opening Balance","",""," FDL/43943_1 SC SVC ","109287","14000","",

"Balance : 14000(Debit)","","","","","","","","","","14000","0",

"Assets > 6605400015598 SF MDCC ( 109288 ) ",
"Journal No","Other GL No.","Other Account","Subledger","Posted Date","Comments","Instrument No.","Instrument Bank","Account Name","GL Account No.","Debit","Credit",
"","","","","","Opening Balance","",""," 6605400015598 SF MDCC ","109288","58224","",

"Balance : 58224(Debit)","","","","","","","","","","58224","0",

"Assets > 220743 SDF SVC ( 109289 ) ",
"Journal No","Other GL No.","Other Account","Subledger","Posted Date","Comments","Instrument No.","Instrument Bank","Account Name","GL Account No.","Debit","Credit",
"","","","","","Opening Balance","",""," 220743 SDF SVC ","109289","20000","",
JE-2025-0000142,109289,220743 SDF SVC,,31-03-2026,Being FD amount adjusted,,, 220743 SDF SVC ,109289,,10000.00,

"Balance : 10000(Debit)","","","","","","","","","","20000","10000",

"Assets > 220738 Res F SVC ( 109290 ) ",
"Journal No","Other GL No.","Other Account","Subledger","Posted Date","Comments","Instrument No.","Instrument Bank","Account Name","GL Account No.","Debit","Credit",
"","","","","","Opening Balance","",""," 220738 Res F SVC ","109290","5051","",

"Balance : 5051(Debit)","","","","","","","","","","5051","0",

"Assets > 116845 SVC ( 109291 ) ",
"Journal No","Other GL No.","Other Account","Subledger","Posted Date","Comments","Instrument No.","Instrument Bank","Account Name","GL Account No.","Debit","Credit",
"","","","","","Opening Balance","",""," 116845 SVC ","109291","453931","",

"Balance : 453931(Debit)","","","","","","","","","","453931","0",

"Assets > 116861 SVC ( 109292 ) ",
"Journal No","Other GL No.","Other Account","Subledger","Posted Date","Comments","Instrument No.","Instrument Bank","Account Name","GL Account No.","Debit","Credit",
"","","","","","Opening Balance","",""," 116861 SVC ","109292","453931","",

"Balance : 453931(Debit)","","","","","","","","","","453931","0",

"Assets > 300001000191583 Retention SVC ( 109293 ) ",
"Journal No","Other GL No.","Other Account","Subledger","Posted Date","Comments","Instrument No.","Instrument Bank","Account Name","GL Account No.","Debit","Credit",
"","","","","","Opening Balance","",""," 300001000191583 Retention SVC ","109293","152098","",
JE-2025-0000080,109293,300001000191583 Retention SVC,,07-10-2025,Being FD 191583 redeeem & credited in bank SVC REF,,, 300001000191583 Retention SVC ,109293,,152098.00,

"","","","","","","","","","","152098","152098",

"Assets > 281673- RF SVC ( 109294 ) ",
"Journal No","Other GL No.","Other Account","Subledger","Posted Date","Comments","Instrument No.","Instrument Bank","Account Name","GL Account No.","Debit","Credit",
"","","","","","Opening Balance","",""," 281673- RF SVC ","109294","122568","",

"Balance : 122568(Debit)","","","","","","","","","","122568","0",

"Assets > 281691 - SF SVC ( 109295 ) ",
"Journal No","Other GL No.","Other Account","Subledger","Posted Date","Comments","Instrument No.","Instrument Bank","Account Name","GL Account No.","Debit","Credit",
"","","","","","Opening Balance","",""," 281691 - SF SVC ","109295","17030","",

"Balance : 17030(Debit)","","","","","","","","","","17030","0",

"Assets > 281681 - CF SVC ( 109296 ) ",
"Journal No","Other GL No.","Other Account","Subledger","Posted Date","Comments","Instrument No.","Instrument Bank","Account Name","GL Account No.","Debit","Credit",
"","","","","","Opening Balance","",""," 281681 - CF SVC ","109296","123938","",

"Balance : 123938(Debit)","","","","","","","","","","123938","0",

"Assets > 6605400012118_2 SF MDCC ( 109297 ) ",
"Journal No","Other GL No.","Other Account","Subledger","Posted Date","Comments","Instrument No.","Instrument Bank","Account Name","GL Account No.","Debit","Credit",
"","","","","","Opening Balance","",""," 6605400012118_2 SF MDCC ","109297","72188","",
JE-2025-0000094,109297,6605400012118_2 SF MDCC,,30-12-2025,Being FD 6605400012118 renewed and remade MDCC - SF,,, 6605400012118_2 SF MDCC ,109297,,72188.00,

"","","","","","","","","","","72188","72188",

"Assets > 6605400014443_1 SF MDCC ( 109298 ) ",
"Journal No","Other GL No.","Other Account","Subledger","Posted Date","Comments","Instrument No.","Instrument Bank","Account Name","GL Account No.","Debit","Credit",
"","","","","","Opening Balance","",""," 6605400014443_1 SF MDCC ","109298","43658","",

"Balance : 43658(Debit)","","","","","","","","","","43658","0",

"Assets > 6605400013159_2 SF MDCC ( 109299 ) ",
"Journal No","Other GL No.","Other Account","Subledger","Posted Date","Comments","Instrument No.","Instrument Bank","Account Name","GL Account No.","Debit","Credit",
"","","","","","Opening Balance","",""," 6605400013159_2 SF MDCC ","109299","83852","",
JE-2025-0000102,109299,6605400013159_2 SF MDCC,,08-02-2026,Being FD 6605400013159 renewed and remade MDCC - SF,,, 6605400013159_2 SF MDCC ,109299,,83852.00,

"","","","","","","","","","","83852","83852",

"Assets > 6605400009713_2 SF MDCC ( 109300 ) ",
"Journal No","Other GL No.","Other Account","Subledger","Posted Date","Comments","Instrument No.","Instrument Bank","Account Name","GL Account No.","Debit","Credit",
"","","","","","Opening Balance","",""," 6605400009713_2 SF MDCC ","109300","24735","",
JE-2025-0000083,109300,6605400009713_2 SF MDCC,,28-03-2026,Being FD 6605400009713 renewed and remade MDCC - SF,,, 6605400009713_2 SF MDCC ,109300,,24735.00,

"","","","","","","","","","","24735","24735",

"Assets > 6605400014434_1 SF MDCC ( 109301 ) ",
"Journal No","Other GL No.","Other Account","Subledger","Posted Date","Comments","Instrument No.","Instrument Bank","Account Name","GL Account No.","Debit","Credit",
"","","","","","Opening Balance","",""," 6605400014434_1 SF MDCC ","109301","67192","",

"Balance : 67192(Debit)","","","","","","","","","","67192","0",

"Assets > 6605300017268_2 RF MDCC ( 109302 ) ",
"Journal No","Other GL No.","Other Account","Subledger","Posted Date","Comments","Instrument No.","Instrument Bank","Account Name","GL Account No.","Debit","Credit",
"","","","","","Opening Balance","",""," 6605300017268_2 RF MDCC ","109302","262486","",

"Balance : 262486(Debit)","","","","","","","","","","262486","0",

"Assets > 6605300015439_2 Res MDCC ( 109303 ) ",
"Journal No","Other GL No.","Other Account","Subledger","Posted Date","Comments","Instrument No.","Instrument Bank","Account Name","GL Account No.","Debit","Credit",
"","","","","","Opening Balance","",""," 6605300015439_2 Res MDCC ","109303","25083","",
JE-2025-0000085,109303,6605300015439_2 Res MDCC,,08-02-2026,Being FD 6605300015439 renewed and remade MDCC - RF,,, 6605300015439_2 Res MDCC ,109303,,25083.00,

"","","","","","","","","","","25083","25083",

"Assets > 6605300017267_2 Res.MDCC ( 109304 ) ",
"Journal No","Other GL No.","Other Account","Subledger","Posted Date","Comments","Instrument No.","Instrument Bank","Account Name","GL Account No.","Debit","Credit",
"","","","","","Opening Balance","",""," 6605300017267_2 Res.MDCC ","109304","299931","",

"Balance : 299931(Debit)","","","","","","","","","","299931","0",

"Assets > 6605300015441_2 CF MDCC ( 109305 ) ",
"Journal No","Other GL No.","Other Account","Subledger","Posted Date","Comments","Instrument No.","Instrument Bank","Account Name","GL Account No.","Debit","Credit",
"","","","","","Opening Balance","",""," 6605300015441_2 CF MDCC ","109305","131346","",
JE-2025-0000098,109305,6605300015441_2 CF MDCC,,08-02-2026,Being FD 6605300015441 renewed and remade MDCC - CF,,, 6605300015441_2 CF MDCC ,109305,,131346.00,

"","","","","","","","","","","131346","131346",

"Assets > 6605300017266_2 CF MDCC ( 109306 ) ",
"Journal No","Other GL No.","Other Account","Subledger","Posted Date","Comments","Instrument No.","Instrument Bank","Account Name","GL Account No.","Debit","Credit",
"","","","","","Opening Balance","",""," 6605300017266_2 CF MDCC ","109306","64785","",

"Balance : 64785(Debit)","","","","","","","","","","64785","0",

"Assets > 6605300011350_2 CF MDCC ( 109307 ) ",
"Journal No","Other GL No.","Other Account","Subledger","Posted Date","Comments","Instrument No.","Instrument Bank","Account Name","GL Account No.","Debit","Credit",
"","","","","","Opening Balance","",""," 6605300011350_2 CF MDCC ","109307","34635","",
JE-2025-0000088,109307,6605300011350_2 CF MDCC,,28-03-2026,Being FD 6605300011350 renewed and remade MDCC - CF,,, 6605300011350_2 CF MDCC ,109307,,34635.00,

"","","","","","","","","","","34635","34635",

"Assets > 2090100003053502_1 CF CCB ( 109308 ) ",
"Journal No","Other GL No.","Other Account","Subledger","Posted Date","Comments","Instrument No.","Instrument Bank","Account Name","GL Account No.","Debit","Credit",
"","","","","","Opening Balance","",""," 2090100003053502_1 CF CCB ","109308","88666","",
JE-2025-0000115,109308,2090100003053502_1 CF CCB,,10-09-2025,Being FD 3053502 renewed and remade CIT - CF,,, 2090100003053502_1 CF CCB ,109308,,88666.00,

"","","","","","","","","","","88666","88666",

"Assets > 6605500001463_2 GF MDCC ( 109309 ) ",
"Journal No","Other GL No.","Other Account","Subledger","Posted Date","Comments","Instrument No.","Instrument Bank","Account Name","GL Account No.","Debit","Credit",
"","","","","","Opening Balance","",""," 6605500001463_2 GF MDCC ","109309","26118","",

"Balance : 26118(Debit)","","","","","","","","","","26118","0",

"Assets > 116280 SF SVC ( 109312 ) ",
"Journal No","Other GL No.","Other Account","Subledger","Posted Date","Comments","Instrument No.","Instrument Bank","Account Name","GL Account No.","Debit","Credit",
"","","","","","Opening Balance","",""," 116280 SF SVC ","109312","132475","",

"Balance : 132475(Debit)","","","","","","","","","","132475","0",

"Assets > 116286 RF SVC ( 109313 ) ",
"Journal No","Other GL No.","Other Account","Subledger","Posted Date","Comments","Instrument No.","Instrument Bank","Account Name","GL Account No.","Debit","Credit",
"","","","","","Opening Balance","",""," 116286 RF SVC ","109313","397435","",

"Balance : 397435(Debit)","","","","","","","","","","397435","0",

"Assets > 41799_1 SF SVC ( 109314 ) ",
"Journal No","Other GL No.","Other Account","Subledger","Posted Date","Comments","Instrument No.","Instrument Bank","Account Name","GL Account No.","Debit","Credit",
"","","","","","Opening Balance","",""," 41799_1 SF SVC ","109314","101079","",

"Balance : 101079(Debit)","","","","","","","","","","101079","0",

"Assets > 42887_1 RF SVC ( 109315 ) ",
"Journal No","Other GL No.","Other Account","Subledger","Posted Date","Comments","Instrument No.","Instrument Bank","Account Name","GL Account No.","Debit","Credit",
"","","","","","Opening Balance","",""," 42887_1 RF SVC ","109315","376597","",

"Balance : 376597(Debit)","","","","","","","","","","376597","0",

"Assets > 41796_1 CF SVC ( 109316 ) ",
"Journal No","Other GL No.","Other Account","Subledger","Posted Date","Comments","Instrument No.","Instrument Bank","Account Name","GL Account No.","Debit","Credit",
"","","","","","Opening Balance","",""," 41796_1 CF SVC ","109316","104165","",

"Balance : 104165(Debit)","","","","","","","","","","104165","0",

"Assets > 42888_1 CF SVC ( 109317 ) ",
"Journal No","Other GL No.","Other Account","Subledger","Posted Date","Comments","Instrument No.","Instrument Bank","Account Name","GL Account No.","Debit","Credit",
"","","","","","Opening Balance","",""," 42888_1 CF SVC ","109317","108481","",

"Balance : 108481(Debit)","","","","","","","","","","108481","0",

"Assets > 41981_1 SDF SVC ( 109318 ) ",
"Journal No","Other GL No.","Other Account","Subledger","Posted Date","Comments","Instrument No.","Instrument Bank","Account Name","GL Account No.","Debit","Credit",
"","","","","","Opening Balance","",""," 41981_1 SDF SVC ","109318","14225","",

"Balance : 14225(Debit)","","","","","","","","","","14225","0",

"Assets > 42878_1 GF SVC ( 109319 ) ",
"Journal No","Other GL No.","Other Account","Subledger","Posted Date","Comments","Instrument No.","Instrument Bank","Account Name","GL Account No.","Debit","Credit",
"","","","","","Opening Balance","",""," 42878_1 GF SVC ","109319","19837","",

"Balance : 19837(Debit)","","","","","","","","","","19837","0",

"Assets > 42877_1 SDF SVC ( 109320 ) ",
"Journal No","Other GL No.","Other Account","Subledger","Posted Date","Comments","Instrument No.","Instrument Bank","Account Name","GL Account No.","Debit","Credit",
"","","","","","Opening Balance","",""," 42877_1 SDF SVC ","109320","59518","",

"Balance : 59518(Debit)","","","","","","","","","","59518","0",

"Assets > TD1001257525 PF SCB ( 109321 ) ",
"Journal No","Other GL No.","Other Account","Subledger","Posted Date","Comments","Instrument No.","Instrument Bank","Account Name","GL Account No.","Debit","Credit",
"","","","","","Opening Balance","",""," TD1001257525 PF SCB ","109321","285636","",

"Balance : 285636(Debit)","","","","","","","","","","285636","0",

"Assets > TD0000413095_03 RF SCB ( 109322 ) ",
"Journal No","Other GL No.","Other Account","Subledger","Posted Date","Comments","Instrument No.","Instrument Bank","Account Name","GL Account No.","Debit","Credit",
"","","","","","Opening Balance","",""," TD0000413095_03 RF SCB ","109322","","",
JE-2025-0000014,109322,TD0000413095_03 RF SCB,,28-11-2025,Being FD TD0000413095 renewed and remade SCB - RF,,, TD0000413095_03 RF SCB ,109322,28075.00,,

"Balance : 28075(Debit)","","","","","","","","","","28075","0",

"Assets > TD0000413096_03 RMF SCB ( 109323 ) ",
"Journal No","Other GL No.","Other Account","Subledger","Posted Date","Comments","Instrument No.","Instrument Bank","Account Name","GL Account No.","Debit","Credit",
"","","","","","Opening Balance","",""," TD0000413096_03 RMF SCB ","109323","","",
JE-2025-0000016,109323,TD0000413096_03 RMF SCB,,28-11-2025,Being FD TD0000413096 renewed and remade SCB - RMF,,, TD0000413096_03 RMF SCB ,109323,282129.00,,

"Balance : 282129(Debit)","","","","","","","","","","282129","0",

"Assets > TD0000413097_03 RF SCB ( 109324 ) ",
"Journal No","Other GL No.","Other Account","Subledger","Posted Date","Comments","Instrument No.","Instrument Bank","Account Name","GL Account No.","Debit","Credit",
"","","","","","Opening Balance","",""," TD0000413097_03 RF SCB ","109324","","",
JE-2025-0000018,109324,TD0000413097_03 RF SCB,,28-11-2025,Being FD TD0000413097 renewed and remade SCB - RF,,, TD0000413097_03 RF SCB ,109324,35505.00,,

"Balance : 35505(Debit)","","","","","","","","","","35505","0",

"Assets > TD0000413098_03 CF SCB ( 109325 ) ",
"Journal No","Other GL No.","Other Account","Subledger","Posted Date","Comments","Instrument No.","Instrument Bank","Account Name","GL Account No.","Debit","Credit",
"","","","","","Opening Balance","",""," TD0000413098_03 CF SCB ","109325","","",
JE-2025-0000020,109325,TD0000413098_03 CF SCB,,28-11-2025,Being FD TD0000413098 renewed and remade SCB - CF,,, TD0000413098_03 CF SCB ,109325,77374.00,,

"Balance : 77374(Debit)","","","","","","","","","","77374","0",

"Assets > TD0000413100_03 PF SCB ( 109326 ) ",
"Journal No","Other GL No.","Other Account","Subledger","Posted Date","Comments","Instrument No.","Instrument Bank","Account Name","GL Account No.","Debit","Credit",
"","","","","","Opening Balance","",""," TD0000413100_03 PF SCB ","109326","","",
JE-2025-0000022,109326,TD0000413100_03 PF SCB,,28-11-2025,Being FD TD0000413100 renewed and remade SCB - PF,,, TD0000413100_03 PF SCB ,109326,248538.00,,

"Balance : 248538(Debit)","","","","","","","","","","248538","0",

"Assets > TD0000413488_03 RMF SCB ( 109327 ) ",
"Journal No","Other GL No.","Other Account","Subledger","Posted Date","Comments","Instrument No.","Instrument Bank","Account Name","GL Account No.","Debit","Credit",
"","","","","","Opening Balance","",""," TD0000413488_03 RMF SCB ","109327","","",
JE-2025-0000024,109327,TD0000413488_03 RMF SCB,,10-01-2026,Being FD TD0000413488 renewed and remade SCB - RMF,,, TD0000413488_03 RMF SCB ,109327,463557.00,,

"Balance : 463557(Debit)","","","","","","","","","","463557","0",

"Assets > SVCC/41420_02 RMF SVC ( 109329 ) ",
"Journal No","Other GL No.","Other Account","Subledger","Posted Date","Comments","Instrument No.","Instrument Bank","Account Name","GL Account No.","Debit","Credit",
"","","","","","Opening Balance","",""," SVCC/41420_02 RMF SVC ","109329","","",
JE-2025-0000034,109329,SVCC/41420_02 RMF SVC,,14-04-2025,Being FD 41420 renewed and remade SCB - RF,,, SVCC/41420_02 RMF SVC ,109329,486439.00,,

"Balance : 486439(Debit)","","","","","","","","","","486439","0",

"Assets > 6605400016067 SF MDCC ( 109330 ) ",
"Journal No","Other GL No.","Other Account","Subledger","Posted Date","Comments","Instrument No.","Instrument Bank","Account Name","GL Account No.","Debit","Credit",
"","","","","","Opening Balance","",""," 6605400016067 SF MDCC ","109330","","",
JE-2025-0000081,109330,6605400016067 SF MDCC,,16-02-2026,Being new FD made 6605400016067 SF MDCC,,, 6605400016067 SF MDCC ,109330,65324.00,,

"Balance : 65324(Debit)","","","","","","","","","","65324","0",

"Assets > 6605500001645 RF MDCC ( 109331 ) ",
"Journal No","Other GL No.","Other Account","Subledger","Posted Date","Comments","Instrument No.","Instrument Bank","Account Name","GL Account No.","Debit","Credit",
"","","","","","Opening Balance","",""," 6605500001645 RF MDCC ","109331","","",
JE-2025-0000082,109331,6605500001645 RF MDCC,,17-02-2026,Being new FD made 6605500001645 RF MDCC Chq no. 48926,,, 6605500001645 RF MDCC ,109331,23174.00,,

"Balance : 23174(Debit)","","","","","","","","","","23174","0",

"Assets > 6605400009713_3 SF MDCC ( 109332 ) ",
"Journal No","Other GL No.","Other Account","Subledger","Posted Date","Comments","Instrument No.","Instrument Bank","Account Name","GL Account No.","Debit","Credit",
"","","","","","Opening Balance","",""," 6605400009713_3 SF MDCC ","109332","","",
JE-2025-0000083,109332,6605400009713_3 SF MDCC,,28-03-2026,Being FD 6605400009713 renewed and remade MDCC - SF,,, 6605400009713_3 SF MDCC ,109332,26499.00,,

"Balance : 26499(Debit)","","","","","","","","","","26499","0",

"Assets > 6605300015439_3 Res MDCC ( 109333 ) ",
"Journal No","Other GL No.","Other Account","Subledger","Posted Date","Comments","Instrument No.","Instrument Bank","Account Name","GL Account No.","Debit","Credit",
"","","","","","Opening Balance","",""," 6605300015439_3 Res MDCC ","109333","","",
JE-2025-0000085,109333,6605300015439_3 Res MDCC,,08-02-2026,Being FD 6605300015439 renewed and remade MDCC - RF,,, 6605300015439_3 Res MDCC ,109333,26872.00,,

"Balance : 26872(Debit)","","","","","","","","","","26872","0",

"Assets > 6605300011350_3 CF MDCC ( 109334 ) ",
"Journal No","Other GL No.","Other Account","Subledger","Posted Date","Comments","Instrument No.","Instrument Bank","Account Name","GL Account No.","Debit","Credit",
"","","","","","Opening Balance","",""," 6605300011350_3 CF MDCC ","109334","","",
JE-2025-0000088,109334,6605300011350_3 CF MDCC,,28-03-2026,Being FD 6605300011350 renewed and remade MDCC - CF,,, 6605300011350_3 CF MDCC ,109334,37105.00,,

"Balance : 37105(Debit)","","","","","","","","","","37105","0",

"Assets > 6605400012118_3 SF MDCC ( 109335 ) ",
"Journal No","Other GL No.","Other Account","Subledger","Posted Date","Comments","Instrument No.","Instrument Bank","Account Name","GL Account No.","Debit","Credit",
"","","","","","Opening Balance","",""," 6605400012118_3 SF MDCC ","109335","","",
JE-2025-0000094,109335,6605400012118_3 SF MDCC,,30-12-2025,Being FD 6605400012118 renewed and remade MDCC - SF,,, 6605400012118_3 SF MDCC ,109335,77337.00,,

"Balance : 77337(Debit)","","","","","","","","","","77337","0",

"Assets > 6605400011724_4 SF MDCC ( 109336 ) ",
"Journal No","Other GL No.","Other Account","Subledger","Posted Date","Comments","Instrument No.","Instrument Bank","Account Name","GL Account No.","Debit","Credit",
"","","","","","Opening Balance","",""," 6605400011724_4 SF MDCC ","109336","","",
JE-2025-0000096,109336,6605400011724_4 SF MDCC,,08-11-2025,Being FD 6605400011724 renewed and remade MDCC - SF,,, 6605400011724_4 SF MDCC ,109336,47366.00,,

"Balance : 47366(Debit)","","","","","","","","","","47366","0",

"Assets > 6605300015441_3 CF MDCC ( 109337 ) ",
"Journal No","Other GL No.","Other Account","Subledger","Posted Date","Comments","Instrument No.","Instrument Bank","Account Name","GL Account No.","Debit","Credit",
"","","","","","Opening Balance","",""," 6605300015441_3 CF MDCC ","109337","","",
JE-2025-0000098,109337,6605300015441_3 CF MDCC,,08-02-2026,Being FD 6605300015441 renewed and remade MDCC - CF,,, 6605300015441_3 CF MDCC ,109337,140715.00,,

"Balance : 140715(Debit)","","","","","","","","","","140715","0",

"Assets > 6605400013159_3 SF MDCC ( 109338 ) ",
"Journal No","Other GL No.","Other Account","Subledger","Posted Date","Comments","Instrument No.","Instrument Bank","Account Name","GL Account No.","Debit","Credit",
"","","","","","Opening Balance","",""," 6605400013159_3 SF MDCC ","109338","","",
JE-2025-0000102,109338,6605400013159_3 SF MDCC,,08-02-2026,Being FD 6605400013159 renewed and remade MDCC - SF,,, 6605400013159_3 SF MDCC ,109338,89832.00,,

"Balance : 89832(Debit)","","","","","","","","","","89832","0",

"Assets > 6605400015102_1 SF MDCC ( 109339 ) ",
"Journal No","Other GL No.","Other Account","Subledger","Posted Date","Comments","Instrument No.","Instrument Bank","Account Name","GL Account No.","Debit","Credit",
"","","","","","Opening Balance","",""," 6605400015102_1 SF MDCC ","109339","","",
JE-2025-0000105,109339,6605400015102_1 SF MDCC,,30-11-2025,Being FD 6605400015102 renewed and remade MDCC - SF,,, 6605400015102_1 SF MDCC ,109339,66916.00,,

"Balance : 66916(Debit)","","","","","","","","","","66916","0",

"Assets > 3053384_2 CF Citizen ( 109340 ) ",
"Journal No","Other GL No.","Other Account","Subledger","Posted Date","Comments","Instrument No.","Instrument Bank","Account Name","GL Account No.","Debit","Credit",
"","","","","","Opening Balance","",""," 3053384_2 CF Citizen ","109340","","",
JE-2025-0000109,109340,3053384_2 CF Citizen,,25-06-2025,Being FD 3053384 renewed and remade CIT - CF,,, 3053384_2 CF Citizen ,109340,154203.00,,

"Balance : 154203(Debit)","","","","","","","","","","154203","0",

"Assets > 3053386_2 SF Citizen ( 109341 ) ",
"Journal No","Other GL No.","Other Account","Subledger","Posted Date","Comments","Instrument No.","Instrument Bank","Account Name","GL Account No.","Debit","Credit",
"","","","","","Opening Balance","",""," 3053386_2 SF Citizen ","109341","","",
JE-2025-0000111,109341,3053386_2 SF Citizen,,25-06-2025,Being FD 3053386 renewed and remade CIT - SF,,, 3053386_2 SF Citizen ,109341,79595.00,,

"Balance : 79595(Debit)","","","","","","","","","","79595","0",

"Assets > 3053396_2 SD Citizen ( 109342 ) ",
"Journal No","Other GL No.","Other Account","Subledger","Posted Date","Comments","Instrument No.","Instrument Bank","Account Name","GL Account No.","Debit","Credit",
"","","","","","Opening Balance","",""," 3053396_2 SD Citizen ","109342","","",
JE-2025-0000113,109342,3053396_2 SD Citizen,,05-07-2025,Being FD 3053396 renewed and remade CIT - SDF,,, 3053396_2 SD Citizen ,109342,33842.00,,

"Balance : 33842(Debit)","","","","","","","","","","33842","0",

"Assets > 2090100003053502_2 CF CCB ( 109343 ) ",
"Journal No","Other GL No.","Other Account","Subledger","Posted Date","Comments","Instrument No.","Instrument Bank","Account Name","GL Account No.","Debit","Credit",
"","","","","","Opening Balance","",""," 2090100003053502_2 CF CCB ","109343","","",
JE-2025-0000115,109343,2090100003053502_2 CF CCB,,10-09-2025,Being FD 3053502 renewed and remade CIT - CF,,, 2090100003053502_2 CF CCB ,109343,97472.00,,

"Balance : 97472(Debit)","","","","","","","","","","97472","0",

"Assets > TD1002026254 RMF SCB ( 109344 ) ",
"Journal No","Other GL No.","Other Account","Subledger","Posted Date","Comments","Instrument No.","Instrument Bank","Account Name","GL Account No.","Debit","Credit",
"","","","","","Opening Balance","",""," TD1002026254 RMF SCB ","109344","","",
JE-2025-0000117,109344,TD1002026254 RMF SCB,,17-02-2026,Being new FD made TD1002026254 RMF SCB,,, TD1002026254 RMF SCB ,109344,250000.00,,

"Balance : 250000(Debit)","","","","","","","","","","250000","0",

"Assets > TD1002030209 CF SCB ( 109345 ) ",
"Journal No","Other GL No.","Other Account","Subledger","Posted Date","Comments","Instrument No.","Instrument Bank","Account Name","GL Account No.","Debit","Credit",
"","","","","","Opening Balance","",""," TD1002030209 CF SCB ","109345","","",
JE-2025-0000118,109345,TD1002030209 CF SCB,,20-02-2026,Being new FD made TD1002030209 CF SCB,,, TD1002030209 CF SCB ,109345,63324.00,,

"Balance : 63324(Debit)","","","","","","","","","","63324","0",

"Assets > 220754 GF_01 SVC ( 109346 ) ",
"Journal No","Other GL No.","Other Account","Subledger","Posted Date","Comments","Instrument No.","Instrument Bank","Account Name","GL Account No.","Debit","Credit",
"","","","","","Opening Balance","",""," 220754 GF_01 SVC ","109346","","",
JE-2025-0000142,109346,220754 GF_01 SVC,,31-03-2026,Being FD amount adjusted,,, 220754 GF_01 SVC ,109346,10000.00,,

"Balance : 10000(Debit)","","","","","","","","","","10000","0",

