"Income - Members > Electricity Charges ( 301003 ) ",
"Journal No","Other GL No.","Other Account","Subledger","Posted Date","Comments","Instrument No.","Instrument Bank","Account Name","GL Account No.","Debit","Credit",
"","","","","","Opening Balance","",""," Electricity Charges ","301003","","",
ME-2025-0000005,301003,Electricity Charges,LS 101,01-04-2025,,,, Electricity Charges ,301003,,550,
ME-2025-0000015,301003,Electricity Charges,LS 102,01-04-2025,,,, Electricity Charges ,301003,,550,
ME-2025-0000026,301003,Electricity Charges,LS 103,01-04-2025,,,, Electricity Charges ,301003,,550,
ME-2025-0000035,301003,Electricity Charges,LS 104,01-04-2025,,,, Electricity Charges ,301003,,550,
ME-2025-0000044,301003,Electricity Charges,LS 201,01-04-2025,,,, Electricity Charges ,301003,,550,
ME-2025-0000053,301003,Electricity Charges,LS 202,01-04-2025,,,, Electricity Charges ,301003,,550,
ME-2025-0000065,301003,Electricity Charges,LS 203,01-04-2025,,,, Electricity Charges ,301003,,550,
ME-2025-0000075,301003,Electricity Charges,LS 204,01-04-2025,,,, Electricity Charges ,301003,,550,
ME-2025-0000084,301003,Electricity Charges,LS 301,01-04-2025,,,, Electricity Charges ,301003,,550,
ME-2025-0000094,301003,Electricity Charges,LS 302,01-04-2025,,,, Electricity Charges ,301003,,550,
ME-2025-0000105,301003,Electricity Charges,LS 303,01-04-2025,,,, Electricity Charges ,301003,,550,
ME-2025-0000114,301003,Electricity Charges,LS 304,01-04-2025,,,, Electricity Charges ,301003,,550,
ME-2025-0000124,301003,Electricity Charges,LS 401,01-04-2025,,,, Electricity Charges ,301003,,550,
ME-2025-0000134,301003,Electricity Charges,LS 402,01-04-2025,,,, Electricity Charges ,301003,,550,
ME-2025-0000143,301003,Electricity Charges,LS 403,01-04-2025,,,, Electricity Charges ,301003,,550,
ME-2025-0000152,301003,Electricity Charges,LS 404,01-04-2025,,,, Electricity Charges ,301003,,550,
ME-2025-0000162,301003,Electricity Charges,LS 501,01-04-2025,,,, Electricity Charges ,301003,,550,
ME-2025-0000172,301003,Electricity Charges,LS 502,01-04-2025,,,, Electricity Charges ,301003,,550,
ME-2025-0000183,301003,Electricity Charges,LS 503,01-04-2025,,,, Electricity Charges ,301003,,550,
ME-2025-0000195,301003,Electricity Charges,LS 504,01-04-2025,,,, Electricity Charges ,301003,,550,
ME-2025-0000206,301003,Electricity Charges,LS 601,01-04-2025,,,, Electricity Charges ,301003,,550,
ME-2025-0000218,301003,Electricity Charges,LS 602,01-04-2025,,,, Electricity Charges ,301003,,550,
ME-2025-0000229,301003,Electricity Charges,LS 603,01-04-2025,,,, Electricity Charges ,301003,,550,
ME-2025-0000238,301003,Electricity Charges,LS 604,01-04-2025,,,, Electricity Charges ,301003,,550,
ME-2025-0000248,301003,Electricity Charges,LS 701801,01-04-2025,,,, Electricity Charges ,301003,,1100,
ME-2025-0000260,301003,Electricity Charges,LS 702802,01-04-2025,,,, Electricity Charges ,301003,,1100,
ME-2025-0000271,301003,Electricity Charges,LS 703803,01-04-2025,,,, Electricity Charges ,301003,,1100,
ME-2025-0000281,301003,Electricity Charges,LS 704804,01-04-2025,,,, Electricity Charges ,301003,,1100,
ME-2025-0000319,301003,Electricity Charges,LS 101,01-05-2025,,,, Electricity Charges ,301003,,550,
ME-2025-0000329,301003,Electricity Charges,LS 102,01-05-2025,,,, Electricity Charges ,301003,,550,
ME-2025-0000340,301003,Electricity Charges,LS 103,01-05-2025,,,, Electricity Charges ,301003,,550,
ME-2025-0000349,301003,Electricity Charges,LS 104,01-05-2025,,,, Electricity Charges ,301003,,550,
ME-2025-0000358,301003,Electricity Charges,LS 201,01-05-2025,,,, Electricity Charges ,301003,,550,
ME-2025-0000367,301003,Electricity Charges,LS 202,01-05-2025,,,, Electricity Charges ,301003,,550,
ME-2025-0000379,301003,Electricity Charges,LS 203,01-05-2025,,,, Electricity Charges ,301003,,550,
ME-2025-0000389,301003,Electricity Charges,LS 204,01-05-2025,,,, Electricity Charges ,301003,,550,
ME-2025-0000399,301003,Electricity Charges,LS 301,01-05-2025,,,, Electricity Charges ,301003,,550,
ME-2025-0000409,301003,Electricity Charges,LS 302,01-05-2025,,,, Electricity Charges ,301003,,550,
ME-2025-0000420,301003,Electricity Charges,LS 303,01-05-2025,,,, Electricity Charges ,301003,,550,
ME-2025-0000429,301003,Electricity Charges,LS 304,01-05-2025,,,, Electricity Charges ,301003,,550,
ME-2025-0000439,301003,Electricity Charges,LS 401,01-05-2025,,,, Electricity Charges ,301003,,550,
ME-2025-0000449,301003,Electricity Charges,LS 402,01-05-2025,,,, Electricity Charges ,301003,,550,
ME-2025-0000459,301003,Electricity Charges,LS 403,01-05-2025,,,, Electricity Charges ,301003,,550,
ME-2025-0000468,301003,Electricity Charges,LS 404,01-05-2025,,,, Electricity Charges ,301003,,550,
ME-2025-0000478,301003,Electricity Charges,LS 501,01-05-2025,,,, Electricity Charges ,301003,,550,
ME-2025-0000488,301003,Electricity Charges,LS 502,01-05-2025,,,, Electricity Charges ,301003,,550,
ME-2025-0000499,301003,Electricity Charges,LS 503,01-05-2025,,,, Electricity Charges ,301003,,550,
ME-2025-0000511,301003,Electricity Charges,LS 504,01-05-2025,,,, Electricity Charges ,301003,,550,
ME-2025-0000522,301003,Electricity Charges,LS 601,01-05-2025,,,, Electricity Charges ,301003,,550,
ME-2025-0000534,301003,Electricity Charges,LS 602,01-05-2025,,,, Electricity Charges ,301003,,550,
ME-2025-0000545,301003,Electricity Charges,LS 603,01-05-2025,,,, Electricity Charges ,301003,,550,
ME-2025-0000554,301003,Electricity Charges,LS 604,01-05-2025,,,, Electricity Charges ,301003,,550,
ME-2025-0000564,301003,Electricity Charges,LS 701801,01-05-2025,,,, Electricity Charges ,301003,,1100,
ME-2025-0000576,301003,Electricity Charges,LS 702802,01-05-2025,,,, Electricity Charges ,301003,,1100,
ME-2025-0000587,301003,Electricity Charges,LS 703803,01-05-2025,,,, Electricity Charges ,301003,,1100,
ME-2025-0000597,301003,Electricity Charges,LS 704804,01-05-2025,,,, Electricity Charges ,301003,,1100,
ME-2025-0000639,301003,Electricity Charges,LS 101,01-06-2025,,,, Electricity Charges ,301003,,550,
ME-2025-0000649,301003,Electricity Charges,LS 102,01-06-2025,,,, Electricity Charges ,301003,,550,
ME-2025-0000660,301003,Electricity Charges,LS 103,01-06-2025,,,, Electricity Charges ,301003,,550,
ME-2025-0000669,301003,Electricity Charges,LS 104,01-06-2025,,,, Electricity Charges ,301003,,550,
ME-2025-0000678,301003,Electricity Charges,LS 201,01-06-2025,,,, Electricity Charges ,301003,,550,
ME-2025-0000687,301003,Electricity Charges,LS 202,01-06-2025,,,, Electricity Charges ,301003,,550,
ME-2025-0000699,301003,Electricity Charges,LS 203,01-06-2025,,,, Electricity Charges ,301003,,550,
ME-2025-0000709,301003,Electricity Charges,LS 204,01-06-2025,,,, Electricity Charges ,301003,,550,
ME-2025-0000719,301003,Electricity Charges,LS 301,01-06-2025,,,, Electricity Charges ,301003,,550,
ME-2025-0000729,301003,Electricity Charges,LS 302,01-06-2025,,,, Electricity Charges ,301003,,550,
ME-2025-0000740,301003,Electricity Charges,LS 303,01-06-2025,,,, Electricity Charges ,301003,,550,
ME-2025-0000749,301003,Electricity Charges,LS 304,01-06-2025,,,, Electricity Charges ,301003,,550,
ME-2025-0000759,301003,Electricity Charges,LS 401,01-06-2025,,,, Electricity Charges ,301003,,550,
ME-2025-0000769,301003,Electricity Charges,LS 402,01-06-2025,,,, Electricity Charges ,301003,,550,
ME-2025-0000779,301003,Electricity Charges,LS 403,01-06-2025,,,, Electricity Charges ,301003,,550,
ME-2025-0000788,301003,Electricity Charges,LS 404,01-06-2025,,,, Electricity Charges ,301003,,550,
ME-2025-0000798,301003,Electricity Charges,LS 501,01-06-2025,,,, Electricity Charges ,301003,,550,
ME-2025-0000808,301003,Electricity Charges,LS 502,01-06-2025,,,, Electricity Charges ,301003,,550,
ME-2025-0000819,301003,Electricity Charges,LS 503,01-06-2025,,,, Electricity Charges ,301003,,550,
ME-2025-0000831,301003,Electricity Charges,LS 504,01-06-2025,,,, Electricity Charges ,301003,,550,
ME-2025-0000842,301003,Electricity Charges,LS 601,01-06-2025,,,, Electricity Charges ,301003,,550,
ME-2025-0000865,301003,Electricity Charges,LS 603,01-06-2025,,,, Electricity Charges ,301003,,550,
ME-2025-0000874,301003,Electricity Charges,LS 604,01-06-2025,,,, Electricity Charges ,301003,,550,
ME-2025-0000884,301003,Electricity Charges,LS 701801,01-06-2025,,,, Electricity Charges ,301003,,1100,
ME-2025-0000896,301003,Electricity Charges,LS 702802,01-06-2025,,,, Electricity Charges ,301003,,1100,
ME-2025-0000907,301003,Electricity Charges,LS 703803,01-06-2025,,,, Electricity Charges ,301003,,1100,
ME-2025-0000917,301003,Electricity Charges,LS 704804,01-06-2025,,,, Electricity Charges ,301003,,1100,
ME-2025-0000942,301003,Electricity Charges,LS 602,01-06-2025,,,, Electricity Charges ,301003,,550,
ME-2025-0000980,301003,Electricity Charges,LS 101,01-07-2025,,,, Electricity Charges ,301003,,550,
ME-2025-0000990,301003,Electricity Charges,LS 102,01-07-2025,,,, Electricity Charges ,301003,,550,
ME-2025-0001001,301003,Electricity Charges,LS 103,01-07-2025,,,, Electricity Charges ,301003,,550,
ME-2025-0001010,301003,Electricity Charges,LS 104,01-07-2025,,,, Electricity Charges ,301003,,550,
ME-2025-0001019,301003,Electricity Charges,LS 201,01-07-2025,,,, Electricity Charges ,301003,,550,
ME-2025-0001028,301003,Electricity Charges,LS 202,01-07-2025,,,, Electricity Charges ,301003,,550,
ME-2025-0001040,301003,Electricity Charges,LS 203,01-07-2025,,,, Electricity Charges ,301003,,550,
ME-2025-0001050,301003,Electricity Charges,LS 204,01-07-2025,,,, Electricity Charges ,301003,,550,
ME-2025-0001059,301003,Electricity Charges,LS 301,01-07-2025,,,, Electricity Charges ,301003,,550,
ME-2025-0001069,301003,Electricity Charges,LS 302,01-07-2025,,,, Electricity Charges ,301003,,550,
ME-2025-0001080,301003,Electricity Charges,LS 303,01-07-2025,,,, Electricity Charges ,301003,,550,
ME-2025-0001089,301003,Electricity Charges,LS 304,01-07-2025,,,, Electricity Charges ,301003,,550,
ME-2025-0001099,301003,Electricity Charges,LS 401,01-07-2025,,,, Electricity Charges ,301003,,550,
ME-2025-0001109,301003,Electricity Charges,LS 402,01-07-2025,,,, Electricity Charges ,301003,,550,
ME-2025-0001119,301003,Electricity Charges,LS 403,01-07-2025,,,, Electricity Charges ,301003,,550,
ME-2025-0001128,301003,Electricity Charges,LS 404,01-07-2025,,,, Electricity Charges ,301003,,550,
ME-2025-0001138,301003,Electricity Charges,LS 501,01-07-2025,,,, Electricity Charges ,301003,,550,
ME-2025-0001148,301003,Electricity Charges,LS 502,01-07-2025,,,, Electricity Charges ,301003,,550,
ME-2025-0001159,301003,Electricity Charges,LS 503,01-07-2025,,,, Electricity Charges ,301003,,550,
ME-2025-0001171,301003,Electricity Charges,LS 504,01-07-2025,,,, Electricity Charges ,301003,,550,
ME-2025-0001182,301003,Electricity Charges,LS 601,01-07-2025,,,, Electricity Charges ,301003,,550,
ME-2025-0001192,301003,Electricity Charges,LS 602,01-07-2025,,,, Electricity Charges ,301003,,550,
ME-2025-0001202,301003,Electricity Charges,LS 603,01-07-2025,,,, Electricity Charges ,301003,,550,
ME-2025-0001211,301003,Electricity Charges,LS 604,01-07-2025,,,, Electricity Charges ,301003,,550,
ME-2025-0001221,301003,Electricity Charges,LS 701801,01-07-2025,,,, Electricity Charges ,301003,,1100,
ME-2025-0001233,301003,Electricity Charges,LS 702802,01-07-2025,,,, Electricity Charges ,301003,,1100,
ME-2025-0001244,301003,Electricity Charges,LS 703803,01-07-2025,,,, Electricity Charges ,301003,,1100,
ME-2025-0001254,301003,Electricity Charges,LS 704804,01-07-2025,,,, Electricity Charges ,301003,,1100,
ME-2025-0001288,301003,Electricity Charges,LS 101,01-08-2025,,,, Electricity Charges ,301003,,550,
ME-2025-0001298,301003,Electricity Charges,LS 102,01-08-2025,,,, Electricity Charges ,301003,,550,
ME-2025-0001309,301003,Electricity Charges,LS 103,01-08-2025,,,, Electricity Charges ,301003,,550,
ME-2025-0001319,301003,Electricity Charges,LS 104,01-08-2025,,,, Electricity Charges ,301003,,550,
ME-2025-0001328,301003,Electricity Charges,LS 201,01-08-2025,,,, Electricity Charges ,301003,,550,
ME-2025-0001338,301003,Electricity Charges,LS 202,01-08-2025,,,, Electricity Charges ,301003,,550,
ME-2025-0001350,301003,Electricity Charges,LS 203,01-08-2025,,,, Electricity Charges ,301003,,550,
ME-2025-0001360,301003,Electricity Charges,LS 204,01-08-2025,,,, Electricity Charges ,301003,,550,
ME-2025-0001369,301003,Electricity Charges,LS 301,01-08-2025,,,, Electricity Charges ,301003,,550,
ME-2025-0001379,301003,Electricity Charges,LS 302,01-08-2025,,,, Electricity Charges ,301003,,550,
ME-2025-0001390,301003,Electricity Charges,LS 303,01-08-2025,,,, Electricity Charges ,301003,,550,
ME-2025-0001399,301003,Electricity Charges,LS 304,01-08-2025,,,, Electricity Charges ,301003,,550,
ME-2025-0001409,301003,Electricity Charges,LS 401,01-08-2025,,,, Electricity Charges ,301003,,550,
ME-2025-0001419,301003,Electricity Charges,LS 402,01-08-2025,,,, Electricity Charges ,301003,,550,
ME-2025-0001429,301003,Electricity Charges,LS 403,01-08-2025,,,, Electricity Charges ,301003,,550,
ME-2025-0001438,301003,Electricity Charges,LS 404,01-08-2025,,,, Electricity Charges ,301003,,550,
ME-2025-0001448,301003,Electricity Charges,LS 501,01-08-2025,,,, Electricity Charges ,301003,,550,
ME-2025-0001458,301003,Electricity Charges,LS 502,01-08-2025,,,, Electricity Charges ,301003,,550,
ME-2025-0001469,301003,Electricity Charges,LS 503,01-08-2025,,,, Electricity Charges ,301003,,550,
ME-2025-0001481,301003,Electricity Charges,LS 504,01-08-2025,,,, Electricity Charges ,301003,,550,
ME-2025-0001492,301003,Electricity Charges,LS 601,01-08-2025,,,, Electricity Charges ,301003,,550,
ME-2025-0001512,301003,Electricity Charges,LS 603,01-08-2025,,,, Electricity Charges ,301003,,550,
ME-2025-0001521,301003,Electricity Charges,LS 604,01-08-2025,,,, Electricity Charges ,301003,,550,
ME-2025-0001531,301003,Electricity Charges,LS 701801,01-08-2025,,,, Electricity Charges ,301003,,1100,
ME-2025-0001543,301003,Electricity Charges,LS 702802,01-08-2025,,,, Electricity Charges ,301003,,1100,
ME-2025-0001554,301003,Electricity Charges,LS 703803,01-08-2025,,,, Electricity Charges ,301003,,1100,
ME-2025-0001564,301003,Electricity Charges,LS 704804,01-08-2025,,,, Electricity Charges ,301003,,1100,
ME-2025-0001586,301003,Electricity Charges,LS 602,01-08-2025,,,, Electricity Charges ,301003,,550,
ME-2025-0001625,301003,Electricity Charges,LS 101,01-09-2025,,,, Electricity Charges ,301003,,550,
ME-2025-0001635,301003,Electricity Charges,LS 102,01-09-2025,,,, Electricity Charges ,301003,,550,
ME-2025-0001646,301003,Electricity Charges,LS 103,01-09-2025,,,, Electricity Charges ,301003,,550,
ME-2025-0001655,301003,Electricity Charges,LS 104,01-09-2025,,,, Electricity Charges ,301003,,550,
ME-2025-0001664,301003,Electricity Charges,LS 201,01-09-2025,,,, Electricity Charges ,301003,,550,
ME-2025-0001674,301003,Electricity Charges,LS 202,01-09-2025,,,, Electricity Charges ,301003,,550,
ME-2025-0001686,301003,Electricity Charges,LS 203,01-09-2025,,,, Electricity Charges ,301003,,550,
ME-2025-0001696,301003,Electricity Charges,LS 204,01-09-2025,,,, Electricity Charges ,301003,,550,
ME-2025-0001706,301003,Electricity Charges,LS 301,01-09-2025,,,, Electricity Charges ,301003,,550,
ME-2025-0001716,301003,Electricity Charges,LS 302,01-09-2025,,,, Electricity Charges ,301003,,550,
ME-2025-0001727,301003,Electricity Charges,LS 303,01-09-2025,,,, Electricity Charges ,301003,,550,
ME-2025-0001736,301003,Electricity Charges,LS 304,01-09-2025,,,, Electricity Charges ,301003,,550,
ME-2025-0001746,301003,Electricity Charges,LS 401,01-09-2025,,,, Electricity Charges ,301003,,550,
ME-2025-0001756,301003,Electricity Charges,LS 402,01-09-2025,,,, Electricity Charges ,301003,,550,
ME-2025-0001766,301003,Electricity Charges,LS 403,01-09-2025,,,, Electricity Charges ,301003,,550,
ME-2025-0001775,301003,Electricity Charges,LS 404,01-09-2025,,,, Electricity Charges ,301003,,550,
ME-2025-0001785,301003,Electricity Charges,LS 501,01-09-2025,,,, Electricity Charges ,301003,,550,
ME-2025-0001795,301003,Electricity Charges,LS 502,01-09-2025,,,, Electricity Charges ,301003,,550,
ME-2025-0001806,301003,Electricity Charges,LS 503,01-09-2025,,,, Electricity Charges ,301003,,550,
ME-2025-0001818,301003,Electricity Charges,LS 504,01-09-2025,,,, Electricity Charges ,301003,,550,
ME-2025-0001829,301003,Electricity Charges,LS 601,01-09-2025,,,, Electricity Charges ,301003,,550,
ME-2025-0001841,301003,Electricity Charges,LS 602,01-09-2025,,,, Electricity Charges ,301003,,550,
ME-2025-0001852,301003,Electricity Charges,LS 603,01-09-2025,,,, Electricity Charges ,301003,,550,
ME-2025-0001862,301003,Electricity Charges,LS 604,01-09-2025,,,, Electricity Charges ,301003,,550,
ME-2025-0001872,301003,Electricity Charges,LS 701801,01-09-2025,,,, Electricity Charges ,301003,,1100,
ME-2025-0001884,301003,Electricity Charges,LS 702802,01-09-2025,,,, Electricity Charges ,301003,,1100,
ME-2025-0001895,301003,Electricity Charges,LS 703803,01-09-2025,,,, Electricity Charges ,301003,,1100,
ME-2025-0001906,301003,Electricity Charges,LS 704804,01-09-2025,,,, Electricity Charges ,301003,,1100,
ME-2025-0001939,301003,Electricity Charges,LS 101,01-10-2025,,,, Electricity Charges ,301003,,550,
ME-2025-0001949,301003,Electricity Charges,LS 102,01-10-2025,,,, Electricity Charges ,301003,,550,
ME-2025-0001960,301003,Electricity Charges,LS 103,01-10-2025,,,, Electricity Charges ,301003,,550,
ME-2025-0001969,301003,Electricity Charges,LS 104,01-10-2025,,,, Electricity Charges ,301003,,550,
ME-2025-0001978,301003,Electricity Charges,LS 201,01-10-2025,,,, Electricity Charges ,301003,,550,
ME-2025-0001987,301003,Electricity Charges,LS 202,01-10-2025,,,, Electricity Charges ,301003,,550,
ME-2025-0001997,301003,Electricity Charges,LS 203,01-10-2025,,,, Electricity Charges ,301003,,550,
ME-2025-0002007,301003,Electricity Charges,LS 204,01-10-2025,,,, Electricity Charges ,301003,,550,
ME-2025-0002017,301003,Electricity Charges,LS 301,01-10-2025,,,, Electricity Charges ,301003,,550,
ME-2025-0002027,301003,Electricity Charges,LS 302,01-10-2025,,,, Electricity Charges ,301003,,550,
ME-2025-0002038,301003,Electricity Charges,LS 303,01-10-2025,,,, Electricity Charges ,301003,,550,
ME-2025-0002047,301003,Electricity Charges,LS 304,01-10-2025,,,, Electricity Charges ,301003,,550,
ME-2025-0002057,301003,Electricity Charges,LS 401,01-10-2025,,,, Electricity Charges ,301003,,550,
ME-2025-0002067,301003,Electricity Charges,LS 402,01-10-2025,,,, Electricity Charges ,301003,,550,
ME-2025-0002076,301003,Electricity Charges,LS 403,01-10-2025,,,, Electricity Charges ,301003,,550,
ME-2025-0002085,301003,Electricity Charges,LS 404,01-10-2025,,,, Electricity Charges ,301003,,550,
ME-2025-0002095,301003,Electricity Charges,LS 501,01-10-2025,,,, Electricity Charges ,301003,,550,
ME-2025-0002104,301003,Electricity Charges,LS 502,01-10-2025,,,, Electricity Charges ,301003,,550,
ME-2025-0002114,301003,Electricity Charges,LS 503,01-10-2025,,,, Electricity Charges ,301003,,550,
ME-2025-0002125,301003,Electricity Charges,LS 504,01-10-2025,,,, Electricity Charges ,301003,,550,
ME-2025-0002137,301003,Electricity Charges,LS 601,01-10-2025,,,, Electricity Charges ,301003,,550,
ME-2025-0002148,301003,Electricity Charges,LS 602,01-10-2025,,,, Electricity Charges ,301003,,550,
ME-2025-0002159,301003,Electricity Charges,LS 603,01-10-2025,,,, Electricity Charges ,301003,,550,
ME-2025-0002168,301003,Electricity Charges,LS 604,01-10-2025,,,, Electricity Charges ,301003,,550,
ME-2025-0002178,301003,Electricity Charges,LS 701801,01-10-2025,,,, Electricity Charges ,301003,,1100,
ME-2025-0002189,301003,Electricity Charges,LS 702802,01-10-2025,,,, Electricity Charges ,301003,,1100,
ME-2025-0002200,301003,Electricity Charges,LS 703803,01-10-2025,,,, Electricity Charges ,301003,,1100,
ME-2025-0002211,301003,Electricity Charges,LS 704804,01-10-2025,,,, Electricity Charges ,301003,,1100,
ME-2025-0002246,301003,Electricity Charges,LS 101,01-11-2025,,,, Electricity Charges ,301003,,550,
ME-2025-0002256,301003,Electricity Charges,LS 102,01-11-2025,,,, Electricity Charges ,301003,,550,
ME-2025-0002267,301003,Electricity Charges,LS 103,01-11-2025,,,, Electricity Charges ,301003,,550,
ME-2025-0002276,301003,Electricity Charges,LS 104,01-11-2025,,,, Electricity Charges ,301003,,550,
ME-2025-0002285,301003,Electricity Charges,LS 201,01-11-2025,,,, Electricity Charges ,301003,,550,
ME-2025-0002294,301003,Electricity Charges,LS 202,01-11-2025,,,, Electricity Charges ,301003,,550,
ME-2025-0002304,301003,Electricity Charges,LS 203,01-11-2025,,,, Electricity Charges ,301003,,550,
ME-2025-0002314,301003,Electricity Charges,LS 204,01-11-2025,,,, Electricity Charges ,301003,,550,
ME-2025-0002323,301003,Electricity Charges,LS 301,01-11-2025,,,, Electricity Charges ,301003,,550,
ME-2025-0002334,301003,Electricity Charges,LS 302,01-11-2025,,,, Electricity Charges ,301003,,550,
ME-2025-0002345,301003,Electricity Charges,LS 303,01-11-2025,,,, Electricity Charges ,301003,,550,
ME-2025-0002354,301003,Electricity Charges,LS 304,01-11-2025,,,, Electricity Charges ,301003,,550,
ME-2025-0002364,301003,Electricity Charges,LS 401,01-11-2025,,,, Electricity Charges ,301003,,550,
ME-2025-0002374,301003,Electricity Charges,LS 402,01-11-2025,,,, Electricity Charges ,301003,,550,
ME-2025-0002383,301003,Electricity Charges,LS 403,01-11-2025,,,, Electricity Charges ,301003,,550,
ME-2025-0002392,301003,Electricity Charges,LS 404,01-11-2025,,,, Electricity Charges ,301003,,550,
ME-2025-0002402,301003,Electricity Charges,LS 501,01-11-2025,,,, Electricity Charges ,301003,,550,
ME-2025-0002411,301003,Electricity Charges,LS 502,01-11-2025,,,, Electricity Charges ,301003,,550,
ME-2025-0002421,301003,Electricity Charges,LS 503,01-11-2025,,,, Electricity Charges ,301003,,550,
ME-2025-0002432,301003,Electricity Charges,LS 504,01-11-2025,,,, Electricity Charges ,301003,,550,
ME-2025-0002443,301003,Electricity Charges,LS 601,01-11-2025,,,, Electricity Charges ,301003,,550,
ME-2025-0002454,301003,Electricity Charges,LS 602,01-11-2025,,,, Electricity Charges ,301003,,550,
ME-2025-0002465,301003,Electricity Charges,LS 603,01-11-2025,,,, Electricity Charges ,301003,,550,
ME-2025-0002474,301003,Electricity Charges,LS 604,01-11-2025,,,, Electricity Charges ,301003,,550,
ME-2025-0002484,301003,Electricity Charges,LS 701801,01-11-2025,,,, Electricity Charges ,301003,,1100,
ME-2025-0002495,301003,Electricity Charges,LS 702802,01-11-2025,,,, Electricity Charges ,301003,,1100,
ME-2025-0002506,301003,Electricity Charges,LS 703803,01-11-2025,,,, Electricity Charges ,301003,,1100,
ME-2025-0002516,301003,Electricity Charges,LS 704804,01-11-2025,,,, Electricity Charges ,301003,,1100,
ME-2025-0002553,301003,Electricity Charges,LS 101,01-12-2025,,,, Electricity Charges ,301003,,550,
ME-2025-0002563,301003,Electricity Charges,LS 102,01-12-2025,,,, Electricity Charges ,301003,,550,
ME-2025-0002574,301003,Electricity Charges,LS 103,01-12-2025,,,, Electricity Charges ,301003,,550,
ME-2025-0002583,301003,Electricity Charges,LS 201,01-12-2025,,,, Electricity Charges ,301003,,550,
ME-2025-0002592,301003,Electricity Charges,LS 202,01-12-2025,,,, Electricity Charges ,301003,,550,
ME-2025-0002602,301003,Electricity Charges,LS 203,01-12-2025,,,, Electricity Charges ,301003,,550,
ME-2025-0002613,301003,Electricity Charges,LS 204,01-12-2025,,,, Electricity Charges ,301003,,550,
ME-2025-0002623,301003,Electricity Charges,LS 301,01-12-2025,,,, Electricity Charges ,301003,,550,
ME-2025-0002634,301003,Electricity Charges,LS 302,01-12-2025,,,, Electricity Charges ,301003,,550,
ME-2025-0002645,301003,Electricity Charges,LS 303,01-12-2025,,,, Electricity Charges ,301003,,550,
ME-2025-0002654,301003,Electricity Charges,LS 304,01-12-2025,,,, Electricity Charges ,301003,,550,
ME-2025-0002664,301003,Electricity Charges,LS 401,01-12-2025,,,, Electricity Charges ,301003,,550,
ME-2025-0002674,301003,Electricity Charges,LS 402,01-12-2025,,,, Electricity Charges ,301003,,550,
ME-2025-0002683,301003,Electricity Charges,LS 403,01-12-2025,,,, Electricity Charges ,301003,,550,
ME-2025-0002692,301003,Electricity Charges,LS 404,01-12-2025,,,, Electricity Charges ,301003,,550,
ME-2025-0002702,301003,Electricity Charges,LS 501,01-12-2025,,,, Electricity Charges ,301003,,550,
ME-2025-0002711,301003,Electricity Charges,LS 502,01-12-2025,,,, Electricity Charges ,301003,,550,
ME-2025-0002721,301003,Electricity Charges,LS 503,01-12-2025,,,, Electricity Charges ,301003,,550,
ME-2025-0002732,301003,Electricity Charges,LS 504,01-12-2025,,,, Electricity Charges ,301003,,550,
ME-2025-0002743,301003,Electricity Charges,LS 601,01-12-2025,,,, Electricity Charges ,301003,,550,
ME-2025-0002754,301003,Electricity Charges,LS 602,01-12-2025,,,, Electricity Charges ,301003,,550,
ME-2025-0002765,301003,Electricity Charges,LS 603,01-12-2025,,,, Electricity Charges ,301003,,550,
ME-2025-0002774,301003,Electricity Charges,LS 604,01-12-2025,,,, Electricity Charges ,301003,,550,
ME-2025-0002784,301003,Electricity Charges,LS 701801,01-12-2025,,,, Electricity Charges ,301003,,1100,
ME-2025-0002795,301003,Electricity Charges,LS 702802,01-12-2025,,,, Electricity Charges ,301003,,1100,
ME-2025-0002806,301003,Electricity Charges,LS 703803,01-12-2025,,,, Electricity Charges ,301003,,1100,
ME-2025-0002816,301003,Electricity Charges,LS 704804,01-12-2025,,,, Electricity Charges ,301003,,1100,
ME-2025-0002829,301003,Electricity Charges,LS 104,01-12-2025,,,, Electricity Charges ,301003,,550,
ME-2025-0002864,301003,Electricity Charges,LS 101,01-01-2026,,,, Electricity Charges ,301003,,550,
ME-2025-0002874,301003,Electricity Charges,LS 102,01-01-2026,,,, Electricity Charges ,301003,,550,
ME-2025-0002885,301003,Electricity Charges,LS 103,01-01-2026,,,, Electricity Charges ,301003,,550,
ME-2025-0002894,301003,Electricity Charges,LS 104,01-01-2026,,,, Electricity Charges ,301003,,550,
ME-2025-0002903,301003,Electricity Charges,LS 201,01-01-2026,,,, Electricity Charges ,301003,,550,
ME-2025-0002912,301003,Electricity Charges,LS 202,01-01-2026,,,, Electricity Charges ,301003,,550,
ME-2025-0002922,301003,Electricity Charges,LS 203,01-01-2026,,,, Electricity Charges ,301003,,550,
ME-2025-0002933,301003,Electricity Charges,LS 204,01-01-2026,,,, Electricity Charges ,301003,,550,
ME-2025-0002943,301003,Electricity Charges,LS 301,01-01-2026,,,, Electricity Charges ,301003,,550,
ME-2025-0002953,301003,Electricity Charges,LS 302,01-01-2026,,,, Electricity Charges ,301003,,550,
ME-2025-0002964,301003,Electricity Charges,LS 303,01-01-2026,,,, Electricity Charges ,301003,,550,
ME-2025-0002973,301003,Electricity Charges,LS 304,01-01-2026,,,, Electricity Charges ,301003,,550,
ME-2025-0002983,301003,Electricity Charges,LS 401,01-01-2026,,,, Electricity Charges ,301003,,550,
ME-2025-0002993,301003,Electricity Charges,LS 402,01-01-2026,,,, Electricity Charges ,301003,,550,
ME-2025-0003002,301003,Electricity Charges,LS 403,01-01-2026,,,, Electricity Charges ,301003,,550,
ME-2025-0003011,301003,Electricity Charges,LS 404,01-01-2026,,,, Electricity Charges ,301003,,550,
ME-2025-0003021,301003,Electricity Charges,LS 501,01-01-2026,,,, Electricity Charges ,301003,,550,
ME-2025-0003030,301003,Electricity Charges,LS 502,01-01-2026,,,, Electricity Charges ,301003,,550,
ME-2025-0003040,301003,Electricity Charges,LS 503,01-01-2026,,,, Electricity Charges ,301003,,550,
ME-2025-0003051,301003,Electricity Charges,LS 504,01-01-2026,,,, Electricity Charges ,301003,,550,
ME-2025-0003062,301003,Electricity Charges,LS 601,01-01-2026,,,, Electricity Charges ,301003,,550,
ME-2025-0003073,301003,Electricity Charges,LS 602,01-01-2026,,,, Electricity Charges ,301003,,550,
ME-2025-0003084,301003,Electricity Charges,LS 603,01-01-2026,,,, Electricity Charges ,301003,,550,
ME-2025-0003093,301003,Electricity Charges,LS 604,01-01-2026,,,, Electricity Charges ,301003,,550,
ME-2025-0003103,301003,Electricity Charges,LS 701801,01-01-2026,,,, Electricity Charges ,301003,,1100,
ME-2025-0003114,301003,Electricity Charges,LS 702802,01-01-2026,,,, Electricity Charges ,301003,,1100,
ME-2025-0003125,301003,Electricity Charges,LS 703803,01-01-2026,,,, Electricity Charges ,301003,,1100,
ME-2025-0003135,301003,Electricity Charges,LS 704804,01-01-2026,,,, Electricity Charges ,301003,,1100,
ME-2025-0003166,301003,Electricity Charges,LS 101,01-02-2026,,,, Electricity Charges ,301003,,550,
ME-2025-0003176,301003,Electricity Charges,LS 102,01-02-2026,,,, Electricity Charges ,301003,,550,
ME-2025-0003187,301003,Electricity Charges,LS 103,01-02-2026,,,, Electricity Charges ,301003,,550,
ME-2025-0003196,301003,Electricity Charges,LS 104,01-02-2026,,,, Electricity Charges ,301003,,550,
ME-2025-0003205,301003,Electricity Charges,LS 201,01-02-2026,,,, Electricity Charges ,301003,,550,
ME-2025-0003214,301003,Electricity Charges,LS 202,01-02-2026,,,, Electricity Charges ,301003,,550,
ME-2025-0003224,301003,Electricity Charges,LS 203,01-02-2026,,,, Electricity Charges ,301003,,550,
ME-2025-0003235,301003,Electricity Charges,LS 204,01-02-2026,,,, Electricity Charges ,301003,,550,
ME-2025-0003245,301003,Electricity Charges,LS 301,01-02-2026,,,, Electricity Charges ,301003,,550,
ME-2025-0003255,301003,Electricity Charges,LS 302,01-02-2026,,,, Electricity Charges ,301003,,550,
ME-2025-0003266,301003,Electricity Charges,LS 303,01-02-2026,,,, Electricity Charges ,301003,,550,
ME-2025-0003275,301003,Electricity Charges,LS 304,01-02-2026,,,, Electricity Charges ,301003,,550,
ME-2025-0003285,301003,Electricity Charges,LS 401,01-02-2026,,,, Electricity Charges ,301003,,550,
ME-2025-0003295,301003,Electricity Charges,LS 402,01-02-2026,,,, Electricity Charges ,301003,,550,
ME-2025-0003304,301003,Electricity Charges,LS 403,01-02-2026,,,, Electricity Charges ,301003,,550,
ME-2025-0003313,301003,Electricity Charges,LS 404,01-02-2026,,,, Electricity Charges ,301003,,550,
ME-2025-0003323,301003,Electricity Charges,LS 501,01-02-2026,,,, Electricity Charges ,301003,,550,
ME-2025-0003332,301003,Electricity Charges,LS 502,01-02-2026,,,, Electricity Charges ,301003,,550,
ME-2025-0003342,301003,Electricity Charges,LS 503,01-02-2026,,,, Electricity Charges ,301003,,550,
ME-2025-0003353,301003,Electricity Charges,LS 504,01-02-2026,,,, Electricity Charges ,301003,,550,
ME-2025-0003364,301003,Electricity Charges,LS 601,01-02-2026,,,, Electricity Charges ,301003,,550,
ME-2025-0003375,301003,Electricity Charges,LS 602,01-02-2026,,,, Electricity Charges ,301003,,550,
ME-2025-0003386,301003,Electricity Charges,LS 603,01-02-2026,,,, Electricity Charges ,301003,,550,
ME-2025-0003395,301003,Electricity Charges,LS 604,01-02-2026,,,, Electricity Charges ,301003,,550,
ME-2025-0003405,301003,Electricity Charges,LS 701801,01-02-2026,,,, Electricity Charges ,301003,,1100,
ME-2025-0003416,301003,Electricity Charges,LS 702802,01-02-2026,,,, Electricity Charges ,301003,,1100,
ME-2025-0003428,301003,Electricity Charges,LS 703803,01-02-2026,,,, Electricity Charges ,301003,,1100,
ME-2025-0003438,301003,Electricity Charges,LS 704804,01-02-2026,,,, Electricity Charges ,301003,,1100,
ME-2025-0003477,301003,Electricity Charges,LS 101,01-03-2026,,,, Electricity Charges ,301003,,550,
ME-2025-0003487,301003,Electricity Charges,LS 102,01-03-2026,,,, Electricity Charges ,301003,,550,
ME-2025-0003498,301003,Electricity Charges,LS 103,01-03-2026,,,, Electricity Charges ,301003,,550,
ME-2025-0003507,301003,Electricity Charges,LS 104,01-03-2026,,,, Electricity Charges ,301003,,550,
ME-2025-0003516,301003,Electricity Charges,LS 201,01-03-2026,,,, Electricity Charges ,301003,,550,
ME-2025-0003525,301003,Electricity Charges,LS 202,01-03-2026,,,, Electricity Charges ,301003,,550,
ME-2025-0003535,301003,Electricity Charges,LS 203,01-03-2026,,,, Electricity Charges ,301003,,550,
ME-2025-0003545,301003,Electricity Charges,LS 204,01-03-2026,,,, Electricity Charges ,301003,,550,
ME-2025-0003555,301003,Electricity Charges,LS 301,01-03-2026,,,, Electricity Charges ,301003,,550,
ME-2025-0003565,301003,Electricity Charges,LS 302,01-03-2026,,,, Electricity Charges ,301003,,550,
ME-2025-0003576,301003,Electricity Charges,LS 303,01-03-2026,,,, Electricity Charges ,301003,,550,
ME-2025-0003585,301003,Electricity Charges,LS 304,01-03-2026,,,, Electricity Charges ,301003,,550,
ME-2025-0003595,301003,Electricity Charges,LS 401,01-03-2026,,,, Electricity Charges ,301003,,550,
ME-2025-0003605,301003,Electricity Charges,LS 402,01-03-2026,,,, Electricity Charges ,301003,,550,
ME-2025-0003614,301003,Electricity Charges,LS 403,01-03-2026,,,, Electricity Charges ,301003,,550,
ME-2025-0003623,301003,Electricity Charges,LS 404,01-03-2026,,,, Electricity Charges ,301003,,550,
ME-2025-0003633,301003,Electricity Charges,LS 501,01-03-2026,,,, Electricity Charges ,301003,,550,
ME-2025-0003642,301003,Electricity Charges,LS 502,01-03-2026,,,, Electricity Charges ,301003,,550,
ME-2025-0003652,301003,Electricity Charges,LS 503,01-03-2026,,,, Electricity Charges ,301003,,550,
ME-2025-0003663,301003,Electricity Charges,LS 504,01-03-2026,,,, Electricity Charges ,301003,,550,
ME-2025-0003674,301003,Electricity Charges,LS 601,01-03-2026,,,, Electricity Charges ,301003,,550,
ME-2025-0003685,301003,Electricity Charges,LS 602,01-03-2026,,,, Electricity Charges ,301003,,550,
ME-2025-0003696,301003,Electricity Charges,LS 603,01-03-2026,,,, Electricity Charges ,301003,,550,
ME-2025-0003705,301003,Electricity Charges,LS 604,01-03-2026,,,, Electricity Charges ,301003,,550,
ME-2025-0003715,301003,Electricity Charges,LS 701801,01-03-2026,,,, Electricity Charges ,301003,,1100,
ME-2025-0003726,301003,Electricity Charges,LS 702802,01-03-2026,,,, Electricity Charges ,301003,,1100,
ME-2025-0003737,301003,Electricity Charges,LS 703803,01-03-2026,,,, Electricity Charges ,301003,,1100,
ME-2025-0003747,301003,Electricity Charges,LS 704804,01-03-2026,,,, Electricity Charges ,301003,,1100,

"Balance : 211200(Credit)","","","","","","","","","","0","211200",

"Income - Members > Water Charges ( 301004 ) ",
"Journal No","Other GL No.","Other Account","Subledger","Posted Date","Comments","Instrument No.","Instrument Bank","Account Name","GL Account No.","Debit","Credit",
"","","","","","Opening Balance","",""," Water Charges ","301004","","",
ME-2025-0000012,301004,Water Charges,LS 101,01-04-2025,,,, Water Charges ,301004,,125,
ME-2025-0000022,301004,Water Charges,LS 102,01-04-2025,,,, Water Charges ,301004,,125,
ME-2025-0000033,301004,Water Charges,LS 103,01-04-2025,,,, Water Charges ,301004,,125,
ME-2025-0000042,301004,Water Charges,LS 104,01-04-2025,,,, Water Charges ,301004,,125,
ME-2025-0000051,301004,Water Charges,LS 201,01-04-2025,,,, Water Charges ,301004,,125,
ME-2025-0000060,301004,Water Charges,LS 202,01-04-2025,,,, Water Charges ,301004,,125,
ME-2025-0000072,301004,Water Charges,LS 203,01-04-2025,,,, Water Charges ,301004,,125,
ME-2025-0000082,301004,Water Charges,LS 204,01-04-2025,,,, Water Charges ,301004,,125,
ME-2025-0000092,301004,Water Charges,LS 301,01-04-2025,,,, Water Charges ,301004,,125,
ME-2025-0000101,301004,Water Charges,LS 302,01-04-2025,,,, Water Charges ,301004,,125,
ME-2025-0000112,301004,Water Charges,LS 303,01-04-2025,,,, Water Charges ,301004,,125,
ME-2025-0000122,301004,Water Charges,LS 304,01-04-2025,,,, Water Charges ,301004,,125,
ME-2025-0000132,301004,Water Charges,LS 401,01-04-2025,,,, Water Charges ,301004,,125,
ME-2025-0000141,301004,Water Charges,LS 402,01-04-2025,,,, Water Charges ,301004,,125,
ME-2025-0000150,301004,Water Charges,LS 403,01-04-2025,,,, Water Charges ,301004,,125,
ME-2025-0000160,301004,Water Charges,LS 404,01-04-2025,,,, Water Charges ,301004,,125,
ME-2025-0000169,301004,Water Charges,LS 501,01-04-2025,,,, Water Charges ,301004,,125,
ME-2025-0000179,301004,Water Charges,LS 502,01-04-2025,,,, Water Charges ,301004,,125,
ME-2025-0000190,301004,Water Charges,LS 503,01-04-2025,,,, Water Charges ,301004,,125,
ME-2025-0000202,301004,Water Charges,LS 504,01-04-2025,,,, Water Charges ,301004,,125,
ME-2025-0000214,301004,Water Charges,LS 601,01-04-2025,,,, Water Charges ,301004,,125,
ME-2025-0000226,301004,Water Charges,LS 602,01-04-2025,,,, Water Charges ,301004,,125,
ME-2025-0000236,301004,Water Charges,LS 603,01-04-2025,,,, Water Charges ,301004,,125,
ME-2025-0000246,301004,Water Charges,LS 604,01-04-2025,,,, Water Charges ,301004,,125,
ME-2025-0000256,301004,Water Charges,LS 701801,01-04-2025,,,, Water Charges ,301004,,250,
ME-2025-0000268,301004,Water Charges,LS 702802,01-04-2025,,,, Water Charges ,301004,,250,
ME-2025-0000279,301004,Water Charges,LS 703803,01-04-2025,,,, Water Charges ,301004,,250,
ME-2025-0000289,301004,Water Charges,LS 704804,01-04-2025,,,, Water Charges ,301004,,250,
ME-2025-0000326,301004,Water Charges,LS 101,01-05-2025,,,, Water Charges ,301004,,125,
ME-2025-0000336,301004,Water Charges,LS 102,01-05-2025,,,, Water Charges ,301004,,125,
ME-2025-0000347,301004,Water Charges,LS 103,01-05-2025,,,, Water Charges ,301004,,125,
ME-2025-0000356,301004,Water Charges,LS 104,01-05-2025,,,, Water Charges ,301004,,125,
ME-2025-0000365,301004,Water Charges,LS 201,01-05-2025,,,, Water Charges ,301004,,125,
ME-2025-0000374,301004,Water Charges,LS 202,01-05-2025,,,, Water Charges ,301004,,125,
ME-2025-0000386,301004,Water Charges,LS 203,01-05-2025,,,, Water Charges ,301004,,125,
ME-2025-0000396,301004,Water Charges,LS 204,01-05-2025,,,, Water Charges ,301004,,125,
ME-2025-0000407,301004,Water Charges,LS 301,01-05-2025,,,, Water Charges ,301004,,125,
ME-2025-0000416,301004,Water Charges,LS 302,01-05-2025,,,, Water Charges ,301004,,125,
ME-2025-0000427,301004,Water Charges,LS 303,01-05-2025,,,, Water Charges ,301004,,125,
ME-2025-0000437,301004,Water Charges,LS 304,01-05-2025,,,, Water Charges ,301004,,125,
ME-2025-0000447,301004,Water Charges,LS 401,01-05-2025,,,, Water Charges ,301004,,125,
ME-2025-0000456,301004,Water Charges,LS 402,01-05-2025,,,, Water Charges ,301004,,125,
ME-2025-0000466,301004,Water Charges,LS 403,01-05-2025,,,, Water Charges ,301004,,125,
ME-2025-0000476,301004,Water Charges,LS 404,01-05-2025,,,, Water Charges ,301004,,125,
ME-2025-0000485,301004,Water Charges,LS 501,01-05-2025,,,, Water Charges ,301004,,125,
ME-2025-0000495,301004,Water Charges,LS 502,01-05-2025,,,, Water Charges ,301004,,125,
ME-2025-0000506,301004,Water Charges,LS 503,01-05-2025,,,, Water Charges ,301004,,125,
ME-2025-0000518,301004,Water Charges,LS 504,01-05-2025,,,, Water Charges ,301004,,125,
ME-2025-0000530,301004,Water Charges,LS 601,01-05-2025,,,, Water Charges ,301004,,125,
ME-2025-0000542,301004,Water Charges,LS 602,01-05-2025,,,, Water Charges ,301004,,125,
ME-2025-0000552,301004,Water Charges,LS 603,01-05-2025,,,, Water Charges ,301004,,125,
ME-2025-0000562,301004,Water Charges,LS 604,01-05-2025,,,, Water Charges ,301004,,125,
ME-2025-0000572,301004,Water Charges,LS 701801,01-05-2025,,,, Water Charges ,301004,,250,
ME-2025-0000584,301004,Water Charges,LS 702802,01-05-2025,,,, Water Charges ,301004,,250,
ME-2025-0000595,301004,Water Charges,LS 703803,01-05-2025,,,, Water Charges ,301004,,250,
ME-2025-0000605,301004,Water Charges,LS 704804,01-05-2025,,,, Water Charges ,301004,,250,
ME-2025-0000646,301004,Water Charges,LS 101,01-06-2025,,,, Water Charges ,301004,,125,
ME-2025-0000656,301004,Water Charges,LS 102,01-06-2025,,,, Water Charges ,301004,,125,
ME-2025-0000667,301004,Water Charges,LS 103,01-06-2025,,,, Water Charges ,301004,,125,
ME-2025-0000676,301004,Water Charges,LS 104,01-06-2025,,,, Water Charges ,301004,,125,
ME-2025-0000685,301004,Water Charges,LS 201,01-06-2025,,,, Water Charges ,301004,,125,
ME-2025-0000694,301004,Water Charges,LS 202,01-06-2025,,,, Water Charges ,301004,,125,
ME-2025-0000706,301004,Water Charges,LS 203,01-06-2025,,,, Water Charges ,301004,,125,
ME-2025-0000716,301004,Water Charges,LS 204,01-06-2025,,,, Water Charges ,301004,,125,
ME-2025-0000727,301004,Water Charges,LS 301,01-06-2025,,,, Water Charges ,301004,,125,
ME-2025-0000736,301004,Water Charges,LS 302,01-06-2025,,,, Water Charges ,301004,,125,
ME-2025-0000747,301004,Water Charges,LS 303,01-06-2025,,,, Water Charges ,301004,,125,
ME-2025-0000757,301004,Water Charges,LS 304,01-06-2025,,,, Water Charges ,301004,,125,
ME-2025-0000767,301004,Water Charges,LS 401,01-06-2025,,,, Water Charges ,301004,,125,
ME-2025-0000776,301004,Water Charges,LS 402,01-06-2025,,,, Water Charges ,301004,,125,
ME-2025-0000786,301004,Water Charges,LS 403,01-06-2025,,,, Water Charges ,301004,,125,
ME-2025-0000796,301004,Water Charges,LS 404,01-06-2025,,,, Water Charges ,301004,,125,
ME-2025-0000805,301004,Water Charges,LS 501,01-06-2025,,,, Water Charges ,301004,,125,
ME-2025-0000815,301004,Water Charges,LS 502,01-06-2025,,,, Water Charges ,301004,,125,
ME-2025-0000826,301004,Water Charges,LS 503,01-06-2025,,,, Water Charges ,301004,,125,
ME-2025-0000838,301004,Water Charges,LS 504,01-06-2025,,,, Water Charges ,301004,,125,
ME-2025-0000850,301004,Water Charges,LS 601,01-06-2025,,,, Water Charges ,301004,,125,
ME-2025-0000872,301004,Water Charges,LS 603,01-06-2025,,,, Water Charges ,301004,,125,
ME-2025-0000882,301004,Water Charges,LS 604,01-06-2025,,,, Water Charges ,301004,,125,
ME-2025-0000892,301004,Water Charges,LS 701801,01-06-2025,,,, Water Charges ,301004,,250,
ME-2025-0000904,301004,Water Charges,LS 702802,01-06-2025,,,, Water Charges ,301004,,250,
ME-2025-0000915,301004,Water Charges,LS 703803,01-06-2025,,,, Water Charges ,301004,,250,
ME-2025-0000925,301004,Water Charges,LS 704804,01-06-2025,,,, Water Charges ,301004,,250,
ME-2025-0000950,301004,Water Charges,LS 602,01-06-2025,,,, Water Charges ,301004,,125,
ME-2025-0000987,301004,Water Charges,LS 101,01-07-2025,,,, Water Charges ,301004,,125,
ME-2025-0000997,301004,Water Charges,LS 102,01-07-2025,,,, Water Charges ,301004,,125,
ME-2025-0001008,301004,Water Charges,LS 103,01-07-2025,,,, Water Charges ,301004,,125,
ME-2025-0001017,301004,Water Charges,LS 104,01-07-2025,,,, Water Charges ,301004,,125,
ME-2025-0001026,301004,Water Charges,LS 201,01-07-2025,,,, Water Charges ,301004,,125,
ME-2025-0001035,301004,Water Charges,LS 202,01-07-2025,,,, Water Charges ,301004,,125,
ME-2025-0001047,301004,Water Charges,LS 203,01-07-2025,,,, Water Charges ,301004,,125,
ME-2025-0001057,301004,Water Charges,LS 204,01-07-2025,,,, Water Charges ,301004,,125,
ME-2025-0001067,301004,Water Charges,LS 301,01-07-2025,,,, Water Charges ,301004,,125,
ME-2025-0001076,301004,Water Charges,LS 302,01-07-2025,,,, Water Charges ,301004,,125,
ME-2025-0001087,301004,Water Charges,LS 303,01-07-2025,,,, Water Charges ,301004,,125,
ME-2025-0001097,301004,Water Charges,LS 304,01-07-2025,,,, Water Charges ,301004,,125,
ME-2025-0001107,301004,Water Charges,LS 401,01-07-2025,,,, Water Charges ,301004,,125,
ME-2025-0001116,301004,Water Charges,LS 402,01-07-2025,,,, Water Charges ,301004,,125,
ME-2025-0001126,301004,Water Charges,LS 403,01-07-2025,,,, Water Charges ,301004,,125,
ME-2025-0001136,301004,Water Charges,LS 404,01-07-2025,,,, Water Charges ,301004,,125,
ME-2025-0001145,301004,Water Charges,LS 501,01-07-2025,,,, Water Charges ,301004,,125,
ME-2025-0001155,301004,Water Charges,LS 502,01-07-2025,,,, Water Charges ,301004,,125,
ME-2025-0001166,301004,Water Charges,LS 503,01-07-2025,,,, Water Charges ,301004,,125,
ME-2025-0001178,301004,Water Charges,LS 504,01-07-2025,,,, Water Charges ,301004,,125,
ME-2025-0001190,301004,Water Charges,LS 601,01-07-2025,,,, Water Charges ,301004,,125,
ME-2025-0001200,301004,Water Charges,LS 602,01-07-2025,,,, Water Charges ,301004,,125,
ME-2025-0001209,301004,Water Charges,LS 603,01-07-2025,,,, Water Charges ,301004,,125,
ME-2025-0001219,301004,Water Charges,LS 604,01-07-2025,,,, Water Charges ,301004,,125,
ME-2025-0001229,301004,Water Charges,LS 701801,01-07-2025,,,, Water Charges ,301004,,250,
ME-2025-0001241,301004,Water Charges,LS 702802,01-07-2025,,,, Water Charges ,301004,,250,
ME-2025-0001252,301004,Water Charges,LS 703803,01-07-2025,,,, Water Charges ,301004,,250,
ME-2025-0001262,301004,Water Charges,LS 704804,01-07-2025,,,, Water Charges ,301004,,250,
ME-2025-0001295,301004,Water Charges,LS 101,01-08-2025,,,, Water Charges ,301004,,125,
ME-2025-0001305,301004,Water Charges,LS 102,01-08-2025,,,, Water Charges ,301004,,125,
ME-2025-0001316,301004,Water Charges,LS 103,01-08-2025,,,, Water Charges ,301004,,125,
ME-2025-0001326,301004,Water Charges,LS 104,01-08-2025,,,, Water Charges ,301004,,125,
ME-2025-0001335,301004,Water Charges,LS 201,01-08-2025,,,, Water Charges ,301004,,125,
ME-2025-0001345,301004,Water Charges,LS 202,01-08-2025,,,, Water Charges ,301004,,125,
ME-2025-0001357,301004,Water Charges,LS 203,01-08-2025,,,, Water Charges ,301004,,125,
ME-2025-0001367,301004,Water Charges,LS 204,01-08-2025,,,, Water Charges ,301004,,125,
ME-2025-0001377,301004,Water Charges,LS 301,01-08-2025,,,, Water Charges ,301004,,125,
ME-2025-0001386,301004,Water Charges,LS 302,01-08-2025,,,, Water Charges ,301004,,125,
ME-2025-0001397,301004,Water Charges,LS 303,01-08-2025,,,, Water Charges ,301004,,125,
ME-2025-0001407,301004,Water Charges,LS 304,01-08-2025,,,, Water Charges ,301004,,125,
ME-2025-0001417,301004,Water Charges,LS 401,01-08-2025,,,, Water Charges ,301004,,125,
ME-2025-0001426,301004,Water Charges,LS 402,01-08-2025,,,, Water Charges ,301004,,125,
ME-2025-0001436,301004,Water Charges,LS 403,01-08-2025,,,, Water Charges ,301004,,125,
ME-2025-0001446,301004,Water Charges,LS 404,01-08-2025,,,, Water Charges ,301004,,125,
ME-2025-0001455,301004,Water Charges,LS 501,01-08-2025,,,, Water Charges ,301004,,125,
ME-2025-0001465,301004,Water Charges,LS 502,01-08-2025,,,, Water Charges ,301004,,125,
ME-2025-0001476,301004,Water Charges,LS 503,01-08-2025,,,, Water Charges ,301004,,125,
ME-2025-0001488,301004,Water Charges,LS 504,01-08-2025,,,, Water Charges ,301004,,125,
ME-2025-0001500,301004,Water Charges,LS 601,01-08-2025,,,, Water Charges ,301004,,125,
ME-2025-0001519,301004,Water Charges,LS 603,01-08-2025,,,, Water Charges ,301004,,125,
ME-2025-0001529,301004,Water Charges,LS 604,01-08-2025,,,, Water Charges ,301004,,125,
ME-2025-0001539,301004,Water Charges,LS 701801,01-08-2025,,,, Water Charges ,301004,,250,
ME-2025-0001551,301004,Water Charges,LS 702802,01-08-2025,,,, Water Charges ,301004,,250,
ME-2025-0001562,301004,Water Charges,LS 703803,01-08-2025,,,, Water Charges ,301004,,250,
ME-2025-0001572,301004,Water Charges,LS 704804,01-08-2025,,,, Water Charges ,301004,,250,
ME-2025-0001594,301004,Water Charges,LS 602,01-08-2025,,,, Water Charges ,301004,,125,
ME-2025-0001632,301004,Water Charges,LS 101,01-09-2025,,,, Water Charges ,301004,,125,
ME-2025-0001642,301004,Water Charges,LS 102,01-09-2025,,,, Water Charges ,301004,,125,
ME-2025-0001653,301004,Water Charges,LS 103,01-09-2025,,,, Water Charges ,301004,,125,
ME-2025-0001662,301004,Water Charges,LS 104,01-09-2025,,,, Water Charges ,301004,,125,
ME-2025-0001671,301004,Water Charges,LS 201,01-09-2025,,,, Water Charges ,301004,,125,
ME-2025-0001681,301004,Water Charges,LS 202,01-09-2025,,,, Water Charges ,301004,,125,
ME-2025-0001693,301004,Water Charges,LS 203,01-09-2025,,,, Water Charges ,301004,,125,
ME-2025-0001703,301004,Water Charges,LS 204,01-09-2025,,,, Water Charges ,301004,,125,
ME-2025-0001714,301004,Water Charges,LS 301,01-09-2025,,,, Water Charges ,301004,,125,
ME-2025-0001723,301004,Water Charges,LS 302,01-09-2025,,,, Water Charges ,301004,,125,
ME-2025-0001734,301004,Water Charges,LS 303,01-09-2025,,,, Water Charges ,301004,,125,
ME-2025-0001744,301004,Water Charges,LS 304,01-09-2025,,,, Water Charges ,301004,,125,
ME-2025-0001754,301004,Water Charges,LS 401,01-09-2025,,,, Water Charges ,301004,,125,
ME-2025-0001763,301004,Water Charges,LS 402,01-09-2025,,,, Water Charges ,301004,,125,
ME-2025-0001773,301004,Water Charges,LS 403,01-09-2025,,,, Water Charges ,301004,,125,
ME-2025-0001783,301004,Water Charges,LS 404,01-09-2025,,,, Water Charges ,301004,,125,
ME-2025-0001792,301004,Water Charges,LS 501,01-09-2025,,,, Water Charges ,301004,,125,
ME-2025-0001802,301004,Water Charges,LS 502,01-09-2025,,,, Water Charges ,301004,,125,
ME-2025-0001813,301004,Water Charges,LS 503,01-09-2025,,,, Water Charges ,301004,,125,
ME-2025-0001825,301004,Water Charges,LS 504,01-09-2025,,,, Water Charges ,301004,,125,
ME-2025-0001837,301004,Water Charges,LS 601,01-09-2025,,,, Water Charges ,301004,,125,
ME-2025-0001849,301004,Water Charges,LS 602,01-09-2025,,,, Water Charges ,301004,,125,
ME-2025-0001859,301004,Water Charges,LS 603,01-09-2025,,,, Water Charges ,301004,,125,
ME-2025-0001870,301004,Water Charges,LS 604,01-09-2025,,,, Water Charges ,301004,,125,
ME-2025-0001880,301004,Water Charges,LS 701801,01-09-2025,,,, Water Charges ,301004,,250,
ME-2025-0001892,301004,Water Charges,LS 702802,01-09-2025,,,, Water Charges ,301004,,250,
ME-2025-0001903,301004,Water Charges,LS 703803,01-09-2025,,,, Water Charges ,301004,,250,
ME-2025-0001914,301004,Water Charges,LS 704804,01-09-2025,,,, Water Charges ,301004,,250,
ME-2025-0001946,301004,Water Charges,LS 101,01-10-2025,,,, Water Charges ,301004,,125,
ME-2025-0001956,301004,Water Charges,LS 102,01-10-2025,,,, Water Charges ,301004,,125,
ME-2025-0001967,301004,Water Charges,LS 103,01-10-2025,,,, Water Charges ,301004,,125,
ME-2025-0001976,301004,Water Charges,LS 104,01-10-2025,,,, Water Charges ,301004,,125,
ME-2025-0001985,301004,Water Charges,LS 201,01-10-2025,,,, Water Charges ,301004,,125,
ME-2025-0001994,301004,Water Charges,LS 202,01-10-2025,,,, Water Charges ,301004,,125,
ME-2025-0002004,301004,Water Charges,LS 203,01-10-2025,,,, Water Charges ,301004,,125,
ME-2025-0002014,301004,Water Charges,LS 204,01-10-2025,,,, Water Charges ,301004,,125,
ME-2025-0002025,301004,Water Charges,LS 301,01-10-2025,,,, Water Charges ,301004,,125,
ME-2025-0002034,301004,Water Charges,LS 302,01-10-2025,,,, Water Charges ,301004,,125,
ME-2025-0002045,301004,Water Charges,LS 303,01-10-2025,,,, Water Charges ,301004,,125,
ME-2025-0002055,301004,Water Charges,LS 304,01-10-2025,,,, Water Charges ,301004,,125,
ME-2025-0002065,301004,Water Charges,LS 401,01-10-2025,,,, Water Charges ,301004,,125,
ME-2025-0002074,301004,Water Charges,LS 402,01-10-2025,,,, Water Charges ,301004,,125,
ME-2025-0002083,301004,Water Charges,LS 403,01-10-2025,,,, Water Charges ,301004,,125,
ME-2025-0002093,301004,Water Charges,LS 404,01-10-2025,,,, Water Charges ,301004,,125,
ME-2025-0002102,301004,Water Charges,LS 501,01-10-2025,,,, Water Charges ,301004,,125,
ME-2025-0002111,301004,Water Charges,LS 502,01-10-2025,,,, Water Charges ,301004,,125,
ME-2025-0002121,301004,Water Charges,LS 503,01-10-2025,,,, Water Charges ,301004,,125,
ME-2025-0002132,301004,Water Charges,LS 504,01-10-2025,,,, Water Charges ,301004,,125,
ME-2025-0002145,301004,Water Charges,LS 601,01-10-2025,,,, Water Charges ,301004,,125,
ME-2025-0002156,301004,Water Charges,LS 602,01-10-2025,,,, Water Charges ,301004,,125,
ME-2025-0002166,301004,Water Charges,LS 603,01-10-2025,,,, Water Charges ,301004,,125,
ME-2025-0002176,301004,Water Charges,LS 604,01-10-2025,,,, Water Charges ,301004,,125,
ME-2025-0002186,301004,Water Charges,LS 701801,01-10-2025,,,, Water Charges ,301004,,250,
ME-2025-0002197,301004,Water Charges,LS 702802,01-10-2025,,,, Water Charges ,301004,,250,
ME-2025-0002208,301004,Water Charges,LS 703803,01-10-2025,,,, Water Charges ,301004,,250,
ME-2025-0002219,301004,Water Charges,LS 704804,01-10-2025,,,, Water Charges ,301004,,250,
ME-2025-0002253,301004,Water Charges,LS 101,01-11-2025,,,, Water Charges ,301004,,125,
ME-2025-0002263,301004,Water Charges,LS 102,01-11-2025,,,, Water Charges ,301004,,125,
ME-2025-0002274,301004,Water Charges,LS 103,01-11-2025,,,, Water Charges ,301004,,125,
ME-2025-0002283,301004,Water Charges,LS 104,01-11-2025,,,, Water Charges ,301004,,125,
ME-2025-0002292,301004,Water Charges,LS 201,01-11-2025,,,, Water Charges ,301004,,125,
ME-2025-0002301,301004,Water Charges,LS 202,01-11-2025,,,, Water Charges ,301004,,125,
ME-2025-0002311,301004,Water Charges,LS 203,01-11-2025,,,, Water Charges ,301004,,125,
ME-2025-0002321,301004,Water Charges,LS 204,01-11-2025,,,, Water Charges ,301004,,125,
ME-2025-0002331,301004,Water Charges,LS 301,01-11-2025,,,, Water Charges ,301004,,125,
ME-2025-0002341,301004,Water Charges,LS 302,01-11-2025,,,, Water Charges ,301004,,125,
ME-2025-0002352,301004,Water Charges,LS 303,01-11-2025,,,, Water Charges ,301004,,125,
ME-2025-0002362,301004,Water Charges,LS 304,01-11-2025,,,, Water Charges ,301004,,125,
ME-2025-0002372,301004,Water Charges,LS 401,01-11-2025,,,, Water Charges ,301004,,125,
ME-2025-0002381,301004,Water Charges,LS 402,01-11-2025,,,, Water Charges ,301004,,125,
ME-2025-0002390,301004,Water Charges,LS 403,01-11-2025,,,, Water Charges ,301004,,125,
ME-2025-0002400,301004,Water Charges,LS 404,01-11-2025,,,, Water Charges ,301004,,125,
ME-2025-0002409,301004,Water Charges,LS 501,01-11-2025,,,, Water Charges ,301004,,125,
ME-2025-0002418,301004,Water Charges,LS 502,01-11-2025,,,, Water Charges ,301004,,125,
ME-2025-0002428,301004,Water Charges,LS 503,01-11-2025,,,, Water Charges ,301004,,125,
ME-2025-0002439,301004,Water Charges,LS 504,01-11-2025,,,, Water Charges ,301004,,125,
ME-2025-0002451,301004,Water Charges,LS 601,01-11-2025,,,, Water Charges ,301004,,125,
ME-2025-0002462,301004,Water Charges,LS 602,01-11-2025,,,, Water Charges ,301004,,125,
ME-2025-0002472,301004,Water Charges,LS 603,01-11-2025,,,, Water Charges ,301004,,125,
ME-2025-0002482,301004,Water Charges,LS 604,01-11-2025,,,, Water Charges ,301004,,125,
ME-2025-0002492,301004,Water Charges,LS 701801,01-11-2025,,,, Water Charges ,301004,,250,
ME-2025-0002503,301004,Water Charges,LS 702802,01-11-2025,,,, Water Charges ,301004,,250,
ME-2025-0002514,301004,Water Charges,LS 703803,01-11-2025,,,, Water Charges ,301004,,250,
ME-2025-0002524,301004,Water Charges,LS 704804,01-11-2025,,,, Water Charges ,301004,,250,
ME-2025-0002560,301004,Water Charges,LS 101,01-12-2025,,,, Water Charges ,301004,,125,
ME-2025-0002570,301004,Water Charges,LS 102,01-12-2025,,,, Water Charges ,301004,,125,
ME-2025-0002581,301004,Water Charges,LS 103,01-12-2025,,,, Water Charges ,301004,,125,
ME-2025-0002590,301004,Water Charges,LS 201,01-12-2025,,,, Water Charges ,301004,,125,
ME-2025-0002599,301004,Water Charges,LS 202,01-12-2025,,,, Water Charges ,301004,,125,
ME-2025-0002609,301004,Water Charges,LS 203,01-12-2025,,,, Water Charges ,301004,,125,
ME-2025-0002620,301004,Water Charges,LS 204,01-12-2025,,,, Water Charges ,301004,,125,
ME-2025-0002631,301004,Water Charges,LS 301,01-12-2025,,,, Water Charges ,301004,,125,
ME-2025-0002641,301004,Water Charges,LS 302,01-12-2025,,,, Water Charges ,301004,,125,
ME-2025-0002652,301004,Water Charges,LS 303,01-12-2025,,,, Water Charges ,301004,,125,
ME-2025-0002662,301004,Water Charges,LS 304,01-12-2025,,,, Water Charges ,301004,,125,
ME-2025-0002672,301004,Water Charges,LS 401,01-12-2025,,,, Water Charges ,301004,,125,
ME-2025-0002681,301004,Water Charges,LS 402,01-12-2025,,,, Water Charges ,301004,,125,
ME-2025-0002690,301004,Water Charges,LS 403,01-12-2025,,,, Water Charges ,301004,,125,
ME-2025-0002700,301004,Water Charges,LS 404,01-12-2025,,,, Water Charges ,301004,,125,
ME-2025-0002709,301004,Water Charges,LS 501,01-12-2025,,,, Water Charges ,301004,,125,
ME-2025-0002718,301004,Water Charges,LS 502,01-12-2025,,,, Water Charges ,301004,,125,
ME-2025-0002728,301004,Water Charges,LS 503,01-12-2025,,,, Water Charges ,301004,,125,
ME-2025-0002739,301004,Water Charges,LS 504,01-12-2025,,,, Water Charges ,301004,,125,
ME-2025-0002751,301004,Water Charges,LS 601,01-12-2025,,,, Water Charges ,301004,,125,
ME-2025-0002762,301004,Water Charges,LS 602,01-12-2025,,,, Water Charges ,301004,,125,
ME-2025-0002772,301004,Water Charges,LS 603,01-12-2025,,,, Water Charges ,301004,,125,
ME-2025-0002782,301004,Water Charges,LS 604,01-12-2025,,,, Water Charges ,301004,,125,
ME-2025-0002792,301004,Water Charges,LS 701801,01-12-2025,,,, Water Charges ,301004,,250,
ME-2025-0002803,301004,Water Charges,LS 702802,01-12-2025,,,, Water Charges ,301004,,250,
ME-2025-0002814,301004,Water Charges,LS 703803,01-12-2025,,,, Water Charges ,301004,,250,
ME-2025-0002824,301004,Water Charges,LS 704804,01-12-2025,,,, Water Charges ,301004,,250,
ME-2025-0002836,301004,Water Charges,LS 104,01-12-2025,,,, Water Charges ,301004,,125,
ME-2025-0002871,301004,Water Charges,LS 101,01-01-2026,,,, Water Charges ,301004,,125,
ME-2025-0002881,301004,Water Charges,LS 102,01-01-2026,,,, Water Charges ,301004,,125,
ME-2025-0002892,301004,Water Charges,LS 103,01-01-2026,,,, Water Charges ,301004,,125,
ME-2025-0002901,301004,Water Charges,LS 104,01-01-2026,,,, Water Charges ,301004,,125,
ME-2025-0002910,301004,Water Charges,LS 201,01-01-2026,,,, Water Charges ,301004,,125,
ME-2025-0002919,301004,Water Charges,LS 202,01-01-2026,,,, Water Charges ,301004,,125,
ME-2025-0002929,301004,Water Charges,LS 203,01-01-2026,,,, Water Charges ,301004,,125,
ME-2025-0002940,301004,Water Charges,LS 204,01-01-2026,,,, Water Charges ,301004,,125,
ME-2025-0002951,301004,Water Charges,LS 301,01-01-2026,,,, Water Charges ,301004,,125,
ME-2025-0002960,301004,Water Charges,LS 302,01-01-2026,,,, Water Charges ,301004,,125,
ME-2025-0002971,301004,Water Charges,LS 303,01-01-2026,,,, Water Charges ,301004,,125,
ME-2025-0002981,301004,Water Charges,LS 304,01-01-2026,,,, Water Charges ,301004,,125,
ME-2025-0002991,301004,Water Charges,LS 401,01-01-2026,,,, Water Charges ,301004,,125,
ME-2025-0003000,301004,Water Charges,LS 402,01-01-2026,,,, Water Charges ,301004,,125,
ME-2025-0003009,301004,Water Charges,LS 403,01-01-2026,,,, Water Charges ,301004,,125,
ME-2025-0003019,301004,Water Charges,LS 404,01-01-2026,,,, Water Charges ,301004,,125,
ME-2025-0003028,301004,Water Charges,LS 501,01-01-2026,,,, Water Charges ,301004,,125,
ME-2025-0003037,301004,Water Charges,LS 502,01-01-2026,,,, Water Charges ,301004,,125,
ME-2025-0003047,301004,Water Charges,LS 503,01-01-2026,,,, Water Charges ,301004,,125,
ME-2025-0003058,301004,Water Charges,LS 504,01-01-2026,,,, Water Charges ,301004,,125,
ME-2025-0003070,301004,Water Charges,LS 601,01-01-2026,,,, Water Charges ,301004,,125,
ME-2025-0003081,301004,Water Charges,LS 602,01-01-2026,,,, Water Charges ,301004,,125,
ME-2025-0003091,301004,Water Charges,LS 603,01-01-2026,,,, Water Charges ,301004,,125,
ME-2025-0003101,301004,Water Charges,LS 604,01-01-2026,,,, Water Charges ,301004,,125,
ME-2025-0003111,301004,Water Charges,LS 701801,01-01-2026,,,, Water Charges ,301004,,250,
ME-2025-0003122,301004,Water Charges,LS 702802,01-01-2026,,,, Water Charges ,301004,,250,
ME-2025-0003133,301004,Water Charges,LS 703803,01-01-2026,,,, Water Charges ,301004,,250,
ME-2025-0003143,301004,Water Charges,LS 704804,01-01-2026,,,, Water Charges ,301004,,250,
ME-2025-0003173,301004,Water Charges,LS 101,01-02-2026,,,, Water Charges ,301004,,125,
ME-2025-0003183,301004,Water Charges,LS 102,01-02-2026,,,, Water Charges ,301004,,125,
ME-2025-0003194,301004,Water Charges,LS 103,01-02-2026,,,, Water Charges ,301004,,125,
ME-2025-0003203,301004,Water Charges,LS 104,01-02-2026,,,, Water Charges ,301004,,125,
ME-2025-0003212,301004,Water Charges,LS 201,01-02-2026,,,, Water Charges ,301004,,125,
ME-2025-0003221,301004,Water Charges,LS 202,01-02-2026,,,, Water Charges ,301004,,125,
ME-2025-0003231,301004,Water Charges,LS 203,01-02-2026,,,, Water Charges ,301004,,125,
ME-2025-0003242,301004,Water Charges,LS 204,01-02-2026,,,, Water Charges ,301004,,125,
ME-2025-0003253,301004,Water Charges,LS 301,01-02-2026,,,, Water Charges ,301004,,125,
ME-2025-0003262,301004,Water Charges,LS 302,01-02-2026,,,, Water Charges ,301004,,125,
ME-2025-0003273,301004,Water Charges,LS 303,01-02-2026,,,, Water Charges ,301004,,125,
ME-2025-0003283,301004,Water Charges,LS 304,01-02-2026,,,, Water Charges ,301004,,125,
ME-2025-0003293,301004,Water Charges,LS 401,01-02-2026,,,, Water Charges ,301004,,125,
ME-2025-0003302,301004,Water Charges,LS 402,01-02-2026,,,, Water Charges ,301004,,125,
ME-2025-0003311,301004,Water Charges,LS 403,01-02-2026,,,, Water Charges ,301004,,125,
ME-2025-0003321,301004,Water Charges,LS 404,01-02-2026,,,, Water Charges ,301004,,125,
ME-2025-0003330,301004,Water Charges,LS 501,01-02-2026,,,, Water Charges ,301004,,125,
ME-2025-0003339,301004,Water Charges,LS 502,01-02-2026,,,, Water Charges ,301004,,125,
ME-2025-0003349,301004,Water Charges,LS 503,01-02-2026,,,, Water Charges ,301004,,125,
ME-2025-0003360,301004,Water Charges,LS 504,01-02-2026,,,, Water Charges ,301004,,125,
ME-2025-0003372,301004,Water Charges,LS 601,01-02-2026,,,, Water Charges ,301004,,125,
ME-2025-0003383,301004,Water Charges,LS 602,01-02-2026,,,, Water Charges ,301004,,125,
ME-2025-0003393,301004,Water Charges,LS 603,01-02-2026,,,, Water Charges ,301004,,125,
ME-2025-0003403,301004,Water Charges,LS 604,01-02-2026,,,, Water Charges ,301004,,125,
ME-2025-0003413,301004,Water Charges,LS 701801,01-02-2026,,,, Water Charges ,301004,,250,
ME-2025-0003424,301004,Water Charges,LS 702802,01-02-2026,,,, Water Charges ,301004,,250,
ME-2025-0003436,301004,Water Charges,LS 703803,01-02-2026,,,, Water Charges ,301004,,250,
ME-2025-0003446,301004,Water Charges,LS 704804,01-02-2026,,,, Water Charges ,301004,,250,
ME-2025-0003484,301004,Water Charges,LS 101,01-03-2026,,,, Water Charges ,301004,,125,
ME-2025-0003494,301004,Water Charges,LS 102,01-03-2026,,,, Water Charges ,301004,,125,
ME-2025-0003505,301004,Water Charges,LS 103,01-03-2026,,,, Water Charges ,301004,,125,
ME-2025-0003514,301004,Water Charges,LS 104,01-03-2026,,,, Water Charges ,301004,,125,
ME-2025-0003523,301004,Water Charges,LS 201,01-03-2026,,,, Water Charges ,301004,,125,
ME-2025-0003532,301004,Water Charges,LS 202,01-03-2026,,,, Water Charges ,301004,,125,
ME-2025-0003542,301004,Water Charges,LS 203,01-03-2026,,,, Water Charges ,301004,,125,
ME-2025-0003552,301004,Water Charges,LS 204,01-03-2026,,,, Water Charges ,301004,,125,
ME-2025-0003563,301004,Water Charges,LS 301,01-03-2026,,,, Water Charges ,301004,,125,
ME-2025-0003572,301004,Water Charges,LS 302,01-03-2026,,,, Water Charges ,301004,,125,
ME-2025-0003583,301004,Water Charges,LS 303,01-03-2026,,,, Water Charges ,301004,,125,
ME-2025-0003593,301004,Water Charges,LS 304,01-03-2026,,,, Water Charges ,301004,,125,
ME-2025-0003603,301004,Water Charges,LS 401,01-03-2026,,,, Water Charges ,301004,,125,
ME-2025-0003612,301004,Water Charges,LS 402,01-03-2026,,,, Water Charges ,301004,,125,
ME-2025-0003621,301004,Water Charges,LS 403,01-03-2026,,,, Water Charges ,301004,,125,
ME-2025-0003631,301004,Water Charges,LS 404,01-03-2026,,,, Water Charges ,301004,,125,
ME-2025-0003640,301004,Water Charges,LS 501,01-03-2026,,,, Water Charges ,301004,,125,
ME-2025-0003649,301004,Water Charges,LS 502,01-03-2026,,,, Water Charges ,301004,,125,
ME-2025-0003659,301004,Water Charges,LS 503,01-03-2026,,,, Water Charges ,301004,,125,
ME-2025-0003670,301004,Water Charges,LS 504,01-03-2026,,,, Water Charges ,301004,,125,
ME-2025-0003682,301004,Water Charges,LS 601,01-03-2026,,,, Water Charges ,301004,,125,
ME-2025-0003693,301004,Water Charges,LS 602,01-03-2026,,,, Water Charges ,301004,,125,
ME-2025-0003703,301004,Water Charges,LS 603,01-03-2026,,,, Water Charges ,301004,,125,
ME-2025-0003713,301004,Water Charges,LS 604,01-03-2026,,,, Water Charges ,301004,,125,
ME-2025-0003723,301004,Water Charges,LS 701801,01-03-2026,,,, Water Charges ,301004,,250,
ME-2025-0003734,301004,Water Charges,LS 702802,01-03-2026,,,, Water Charges ,301004,,250,
ME-2025-0003745,301004,Water Charges,LS 703803,01-03-2026,,,, Water Charges ,301004,,250,
ME-2025-0003755,301004,Water Charges,LS 704804,01-03-2026,,,, Water Charges ,301004,,250,

"Balance : 48000(Credit)","","","","","","","","","","0","48000",

"Income - Members > Lift Maintenance Charges ( 301005 ) ",
"Journal No","Other GL No.","Other Account","Subledger","Posted Date","Comments","Instrument No.","Instrument Bank","Account Name","GL Account No.","Debit","Credit",
"","","","","","Opening Balance","",""," Lift Maintenance Charges ","301005","","",
ME-2025-0000007,301005,Lift Maintenance Charges,LS 101,01-04-2025,,,, Lift Maintenance Charges ,301005,,300,
ME-2025-0000017,301005,Lift Maintenance Charges,LS 102,01-04-2025,,,, Lift Maintenance Charges ,301005,,300,
ME-2025-0000028,301005,Lift Maintenance Charges,LS 103,01-04-2025,,,, Lift Maintenance Charges ,301005,,300,
ME-2025-0000037,301005,Lift Maintenance Charges,LS 104,01-04-2025,,,, Lift Maintenance Charges ,301005,,300,
ME-2025-0000046,301005,Lift Maintenance Charges,LS 201,01-04-2025,,,, Lift Maintenance Charges ,301005,,300,
ME-2025-0000055,301005,Lift Maintenance Charges,LS 202,01-04-2025,,,, Lift Maintenance Charges ,301005,,300,
ME-2025-0000067,301005,Lift Maintenance Charges,LS 203,01-04-2025,,,, Lift Maintenance Charges ,301005,,300,
ME-2025-0000077,301005,Lift Maintenance Charges,LS 204,01-04-2025,,,, Lift Maintenance Charges ,301005,,300,
ME-2025-0000086,301005,Lift Maintenance Charges,LS 301,01-04-2025,,,, Lift Maintenance Charges ,301005,,300,
ME-2025-0000096,301005,Lift Maintenance Charges,LS 302,01-04-2025,,,, Lift Maintenance Charges ,301005,,300,
ME-2025-0000107,301005,Lift Maintenance Charges,LS 303,01-04-2025,,,, Lift Maintenance Charges ,301005,,300,
ME-2025-0000116,301005,Lift Maintenance Charges,LS 304,01-04-2025,,,, Lift Maintenance Charges ,301005,,300,
ME-2025-0000126,301005,Lift Maintenance Charges,LS 401,01-04-2025,,,, Lift Maintenance Charges ,301005,,300,
ME-2025-0000136,301005,Lift Maintenance Charges,LS 402,01-04-2025,,,, Lift Maintenance Charges ,301005,,300,
ME-2025-0000145,301005,Lift Maintenance Charges,LS 403,01-04-2025,,,, Lift Maintenance Charges ,301005,,300,
ME-2025-0000154,301005,Lift Maintenance Charges,LS 404,01-04-2025,,,, Lift Maintenance Charges ,301005,,300,
ME-2025-0000164,301005,Lift Maintenance Charges,LS 501,01-04-2025,,,, Lift Maintenance Charges ,301005,,300,
ME-2025-0000174,301005,Lift Maintenance Charges,LS 502,01-04-2025,,,, Lift Maintenance Charges ,301005,,300,
ME-2025-0000185,301005,Lift Maintenance Charges,LS 503,01-04-2025,,,, Lift Maintenance Charges ,301005,,300,
ME-2025-0000197,301005,Lift Maintenance Charges,LS 504,01-04-2025,,,, Lift Maintenance Charges ,301005,,300,
ME-2025-0000208,301005,Lift Maintenance Charges,LS 601,01-04-2025,,,, Lift Maintenance Charges ,301005,,300,
ME-2025-0000220,301005,Lift Maintenance Charges,LS 602,01-04-2025,,,, Lift Maintenance Charges ,301005,,300,
ME-2025-0000231,301005,Lift Maintenance Charges,LS 603,01-04-2025,,,, Lift Maintenance Charges ,301005,,300,
ME-2025-0000240,301005,Lift Maintenance Charges,LS 604,01-04-2025,,,, Lift Maintenance Charges ,301005,,300,
ME-2025-0000250,301005,Lift Maintenance Charges,LS 701801,01-04-2025,,,, Lift Maintenance Charges ,301005,,600,
ME-2025-0000262,301005,Lift Maintenance Charges,LS 702802,01-04-2025,,,, Lift Maintenance Charges ,301005,,600,
ME-2025-0000273,301005,Lift Maintenance Charges,LS 703803,01-04-2025,,,, Lift Maintenance Charges ,301005,,600,
ME-2025-0000283,301005,Lift Maintenance Charges,LS 704804,01-04-2025,,,, Lift Maintenance Charges ,301005,,600,
ME-2025-0000321,301005,Lift Maintenance Charges,LS 101,01-05-2025,,,, Lift Maintenance Charges ,301005,,300,
ME-2025-0000331,301005,Lift Maintenance Charges,LS 102,01-05-2025,,,, Lift Maintenance Charges ,301005,,300,
ME-2025-0000342,301005,Lift Maintenance Charges,LS 103,01-05-2025,,,, Lift Maintenance Charges ,301005,,300,
ME-2025-0000351,301005,Lift Maintenance Charges,LS 104,01-05-2025,,,, Lift Maintenance Charges ,301005,,300,
ME-2025-0000360,301005,Lift Maintenance Charges,LS 201,01-05-2025,,,, Lift Maintenance Charges ,301005,,300,
ME-2025-0000369,301005,Lift Maintenance Charges,LS 202,01-05-2025,,,, Lift Maintenance Charges ,301005,,300,
ME-2025-0000381,301005,Lift Maintenance Charges,LS 203,01-05-2025,,,, Lift Maintenance Charges ,301005,,300,
ME-2025-0000391,301005,Lift Maintenance Charges,LS 204,01-05-2025,,,, Lift Maintenance Charges ,301005,,300,
ME-2025-0000401,301005,Lift Maintenance Charges,LS 301,01-05-2025,,,, Lift Maintenance Charges ,301005,,300,
ME-2025-0000411,301005,Lift Maintenance Charges,LS 302,01-05-2025,,,, Lift Maintenance Charges ,301005,,300,
ME-2025-0000422,301005,Lift Maintenance Charges,LS 303,01-05-2025,,,, Lift Maintenance Charges ,301005,,300,
ME-2025-0000431,301005,Lift Maintenance Charges,LS 304,01-05-2025,,,, Lift Maintenance Charges ,301005,,300,
ME-2025-0000441,301005,Lift Maintenance Charges,LS 401,01-05-2025,,,, Lift Maintenance Charges ,301005,,300,
ME-2025-0000451,301005,Lift Maintenance Charges,LS 402,01-05-2025,,,, Lift Maintenance Charges ,301005,,300,
ME-2025-0000461,301005,Lift Maintenance Charges,LS 403,01-05-2025,,,, Lift Maintenance Charges ,301005,,300,
ME-2025-0000470,301005,Lift Maintenance Charges,LS 404,01-05-2025,,,, Lift Maintenance Charges ,301005,,300,
ME-2025-0000480,301005,Lift Maintenance Charges,LS 501,01-05-2025,,,, Lift Maintenance Charges ,301005,,300,
ME-2025-0000490,301005,Lift Maintenance Charges,LS 502,01-05-2025,,,, Lift Maintenance Charges ,301005,,300,
ME-2025-0000501,301005,Lift Maintenance Charges,LS 503,01-05-2025,,,, Lift Maintenance Charges ,301005,,300,
ME-2025-0000513,301005,Lift Maintenance Charges,LS 504,01-05-2025,,,, Lift Maintenance Charges ,301005,,300,
ME-2025-0000524,301005,Lift Maintenance Charges,LS 601,01-05-2025,,,, Lift Maintenance Charges ,301005,,300,
ME-2025-0000536,301005,Lift Maintenance Charges,LS 602,01-05-2025,,,, Lift Maintenance Charges ,301005,,300,
ME-2025-0000547,301005,Lift Maintenance Charges,LS 603,01-05-2025,,,, Lift Maintenance Charges ,301005,,300,
ME-2025-0000556,301005,Lift Maintenance Charges,LS 604,01-05-2025,,,, Lift Maintenance Charges ,301005,,300,
ME-2025-0000566,301005,Lift Maintenance Charges,LS 701801,01-05-2025,,,, Lift Maintenance Charges ,301005,,600,
ME-2025-0000578,301005,Lift Maintenance Charges,LS 702802,01-05-2025,,,, Lift Maintenance Charges ,301005,,600,
ME-2025-0000589,301005,Lift Maintenance Charges,LS 703803,01-05-2025,,,, Lift Maintenance Charges ,301005,,600,
ME-2025-0000599,301005,Lift Maintenance Charges,LS 704804,01-05-2025,,,, Lift Maintenance Charges ,301005,,600,
ME-2025-0000641,301005,Lift Maintenance Charges,LS 101,01-06-2025,,,, Lift Maintenance Charges ,301005,,300,
ME-2025-0000651,301005,Lift Maintenance Charges,LS 102,01-06-2025,,,, Lift Maintenance Charges ,301005,,300,
ME-2025-0000662,301005,Lift Maintenance Charges,LS 103,01-06-2025,,,, Lift Maintenance Charges ,301005,,300,
ME-2025-0000671,301005,Lift Maintenance Charges,LS 104,01-06-2025,,,, Lift Maintenance Charges ,301005,,300,
ME-2025-0000680,301005,Lift Maintenance Charges,LS 201,01-06-2025,,,, Lift Maintenance Charges ,301005,,300,
ME-2025-0000689,301005,Lift Maintenance Charges,LS 202,01-06-2025,,,, Lift Maintenance Charges ,301005,,300,
ME-2025-0000701,301005,Lift Maintenance Charges,LS 203,01-06-2025,,,, Lift Maintenance Charges ,301005,,300,
ME-2025-0000711,301005,Lift Maintenance Charges,LS 204,01-06-2025,,,, Lift Maintenance Charges ,301005,,300,
ME-2025-0000721,301005,Lift Maintenance Charges,LS 301,01-06-2025,,,, Lift Maintenance Charges ,301005,,300,
ME-2025-0000731,301005,Lift Maintenance Charges,LS 302,01-06-2025,,,, Lift Maintenance Charges ,301005,,300,
ME-2025-0000742,301005,Lift Maintenance Charges,LS 303,01-06-2025,,,, Lift Maintenance Charges ,301005,,300,
ME-2025-0000751,301005,Lift Maintenance Charges,LS 304,01-06-2025,,,, Lift Maintenance Charges ,301005,,300,
ME-2025-0000761,301005,Lift Maintenance Charges,LS 401,01-06-2025,,,, Lift Maintenance Charges ,301005,,300,
ME-2025-0000771,301005,Lift Maintenance Charges,LS 402,01-06-2025,,,, Lift Maintenance Charges ,301005,,300,
ME-2025-0000781,301005,Lift Maintenance Charges,LS 403,01-06-2025,,,, Lift Maintenance Charges ,301005,,300,
ME-2025-0000790,301005,Lift Maintenance Charges,LS 404,01-06-2025,,,, Lift Maintenance Charges ,301005,,300,
ME-2025-0000800,301005,Lift Maintenance Charges,LS 501,01-06-2025,,,, Lift Maintenance Charges ,301005,,300,
ME-2025-0000810,301005,Lift Maintenance Charges,LS 502,01-06-2025,,,, Lift Maintenance Charges ,301005,,300,
ME-2025-0000821,301005,Lift Maintenance Charges,LS 503,01-06-2025,,,, Lift Maintenance Charges ,301005,,300,
ME-2025-0000833,301005,Lift Maintenance Charges,LS 504,01-06-2025,,,, Lift Maintenance Charges ,301005,,300,
ME-2025-0000844,301005,Lift Maintenance Charges,LS 601,01-06-2025,,,, Lift Maintenance Charges ,301005,,300,
ME-2025-0000867,301005,Lift Maintenance Charges,LS 603,01-06-2025,,,, Lift Maintenance Charges ,301005,,300,
ME-2025-0000876,301005,Lift Maintenance Charges,LS 604,01-06-2025,,,, Lift Maintenance Charges ,301005,,300,
ME-2025-0000886,301005,Lift Maintenance Charges,LS 701801,01-06-2025,,,, Lift Maintenance Charges ,301005,,600,
ME-2025-0000898,301005,Lift Maintenance Charges,LS 702802,01-06-2025,,,, Lift Maintenance Charges ,301005,,600,
ME-2025-0000909,301005,Lift Maintenance Charges,LS 703803,01-06-2025,,,, Lift Maintenance Charges ,301005,,600,
ME-2025-0000919,301005,Lift Maintenance Charges,LS 704804,01-06-2025,,,, Lift Maintenance Charges ,301005,,600,
ME-2025-0000944,301005,Lift Maintenance Charges,LS 602,01-06-2025,,,, Lift Maintenance Charges ,301005,,300,
ME-2025-0000982,301005,Lift Maintenance Charges,LS 101,01-07-2025,,,, Lift Maintenance Charges ,301005,,300,
ME-2025-0000992,301005,Lift Maintenance Charges,LS 102,01-07-2025,,,, Lift Maintenance Charges ,301005,,300,
ME-2025-0001003,301005,Lift Maintenance Charges,LS 103,01-07-2025,,,, Lift Maintenance Charges ,301005,,300,
ME-2025-0001012,301005,Lift Maintenance Charges,LS 104,01-07-2025,,,, Lift Maintenance Charges ,301005,,300,
ME-2025-0001021,301005,Lift Maintenance Charges,LS 201,01-07-2025,,,, Lift Maintenance Charges ,301005,,300,
ME-2025-0001030,301005,Lift Maintenance Charges,LS 202,01-07-2025,,,, Lift Maintenance Charges ,301005,,300,
ME-2025-0001042,301005,Lift Maintenance Charges,LS 203,01-07-2025,,,, Lift Maintenance Charges ,301005,,300,
ME-2025-0001052,301005,Lift Maintenance Charges,LS 204,01-07-2025,,,, Lift Maintenance Charges ,301005,,300,
ME-2025-0001061,301005,Lift Maintenance Charges,LS 301,01-07-2025,,,, Lift Maintenance Charges ,301005,,300,
ME-2025-0001071,301005,Lift Maintenance Charges,LS 302,01-07-2025,,,, Lift Maintenance Charges ,301005,,300,
ME-2025-0001082,301005,Lift Maintenance Charges,LS 303,01-07-2025,,,, Lift Maintenance Charges ,301005,,300,
ME-2025-0001091,301005,Lift Maintenance Charges,LS 304,01-07-2025,,,, Lift Maintenance Charges ,301005,,300,
ME-2025-0001101,301005,Lift Maintenance Charges,LS 401,01-07-2025,,,, Lift Maintenance Charges ,301005,,300,
ME-2025-0001111,301005,Lift Maintenance Charges,LS 402,01-07-2025,,,, Lift Maintenance Charges ,301005,,300,
ME-2025-0001121,301005,Lift Maintenance Charges,LS 403,01-07-2025,,,, Lift Maintenance Charges ,301005,,300,
ME-2025-0001130,301005,Lift Maintenance Charges,LS 404,01-07-2025,,,, Lift Maintenance Charges ,301005,,300,
ME-2025-0001140,301005,Lift Maintenance Charges,LS 501,01-07-2025,,,, Lift Maintenance Charges ,301005,,300,
ME-2025-0001150,301005,Lift Maintenance Charges,LS 502,01-07-2025,,,, Lift Maintenance Charges ,301005,,300,
ME-2025-0001161,301005,Lift Maintenance Charges,LS 503,01-07-2025,,,, Lift Maintenance Charges ,301005,,300,
ME-2025-0001173,301005,Lift Maintenance Charges,LS 504,01-07-2025,,,, Lift Maintenance Charges ,301005,,300,
ME-2025-0001184,301005,Lift Maintenance Charges,LS 601,01-07-2025,,,, Lift Maintenance Charges ,301005,,300,
ME-2025-0001194,301005,Lift Maintenance Charges,LS 602,01-07-2025,,,, Lift Maintenance Charges ,301005,,300,
ME-2025-0001204,301005,Lift Maintenance Charges,LS 603,01-07-2025,,,, Lift Maintenance Charges ,301005,,300,
ME-2025-0001213,301005,Lift Maintenance Charges,LS 604,01-07-2025,,,, Lift Maintenance Charges ,301005,,300,
ME-2025-0001223,301005,Lift Maintenance Charges,LS 701801,01-07-2025,,,, Lift Maintenance Charges ,301005,,600,
ME-2025-0001235,301005,Lift Maintenance Charges,LS 702802,01-07-2025,,,, Lift Maintenance Charges ,301005,,600,
ME-2025-0001246,301005,Lift Maintenance Charges,LS 703803,01-07-2025,,,, Lift Maintenance Charges ,301005,,600,
ME-2025-0001256,301005,Lift Maintenance Charges,LS 704804,01-07-2025,,,, Lift Maintenance Charges ,301005,,600,
ME-2025-0001290,301005,Lift Maintenance Charges,LS 101,01-08-2025,,,, Lift Maintenance Charges ,301005,,300,
ME-2025-0001300,301005,Lift Maintenance Charges,LS 102,01-08-2025,,,, Lift Maintenance Charges ,301005,,300,
ME-2025-0001311,301005,Lift Maintenance Charges,LS 103,01-08-2025,,,, Lift Maintenance Charges ,301005,,300,
ME-2025-0001321,301005,Lift Maintenance Charges,LS 104,01-08-2025,,,, Lift Maintenance Charges ,301005,,300,
ME-2025-0001330,301005,Lift Maintenance Charges,LS 201,01-08-2025,,,, Lift Maintenance Charges ,301005,,300,
ME-2025-0001340,301005,Lift Maintenance Charges,LS 202,01-08-2025,,,, Lift Maintenance Charges ,301005,,300,
ME-2025-0001352,301005,Lift Maintenance Charges,LS 203,01-08-2025,,,, Lift Maintenance Charges ,301005,,300,
ME-2025-0001362,301005,Lift Maintenance Charges,LS 204,01-08-2025,,,, Lift Maintenance Charges ,301005,,300,
ME-2025-0001371,301005,Lift Maintenance Charges,LS 301,01-08-2025,,,, Lift Maintenance Charges ,301005,,300,
ME-2025-0001381,301005,Lift Maintenance Charges,LS 302,01-08-2025,,,, Lift Maintenance Charges ,301005,,300,
ME-2025-0001392,301005,Lift Maintenance Charges,LS 303,01-08-2025,,,, Lift Maintenance Charges ,301005,,300,
ME-2025-0001401,301005,Lift Maintenance Charges,LS 304,01-08-2025,,,, Lift Maintenance Charges ,301005,,300,
ME-2025-0001411,301005,Lift Maintenance Charges,LS 401,01-08-2025,,,, Lift Maintenance Charges ,301005,,300,
ME-2025-0001421,301005,Lift Maintenance Charges,LS 402,01-08-2025,,,, Lift Maintenance Charges ,301005,,300,
ME-2025-0001431,301005,Lift Maintenance Charges,LS 403,01-08-2025,,,, Lift Maintenance Charges ,301005,,300,
ME-2025-0001440,301005,Lift Maintenance Charges,LS 404,01-08-2025,,,, Lift Maintenance Charges ,301005,,300,
ME-2025-0001450,301005,Lift Maintenance Charges,LS 501,01-08-2025,,,, Lift Maintenance Charges ,301005,,300,
ME-2025-0001460,301005,Lift Maintenance Charges,LS 502,01-08-2025,,,, Lift Maintenance Charges ,301005,,300,
ME-2025-0001471,301005,Lift Maintenance Charges,LS 503,01-08-2025,,,, Lift Maintenance Charges ,301005,,300,
ME-2025-0001483,301005,Lift Maintenance Charges,LS 504,01-08-2025,,,, Lift Maintenance Charges ,301005,,300,
ME-2025-0001494,301005,Lift Maintenance Charges,LS 601,01-08-2025,,,, Lift Maintenance Charges ,301005,,300,
ME-2025-0001514,301005,Lift Maintenance Charges,LS 603,01-08-2025,,,, Lift Maintenance Charges ,301005,,300,
ME-2025-0001523,301005,Lift Maintenance Charges,LS 604,01-08-2025,,,, Lift Maintenance Charges ,301005,,300,
ME-2025-0001533,301005,Lift Maintenance Charges,LS 701801,01-08-2025,,,, Lift Maintenance Charges ,301005,,600,
ME-2025-0001545,301005,Lift Maintenance Charges,LS 702802,01-08-2025,,,, Lift Maintenance Charges ,301005,,600,
ME-2025-0001556,301005,Lift Maintenance Charges,LS 703803,01-08-2025,,,, Lift Maintenance Charges ,301005,,600,
ME-2025-0001566,301005,Lift Maintenance Charges,LS 704804,01-08-2025,,,, Lift Maintenance Charges ,301005,,600,
ME-2025-0001588,301005,Lift Maintenance Charges,LS 602,01-08-2025,,,, Lift Maintenance Charges ,301005,,300,
ME-2025-0001627,301005,Lift Maintenance Charges,LS 101,01-09-2025,,,, Lift Maintenance Charges ,301005,,300,
ME-2025-0001637,301005,Lift Maintenance Charges,LS 102,01-09-2025,,,, Lift Maintenance Charges ,301005,,300,
ME-2025-0001648,301005,Lift Maintenance Charges,LS 103,01-09-2025,,,, Lift Maintenance Charges ,301005,,300,
ME-2025-0001657,301005,Lift Maintenance Charges,LS 104,01-09-2025,,,, Lift Maintenance Charges ,301005,,300,
ME-2025-0001666,301005,Lift Maintenance Charges,LS 201,01-09-2025,,,, Lift Maintenance Charges ,301005,,300,
ME-2025-0001676,301005,Lift Maintenance Charges,LS 202,01-09-2025,,,, Lift Maintenance Charges ,301005,,300,
ME-2025-0001688,301005,Lift Maintenance Charges,LS 203,01-09-2025,,,, Lift Maintenance Charges ,301005,,300,
ME-2025-0001698,301005,Lift Maintenance Charges,LS 204,01-09-2025,,,, Lift Maintenance Charges ,301005,,300,
ME-2025-0001708,301005,Lift Maintenance Charges,LS 301,01-09-2025,,,, Lift Maintenance Charges ,301005,,300,
ME-2025-0001718,301005,Lift Maintenance Charges,LS 302,01-09-2025,,,, Lift Maintenance Charges ,301005,,300,
ME-2025-0001729,301005,Lift Maintenance Charges,LS 303,01-09-2025,,,, Lift Maintenance Charges ,301005,,300,
ME-2025-0001738,301005,Lift Maintenance Charges,LS 304,01-09-2025,,,, Lift Maintenance Charges ,301005,,300,
ME-2025-0001748,301005,Lift Maintenance Charges,LS 401,01-09-2025,,,, Lift Maintenance Charges ,301005,,300,
ME-2025-0001758,301005,Lift Maintenance Charges,LS 402,01-09-2025,,,, Lift Maintenance Charges ,301005,,300,
ME-2025-0001768,301005,Lift Maintenance Charges,LS 403,01-09-2025,,,, Lift Maintenance Charges ,301005,,300,
ME-2025-0001777,301005,Lift Maintenance Charges,LS 404,01-09-2025,,,, Lift Maintenance Charges ,301005,,300,
ME-2025-0001787,301005,Lift Maintenance Charges,LS 501,01-09-2025,,,, Lift Maintenance Charges ,301005,,300,
ME-2025-0001797,301005,Lift Maintenance Charges,LS 502,01-09-2025,,,, Lift Maintenance Charges ,301005,,300,
ME-2025-0001808,301005,Lift Maintenance Charges,LS 503,01-09-2025,,,, Lift Maintenance Charges ,301005,,300,
ME-2025-0001820,301005,Lift Maintenance Charges,LS 504,01-09-2025,,,, Lift Maintenance Charges ,301005,,300,
ME-2025-0001831,301005,Lift Maintenance Charges,LS 601,01-09-2025,,,, Lift Maintenance Charges ,301005,,300,
ME-2025-0001843,301005,Lift Maintenance Charges,LS 602,01-09-2025,,,, Lift Maintenance Charges ,301005,,300,
ME-2025-0001854,301005,Lift Maintenance Charges,LS 603,01-09-2025,,,, Lift Maintenance Charges ,301005,,300,
ME-2025-0001864,301005,Lift Maintenance Charges,LS 604,01-09-2025,,,, Lift Maintenance Charges ,301005,,300,
ME-2025-0001874,301005,Lift Maintenance Charges,LS 701801,01-09-2025,,,, Lift Maintenance Charges ,301005,,600,
ME-2025-0001886,301005,Lift Maintenance Charges,LS 702802,01-09-2025,,,, Lift Maintenance Charges ,301005,,600,
ME-2025-0001897,301005,Lift Maintenance Charges,LS 703803,01-09-2025,,,, Lift Maintenance Charges ,301005,,600,
ME-2025-0001908,301005,Lift Maintenance Charges,LS 704804,01-09-2025,,,, Lift Maintenance Charges ,301005,,600,
ME-2025-0001941,301005,Lift Maintenance Charges,LS 101,01-10-2025,,,, Lift Maintenance Charges ,301005,,300,
ME-2025-0001951,301005,Lift Maintenance Charges,LS 102,01-10-2025,,,, Lift Maintenance Charges ,301005,,300,
ME-2025-0001962,301005,Lift Maintenance Charges,LS 103,01-10-2025,,,, Lift Maintenance Charges ,301005,,300,
ME-2025-0001971,301005,Lift Maintenance Charges,LS 104,01-10-2025,,,, Lift Maintenance Charges ,301005,,300,
ME-2025-0001980,301005,Lift Maintenance Charges,LS 201,01-10-2025,,,, Lift Maintenance Charges ,301005,,300,
ME-2025-0001989,301005,Lift Maintenance Charges,LS 202,01-10-2025,,,, Lift Maintenance Charges ,301005,,300,
ME-2025-0001999,301005,Lift Maintenance Charges,LS 203,01-10-2025,,,, Lift Maintenance Charges ,301005,,300,
ME-2025-0002009,301005,Lift Maintenance Charges,LS 204,01-10-2025,,,, Lift Maintenance Charges ,301005,,300,
ME-2025-0002019,301005,Lift Maintenance Charges,LS 301,01-10-2025,,,, Lift Maintenance Charges ,301005,,300,
ME-2025-0002029,301005,Lift Maintenance Charges,LS 302,01-10-2025,,,, Lift Maintenance Charges ,301005,,300,
ME-2025-0002040,301005,Lift Maintenance Charges,LS 303,01-10-2025,,,, Lift Maintenance Charges ,301005,,300,
ME-2025-0002049,301005,Lift Maintenance Charges,LS 304,01-10-2025,,,, Lift Maintenance Charges ,301005,,300,
ME-2025-0002059,301005,Lift Maintenance Charges,LS 401,01-10-2025,,,, Lift Maintenance Charges ,301005,,300,
ME-2025-0002069,301005,Lift Maintenance Charges,LS 402,01-10-2025,,,, Lift Maintenance Charges ,301005,,300,
ME-2025-0002078,301005,Lift Maintenance Charges,LS 403,01-10-2025,,,, Lift Maintenance Charges ,301005,,300,
ME-2025-0002087,301005,Lift Maintenance Charges,LS 404,01-10-2025,,,, Lift Maintenance Charges ,301005,,300,
ME-2025-0002097,301005,Lift Maintenance Charges,LS 501,01-10-2025,,,, Lift Maintenance Charges ,301005,,300,
ME-2025-0002106,301005,Lift Maintenance Charges,LS 502,01-10-2025,,,, Lift Maintenance Charges ,301005,,300,
ME-2025-0002116,301005,Lift Maintenance Charges,LS 503,01-10-2025,,,, Lift Maintenance Charges ,301005,,300,
ME-2025-0002127,301005,Lift Maintenance Charges,LS 504,01-10-2025,,,, Lift Maintenance Charges ,301005,,300,
ME-2025-0002139,301005,Lift Maintenance Charges,LS 601,01-10-2025,,,, Lift Maintenance Charges ,301005,,300,
ME-2025-0002150,301005,Lift Maintenance Charges,LS 602,01-10-2025,,,, Lift Maintenance Charges ,301005,,300,
ME-2025-0002161,301005,Lift Maintenance Charges,LS 603,01-10-2025,,,, Lift Maintenance Charges ,301005,,300,
ME-2025-0002170,301005,Lift Maintenance Charges,LS 604,01-10-2025,,,, Lift Maintenance Charges ,301005,,300,
ME-2025-0002180,301005,Lift Maintenance Charges,LS 701801,01-10-2025,,,, Lift Maintenance Charges ,301005,,600,
ME-2025-0002191,301005,Lift Maintenance Charges,LS 702802,01-10-2025,,,, Lift Maintenance Charges ,301005,,600,
ME-2025-0002202,301005,Lift Maintenance Charges,LS 703803,01-10-2025,,,, Lift Maintenance Charges ,301005,,600,
ME-2025-0002213,301005,Lift Maintenance Charges,LS 704804,01-10-2025,,,, Lift Maintenance Charges ,301005,,600,
ME-2025-0002248,301005,Lift Maintenance Charges,LS 101,01-11-2025,,,, Lift Maintenance Charges ,301005,,300,
ME-2025-0002258,301005,Lift Maintenance Charges,LS 102,01-11-2025,,,, Lift Maintenance Charges ,301005,,300,
ME-2025-0002269,301005,Lift Maintenance Charges,LS 103,01-11-2025,,,, Lift Maintenance Charges ,301005,,300,
ME-2025-0002278,301005,Lift Maintenance Charges,LS 104,01-11-2025,,,, Lift Maintenance Charges ,301005,,300,
ME-2025-0002287,301005,Lift Maintenance Charges,LS 201,01-11-2025,,,, Lift Maintenance Charges ,301005,,300,
ME-2025-0002296,301005,Lift Maintenance Charges,LS 202,01-11-2025,,,, Lift Maintenance Charges ,301005,,300,
ME-2025-0002306,301005,Lift Maintenance Charges,LS 203,01-11-2025,,,, Lift Maintenance Charges ,301005,,300,
ME-2025-0002316,301005,Lift Maintenance Charges,LS 204,01-11-2025,,,, Lift Maintenance Charges ,301005,,300,
ME-2025-0002325,301005,Lift Maintenance Charges,LS 301,01-11-2025,,,, Lift Maintenance Charges ,301005,,300,
ME-2025-0002336,301005,Lift Maintenance Charges,LS 302,01-11-2025,,,, Lift Maintenance Charges ,301005,,300,
ME-2025-0002347,301005,Lift Maintenance Charges,LS 303,01-11-2025,,,, Lift Maintenance Charges ,301005,,300,
ME-2025-0002356,301005,Lift Maintenance Charges,LS 304,01-11-2025,,,, Lift Maintenance Charges ,301005,,300,
ME-2025-0002366,301005,Lift Maintenance Charges,LS 401,01-11-2025,,,, Lift Maintenance Charges ,301005,,300,
ME-2025-0002376,301005,Lift Maintenance Charges,LS 402,01-11-2025,,,, Lift Maintenance Charges ,301005,,300,
ME-2025-0002385,301005,Lift Maintenance Charges,LS 403,01-11-2025,,,, Lift Maintenance Charges ,301005,,300,
ME-2025-0002394,301005,Lift Maintenance Charges,LS 404,01-11-2025,,,, Lift Maintenance Charges ,301005,,300,
ME-2025-0002404,301005,Lift Maintenance Charges,LS 501,01-11-2025,,,, Lift Maintenance Charges ,301005,,300,
ME-2025-0002413,301005,Lift Maintenance Charges,LS 502,01-11-2025,,,, Lift Maintenance Charges ,301005,,300,
ME-2025-0002423,301005,Lift Maintenance Charges,LS 503,01-11-2025,,,, Lift Maintenance Charges ,301005,,300,
ME-2025-0002434,301005,Lift Maintenance Charges,LS 504,01-11-2025,,,, Lift Maintenance Charges ,301005,,300,
ME-2025-0002445,301005,Lift Maintenance Charges,LS 601,01-11-2025,,,, Lift Maintenance Charges ,301005,,300,
ME-2025-0002456,301005,Lift Maintenance Charges,LS 602,01-11-2025,,,, Lift Maintenance Charges ,301005,,300,
ME-2025-0002467,301005,Lift Maintenance Charges,LS 603,01-11-2025,,,, Lift Maintenance Charges ,301005,,300,
ME-2025-0002476,301005,Lift Maintenance Charges,LS 604,01-11-2025,,,, Lift Maintenance Charges ,301005,,300,
ME-2025-0002486,301005,Lift Maintenance Charges,LS 701801,01-11-2025,,,, Lift Maintenance Charges ,301005,,600,
ME-2025-0002497,301005,Lift Maintenance Charges,LS 702802,01-11-2025,,,, Lift Maintenance Charges ,301005,,600,
ME-2025-0002508,301005,Lift Maintenance Charges,LS 703803,01-11-2025,,,, Lift Maintenance Charges ,301005,,600,
ME-2025-0002518,301005,Lift Maintenance Charges,LS 704804,01-11-2025,,,, Lift Maintenance Charges ,301005,,600,
ME-2025-0002555,301005,Lift Maintenance Charges,LS 101,01-12-2025,,,, Lift Maintenance Charges ,301005,,300,
ME-2025-0002565,301005,Lift Maintenance Charges,LS 102,01-12-2025,,,, Lift Maintenance Charges ,301005,,300,
ME-2025-0002576,301005,Lift Maintenance Charges,LS 103,01-12-2025,,,, Lift Maintenance Charges ,301005,,300,
ME-2025-0002585,301005,Lift Maintenance Charges,LS 201,01-12-2025,,,, Lift Maintenance Charges ,301005,,300,
ME-2025-0002594,301005,Lift Maintenance Charges,LS 202,01-12-2025,,,, Lift Maintenance Charges ,301005,,300,
ME-2025-0002604,301005,Lift Maintenance Charges,LS 203,01-12-2025,,,, Lift Maintenance Charges ,301005,,300,
ME-2025-0002615,301005,Lift Maintenance Charges,LS 204,01-12-2025,,,, Lift Maintenance Charges ,301005,,300,
ME-2025-0002625,301005,Lift Maintenance Charges,LS 301,01-12-2025,,,, Lift Maintenance Charges ,301005,,300,
ME-2025-0002636,301005,Lift Maintenance Charges,LS 302,01-12-2025,,,, Lift Maintenance Charges ,301005,,300,
ME-2025-0002647,301005,Lift Maintenance Charges,LS 303,01-12-2025,,,, Lift Maintenance Charges ,301005,,300,
ME-2025-0002656,301005,Lift Maintenance Charges,LS 304,01-12-2025,,,, Lift Maintenance Charges ,301005,,300,
ME-2025-0002666,301005,Lift Maintenance Charges,LS 401,01-12-2025,,,, Lift Maintenance Charges ,301005,,300,
ME-2025-0002676,301005,Lift Maintenance Charges,LS 402,01-12-2025,,,, Lift Maintenance Charges ,301005,,300,
ME-2025-0002685,301005,Lift Maintenance Charges,LS 403,01-12-2025,,,, Lift Maintenance Charges ,301005,,300,
ME-2025-0002694,301005,Lift Maintenance Charges,LS 404,01-12-2025,,,, Lift Maintenance Charges ,301005,,300,
ME-2025-0002704,301005,Lift Maintenance Charges,LS 501,01-12-2025,,,, Lift Maintenance Charges ,301005,,300,
ME-2025-0002713,301005,Lift Maintenance Charges,LS 502,01-12-2025,,,, Lift Maintenance Charges ,301005,,300,
ME-2025-0002723,301005,Lift Maintenance Charges,LS 503,01-12-2025,,,, Lift Maintenance Charges ,301005,,300,
ME-2025-0002734,301005,Lift Maintenance Charges,LS 504,01-12-2025,,,, Lift Maintenance Charges ,301005,,300,
ME-2025-0002745,301005,Lift Maintenance Charges,LS 601,01-12-2025,,,, Lift Maintenance Charges ,301005,,300,
ME-2025-0002756,301005,Lift Maintenance Charges,LS 602,01-12-2025,,,, Lift Maintenance Charges ,301005,,300,
ME-2025-0002767,301005,Lift Maintenance Charges,LS 603,01-12-2025,,,, Lift Maintenance Charges ,301005,,300,
ME-2025-0002776,301005,Lift Maintenance Charges,LS 604,01-12-2025,,,, Lift Maintenance Charges ,301005,,300,
ME-2025-0002786,301005,Lift Maintenance Charges,LS 701801,01-12-2025,,,, Lift Maintenance Charges ,301005,,600,
ME-2025-0002797,301005,Lift Maintenance Charges,LS 702802,01-12-2025,,,, Lift Maintenance Charges ,301005,,600,
ME-2025-0002808,301005,Lift Maintenance Charges,LS 703803,01-12-2025,,,, Lift Maintenance Charges ,301005,,600,
ME-2025-0002818,301005,Lift Maintenance Charges,LS 704804,01-12-2025,,,, Lift Maintenance Charges ,301005,,600,
ME-2025-0002831,301005,Lift Maintenance Charges,LS 104,01-12-2025,,,, Lift Maintenance Charges ,301005,,300,
ME-2025-0002866,301005,Lift Maintenance Charges,LS 101,01-01-2026,,,, Lift Maintenance Charges ,301005,,300,
ME-2025-0002876,301005,Lift Maintenance Charges,LS 102,01-01-2026,,,, Lift Maintenance Charges ,301005,,300,
ME-2025-0002887,301005,Lift Maintenance Charges,LS 103,01-01-2026,,,, Lift Maintenance Charges ,301005,,300,
ME-2025-0002896,301005,Lift Maintenance Charges,LS 104,01-01-2026,,,, Lift Maintenance Charges ,301005,,300,
ME-2025-0002905,301005,Lift Maintenance Charges,LS 201,01-01-2026,,,, Lift Maintenance Charges ,301005,,300,
ME-2025-0002914,301005,Lift Maintenance Charges,LS 202,01-01-2026,,,, Lift Maintenance Charges ,301005,,300,
ME-2025-0002924,301005,Lift Maintenance Charges,LS 203,01-01-2026,,,, Lift Maintenance Charges ,301005,,300,
ME-2025-0002935,301005,Lift Maintenance Charges,LS 204,01-01-2026,,,, Lift Maintenance Charges ,301005,,300,
ME-2025-0002945,301005,Lift Maintenance Charges,LS 301,01-01-2026,,,, Lift Maintenance Charges ,301005,,300,
ME-2025-0002955,301005,Lift Maintenance Charges,LS 302,01-01-2026,,,, Lift Maintenance Charges ,301005,,300,
ME-2025-0002966,301005,Lift Maintenance Charges,LS 303,01-01-2026,,,, Lift Maintenance Charges ,301005,,300,
ME-2025-0002975,301005,Lift Maintenance Charges,LS 304,01-01-2026,,,, Lift Maintenance Charges ,301005,,300,
ME-2025-0002985,301005,Lift Maintenance Charges,LS 401,01-01-2026,,,, Lift Maintenance Charges ,301005,,300,
ME-2025-0002995,301005,Lift Maintenance Charges,LS 402,01-01-2026,,,, Lift Maintenance Charges ,301005,,300,
ME-2025-0003004,301005,Lift Maintenance Charges,LS 403,01-01-2026,,,, Lift Maintenance Charges ,301005,,300,
ME-2025-0003013,301005,Lift Maintenance Charges,LS 404,01-01-2026,,,, Lift Maintenance Charges ,301005,,300,
ME-2025-0003023,301005,Lift Maintenance Charges,LS 501,01-01-2026,,,, Lift Maintenance Charges ,301005,,300,
ME-2025-0003032,301005,Lift Maintenance Charges,LS 502,01-01-2026,,,, Lift Maintenance Charges ,301005,,300,
ME-2025-0003042,301005,Lift Maintenance Charges,LS 503,01-01-2026,,,, Lift Maintenance Charges ,301005,,300,
ME-2025-0003053,301005,Lift Maintenance Charges,LS 504,01-01-2026,,,, Lift Maintenance Charges ,301005,,300,
ME-2025-0003064,301005,Lift Maintenance Charges,LS 601,01-01-2026,,,, Lift Maintenance Charges ,301005,,300,
ME-2025-0003075,301005,Lift Maintenance Charges,LS 602,01-01-2026,,,, Lift Maintenance Charges ,301005,,300,
ME-2025-0003086,301005,Lift Maintenance Charges,LS 603,01-01-2026,,,, Lift Maintenance Charges ,301005,,300,
ME-2025-0003095,301005,Lift Maintenance Charges,LS 604,01-01-2026,,,, Lift Maintenance Charges ,301005,,300,
ME-2025-0003105,301005,Lift Maintenance Charges,LS 701801,01-01-2026,,,, Lift Maintenance Charges ,301005,,600,
ME-2025-0003116,301005,Lift Maintenance Charges,LS 702802,01-01-2026,,,, Lift Maintenance Charges ,301005,,600,
ME-2025-0003127,301005,Lift Maintenance Charges,LS 703803,01-01-2026,,,, Lift Maintenance Charges ,301005,,600,
ME-2025-0003137,301005,Lift Maintenance Charges,LS 704804,01-01-2026,,,, Lift Maintenance Charges ,301005,,600,
ME-2025-0003168,301005,Lift Maintenance Charges,LS 101,01-02-2026,,,, Lift Maintenance Charges ,301005,,300,
ME-2025-0003178,301005,Lift Maintenance Charges,LS 102,01-02-2026,,,, Lift Maintenance Charges ,301005,,300,
ME-2025-0003189,301005,Lift Maintenance Charges,LS 103,01-02-2026,,,, Lift Maintenance Charges ,301005,,300,
ME-2025-0003198,301005,Lift Maintenance Charges,LS 104,01-02-2026,,,, Lift Maintenance Charges ,301005,,300,
ME-2025-0003207,301005,Lift Maintenance Charges,LS 201,01-02-2026,,,, Lift Maintenance Charges ,301005,,300,
ME-2025-0003216,301005,Lift Maintenance Charges,LS 202,01-02-2026,,,, Lift Maintenance Charges ,301005,,300,
ME-2025-0003226,301005,Lift Maintenance Charges,LS 203,01-02-2026,,,, Lift Maintenance Charges ,301005,,300,
ME-2025-0003237,301005,Lift Maintenance Charges,LS 204,01-02-2026,,,, Lift Maintenance Charges ,301005,,300,
ME-2025-0003247,301005,Lift Maintenance Charges,LS 301,01-02-2026,,,, Lift Maintenance Charges ,301005,,300,
ME-2025-0003257,301005,Lift Maintenance Charges,LS 302,01-02-2026,,,, Lift Maintenance Charges ,301005,,300,
ME-2025-0003268,301005,Lift Maintenance Charges,LS 303,01-02-2026,,,, Lift Maintenance Charges ,301005,,300,
ME-2025-0003277,301005,Lift Maintenance Charges,LS 304,01-02-2026,,,, Lift Maintenance Charges ,301005,,300,
ME-2025-0003287,301005,Lift Maintenance Charges,LS 401,01-02-2026,,,, Lift Maintenance Charges ,301005,,300,
ME-2025-0003297,301005,Lift Maintenance Charges,LS 402,01-02-2026,,,, Lift Maintenance Charges ,301005,,300,
ME-2025-0003306,301005,Lift Maintenance Charges,LS 403,01-02-2026,,,, Lift Maintenance Charges ,301005,,300,
ME-2025-0003315,301005,Lift Maintenance Charges,LS 404,01-02-2026,,,, Lift Maintenance Charges ,301005,,300,
ME-2025-0003325,301005,Lift Maintenance Charges,LS 501,01-02-2026,,,, Lift Maintenance Charges ,301005,,300,
ME-2025-0003334,301005,Lift Maintenance Charges,LS 502,01-02-2026,,,, Lift Maintenance Charges ,301005,,300,
ME-2025-0003344,301005,Lift Maintenance Charges,LS 503,01-02-2026,,,, Lift Maintenance Charges ,301005,,300,
ME-2025-0003355,301005,Lift Maintenance Charges,LS 504,01-02-2026,,,, Lift Maintenance Charges ,301005,,300,
ME-2025-0003366,301005,Lift Maintenance Charges,LS 601,01-02-2026,,,, Lift Maintenance Charges ,301005,,300,
ME-2025-0003377,301005,Lift Maintenance Charges,LS 602,01-02-2026,,,, Lift Maintenance Charges ,301005,,300,
ME-2025-0003388,301005,Lift Maintenance Charges,LS 603,01-02-2026,,,, Lift Maintenance Charges ,301005,,300,
ME-2025-0003397,301005,Lift Maintenance Charges,LS 604,01-02-2026,,,, Lift Maintenance Charges ,301005,,300,
ME-2025-0003407,301005,Lift Maintenance Charges,LS 701801,01-02-2026,,,, Lift Maintenance Charges ,301005,,600,
ME-2025-0003418,301005,Lift Maintenance Charges,LS 702802,01-02-2026,,,, Lift Maintenance Charges ,301005,,600,
ME-2025-0003430,301005,Lift Maintenance Charges,LS 703803,01-02-2026,,,, Lift Maintenance Charges ,301005,,600,
ME-2025-0003440,301005,Lift Maintenance Charges,LS 704804,01-02-2026,,,, Lift Maintenance Charges ,301005,,600,
ME-2025-0003479,301005,Lift Maintenance Charges,LS 101,01-03-2026,,,, Lift Maintenance Charges ,301005,,300,
ME-2025-0003489,301005,Lift Maintenance Charges,LS 102,01-03-2026,,,, Lift Maintenance Charges ,301005,,300,
ME-2025-0003500,301005,Lift Maintenance Charges,LS 103,01-03-2026,,,, Lift Maintenance Charges ,301005,,300,
ME-2025-0003509,301005,Lift Maintenance Charges,LS 104,01-03-2026,,,, Lift Maintenance Charges ,301005,,300,
ME-2025-0003518,301005,Lift Maintenance Charges,LS 201,01-03-2026,,,, Lift Maintenance Charges ,301005,,300,
ME-2025-0003527,301005,Lift Maintenance Charges,LS 202,01-03-2026,,,, Lift Maintenance Charges ,301005,,300,
ME-2025-0003537,301005,Lift Maintenance Charges,LS 203,01-03-2026,,,, Lift Maintenance Charges ,301005,,300,
ME-2025-0003547,301005,Lift Maintenance Charges,LS 204,01-03-2026,,,, Lift Maintenance Charges ,301005,,300,
ME-2025-0003557,301005,Lift Maintenance Charges,LS 301,01-03-2026,,,, Lift Maintenance Charges ,301005,,300,
ME-2025-0003567,301005,Lift Maintenance Charges,LS 302,01-03-2026,,,, Lift Maintenance Charges ,301005,,300,
ME-2025-0003578,301005,Lift Maintenance Charges,LS 303,01-03-2026,,,, Lift Maintenance Charges ,301005,,300,
ME-2025-0003587,301005,Lift Maintenance Charges,LS 304,01-03-2026,,,, Lift Maintenance Charges ,301005,,300,
ME-2025-0003597,301005,Lift Maintenance Charges,LS 401,01-03-2026,,,, Lift Maintenance Charges ,301005,,300,
ME-2025-0003607,301005,Lift Maintenance Charges,LS 402,01-03-2026,,,, Lift Maintenance Charges ,301005,,300,
ME-2025-0003616,301005,Lift Maintenance Charges,LS 403,01-03-2026,,,, Lift Maintenance Charges ,301005,,300,
ME-2025-0003625,301005,Lift Maintenance Charges,LS 404,01-03-2026,,,, Lift Maintenance Charges ,301005,,300,
ME-2025-0003635,301005,Lift Maintenance Charges,LS 501,01-03-2026,,,, Lift Maintenance Charges ,301005,,300,
ME-2025-0003644,301005,Lift Maintenance Charges,LS 502,01-03-2026,,,, Lift Maintenance Charges ,301005,,300,
ME-2025-0003654,301005,Lift Maintenance Charges,LS 503,01-03-2026,,,, Lift Maintenance Charges ,301005,,300,
ME-2025-0003665,301005,Lift Maintenance Charges,LS 504,01-03-2026,,,, Lift Maintenance Charges ,301005,,300,
ME-2025-0003676,301005,Lift Maintenance Charges,LS 601,01-03-2026,,,, Lift Maintenance Charges ,301005,,300,
ME-2025-0003687,301005,Lift Maintenance Charges,LS 602,01-03-2026,,,, Lift Maintenance Charges ,301005,,300,
ME-2025-0003698,301005,Lift Maintenance Charges,LS 603,01-03-2026,,,, Lift Maintenance Charges ,301005,,300,
ME-2025-0003707,301005,Lift Maintenance Charges,LS 604,01-03-2026,,,, Lift Maintenance Charges ,301005,,300,
ME-2025-0003717,301005,Lift Maintenance Charges,LS 701801,01-03-2026,,,, Lift Maintenance Charges ,301005,,600,
ME-2025-0003728,301005,Lift Maintenance Charges,LS 702802,01-03-2026,,,, Lift Maintenance Charges ,301005,,600,
ME-2025-0003739,301005,Lift Maintenance Charges,LS 703803,01-03-2026,,,, Lift Maintenance Charges ,301005,,600,
ME-2025-0003749,301005,Lift Maintenance Charges,LS 704804,01-03-2026,,,, Lift Maintenance Charges ,301005,,600,

"Balance : 115200(Credit)","","","","","","","","","","0","115200",

"Income - Members > Service Charges ( 301006 ) ",
"Journal No","Other GL No.","Other Account","Subledger","Posted Date","Comments","Instrument No.","Instrument Bank","Account Name","GL Account No.","Debit","Credit",
"","","","","","Opening Balance","",""," Service Charges ","301006","","",
ME-2025-0000010,301006,Service Charges,LS 101,01-04-2025,,,, Service Charges ,301006,,472,
ME-2025-0000020,301006,Service Charges,LS 102,01-04-2025,,,, Service Charges ,301006,,472,
ME-2025-0000031,301006,Service Charges,LS 103,01-04-2025,,,, Service Charges ,301006,,472,
ME-2025-0000040,301006,Service Charges,LS 104,01-04-2025,,,, Service Charges ,301006,,472,
ME-2025-0000049,301006,Service Charges,LS 201,01-04-2025,,,, Service Charges ,301006,,472,
ME-2025-0000058,301006,Service Charges,LS 202,01-04-2025,,,, Service Charges ,301006,,472,
ME-2025-0000070,301006,Service Charges,LS 203,01-04-2025,,,, Service Charges ,301006,,472,
ME-2025-0000080,301006,Service Charges,LS 204,01-04-2025,,,, Service Charges ,301006,,472,
ME-2025-0000089,301006,Service Charges,LS 301,01-04-2025,,,, Service Charges ,301006,,472,
ME-2025-0000099,301006,Service Charges,LS 302,01-04-2025,,,, Service Charges ,301006,,472,
ME-2025-0000110,301006,Service Charges,LS 303,01-04-2025,,,, Service Charges ,301006,,472,
ME-2025-0000119,301006,Service Charges,LS 304,01-04-2025,,,, Service Charges ,301006,,472,
ME-2025-0000129,301006,Service Charges,LS 401,01-04-2025,,,, Service Charges ,301006,,472,
ME-2025-0000139,301006,Service Charges,LS 402,01-04-2025,,,, Service Charges ,301006,,472,
ME-2025-0000148,301006,Service Charges,LS 403,01-04-2025,,,, Service Charges ,301006,,472,
ME-2025-0000157,301006,Service Charges,LS 404,01-04-2025,,,, Service Charges ,301006,,472,
ME-2025-0000167,301006,Service Charges,LS 501,01-04-2025,,,, Service Charges ,301006,,472,
ME-2025-0000177,301006,Service Charges,LS 502,01-04-2025,,,, Service Charges ,301006,,472,
ME-2025-0000188,301006,Service Charges,LS 503,01-04-2025,,,, Service Charges ,301006,,472,
ME-2025-0000200,301006,Service Charges,LS 504,01-04-2025,,,, Service Charges ,301006,,472,
ME-2025-0000211,301006,Service Charges,LS 601,01-04-2025,,,, Service Charges ,301006,,472,
ME-2025-0000223,301006,Service Charges,LS 602,01-04-2025,,,, Service Charges ,301006,,472,
ME-2025-0000234,301006,Service Charges,LS 603,01-04-2025,,,, Service Charges ,301006,,472,
ME-2025-0000243,301006,Service Charges,LS 604,01-04-2025,,,, Service Charges ,301006,,472,
ME-2025-0000253,301006,Service Charges,LS 701801,01-04-2025,,,, Service Charges ,301006,,944,
ME-2025-0000265,301006,Service Charges,LS 702802,01-04-2025,,,, Service Charges ,301006,,944,
ME-2025-0000276,301006,Service Charges,LS 703803,01-04-2025,,,, Service Charges ,301006,,944,
ME-2025-0000286,301006,Service Charges,LS 704804,01-04-2025,,,, Service Charges ,301006,,944,
ME-2025-0000324,301006,Service Charges,LS 101,01-05-2025,,,, Service Charges ,301006,,472,
ME-2025-0000334,301006,Service Charges,LS 102,01-05-2025,,,, Service Charges ,301006,,472,
ME-2025-0000345,301006,Service Charges,LS 103,01-05-2025,,,, Service Charges ,301006,,472,
ME-2025-0000354,301006,Service Charges,LS 104,01-05-2025,,,, Service Charges ,301006,,472,
ME-2025-0000363,301006,Service Charges,LS 201,01-05-2025,,,, Service Charges ,301006,,472,
ME-2025-0000372,301006,Service Charges,LS 202,01-05-2025,,,, Service Charges ,301006,,472,
ME-2025-0000384,301006,Service Charges,LS 203,01-05-2025,,,, Service Charges ,301006,,472,
ME-2025-0000394,301006,Service Charges,LS 204,01-05-2025,,,, Service Charges ,301006,,472,
ME-2025-0000404,301006,Service Charges,LS 301,01-05-2025,,,, Service Charges ,301006,,472,
ME-2025-0000414,301006,Service Charges,LS 302,01-05-2025,,,, Service Charges ,301006,,472,
ME-2025-0000425,301006,Service Charges,LS 303,01-05-2025,,,, Service Charges ,301006,,472,
ME-2025-0000434,301006,Service Charges,LS 304,01-05-2025,,,, Service Charges ,301006,,472,
ME-2025-0000444,301006,Service Charges,LS 401,01-05-2025,,,, Service Charges ,301006,,472,
ME-2025-0000454,301006,Service Charges,LS 402,01-05-2025,,,, Service Charges ,301006,,472,
ME-2025-0000464,301006,Service Charges,LS 403,01-05-2025,,,, Service Charges ,301006,,472,
ME-2025-0000473,301006,Service Charges,LS 404,01-05-2025,,,, Service Charges ,301006,,472,
ME-2025-0000483,301006,Service Charges,LS 501,01-05-2025,,,, Service Charges ,301006,,472,
ME-2025-0000493,301006,Service Charges,LS 502,01-05-2025,,,, Service Charges ,301006,,472,
ME-2025-0000504,301006,Service Charges,LS 503,01-05-2025,,,, Service Charges ,301006,,472,
ME-2025-0000516,301006,Service Charges,LS 504,01-05-2025,,,, Service Charges ,301006,,472,
ME-2025-0000527,301006,Service Charges,LS 601,01-05-2025,,,, Service Charges ,301006,,472,
ME-2025-0000539,301006,Service Charges,LS 602,01-05-2025,,,, Service Charges ,301006,,472,
ME-2025-0000550,301006,Service Charges,LS 603,01-05-2025,,,, Service Charges ,301006,,472,
ME-2025-0000559,301006,Service Charges,LS 604,01-05-2025,,,, Service Charges ,301006,,472,
ME-2025-0000569,301006,Service Charges,LS 701801,01-05-2025,,,, Service Charges ,301006,,944,
ME-2025-0000581,301006,Service Charges,LS 702802,01-05-2025,,,, Service Charges ,301006,,944,
ME-2025-0000592,301006,Service Charges,LS 703803,01-05-2025,,,, Service Charges ,301006,,944,
ME-2025-0000602,301006,Service Charges,LS 704804,01-05-2025,,,, Service Charges ,301006,,944,
ME-2025-0000644,301006,Service Charges,LS 101,01-06-2025,,,, Service Charges ,301006,,472,
ME-2025-0000654,301006,Service Charges,LS 102,01-06-2025,,,, Service Charges ,301006,,472,
ME-2025-0000665,301006,Service Charges,LS 103,01-06-2025,,,, Service Charges ,301006,,472,
ME-2025-0000674,301006,Service Charges,LS 104,01-06-2025,,,, Service Charges ,301006,,472,
ME-2025-0000683,301006,Service Charges,LS 201,01-06-2025,,,, Service Charges ,301006,,472,
ME-2025-0000692,301006,Service Charges,LS 202,01-06-2025,,,, Service Charges ,301006,,472,
ME-2025-0000704,301006,Service Charges,LS 203,01-06-2025,,,, Service Charges ,301006,,472,
ME-2025-0000714,301006,Service Charges,LS 204,01-06-2025,,,, Service Charges ,301006,,472,
ME-2025-0000724,301006,Service Charges,LS 301,01-06-2025,,,, Service Charges ,301006,,472,
ME-2025-0000734,301006,Service Charges,LS 302,01-06-2025,,,, Service Charges ,301006,,472,
ME-2025-0000745,301006,Service Charges,LS 303,01-06-2025,,,, Service Charges ,301006,,472,
ME-2025-0000754,301006,Service Charges,LS 304,01-06-2025,,,, Service Charges ,301006,,472,
ME-2025-0000764,301006,Service Charges,LS 401,01-06-2025,,,, Service Charges ,301006,,472,
ME-2025-0000774,301006,Service Charges,LS 402,01-06-2025,,,, Service Charges ,301006,,472,
ME-2025-0000784,301006,Service Charges,LS 403,01-06-2025,,,, Service Charges ,301006,,472,
ME-2025-0000793,301006,Service Charges,LS 404,01-06-2025,,,, Service Charges ,301006,,472,
ME-2025-0000803,301006,Service Charges,LS 501,01-06-2025,,,, Service Charges ,301006,,472,
ME-2025-0000813,301006,Service Charges,LS 502,01-06-2025,,,, Service Charges ,301006,,472,
ME-2025-0000824,301006,Service Charges,LS 503,01-06-2025,,,, Service Charges ,301006,,472,
ME-2025-0000836,301006,Service Charges,LS 504,01-06-2025,,,, Service Charges ,301006,,472,
ME-2025-0000847,301006,Service Charges,LS 601,01-06-2025,,,, Service Charges ,301006,,472,
ME-2025-0000870,301006,Service Charges,LS 603,01-06-2025,,,, Service Charges ,301006,,472,
ME-2025-0000879,301006,Service Charges,LS 604,01-06-2025,,,, Service Charges ,301006,,472,
ME-2025-0000889,301006,Service Charges,LS 701801,01-06-2025,,,, Service Charges ,301006,,944,
ME-2025-0000901,301006,Service Charges,LS 702802,01-06-2025,,,, Service Charges ,301006,,944,
ME-2025-0000912,301006,Service Charges,LS 703803,01-06-2025,,,, Service Charges ,301006,,944,
ME-2025-0000922,301006,Service Charges,LS 704804,01-06-2025,,,, Service Charges ,301006,,944,
ME-2025-0000947,301006,Service Charges,LS 602,01-06-2025,,,, Service Charges ,301006,,472,
ME-2025-0000985,301006,Service Charges,LS 101,01-07-2025,,,, Service Charges ,301006,,472,
ME-2025-0000995,301006,Service Charges,LS 102,01-07-2025,,,, Service Charges ,301006,,472,
ME-2025-0001006,301006,Service Charges,LS 103,01-07-2025,,,, Service Charges ,301006,,472,
ME-2025-0001015,301006,Service Charges,LS 104,01-07-2025,,,, Service Charges ,301006,,472,
ME-2025-0001024,301006,Service Charges,LS 201,01-07-2025,,,, Service Charges ,301006,,472,
ME-2025-0001033,301006,Service Charges,LS 202,01-07-2025,,,, Service Charges ,301006,,472,
ME-2025-0001045,301006,Service Charges,LS 203,01-07-2025,,,, Service Charges ,301006,,472,
ME-2025-0001055,301006,Service Charges,LS 204,01-07-2025,,,, Service Charges ,301006,,472,
ME-2025-0001064,301006,Service Charges,LS 301,01-07-2025,,,, Service Charges ,301006,,472,
ME-2025-0001074,301006,Service Charges,LS 302,01-07-2025,,,, Service Charges ,301006,,472,
ME-2025-0001085,301006,Service Charges,LS 303,01-07-2025,,,, Service Charges ,301006,,472,
ME-2025-0001094,301006,Service Charges,LS 304,01-07-2025,,,, Service Charges ,301006,,472,
ME-2025-0001104,301006,Service Charges,LS 401,01-07-2025,,,, Service Charges ,301006,,472,
ME-2025-0001114,301006,Service Charges,LS 402,01-07-2025,,,, Service Charges ,301006,,472,
ME-2025-0001124,301006,Service Charges,LS 403,01-07-2025,,,, Service Charges ,301006,,472,
ME-2025-0001133,301006,Service Charges,LS 404,01-07-2025,,,, Service Charges ,301006,,472,
ME-2025-0001143,301006,Service Charges,LS 501,01-07-2025,,,, Service Charges ,301006,,472,
ME-2025-0001153,301006,Service Charges,LS 502,01-07-2025,,,, Service Charges ,301006,,472,
ME-2025-0001164,301006,Service Charges,LS 503,01-07-2025,,,, Service Charges ,301006,,472,
ME-2025-0001176,301006,Service Charges,LS 504,01-07-2025,,,, Service Charges ,301006,,472,
ME-2025-0001187,301006,Service Charges,LS 601,01-07-2025,,,, Service Charges ,301006,,472,
ME-2025-0001197,301006,Service Charges,LS 602,01-07-2025,,,, Service Charges ,301006,,472,
ME-2025-0001207,301006,Service Charges,LS 603,01-07-2025,,,, Service Charges ,301006,,472,
ME-2025-0001216,301006,Service Charges,LS 604,01-07-2025,,,, Service Charges ,301006,,472,
ME-2025-0001226,301006,Service Charges,LS 701801,01-07-2025,,,, Service Charges ,301006,,944,
ME-2025-0001238,301006,Service Charges,LS 702802,01-07-2025,,,, Service Charges ,301006,,944,
ME-2025-0001249,301006,Service Charges,LS 703803,01-07-2025,,,, Service Charges ,301006,,944,
ME-2025-0001259,301006,Service Charges,LS 704804,01-07-2025,,,, Service Charges ,301006,,944,
ME-2025-0001293,301006,Service Charges,LS 101,01-08-2025,,,, Service Charges ,301006,,472,
ME-2025-0001303,301006,Service Charges,LS 102,01-08-2025,,,, Service Charges ,301006,,472,
ME-2025-0001314,301006,Service Charges,LS 103,01-08-2025,,,, Service Charges ,301006,,472,
ME-2025-0001324,301006,Service Charges,LS 104,01-08-2025,,,, Service Charges ,301006,,472,
ME-2025-0001333,301006,Service Charges,LS 201,01-08-2025,,,, Service Charges ,301006,,472,
ME-2025-0001343,301006,Service Charges,LS 202,01-08-2025,,,, Service Charges ,301006,,472,
ME-2025-0001355,301006,Service Charges,LS 203,01-08-2025,,,, Service Charges ,301006,,472,
ME-2025-0001365,301006,Service Charges,LS 204,01-08-2025,,,, Service Charges ,301006,,472,
ME-2025-0001374,301006,Service Charges,LS 301,01-08-2025,,,, Service Charges ,301006,,472,
ME-2025-0001384,301006,Service Charges,LS 302,01-08-2025,,,, Service Charges ,301006,,472,
ME-2025-0001395,301006,Service Charges,LS 303,01-08-2025,,,, Service Charges ,301006,,472,
ME-2025-0001404,301006,Service Charges,LS 304,01-08-2025,,,, Service Charges ,301006,,472,
ME-2025-0001414,301006,Service Charges,LS 401,01-08-2025,,,, Service Charges ,301006,,472,
ME-2025-0001424,301006,Service Charges,LS 402,01-08-2025,,,, Service Charges ,301006,,472,
ME-2025-0001434,301006,Service Charges,LS 403,01-08-2025,,,, Service Charges ,301006,,472,
ME-2025-0001443,301006,Service Charges,LS 404,01-08-2025,,,, Service Charges ,301006,,472,
ME-2025-0001453,301006,Service Charges,LS 501,01-08-2025,,,, Service Charges ,301006,,472,
ME-2025-0001463,301006,Service Charges,LS 502,01-08-2025,,,, Service Charges ,301006,,472,
ME-2025-0001474,301006,Service Charges,LS 503,01-08-2025,,,, Service Charges ,301006,,472,
ME-2025-0001486,301006,Service Charges,LS 504,01-08-2025,,,, Service Charges ,301006,,472,
ME-2025-0001497,301006,Service Charges,LS 601,01-08-2025,,,, Service Charges ,301006,,472,
ME-2025-0001517,301006,Service Charges,LS 603,01-08-2025,,,, Service Charges ,301006,,472,
ME-2025-0001526,301006,Service Charges,LS 604,01-08-2025,,,, Service Charges ,301006,,472,
ME-2025-0001536,301006,Service Charges,LS 701801,01-08-2025,,,, Service Charges ,301006,,944,
ME-2025-0001548,301006,Service Charges,LS 702802,01-08-2025,,,, Service Charges ,301006,,944,
ME-2025-0001559,301006,Service Charges,LS 703803,01-08-2025,,,, Service Charges ,301006,,944,
ME-2025-0001569,301006,Service Charges,LS 704804,01-08-2025,,,, Service Charges ,301006,,944,
ME-2025-0001591,301006,Service Charges,LS 602,01-08-2025,,,, Service Charges ,301006,,472,
ME-2025-0001630,301006,Service Charges,LS 101,01-09-2025,,,, Service Charges ,301006,,472,
ME-2025-0001640,301006,Service Charges,LS 102,01-09-2025,,,, Service Charges ,301006,,472,
ME-2025-0001651,301006,Service Charges,LS 103,01-09-2025,,,, Service Charges ,301006,,472,
ME-2025-0001660,301006,Service Charges,LS 104,01-09-2025,,,, Service Charges ,301006,,472,
ME-2025-0001669,301006,Service Charges,LS 201,01-09-2025,,,, Service Charges ,301006,,472,
ME-2025-0001679,301006,Service Charges,LS 202,01-09-2025,,,, Service Charges ,301006,,472,
ME-2025-0001691,301006,Service Charges,LS 203,01-09-2025,,,, Service Charges ,301006,,472,
ME-2025-0001701,301006,Service Charges,LS 204,01-09-2025,,,, Service Charges ,301006,,472,
ME-2025-0001711,301006,Service Charges,LS 301,01-09-2025,,,, Service Charges ,301006,,472,
ME-2025-0001721,301006,Service Charges,LS 302,01-09-2025,,,, Service Charges ,301006,,472,
ME-2025-0001732,301006,Service Charges,LS 303,01-09-2025,,,, Service Charges ,301006,,472,
ME-2025-0001741,301006,Service Charges,LS 304,01-09-2025,,,, Service Charges ,301006,,472,
ME-2025-0001751,301006,Service Charges,LS 401,01-09-2025,,,, Service Charges ,301006,,472,
ME-2025-0001761,301006,Service Charges,LS 402,01-09-2025,,,, Service Charges ,301006,,472,
ME-2025-0001771,301006,Service Charges,LS 403,01-09-2025,,,, Service Charges ,301006,,472,
ME-2025-0001780,301006,Service Charges,LS 404,01-09-2025,,,, Service Charges ,301006,,472,
ME-2025-0001790,301006,Service Charges,LS 501,01-09-2025,,,, Service Charges ,301006,,472,
ME-2025-0001800,301006,Service Charges,LS 502,01-09-2025,,,, Service Charges ,301006,,472,
ME-2025-0001811,301006,Service Charges,LS 503,01-09-2025,,,, Service Charges ,301006,,472,
ME-2025-0001823,301006,Service Charges,LS 504,01-09-2025,,,, Service Charges ,301006,,472,
ME-2025-0001834,301006,Service Charges,LS 601,01-09-2025,,,, Service Charges ,301006,,472,
ME-2025-0001846,301006,Service Charges,LS 602,01-09-2025,,,, Service Charges ,301006,,472,
ME-2025-0001857,301006,Service Charges,LS 603,01-09-2025,,,, Service Charges ,301006,,472,
ME-2025-0001867,301006,Service Charges,LS 604,01-09-2025,,,, Service Charges ,301006,,472,
ME-2025-0001877,301006,Service Charges,LS 701801,01-09-2025,,,, Service Charges ,301006,,944,
ME-2025-0001889,301006,Service Charges,LS 702802,01-09-2025,,,, Service Charges ,301006,,944,
ME-2025-0001900,301006,Service Charges,LS 703803,01-09-2025,,,, Service Charges ,301006,,944,
ME-2025-0001911,301006,Service Charges,LS 704804,01-09-2025,,,, Service Charges ,301006,,944,
ME-2025-0001944,301006,Service Charges,LS 101,01-10-2025,,,, Service Charges ,301006,,472,
ME-2025-0001954,301006,Service Charges,LS 102,01-10-2025,,,, Service Charges ,301006,,472,
ME-2025-0001965,301006,Service Charges,LS 103,01-10-2025,,,, Service Charges ,301006,,472,
ME-2025-0001974,301006,Service Charges,LS 104,01-10-2025,,,, Service Charges ,301006,,472,
ME-2025-0001983,301006,Service Charges,LS 201,01-10-2025,,,, Service Charges ,301006,,472,
ME-2025-0001992,301006,Service Charges,LS 202,01-10-2025,,,, Service Charges ,301006,,472,
ME-2025-0002002,301006,Service Charges,LS 203,01-10-2025,,,, Service Charges ,301006,,472,
ME-2025-0002012,301006,Service Charges,LS 204,01-10-2025,,,, Service Charges ,301006,,472,
ME-2025-0002022,301006,Service Charges,LS 301,01-10-2025,,,, Service Charges ,301006,,472,
ME-2025-0002032,301006,Service Charges,LS 302,01-10-2025,,,, Service Charges ,301006,,472,
ME-2025-0002043,301006,Service Charges,LS 303,01-10-2025,,,, Service Charges ,301006,,472,
ME-2025-0002052,301006,Service Charges,LS 304,01-10-2025,,,, Service Charges ,301006,,472,
ME-2025-0002062,301006,Service Charges,LS 401,01-10-2025,,,, Service Charges ,301006,,472,
ME-2025-0002072,301006,Service Charges,LS 402,01-10-2025,,,, Service Charges ,301006,,472,
ME-2025-0002081,301006,Service Charges,LS 403,01-10-2025,,,, Service Charges ,301006,,472,
ME-2025-0002090,301006,Service Charges,LS 404,01-10-2025,,,, Service Charges ,301006,,472,
ME-2025-0002100,301006,Service Charges,LS 501,01-10-2025,,,, Service Charges ,301006,,472,
ME-2025-0002109,301006,Service Charges,LS 502,01-10-2025,,,, Service Charges ,301006,,472,
ME-2025-0002119,301006,Service Charges,LS 503,01-10-2025,,,, Service Charges ,301006,,472,
ME-2025-0002130,301006,Service Charges,LS 504,01-10-2025,,,, Service Charges ,301006,,472,
ME-2025-0002142,301006,Service Charges,LS 601,01-10-2025,,,, Service Charges ,301006,,472,
ME-2025-0002153,301006,Service Charges,LS 602,01-10-2025,,,, Service Charges ,301006,,472,
ME-2025-0002164,301006,Service Charges,LS 603,01-10-2025,,,, Service Charges ,301006,,472,
ME-2025-0002173,301006,Service Charges,LS 604,01-10-2025,,,, Service Charges ,301006,,472,
ME-2025-0002183,301006,Service Charges,LS 701801,01-10-2025,,,, Service Charges ,301006,,944,
ME-2025-0002194,301006,Service Charges,LS 702802,01-10-2025,,,, Service Charges ,301006,,944,
ME-2025-0002205,301006,Service Charges,LS 703803,01-10-2025,,,, Service Charges ,301006,,944,
ME-2025-0002216,301006,Service Charges,LS 704804,01-10-2025,,,, Service Charges ,301006,,944,
ME-2025-0002251,301006,Service Charges,LS 101,01-11-2025,,,, Service Charges ,301006,,472,
ME-2025-0002261,301006,Service Charges,LS 102,01-11-2025,,,, Service Charges ,301006,,472,
ME-2025-0002272,301006,Service Charges,LS 103,01-11-2025,,,, Service Charges ,301006,,472,
ME-2025-0002281,301006,Service Charges,LS 104,01-11-2025,,,, Service Charges ,301006,,472,
ME-2025-0002290,301006,Service Charges,LS 201,01-11-2025,,,, Service Charges ,301006,,472,
ME-2025-0002299,301006,Service Charges,LS 202,01-11-2025,,,, Service Charges ,301006,,472,
ME-2025-0002309,301006,Service Charges,LS 203,01-11-2025,,,, Service Charges ,301006,,472,
ME-2025-0002319,301006,Service Charges,LS 204,01-11-2025,,,, Service Charges ,301006,,472,
ME-2025-0002328,301006,Service Charges,LS 301,01-11-2025,,,, Service Charges ,301006,,472,
ME-2025-0002339,301006,Service Charges,LS 302,01-11-2025,,,, Service Charges ,301006,,472,
ME-2025-0002350,301006,Service Charges,LS 303,01-11-2025,,,, Service Charges ,301006,,472,
ME-2025-0002359,301006,Service Charges,LS 304,01-11-2025,,,, Service Charges ,301006,,472,
ME-2025-0002369,301006,Service Charges,LS 401,01-11-2025,,,, Service Charges ,301006,,472,
ME-2025-0002379,301006,Service Charges,LS 402,01-11-2025,,,, Service Charges ,301006,,472,
ME-2025-0002388,301006,Service Charges,LS 403,01-11-2025,,,, Service Charges ,301006,,472,
ME-2025-0002397,301006,Service Charges,LS 404,01-11-2025,,,, Service Charges ,301006,,472,
ME-2025-0002407,301006,Service Charges,LS 501,01-11-2025,,,, Service Charges ,301006,,472,
ME-2025-0002416,301006,Service Charges,LS 502,01-11-2025,,,, Service Charges ,301006,,472,
ME-2025-0002426,301006,Service Charges,LS 503,01-11-2025,,,, Service Charges ,301006,,472,
ME-2025-0002437,301006,Service Charges,LS 504,01-11-2025,,,, Service Charges ,301006,,472,
ME-2025-0002448,301006,Service Charges,LS 601,01-11-2025,,,, Service Charges ,301006,,472,
ME-2025-0002459,301006,Service Charges,LS 602,01-11-2025,,,, Service Charges ,301006,,472,
ME-2025-0002470,301006,Service Charges,LS 603,01-11-2025,,,, Service Charges ,301006,,472,
ME-2025-0002479,301006,Service Charges,LS 604,01-11-2025,,,, Service Charges ,301006,,472,
ME-2025-0002489,301006,Service Charges,LS 701801,01-11-2025,,,, Service Charges ,301006,,944,
ME-2025-0002500,301006,Service Charges,LS 702802,01-11-2025,,,, Service Charges ,301006,,944,
ME-2025-0002511,301006,Service Charges,LS 703803,01-11-2025,,,, Service Charges ,301006,,944,
ME-2025-0002521,301006,Service Charges,LS 704804,01-11-2025,,,, Service Charges ,301006,,944,
ME-2025-0002558,301006,Service Charges,LS 101,01-12-2025,,,, Service Charges ,301006,,472,
ME-2025-0002568,301006,Service Charges,LS 102,01-12-2025,,,, Service Charges ,301006,,472,
ME-2025-0002579,301006,Service Charges,LS 103,01-12-2025,,,, Service Charges ,301006,,472,
ME-2025-0002588,301006,Service Charges,LS 201,01-12-2025,,,, Service Charges ,301006,,472,
ME-2025-0002597,301006,Service Charges,LS 202,01-12-2025,,,, Service Charges ,301006,,472,
ME-2025-0002607,301006,Service Charges,LS 203,01-12-2025,,,, Service Charges ,301006,,472,
ME-2025-0002618,301006,Service Charges,LS 204,01-12-2025,,,, Service Charges ,301006,,472,
ME-2025-0002628,301006,Service Charges,LS 301,01-12-2025,,,, Service Charges ,301006,,472,
ME-2025-0002639,301006,Service Charges,LS 302,01-12-2025,,,, Service Charges ,301006,,472,
ME-2025-0002650,301006,Service Charges,LS 303,01-12-2025,,,, Service Charges ,301006,,472,
ME-2025-0002659,301006,Service Charges,LS 304,01-12-2025,,,, Service Charges ,301006,,472,
ME-2025-0002669,301006,Service Charges,LS 401,01-12-2025,,,, Service Charges ,301006,,472,
ME-2025-0002679,301006,Service Charges,LS 402,01-12-2025,,,, Service Charges ,301006,,472,
ME-2025-0002688,301006,Service Charges,LS 403,01-12-2025,,,, Service Charges ,301006,,472,
ME-2025-0002697,301006,Service Charges,LS 404,01-12-2025,,,, Service Charges ,301006,,472,
ME-2025-0002707,301006,Service Charges,LS 501,01-12-2025,,,, Service Charges ,301006,,472,
ME-2025-0002716,301006,Service Charges,LS 502,01-12-2025,,,, Service Charges ,301006,,472,
ME-2025-0002726,301006,Service Charges,LS 503,01-12-2025,,,, Service Charges ,301006,,472,
ME-2025-0002737,301006,Service Charges,LS 504,01-12-2025,,,, Service Charges ,301006,,472,
ME-2025-0002748,301006,Service Charges,LS 601,01-12-2025,,,, Service Charges ,301006,,472,
ME-2025-0002759,301006,Service Charges,LS 602,01-12-2025,,,, Service Charges ,301006,,472,
ME-2025-0002770,301006,Service Charges,LS 603,01-12-2025,,,, Service Charges ,301006,,472,
ME-2025-0002779,301006,Service Charges,LS 604,01-12-2025,,,, Service Charges ,301006,,472,
ME-2025-0002789,301006,Service Charges,LS 701801,01-12-2025,,,, Service Charges ,301006,,944,
ME-2025-0002800,301006,Service Charges,LS 702802,01-12-2025,,,, Service Charges ,301006,,944,
ME-2025-0002811,301006,Service Charges,LS 703803,01-12-2025,,,, Service Charges ,301006,,944,
ME-2025-0002821,301006,Service Charges,LS 704804,01-12-2025,,,, Service Charges ,301006,,944,
ME-2025-0002834,301006,Service Charges,LS 104,01-12-2025,,,, Service Charges ,301006,,472,
ME-2025-0002869,301006,Service Charges,LS 101,01-01-2026,,,, Service Charges ,301006,,472,
ME-2025-0002879,301006,Service Charges,LS 102,01-01-2026,,,, Service Charges ,301006,,472,
ME-2025-0002890,301006,Service Charges,LS 103,01-01-2026,,,, Service Charges ,301006,,472,
ME-2025-0002899,301006,Service Charges,LS 104,01-01-2026,,,, Service Charges ,301006,,472,
ME-2025-0002908,301006,Service Charges,LS 201,01-01-2026,,,, Service Charges ,301006,,472,
ME-2025-0002917,301006,Service Charges,LS 202,01-01-2026,,,, Service Charges ,301006,,472,
ME-2025-0002927,301006,Service Charges,LS 203,01-01-2026,,,, Service Charges ,301006,,472,
ME-2025-0002938,301006,Service Charges,LS 204,01-01-2026,,,, Service Charges ,301006,,472,
ME-2025-0002948,301006,Service Charges,LS 301,01-01-2026,,,, Service Charges ,301006,,472,
ME-2025-0002958,301006,Service Charges,LS 302,01-01-2026,,,, Service Charges ,301006,,472,
ME-2025-0002969,301006,Service Charges,LS 303,01-01-2026,,,, Service Charges ,301006,,472,
ME-2025-0002978,301006,Service Charges,LS 304,01-01-2026,,,, Service Charges ,301006,,472,
ME-2025-0002988,301006,Service Charges,LS 401,01-01-2026,,,, Service Charges ,301006,,472,
ME-2025-0002998,301006,Service Charges,LS 402,01-01-2026,,,, Service Charges ,301006,,472,
ME-2025-0003007,301006,Service Charges,LS 403,01-01-2026,,,, Service Charges ,301006,,472,
ME-2025-0003016,301006,Service Charges,LS 404,01-01-2026,,,, Service Charges ,301006,,472,
ME-2025-0003026,301006,Service Charges,LS 501,01-01-2026,,,, Service Charges ,301006,,472,
ME-2025-0003035,301006,Service Charges,LS 502,01-01-2026,,,, Service Charges ,301006,,472,
ME-2025-0003045,301006,Service Charges,LS 503,01-01-2026,,,, Service Charges ,301006,,472,
ME-2025-0003056,301006,Service Charges,LS 504,01-01-2026,,,, Service Charges ,301006,,472,
ME-2025-0003067,301006,Service Charges,LS 601,01-01-2026,,,, Service Charges ,301006,,472,
ME-2025-0003078,301006,Service Charges,LS 602,01-01-2026,,,, Service Charges ,301006,,472,
ME-2025-0003089,301006,Service Charges,LS 603,01-01-2026,,,, Service Charges ,301006,,472,
ME-2025-0003098,301006,Service Charges,LS 604,01-01-2026,,,, Service Charges ,301006,,472,
ME-2025-0003108,301006,Service Charges,LS 701801,01-01-2026,,,, Service Charges ,301006,,944,
ME-2025-0003119,301006,Service Charges,LS 702802,01-01-2026,,,, Service Charges ,301006,,944,
ME-2025-0003130,301006,Service Charges,LS 703803,01-01-2026,,,, Service Charges ,301006,,944,
ME-2025-0003140,301006,Service Charges,LS 704804,01-01-2026,,,, Service Charges ,301006,,944,
ME-2025-0003171,301006,Service Charges,LS 101,01-02-2026,,,, Service Charges ,301006,,472,
ME-2025-0003181,301006,Service Charges,LS 102,01-02-2026,,,, Service Charges ,301006,,472,
ME-2025-0003192,301006,Service Charges,LS 103,01-02-2026,,,, Service Charges ,301006,,472,
ME-2025-0003201,301006,Service Charges,LS 104,01-02-2026,,,, Service Charges ,301006,,472,
ME-2025-0003210,301006,Service Charges,LS 201,01-02-2026,,,, Service Charges ,301006,,472,
ME-2025-0003219,301006,Service Charges,LS 202,01-02-2026,,,, Service Charges ,301006,,472,
ME-2025-0003229,301006,Service Charges,LS 203,01-02-2026,,,, Service Charges ,301006,,472,
ME-2025-0003240,301006,Service Charges,LS 204,01-02-2026,,,, Service Charges ,301006,,472,
ME-2025-0003250,301006,Service Charges,LS 301,01-02-2026,,,, Service Charges ,301006,,472,
ME-2025-0003260,301006,Service Charges,LS 302,01-02-2026,,,, Service Charges ,301006,,472,
ME-2025-0003271,301006,Service Charges,LS 303,01-02-2026,,,, Service Charges ,301006,,472,
ME-2025-0003280,301006,Service Charges,LS 304,01-02-2026,,,, Service Charges ,301006,,472,
ME-2025-0003290,301006,Service Charges,LS 401,01-02-2026,,,, Service Charges ,301006,,472,
ME-2025-0003300,301006,Service Charges,LS 402,01-02-2026,,,, Service Charges ,301006,,472,
ME-2025-0003309,301006,Service Charges,LS 403,01-02-2026,,,, Service Charges ,301006,,472,
ME-2025-0003318,301006,Service Charges,LS 404,01-02-2026,,,, Service Charges ,301006,,472,
ME-2025-0003328,301006,Service Charges,LS 501,01-02-2026,,,, Service Charges ,301006,,472,
ME-2025-0003337,301006,Service Charges,LS 502,01-02-2026,,,, Service Charges ,301006,,472,
ME-2025-0003347,301006,Service Charges,LS 503,01-02-2026,,,, Service Charges ,301006,,472,
ME-2025-0003358,301006,Service Charges,LS 504,01-02-2026,,,, Service Charges ,301006,,472,
ME-2025-0003369,301006,Service Charges,LS 601,01-02-2026,,,, Service Charges ,301006,,472,
ME-2025-0003380,301006,Service Charges,LS 602,01-02-2026,,,, Service Charges ,301006,,472,
ME-2025-0003391,301006,Service Charges,LS 603,01-02-2026,,,, Service Charges ,301006,,472,
ME-2025-0003400,301006,Service Charges,LS 604,01-02-2026,,,, Service Charges ,301006,,472,
ME-2025-0003410,301006,Service Charges,LS 701801,01-02-2026,,,, Service Charges ,301006,,944,
ME-2025-0003421,301006,Service Charges,LS 702802,01-02-2026,,,, Service Charges ,301006,,944,
ME-2025-0003433,301006,Service Charges,LS 703803,01-02-2026,,,, Service Charges ,301006,,944,
ME-2025-0003443,301006,Service Charges,LS 704804,01-02-2026,,,, Service Charges ,301006,,944,
ME-2025-0003482,301006,Service Charges,LS 101,01-03-2026,,,, Service Charges ,301006,,472,
ME-2025-0003492,301006,Service Charges,LS 102,01-03-2026,,,, Service Charges ,301006,,472,
ME-2025-0003503,301006,Service Charges,LS 103,01-03-2026,,,, Service Charges ,301006,,472,
ME-2025-0003512,301006,Service Charges,LS 104,01-03-2026,,,, Service Charges ,301006,,472,
ME-2025-0003521,301006,Service Charges,LS 201,01-03-2026,,,, Service Charges ,301006,,472,
ME-2025-0003530,301006,Service Charges,LS 202,01-03-2026,,,, Service Charges ,301006,,472,
ME-2025-0003540,301006,Service Charges,LS 203,01-03-2026,,,, Service Charges ,301006,,472,
ME-2025-0003550,301006,Service Charges,LS 204,01-03-2026,,,, Service Charges ,301006,,472,
ME-2025-0003560,301006,Service Charges,LS 301,01-03-2026,,,, Service Charges ,301006,,472,
ME-2025-0003570,301006,Service Charges,LS 302,01-03-2026,,,, Service Charges ,301006,,472,
ME-2025-0003581,301006,Service Charges,LS 303,01-03-2026,,,, Service Charges ,301006,,472,
ME-2025-0003590,301006,Service Charges,LS 304,01-03-2026,,,, Service Charges ,301006,,472,
ME-2025-0003600,301006,Service Charges,LS 401,01-03-2026,,,, Service Charges ,301006,,472,
ME-2025-0003610,301006,Service Charges,LS 402,01-03-2026,,,, Service Charges ,301006,,472,
ME-2025-0003619,301006,Service Charges,LS 403,01-03-2026,,,, Service Charges ,301006,,472,
ME-2025-0003628,301006,Service Charges,LS 404,01-03-2026,,,, Service Charges ,301006,,472,
ME-2025-0003638,301006,Service Charges,LS 501,01-03-2026,,,, Service Charges ,301006,,472,
ME-2025-0003647,301006,Service Charges,LS 502,01-03-2026,,,, Service Charges ,301006,,472,
ME-2025-0003657,301006,Service Charges,LS 503,01-03-2026,,,, Service Charges ,301006,,472,
ME-2025-0003668,301006,Service Charges,LS 504,01-03-2026,,,, Service Charges ,301006,,472,
ME-2025-0003679,301006,Service Charges,LS 601,01-03-2026,,,, Service Charges ,301006,,472,
ME-2025-0003690,301006,Service Charges,LS 602,01-03-2026,,,, Service Charges ,301006,,472,
ME-2025-0003701,301006,Service Charges,LS 603,01-03-2026,,,, Service Charges ,301006,,472,
ME-2025-0003710,301006,Service Charges,LS 604,01-03-2026,,,, Service Charges ,301006,,472,
ME-2025-0003720,301006,Service Charges,LS 701801,01-03-2026,,,, Service Charges ,301006,,944,
ME-2025-0003731,301006,Service Charges,LS 702802,01-03-2026,,,, Service Charges ,301006,,944,
ME-2025-0003742,301006,Service Charges,LS 703803,01-03-2026,,,, Service Charges ,301006,,944,
ME-2025-0003752,301006,Service Charges,LS 704804,01-03-2026,,,, Service Charges ,301006,,944,

"Balance : 181248(Credit)","","","","","","","","","","0","181248",

"Income - Members > Non Occupancy Charges ( 301007 ) ",
"Journal No","Other GL No.","Other Account","Subledger","Posted Date","Comments","Instrument No.","Instrument Bank","Account Name","GL Account No.","Debit","Credit",
"","","","","","Opening Balance","",""," Non Occupancy Charges ","301007","","",
ME-2025-0000013,301007,Non Occupancy Charges,LS 101,01-04-2025,,,, Non Occupancy Charges ,301007,,207,
ME-2025-0000073,301007,Non Occupancy Charges,LS 203,01-04-2025,,,, Non Occupancy Charges ,301007,,207,
ME-2025-0000180,301007,Non Occupancy Charges,LS 502,01-04-2025,,,, Non Occupancy Charges ,301007,,207,
ME-2025-0000191,301007,Non Occupancy Charges,LS 503,01-04-2025,,,, Non Occupancy Charges ,301007,,207,
ME-2025-0000203,301007,Non Occupancy Charges,LS 504,01-04-2025,,,, Non Occupancy Charges ,301007,,207,
ME-2025-0000227,301007,Non Occupancy Charges,LS 602,01-04-2025,,,, Non Occupancy Charges ,301007,,207,
ME-2025-0000269,301007,Non Occupancy Charges,LS 702802,01-04-2025,,,, Non Occupancy Charges ,301007,,414,
ME-2025-0000327,301007,Non Occupancy Charges,LS 101,01-05-2025,,,, Non Occupancy Charges ,301007,,207,
ME-2025-0000387,301007,Non Occupancy Charges,LS 203,01-05-2025,,,, Non Occupancy Charges ,301007,,207,
ME-2025-0000496,301007,Non Occupancy Charges,LS 502,01-05-2025,,,, Non Occupancy Charges ,301007,,207,
ME-2025-0000507,301007,Non Occupancy Charges,LS 503,01-05-2025,,,, Non Occupancy Charges ,301007,,207,
ME-2025-0000519,301007,Non Occupancy Charges,LS 504,01-05-2025,,,, Non Occupancy Charges ,301007,,207,
ME-2025-0000543,301007,Non Occupancy Charges,LS 602,01-05-2025,,,, Non Occupancy Charges ,301007,,207,
ME-2025-0000585,301007,Non Occupancy Charges,LS 702802,01-05-2025,,,, Non Occupancy Charges ,301007,,414,
ME-2025-0000647,301007,Non Occupancy Charges,LS 101,01-06-2025,,,, Non Occupancy Charges ,301007,,207,
ME-2025-0000707,301007,Non Occupancy Charges,LS 203,01-06-2025,,,, Non Occupancy Charges ,301007,,207,
ME-2025-0000816,301007,Non Occupancy Charges,LS 502,01-06-2025,,,, Non Occupancy Charges ,301007,,207,
ME-2025-0000827,301007,Non Occupancy Charges,LS 503,01-06-2025,,,, Non Occupancy Charges ,301007,,207,
ME-2025-0000839,301007,Non Occupancy Charges,LS 504,01-06-2025,,,, Non Occupancy Charges ,301007,,207,
ME-2025-0000905,301007,Non Occupancy Charges,LS 702802,01-06-2025,,,, Non Occupancy Charges ,301007,,414,
ME-2025-0000988,301007,Non Occupancy Charges,LS 101,01-07-2025,,,, Non Occupancy Charges ,301007,,207,
ME-2025-0001048,301007,Non Occupancy Charges,LS 203,01-07-2025,,,, Non Occupancy Charges ,301007,,207,
ME-2025-0001156,301007,Non Occupancy Charges,LS 502,01-07-2025,,,, Non Occupancy Charges ,301007,,207,
ME-2025-0001167,301007,Non Occupancy Charges,LS 503,01-07-2025,,,, Non Occupancy Charges ,301007,,207,
ME-2025-0001179,301007,Non Occupancy Charges,LS 504,01-07-2025,,,, Non Occupancy Charges ,301007,,207,
ME-2025-0001242,301007,Non Occupancy Charges,LS 702802,01-07-2025,,,, Non Occupancy Charges ,301007,,414,
ME-2025-0001296,301007,Non Occupancy Charges,LS 101,01-08-2025,,,, Non Occupancy Charges ,301007,,207,
ME-2025-0001358,301007,Non Occupancy Charges,LS 203,01-08-2025,,,, Non Occupancy Charges ,301007,,207,
ME-2025-0001466,301007,Non Occupancy Charges,LS 502,01-08-2025,,,, Non Occupancy Charges ,301007,,207,
ME-2025-0001477,301007,Non Occupancy Charges,LS 503,01-08-2025,,,, Non Occupancy Charges ,301007,,207,
ME-2025-0001489,301007,Non Occupancy Charges,LS 504,01-08-2025,,,, Non Occupancy Charges ,301007,,207,
ME-2025-0001552,301007,Non Occupancy Charges,LS 702802,01-08-2025,,,, Non Occupancy Charges ,301007,,414,
ME-2025-0001595,301007,Non Occupancy Charges,LS 602,01-08-2025,,,, Non Occupancy Charges ,301007,,207,
ME-2025-0001633,301007,Non Occupancy Charges,LS 101,01-09-2025,,,, Non Occupancy Charges ,301007,,207,
ME-2025-0001694,301007,Non Occupancy Charges,LS 203,01-09-2025,,,, Non Occupancy Charges ,301007,,207,
ME-2025-0001803,301007,Non Occupancy Charges,LS 502,01-09-2025,,,, Non Occupancy Charges ,301007,,207,
ME-2025-0001814,301007,Non Occupancy Charges,LS 503,01-09-2025,,,, Non Occupancy Charges ,301007,,207,
ME-2025-0001826,301007,Non Occupancy Charges,LS 504,01-09-2025,,,, Non Occupancy Charges ,301007,,207,
ME-2025-0001850,301007,Non Occupancy Charges,LS 602,01-09-2025,,,, Non Occupancy Charges ,301007,,207,
ME-2025-0001893,301007,Non Occupancy Charges,LS 702802,01-09-2025,,,, Non Occupancy Charges ,301007,,414,
ME-2025-0001947,301007,Non Occupancy Charges,LS 101,01-10-2025,,,, Non Occupancy Charges ,301007,,207,
ME-2025-0002005,301007,Non Occupancy Charges,LS 203,01-10-2025,,,, Non Occupancy Charges ,301007,,207,
ME-2025-0002112,301007,Non Occupancy Charges,LS 502,01-10-2025,,,, Non Occupancy Charges ,301007,,207,
ME-2025-0002122,301007,Non Occupancy Charges,LS 503,01-10-2025,,,, Non Occupancy Charges ,301007,,207,
ME-2025-0002133,301007,Non Occupancy Charges,LS 504,01-10-2025,,,, Non Occupancy Charges ,301007,,207,
ME-2025-0002157,301007,Non Occupancy Charges,LS 602,01-10-2025,,,, Non Occupancy Charges ,301007,,207,
ME-2025-0002198,301007,Non Occupancy Charges,LS 702802,01-10-2025,,,, Non Occupancy Charges ,301007,,414,
ME-2025-0002254,301007,Non Occupancy Charges,LS 101,01-11-2025,,,, Non Occupancy Charges ,301007,,207,
ME-2025-0002312,301007,Non Occupancy Charges,LS 203,01-11-2025,,,, Non Occupancy Charges ,301007,,207,
ME-2025-0002419,301007,Non Occupancy Charges,LS 502,01-11-2025,,,, Non Occupancy Charges ,301007,,207,
ME-2025-0002429,301007,Non Occupancy Charges,LS 503,01-11-2025,,,, Non Occupancy Charges ,301007,,207,
ME-2025-0002440,301007,Non Occupancy Charges,LS 504,01-11-2025,,,, Non Occupancy Charges ,301007,,207,
ME-2025-0002463,301007,Non Occupancy Charges,LS 602,01-11-2025,,,, Non Occupancy Charges ,301007,,207,
ME-2025-0002504,301007,Non Occupancy Charges,LS 702802,01-11-2025,,,, Non Occupancy Charges ,301007,,414,
ME-2025-0002561,301007,Non Occupancy Charges,LS 101,01-12-2025,,,, Non Occupancy Charges ,301007,,207,
ME-2025-0002610,301007,Non Occupancy Charges,LS 203,01-12-2025,,,, Non Occupancy Charges ,301007,,207,
ME-2025-0002719,301007,Non Occupancy Charges,LS 502,01-12-2025,,,, Non Occupancy Charges ,301007,,207,
ME-2025-0002729,301007,Non Occupancy Charges,LS 503,01-12-2025,,,, Non Occupancy Charges ,301007,,207,
ME-2025-0002740,301007,Non Occupancy Charges,LS 504,01-12-2025,,,, Non Occupancy Charges ,301007,,207,
ME-2025-0002763,301007,Non Occupancy Charges,LS 602,01-12-2025,,,, Non Occupancy Charges ,301007,,207,
ME-2025-0002804,301007,Non Occupancy Charges,LS 702802,01-12-2025,,,, Non Occupancy Charges ,301007,,414,
ME-2025-0002872,301007,Non Occupancy Charges,LS 101,01-01-2026,,,, Non Occupancy Charges ,301007,,207,
ME-2025-0002930,301007,Non Occupancy Charges,LS 203,01-01-2026,,,, Non Occupancy Charges ,301007,,207,
ME-2025-0003038,301007,Non Occupancy Charges,LS 502,01-01-2026,,,, Non Occupancy Charges ,301007,,207,
ME-2025-0003048,301007,Non Occupancy Charges,LS 503,01-01-2026,,,, Non Occupancy Charges ,301007,,207,
ME-2025-0003059,301007,Non Occupancy Charges,LS 504,01-01-2026,,,, Non Occupancy Charges ,301007,,207,
ME-2025-0003082,301007,Non Occupancy Charges,LS 602,01-01-2026,,,, Non Occupancy Charges ,301007,,207,
ME-2025-0003123,301007,Non Occupancy Charges,LS 702802,01-01-2026,,,, Non Occupancy Charges ,301007,,414,
ME-2025-0003174,301007,Non Occupancy Charges,LS 101,01-02-2026,,,, Non Occupancy Charges ,301007,,207,
ME-2025-0003232,301007,Non Occupancy Charges,LS 203,01-02-2026,,,, Non Occupancy Charges ,301007,,207,
ME-2025-0003340,301007,Non Occupancy Charges,LS 502,01-02-2026,,,, Non Occupancy Charges ,301007,,207,
ME-2025-0003350,301007,Non Occupancy Charges,LS 503,01-02-2026,,,, Non Occupancy Charges ,301007,,207,
ME-2025-0003361,301007,Non Occupancy Charges,LS 504,01-02-2026,,,, Non Occupancy Charges ,301007,,207,
ME-2025-0003384,301007,Non Occupancy Charges,LS 602,01-02-2026,,,, Non Occupancy Charges ,301007,,207,
ME-2025-0003425,301007,Non Occupancy Charges,LS 702802,01-02-2026,,,, Non Occupancy Charges ,301007,,414,
ME-2025-0003485,301007,Non Occupancy Charges,LS 101,01-03-2026,,,, Non Occupancy Charges ,301007,,207,
ME-2025-0003543,301007,Non Occupancy Charges,LS 203,01-03-2026,,,, Non Occupancy Charges ,301007,,207,
ME-2025-0003650,301007,Non Occupancy Charges,LS 502,01-03-2026,,,, Non Occupancy Charges ,301007,,207,
ME-2025-0003660,301007,Non Occupancy Charges,LS 503,01-03-2026,,,, Non Occupancy Charges ,301007,,207,
ME-2025-0003671,301007,Non Occupancy Charges,LS 504,01-03-2026,,,, Non Occupancy Charges ,301007,,207,
ME-2025-0003694,301007,Non Occupancy Charges,LS 602,01-03-2026,,,, Non Occupancy Charges ,301007,,207,
ME-2025-0003735,301007,Non Occupancy Charges,LS 702802,01-03-2026,,,, Non Occupancy Charges ,301007,,414,
JE-2025-0000121,301007,Non Occupancy Charges,,01-05-2025,Credit Note For NOC  Contigency & Parking charged in May 2025,,, Non Occupancy Charges ,301007,207.00,,

"Balance : 19251(Credit)","","","","","","","","","","207","19458",

"Income - Members > 2W Parking Charges ( 301009 ) ",
"Journal No","Other GL No.","Other Account","Subledger","Posted Date","Comments","Instrument No.","Instrument Bank","Account Name","GL Account No.","Debit","Credit",
"","","","","","Opening Balance","",""," 2W Parking Charges ","301009","","",
ME-2025-0000023,301009,2W Parking Charges,LS 103,01-04-2025,,,, 2W Parking Charges ,301009,,50,
ME-2025-0000103,301009,2W Parking Charges,LS 303,01-04-2025,,,, 2W Parking Charges ,301009,,50,
ME-2025-0000192,301009,2W Parking Charges,LS 504,01-04-2025,,,, 2W Parking Charges ,301009,,350,
ME-2025-0000337,301009,2W Parking Charges,LS 103,01-05-2025,,,, 2W Parking Charges ,301009,,50,
ME-2025-0000418,301009,2W Parking Charges,LS 303,01-05-2025,,,, 2W Parking Charges ,301009,,50,
ME-2025-0000508,301009,2W Parking Charges,LS 504,01-05-2025,,,, 2W Parking Charges ,301009,,350,
ME-2025-0000657,301009,2W Parking Charges,LS 103,01-06-2025,,,, 2W Parking Charges ,301009,,50,
ME-2025-0000738,301009,2W Parking Charges,LS 303,01-06-2025,,,, 2W Parking Charges ,301009,,50,
ME-2025-0000828,301009,2W Parking Charges,LS 504,01-06-2025,,,, 2W Parking Charges ,301009,,350,
ME-2025-0000998,301009,2W Parking Charges,LS 103,01-07-2025,,,, 2W Parking Charges ,301009,,50,
ME-2025-0001078,301009,2W Parking Charges,LS 303,01-07-2025,,,, 2W Parking Charges ,301009,,50,
ME-2025-0001168,301009,2W Parking Charges,LS 504,01-07-2025,,,, 2W Parking Charges ,301009,,350,
ME-2025-0001306,301009,2W Parking Charges,LS 103,01-08-2025,,,, 2W Parking Charges ,301009,,50,
ME-2025-0001388,301009,2W Parking Charges,LS 303,01-08-2025,,,, 2W Parking Charges ,301009,,50,
ME-2025-0001478,301009,2W Parking Charges,LS 504,01-08-2025,,,, 2W Parking Charges ,301009,,350,
ME-2025-0001643,301009,2W Parking Charges,LS 103,01-09-2025,,,, 2W Parking Charges ,301009,,50,
ME-2025-0001725,301009,2W Parking Charges,LS 303,01-09-2025,,,, 2W Parking Charges ,301009,,50,
ME-2025-0001815,301009,2W Parking Charges,LS 504,01-09-2025,,,, 2W Parking Charges ,301009,,350,
ME-2025-0001957,301009,2W Parking Charges,LS 103,01-10-2025,,,, 2W Parking Charges ,301009,,50,
ME-2025-0002036,301009,2W Parking Charges,LS 303,01-10-2025,,,, 2W Parking Charges ,301009,,50,
ME-2025-0002123,301009,2W Parking Charges,LS 504,01-10-2025,,,, 2W Parking Charges ,301009,,350,
ME-2025-0002264,301009,2W Parking Charges,LS 103,01-11-2025,,,, 2W Parking Charges ,301009,,50,
ME-2025-0002343,301009,2W Parking Charges,LS 303,01-11-2025,,,, 2W Parking Charges ,301009,,50,
ME-2025-0002430,301009,2W Parking Charges,LS 504,01-11-2025,,,, 2W Parking Charges ,301009,,350,
ME-2025-0002571,301009,2W Parking Charges,LS 103,01-12-2025,,,, 2W Parking Charges ,301009,,50,
ME-2025-0002643,301009,2W Parking Charges,LS 303,01-12-2025,,,, 2W Parking Charges ,301009,,50,
ME-2025-0002730,301009,2W Parking Charges,LS 504,01-12-2025,,,, 2W Parking Charges ,301009,,350,
ME-2025-0002882,301009,2W Parking Charges,LS 103,01-01-2026,,,, 2W Parking Charges ,301009,,50,
ME-2025-0002962,301009,2W Parking Charges,LS 303,01-01-2026,,,, 2W Parking Charges ,301009,,50,
ME-2025-0003049,301009,2W Parking Charges,LS 504,01-01-2026,,,, 2W Parking Charges ,301009,,350,
ME-2025-0003184,301009,2W Parking Charges,LS 103,01-02-2026,,,, 2W Parking Charges ,301009,,50,
ME-2025-0003264,301009,2W Parking Charges,LS 303,01-02-2026,,,, 2W Parking Charges ,301009,,50,
ME-2025-0003351,301009,2W Parking Charges,LS 504,01-02-2026,,,, 2W Parking Charges ,301009,,350,
ME-2025-0003495,301009,2W Parking Charges,LS 103,01-03-2026,,,, 2W Parking Charges ,301009,,50,
ME-2025-0003574,301009,2W Parking Charges,LS 303,01-03-2026,,,, 2W Parking Charges ,301009,,50,
ME-2025-0003661,301009,2W Parking Charges,LS 504,01-03-2026,,,, 2W Parking Charges ,301009,,350,

"Balance : 5400(Credit)","","","","","","","","","","0","5400",

"Income - Members > Other charges ( 301010 ) ",
"Journal No","Other GL No.","Other Account","Subledger","Posted Date","Comments","Instrument No.","Instrument Bank","Account Name","GL Account No.","Debit","Credit",
"","","","","","Opening Balance","",""," Other charges ","301010","","",
ME-2025-0000606,301010,Other charges,LS 703803,27-04-2025,Terrace usage charges,,, Other charges ,301010,,5000,

"Balance : 5000(Credit)","","","","","","","","","","0","5000",

"Income - Members > Education & Training Fund ( 301011 ) ",
"Journal No","Other GL No.","Other Account","Subledger","Posted Date","Comments","Instrument No.","Instrument Bank","Account Name","GL Account No.","Debit","Credit",
"","","","","","Opening Balance","",""," Education & Training Fund ","301011","","",
ME-2025-0000004,301011,Education & Training Fund,LS 101,01-04-2025,,,, Education & Training Fund ,301011,,14,
ME-2025-0000014,301011,Education & Training Fund,LS 102,01-04-2025,,,, Education & Training Fund ,301011,,14,
ME-2025-0000025,301011,Education & Training Fund,LS 103,01-04-2025,,,, Education & Training Fund ,301011,,14,
ME-2025-0000034,301011,Education & Training Fund,LS 104,01-04-2025,,,, Education & Training Fund ,301011,,14,
ME-2025-0000043,301011,Education & Training Fund,LS 201,01-04-2025,,,, Education & Training Fund ,301011,,14,
ME-2025-0000052,301011,Education & Training Fund,LS 202,01-04-2025,,,, Education & Training Fund ,301011,,14,
ME-2025-0000064,301011,Education & Training Fund,LS 203,01-04-2025,,,, Education & Training Fund ,301011,,14,
ME-2025-0000074,301011,Education & Training Fund,LS 204,01-04-2025,,,, Education & Training Fund ,301011,,14,
ME-2025-0000083,301011,Education & Training Fund,LS 301,01-04-2025,,,, Education & Training Fund ,301011,,14,
ME-2025-0000093,301011,Education & Training Fund,LS 302,01-04-2025,,,, Education & Training Fund ,301011,,14,
ME-2025-0000104,301011,Education & Training Fund,LS 303,01-04-2025,,,, Education & Training Fund ,301011,,14,
ME-2025-0000113,301011,Education & Training Fund,LS 304,01-04-2025,,,, Education & Training Fund ,301011,,14,
ME-2025-0000123,301011,Education & Training Fund,LS 401,01-04-2025,,,, Education & Training Fund ,301011,,14,
ME-2025-0000133,301011,Education & Training Fund,LS 402,01-04-2025,,,, Education & Training Fund ,301011,,14,
ME-2025-0000142,301011,Education & Training Fund,LS 403,01-04-2025,,,, Education & Training Fund ,301011,,14,
ME-2025-0000151,301011,Education & Training Fund,LS 404,01-04-2025,,,, Education & Training Fund ,301011,,14,
ME-2025-0000161,301011,Education & Training Fund,LS 501,01-04-2025,,,, Education & Training Fund ,301011,,14,
ME-2025-0000171,301011,Education & Training Fund,LS 502,01-04-2025,,,, Education & Training Fund ,301011,,14,
ME-2025-0000182,301011,Education & Training Fund,LS 503,01-04-2025,,,, Education & Training Fund ,301011,,14,
ME-2025-0000194,301011,Education & Training Fund,LS 504,01-04-2025,,,, Education & Training Fund ,301011,,14,
ME-2025-0000205,301011,Education & Training Fund,LS 601,01-04-2025,,,, Education & Training Fund ,301011,,14,
ME-2025-0000217,301011,Education & Training Fund,LS 602,01-04-2025,,,, Education & Training Fund ,301011,,14,
ME-2025-0000228,301011,Education & Training Fund,LS 603,01-04-2025,,,, Education & Training Fund ,301011,,14,
ME-2025-0000237,301011,Education & Training Fund,LS 604,01-04-2025,,,, Education & Training Fund ,301011,,14,
ME-2025-0000247,301011,Education & Training Fund,LS 701801,01-04-2025,,,, Education & Training Fund ,301011,,28,
ME-2025-0000259,301011,Education & Training Fund,LS 702802,01-04-2025,,,, Education & Training Fund ,301011,,28,
ME-2025-0000270,301011,Education & Training Fund,LS 703803,01-04-2025,,,, Education & Training Fund ,301011,,28,
ME-2025-0000280,301011,Education & Training Fund,LS 704804,01-04-2025,,,, Education & Training Fund ,301011,,28,
ME-2025-0000318,301011,Education & Training Fund,LS 101,01-05-2025,,,, Education & Training Fund ,301011,,14,
ME-2025-0000328,301011,Education & Training Fund,LS 102,01-05-2025,,,, Education & Training Fund ,301011,,14,
ME-2025-0000339,301011,Education & Training Fund,LS 103,01-05-2025,,,, Education & Training Fund ,301011,,14,
ME-2025-0000348,301011,Education & Training Fund,LS 104,01-05-2025,,,, Education & Training Fund ,301011,,14,
ME-2025-0000357,301011,Education & Training Fund,LS 201,01-05-2025,,,, Education & Training Fund ,301011,,14,
ME-2025-0000366,301011,Education & Training Fund,LS 202,01-05-2025,,,, Education & Training Fund ,301011,,14,
ME-2025-0000378,301011,Education & Training Fund,LS 203,01-05-2025,,,, Education & Training Fund ,301011,,14,
ME-2025-0000388,301011,Education & Training Fund,LS 204,01-05-2025,,,, Education & Training Fund ,301011,,14,
ME-2025-0000398,301011,Education & Training Fund,LS 301,01-05-2025,,,, Education & Training Fund ,301011,,14,
ME-2025-0000408,301011,Education & Training Fund,LS 302,01-05-2025,,,, Education & Training Fund ,301011,,14,
ME-2025-0000419,301011,Education & Training Fund,LS 303,01-05-2025,,,, Education & Training Fund ,301011,,14,
ME-2025-0000428,301011,Education & Training Fund,LS 304,01-05-2025,,,, Education & Training Fund ,301011,,14,
ME-2025-0000438,301011,Education & Training Fund,LS 401,01-05-2025,,,, Education & Training Fund ,301011,,14,
ME-2025-0000448,301011,Education & Training Fund,LS 402,01-05-2025,,,, Education & Training Fund ,301011,,14,
ME-2025-0000458,301011,Education & Training Fund,LS 403,01-05-2025,,,, Education & Training Fund ,301011,,14,
ME-2025-0000467,301011,Education & Training Fund,LS 404,01-05-2025,,,, Education & Training Fund ,301011,,14,
ME-2025-0000477,301011,Education & Training Fund,LS 501,01-05-2025,,,, Education & Training Fund ,301011,,14,
ME-2025-0000487,301011,Education & Training Fund,LS 502,01-05-2025,,,, Education & Training Fund ,301011,,14,
ME-2025-0000498,301011,Education & Training Fund,LS 503,01-05-2025,,,, Education & Training Fund ,301011,,14,
ME-2025-0000510,301011,Education & Training Fund,LS 504,01-05-2025,,,, Education & Training Fund ,301011,,14,
ME-2025-0000521,301011,Education & Training Fund,LS 601,01-05-2025,,,, Education & Training Fund ,301011,,14,
ME-2025-0000533,301011,Education & Training Fund,LS 602,01-05-2025,,,, Education & Training Fund ,301011,,14,
ME-2025-0000544,301011,Education & Training Fund,LS 603,01-05-2025,,,, Education & Training Fund ,301011,,14,
ME-2025-0000553,301011,Education & Training Fund,LS 604,01-05-2025,,,, Education & Training Fund ,301011,,14,
ME-2025-0000563,301011,Education & Training Fund,LS 701801,01-05-2025,,,, Education & Training Fund ,301011,,28,
ME-2025-0000575,301011,Education & Training Fund,LS 702802,01-05-2025,,,, Education & Training Fund ,301011,,28,
ME-2025-0000586,301011,Education & Training Fund,LS 703803,01-05-2025,,,, Education & Training Fund ,301011,,28,
ME-2025-0000596,301011,Education & Training Fund,LS 704804,01-05-2025,,,, Education & Training Fund ,301011,,28,
ME-2025-0000638,301011,Education & Training Fund,LS 101,01-06-2025,,,, Education & Training Fund ,301011,,14,
ME-2025-0000648,301011,Education & Training Fund,LS 102,01-06-2025,,,, Education & Training Fund ,301011,,14,
ME-2025-0000659,301011,Education & Training Fund,LS 103,01-06-2025,,,, Education & Training Fund ,301011,,14,
ME-2025-0000668,301011,Education & Training Fund,LS 104,01-06-2025,,,, Education & Training Fund ,301011,,14,
ME-2025-0000677,301011,Education & Training Fund,LS 201,01-06-2025,,,, Education & Training Fund ,301011,,14,
ME-2025-0000686,301011,Education & Training Fund,LS 202,01-06-2025,,,, Education & Training Fund ,301011,,14,
ME-2025-0000698,301011,Education & Training Fund,LS 203,01-06-2025,,,, Education & Training Fund ,301011,,14,
ME-2025-0000708,301011,Education & Training Fund,LS 204,01-06-2025,,,, Education & Training Fund ,301011,,14,
ME-2025-0000718,301011,Education & Training Fund,LS 301,01-06-2025,,,, Education & Training Fund ,301011,,14,
ME-2025-0000728,301011,Education & Training Fund,LS 302,01-06-2025,,,, Education & Training Fund ,301011,,14,
ME-2025-0000739,301011,Education & Training Fund,LS 303,01-06-2025,,,, Education & Training Fund ,301011,,14,
ME-2025-0000748,301011,Education & Training Fund,LS 304,01-06-2025,,,, Education & Training Fund ,301011,,14,
ME-2025-0000758,301011,Education & Training Fund,LS 401,01-06-2025,,,, Education & Training Fund ,301011,,14,
ME-2025-0000768,301011,Education & Training Fund,LS 402,01-06-2025,,,, Education & Training Fund ,301011,,14,
ME-2025-0000778,301011,Education & Training Fund,LS 403,01-06-2025,,,, Education & Training Fund ,301011,,14,
ME-2025-0000787,301011,Education & Training Fund,LS 404,01-06-2025,,,, Education & Training Fund ,301011,,14,
ME-2025-0000797,301011,Education & Training Fund,LS 501,01-06-2025,,,, Education & Training Fund ,301011,,14,
ME-2025-0000807,301011,Education & Training Fund,LS 502,01-06-2025,,,, Education & Training Fund ,301011,,14,
ME-2025-0000818,301011,Education & Training Fund,LS 503,01-06-2025,,,, Education & Training Fund ,301011,,14,
ME-2025-0000830,301011,Education & Training Fund,LS 504,01-06-2025,,,, Education & Training Fund ,301011,,14,
ME-2025-0000841,301011,Education & Training Fund,LS 601,01-06-2025,,,, Education & Training Fund ,301011,,14,
ME-2025-0000864,301011,Education & Training Fund,LS 603,01-06-2025,,,, Education & Training Fund ,301011,,14,
ME-2025-0000873,301011,Education & Training Fund,LS 604,01-06-2025,,,, Education & Training Fund ,301011,,14,
ME-2025-0000883,301011,Education & Training Fund,LS 701801,01-06-2025,,,, Education & Training Fund ,301011,,28,
ME-2025-0000895,301011,Education & Training Fund,LS 702802,01-06-2025,,,, Education & Training Fund ,301011,,28,
ME-2025-0000906,301011,Education & Training Fund,LS 703803,01-06-2025,,,, Education & Training Fund ,301011,,28,
ME-2025-0000916,301011,Education & Training Fund,LS 704804,01-06-2025,,,, Education & Training Fund ,301011,,28,
ME-2025-0000941,301011,Education & Training Fund,LS 602,01-06-2025,,,, Education & Training Fund ,301011,,14,
ME-2025-0000979,301011,Education & Training Fund,LS 101,01-07-2025,,,, Education & Training Fund ,301011,,14,
ME-2025-0000989,301011,Education & Training Fund,LS 102,01-07-2025,,,, Education & Training Fund ,301011,,14,
ME-2025-0001000,301011,Education & Training Fund,LS 103,01-07-2025,,,, Education & Training Fund ,301011,,14,
ME-2025-0001009,301011,Education & Training Fund,LS 104,01-07-2025,,,, Education & Training Fund ,301011,,14,
ME-2025-0001018,301011,Education & Training Fund,LS 201,01-07-2025,,,, Education & Training Fund ,301011,,14,
ME-2025-0001027,301011,Education & Training Fund,LS 202,01-07-2025,,,, Education & Training Fund ,301011,,14,
ME-2025-0001039,301011,Education & Training Fund,LS 203,01-07-2025,,,, Education & Training Fund ,301011,,14,
ME-2025-0001049,301011,Education & Training Fund,LS 204,01-07-2025,,,, Education & Training Fund ,301011,,14,
ME-2025-0001058,301011,Education & Training Fund,LS 301,01-07-2025,,,, Education & Training Fund ,301011,,14,
ME-2025-0001068,301011,Education & Training Fund,LS 302,01-07-2025,,,, Education & Training Fund ,301011,,14,
ME-2025-0001079,301011,Education & Training Fund,LS 303,01-07-2025,,,, Education & Training Fund ,301011,,14,
ME-2025-0001088,301011,Education & Training Fund,LS 304,01-07-2025,,,, Education & Training Fund ,301011,,14,
ME-2025-0001098,301011,Education & Training Fund,LS 401,01-07-2025,,,, Education & Training Fund ,301011,,14,
ME-2025-0001108,301011,Education & Training Fund,LS 402,01-07-2025,,,, Education & Training Fund ,301011,,14,
ME-2025-0001118,301011,Education & Training Fund,LS 403,01-07-2025,,,, Education & Training Fund ,301011,,14,
ME-2025-0001127,301011,Education & Training Fund,LS 404,01-07-2025,,,, Education & Training Fund ,301011,,14,
ME-2025-0001137,301011,Education & Training Fund,LS 501,01-07-2025,,,, Education & Training Fund ,301011,,14,
ME-2025-0001147,301011,Education & Training Fund,LS 502,01-07-2025,,,, Education & Training Fund ,301011,,14,
ME-2025-0001158,301011,Education & Training Fund,LS 503,01-07-2025,,,, Education & Training Fund ,301011,,14,
ME-2025-0001170,301011,Education & Training Fund,LS 504,01-07-2025,,,, Education & Training Fund ,301011,,14,
ME-2025-0001181,301011,Education & Training Fund,LS 601,01-07-2025,,,, Education & Training Fund ,301011,,14,
ME-2025-0001191,301011,Education & Training Fund,LS 602,01-07-2025,,,, Education & Training Fund ,301011,,14,
ME-2025-0001201,301011,Education & Training Fund,LS 603,01-07-2025,,,, Education & Training Fund ,301011,,14,
ME-2025-0001210,301011,Education & Training Fund,LS 604,01-07-2025,,,, Education & Training Fund ,301011,,14,
ME-2025-0001220,301011,Education & Training Fund,LS 701801,01-07-2025,,,, Education & Training Fund ,301011,,28,
ME-2025-0001232,301011,Education & Training Fund,LS 702802,01-07-2025,,,, Education & Training Fund ,301011,,28,
ME-2025-0001243,301011,Education & Training Fund,LS 703803,01-07-2025,,,, Education & Training Fund ,301011,,28,
ME-2025-0001253,301011,Education & Training Fund,LS 704804,01-07-2025,,,, Education & Training Fund ,301011,,28,
ME-2025-0001287,301011,Education & Training Fund,LS 101,01-08-2025,,,, Education & Training Fund ,301011,,14,
ME-2025-0001297,301011,Education & Training Fund,LS 102,01-08-2025,,,, Education & Training Fund ,301011,,14,
ME-2025-0001308,301011,Education & Training Fund,LS 103,01-08-2025,,,, Education & Training Fund ,301011,,14,
ME-2025-0001318,301011,Education & Training Fund,LS 104,01-08-2025,,,, Education & Training Fund ,301011,,14,
ME-2025-0001327,301011,Education & Training Fund,LS 201,01-08-2025,,,, Education & Training Fund ,301011,,14,
ME-2025-0001337,301011,Education & Training Fund,LS 202,01-08-2025,,,, Education & Training Fund ,301011,,14,
ME-2025-0001349,301011,Education & Training Fund,LS 203,01-08-2025,,,, Education & Training Fund ,301011,,14,
ME-2025-0001359,301011,Education & Training Fund,LS 204,01-08-2025,,,, Education & Training Fund ,301011,,14,
ME-2025-0001368,301011,Education & Training Fund,LS 301,01-08-2025,,,, Education & Training Fund ,301011,,14,
ME-2025-0001378,301011,Education & Training Fund,LS 302,01-08-2025,,,, Education & Training Fund ,301011,,14,
ME-2025-0001389,301011,Education & Training Fund,LS 303,01-08-2025,,,, Education & Training Fund ,301011,,14,
ME-2025-0001398,301011,Education & Training Fund,LS 304,01-08-2025,,,, Education & Training Fund ,301011,,14,
ME-2025-0001408,301011,Education & Training Fund,LS 401,01-08-2025,,,, Education & Training Fund ,301011,,14,
ME-2025-0001418,301011,Education & Training Fund,LS 402,01-08-2025,,,, Education & Training Fund ,301011,,14,
ME-2025-0001428,301011,Education & Training Fund,LS 403,01-08-2025,,,, Education & Training Fund ,301011,,14,
ME-2025-0001437,301011,Education & Training Fund,LS 404,01-08-2025,,,, Education & Training Fund ,301011,,14,
ME-2025-0001447,301011,Education & Training Fund,LS 501,01-08-2025,,,, Education & Training Fund ,301011,,14,
ME-2025-0001457,301011,Education & Training Fund,LS 502,01-08-2025,,,, Education & Training Fund ,301011,,14,
ME-2025-0001468,301011,Education & Training Fund,LS 503,01-08-2025,,,, Education & Training Fund ,301011,,14,
ME-2025-0001480,301011,Education & Training Fund,LS 504,01-08-2025,,,, Education & Training Fund ,301011,,14,
ME-2025-0001491,301011,Education & Training Fund,LS 601,01-08-2025,,,, Education & Training Fund ,301011,,14,
ME-2025-0001511,301011,Education & Training Fund,LS 603,01-08-2025,,,, Education & Training Fund ,301011,,14,
ME-2025-0001520,301011,Education & Training Fund,LS 604,01-08-2025,,,, Education & Training Fund ,301011,,14,
ME-2025-0001530,301011,Education & Training Fund,LS 701801,01-08-2025,,,, Education & Training Fund ,301011,,28,
ME-2025-0001542,301011,Education & Training Fund,LS 702802,01-08-2025,,,, Education & Training Fund ,301011,,28,
ME-2025-0001553,301011,Education & Training Fund,LS 703803,01-08-2025,,,, Education & Training Fund ,301011,,28,
ME-2025-0001563,301011,Education & Training Fund,LS 704804,01-08-2025,,,, Education & Training Fund ,301011,,28,
ME-2025-0001585,301011,Education & Training Fund,LS 602,01-08-2025,,,, Education & Training Fund ,301011,,14,
ME-2025-0001624,301011,Education & Training Fund,LS 101,01-09-2025,,,, Education & Training Fund ,301011,,14,
ME-2025-0001634,301011,Education & Training Fund,LS 102,01-09-2025,,,, Education & Training Fund ,301011,,14,
ME-2025-0001645,301011,Education & Training Fund,LS 103,01-09-2025,,,, Education & Training Fund ,301011,,14,
ME-2025-0001654,301011,Education & Training Fund,LS 104,01-09-2025,,,, Education & Training Fund ,301011,,14,
ME-2025-0001663,301011,Education & Training Fund,LS 201,01-09-2025,,,, Education & Training Fund ,301011,,14,
ME-2025-0001673,301011,Education & Training Fund,LS 202,01-09-2025,,,, Education & Training Fund ,301011,,14,
ME-2025-0001685,301011,Education & Training Fund,LS 203,01-09-2025,,,, Education & Training Fund ,301011,,14,
ME-2025-0001695,301011,Education & Training Fund,LS 204,01-09-2025,,,, Education & Training Fund ,301011,,14,
ME-2025-0001705,301011,Education & Training Fund,LS 301,01-09-2025,,,, Education & Training Fund ,301011,,14,
ME-2025-0001715,301011,Education & Training Fund,LS 302,01-09-2025,,,, Education & Training Fund ,301011,,14,
ME-2025-0001726,301011,Education & Training Fund,LS 303,01-09-2025,,,, Education & Training Fund ,301011,,14,
ME-2025-0001735,301011,Education & Training Fund,LS 304,01-09-2025,,,, Education & Training Fund ,301011,,14,
ME-2025-0001745,301011,Education & Training Fund,LS 401,01-09-2025,,,, Education & Training Fund ,301011,,14,
ME-2025-0001755,301011,Education & Training Fund,LS 402,01-09-2025,,,, Education & Training Fund ,301011,,14,
ME-2025-0001765,301011,Education & Training Fund,LS 403,01-09-2025,,,, Education & Training Fund ,301011,,14,
ME-2025-0001774,301011,Education & Training Fund,LS 404,01-09-2025,,,, Education & Training Fund ,301011,,14,
ME-2025-0001784,301011,Education & Training Fund,LS 501,01-09-2025,,,, Education & Training Fund ,301011,,14,
ME-2025-0001794,301011,Education & Training Fund,LS 502,01-09-2025,,,, Education & Training Fund ,301011,,14,
ME-2025-0001805,301011,Education & Training Fund,LS 503,01-09-2025,,,, Education & Training Fund ,301011,,14,
ME-2025-0001817,301011,Education & Training Fund,LS 504,01-09-2025,,,, Education & Training Fund ,301011,,14,
ME-2025-0001828,301011,Education & Training Fund,LS 601,01-09-2025,,,, Education & Training Fund ,301011,,14,
ME-2025-0001840,301011,Education & Training Fund,LS 602,01-09-2025,,,, Education & Training Fund ,301011,,14,
ME-2025-0001851,301011,Education & Training Fund,LS 603,01-09-2025,,,, Education & Training Fund ,301011,,14,
ME-2025-0001861,301011,Education & Training Fund,LS 604,01-09-2025,,,, Education & Training Fund ,301011,,14,
ME-2025-0001871,301011,Education & Training Fund,LS 701801,01-09-2025,,,, Education & Training Fund ,301011,,28,
ME-2025-0001883,301011,Education & Training Fund,LS 702802,01-09-2025,,,, Education & Training Fund ,301011,,28,
ME-2025-0001894,301011,Education & Training Fund,LS 703803,01-09-2025,,,, Education & Training Fund ,301011,,28,
ME-2025-0001905,301011,Education & Training Fund,LS 704804,01-09-2025,,,, Education & Training Fund ,301011,,28,
ME-2025-0001938,301011,Education & Training Fund,LS 101,01-10-2025,,,, Education & Training Fund ,301011,,14,
ME-2025-0001948,301011,Education & Training Fund,LS 102,01-10-2025,,,, Education & Training Fund ,301011,,14,
ME-2025-0001959,301011,Education & Training Fund,LS 103,01-10-2025,,,, Education & Training Fund ,301011,,14,
ME-2025-0001968,301011,Education & Training Fund,LS 104,01-10-2025,,,, Education & Training Fund ,301011,,14,
ME-2025-0001977,301011,Education & Training Fund,LS 201,01-10-2025,,,, Education & Training Fund ,301011,,14,
ME-2025-0001986,301011,Education & Training Fund,LS 202,01-10-2025,,,, Education & Training Fund ,301011,,14,
ME-2025-0001996,301011,Education & Training Fund,LS 203,01-10-2025,,,, Education & Training Fund ,301011,,14,
ME-2025-0002006,301011,Education & Training Fund,LS 204,01-10-2025,,,, Education & Training Fund ,301011,,14,
ME-2025-0002016,301011,Education & Training Fund,LS 301,01-10-2025,,,, Education & Training Fund ,301011,,14,
ME-2025-0002026,301011,Education & Training Fund,LS 302,01-10-2025,,,, Education & Training Fund ,301011,,14,
ME-2025-0002037,301011,Education & Training Fund,LS 303,01-10-2025,,,, Education & Training Fund ,301011,,14,
ME-2025-0002046,301011,Education & Training Fund,LS 304,01-10-2025,,,, Education & Training Fund ,301011,,14,
ME-2025-0002056,301011,Education & Training Fund,LS 401,01-10-2025,,,, Education & Training Fund ,301011,,14,
ME-2025-0002066,301011,Education & Training Fund,LS 402,01-10-2025,,,, Education & Training Fund ,301011,,14,
ME-2025-0002075,301011,Education & Training Fund,LS 403,01-10-2025,,,, Education & Training Fund ,301011,,14,
ME-2025-0002084,301011,Education & Training Fund,LS 404,01-10-2025,,,, Education & Training Fund ,301011,,14,
ME-2025-0002094,301011,Education & Training Fund,LS 501,01-10-2025,,,, Education & Training Fund ,301011,,14,
ME-2025-0002103,301011,Education & Training Fund,LS 502,01-10-2025,,,, Education & Training Fund ,301011,,14,
ME-2025-0002113,301011,Education & Training Fund,LS 503,01-10-2025,,,, Education & Training Fund ,301011,,14,
ME-2025-0002124,301011,Education & Training Fund,LS 504,01-10-2025,,,, Education & Training Fund ,301011,,14,
ME-2025-0002136,301011,Education & Training Fund,LS 601,01-10-2025,,,, Education & Training Fund ,301011,,14,
ME-2025-0002147,301011,Education & Training Fund,LS 602,01-10-2025,,,, Education & Training Fund ,301011,,14,
ME-2025-0002158,301011,Education & Training Fund,LS 603,01-10-2025,,,, Education & Training Fund ,301011,,14,
ME-2025-0002167,301011,Education & Training Fund,LS 604,01-10-2025,,,, Education & Training Fund ,301011,,14,
ME-2025-0002177,301011,Education & Training Fund,LS 701801,01-10-2025,,,, Education & Training Fund ,301011,,28,
ME-2025-0002188,301011,Education & Training Fund,LS 702802,01-10-2025,,,, Education & Training Fund ,301011,,28,
ME-2025-0002199,301011,Education & Training Fund,LS 703803,01-10-2025,,,, Education & Training Fund ,301011,,28,
ME-2025-0002210,301011,Education & Training Fund,LS 704804,01-10-2025,,,, Education & Training Fund ,301011,,28,
ME-2025-0002245,301011,Education & Training Fund,LS 101,01-11-2025,,,, Education & Training Fund ,301011,,14,
ME-2025-0002255,301011,Education & Training Fund,LS 102,01-11-2025,,,, Education & Training Fund ,301011,,14,
ME-2025-0002266,301011,Education & Training Fund,LS 103,01-11-2025,,,, Education & Training Fund ,301011,,14,
ME-2025-0002275,301011,Education & Training Fund,LS 104,01-11-2025,,,, Education & Training Fund ,301011,,14,
ME-2025-0002284,301011,Education & Training Fund,LS 201,01-11-2025,,,, Education & Training Fund ,301011,,14,
ME-2025-0002293,301011,Education & Training Fund,LS 202,01-11-2025,,,, Education & Training Fund ,301011,,14,
ME-2025-0002303,301011,Education & Training Fund,LS 203,01-11-2025,,,, Education & Training Fund ,301011,,14,
ME-2025-0002313,301011,Education & Training Fund,LS 204,01-11-2025,,,, Education & Training Fund ,301011,,14,
ME-2025-0002322,301011,Education & Training Fund,LS 301,01-11-2025,,,, Education & Training Fund ,301011,,14,
ME-2025-0002333,301011,Education & Training Fund,LS 302,01-11-2025,,,, Education & Training Fund ,301011,,14,
ME-2025-0002344,301011,Education & Training Fund,LS 303,01-11-2025,,,, Education & Training Fund ,301011,,14,
ME-2025-0002353,301011,Education & Training Fund,LS 304,01-11-2025,,,, Education & Training Fund ,301011,,14,
ME-2025-0002363,301011,Education & Training Fund,LS 401,01-11-2025,,,, Education & Training Fund ,301011,,14,
ME-2025-0002373,301011,Education & Training Fund,LS 402,01-11-2025,,,, Education & Training Fund ,301011,,14,
ME-2025-0002382,301011,Education & Training Fund,LS 403,01-11-2025,,,, Education & Training Fund ,301011,,14,
ME-2025-0002391,301011,Education & Training Fund,LS 404,01-11-2025,,,, Education & Training Fund ,301011,,14,
ME-2025-0002401,301011,Education & Training Fund,LS 501,01-11-2025,,,, Education & Training Fund ,301011,,14,
ME-2025-0002410,301011,Education & Training Fund,LS 502,01-11-2025,,,, Education & Training Fund ,301011,,14,
ME-2025-0002420,301011,Education & Training Fund,LS 503,01-11-2025,,,, Education & Training Fund ,301011,,14,
ME-2025-0002431,301011,Education & Training Fund,LS 504,01-11-2025,,,, Education & Training Fund ,301011,,14,
ME-2025-0002442,301011,Education & Training Fund,LS 601,01-11-2025,,,, Education & Training Fund ,301011,,14,
ME-2025-0002453,301011,Education & Training Fund,LS 602,01-11-2025,,,, Education & Training Fund ,301011,,14,
ME-2025-0002464,301011,Education & Training Fund,LS 603,01-11-2025,,,, Education & Training Fund ,301011,,14,
ME-2025-0002473,301011,Education & Training Fund,LS 604,01-11-2025,,,, Education & Training Fund ,301011,,14,
ME-2025-0002483,301011,Education & Training Fund,LS 701801,01-11-2025,,,, Education & Training Fund ,301011,,28,
ME-2025-0002494,301011,Education & Training Fund,LS 702802,01-11-2025,,,, Education & Training Fund ,301011,,28,
ME-2025-0002505,301011,Education & Training Fund,LS 703803,01-11-2025,,,, Education & Training Fund ,301011,,28,
ME-2025-0002515,301011,Education & Training Fund,LS 704804,01-11-2025,,,, Education & Training Fund ,301011,,28,
ME-2025-0002552,301011,Education & Training Fund,LS 101,01-12-2025,,,, Education & Training Fund ,301011,,14,
ME-2025-0002562,301011,Education & Training Fund,LS 102,01-12-2025,,,, Education & Training Fund ,301011,,14,
ME-2025-0002573,301011,Education & Training Fund,LS 103,01-12-2025,,,, Education & Training Fund ,301011,,14,
ME-2025-0002582,301011,Education & Training Fund,LS 201,01-12-2025,,,, Education & Training Fund ,301011,,14,
ME-2025-0002591,301011,Education & Training Fund,LS 202,01-12-2025,,,, Education & Training Fund ,301011,,14,
ME-2025-0002601,301011,Education & Training Fund,LS 203,01-12-2025,,,, Education & Training Fund ,301011,,14,
ME-2025-0002612,301011,Education & Training Fund,LS 204,01-12-2025,,,, Education & Training Fund ,301011,,14,
ME-2025-0002622,301011,Education & Training Fund,LS 301,01-12-2025,,,, Education & Training Fund ,301011,,14,
ME-2025-0002633,301011,Education & Training Fund,LS 302,01-12-2025,,,, Education & Training Fund ,301011,,14,
ME-2025-0002644,301011,Education & Training Fund,LS 303,01-12-2025,,,, Education & Training Fund ,301011,,14,
ME-2025-0002653,301011,Education & Training Fund,LS 304,01-12-2025,,,, Education & Training Fund ,301011,,14,
ME-2025-0002663,301011,Education & Training Fund,LS 401,01-12-2025,,,, Education & Training Fund ,301011,,14,
ME-2025-0002673,301011,Education & Training Fund,LS 402,01-12-2025,,,, Education & Training Fund ,301011,,14,
ME-2025-0002682,301011,Education & Training Fund,LS 403,01-12-2025,,,, Education & Training Fund ,301011,,14,
ME-2025-0002691,301011,Education & Training Fund,LS 404,01-12-2025,,,, Education & Training Fund ,301011,,14,
ME-2025-0002701,301011,Education & Training Fund,LS 501,01-12-2025,,,, Education & Training Fund ,301011,,14,
ME-2025-0002710,301011,Education & Training Fund,LS 502,01-12-2025,,,, Education & Training Fund ,301011,,14,
ME-2025-0002720,301011,Education & Training Fund,LS 503,01-12-2025,,,, Education & Training Fund ,301011,,14,
ME-2025-0002731,301011,Education & Training Fund,LS 504,01-12-2025,,,, Education & Training Fund ,301011,,14,
ME-2025-0002742,301011,Education & Training Fund,LS 601,01-12-2025,,,, Education & Training Fund ,301011,,14,
ME-2025-0002753,301011,Education & Training Fund,LS 602,01-12-2025,,,, Education & Training Fund ,301011,,14,
ME-2025-0002764,301011,Education & Training Fund,LS 603,01-12-2025,,,, Education & Training Fund ,301011,,14,
ME-2025-0002773,301011,Education & Training Fund,LS 604,01-12-2025,,,, Education & Training Fund ,301011,,14,
ME-2025-0002783,301011,Education & Training Fund,LS 701801,01-12-2025,,,, Education & Training Fund ,301011,,28,
ME-2025-0002794,301011,Education & Training Fund,LS 702802,01-12-2025,,,, Education & Training Fund ,301011,,28,
ME-2025-0002805,301011,Education & Training Fund,LS 703803,01-12-2025,,,, Education & Training Fund ,301011,,28,
ME-2025-0002815,301011,Education & Training Fund,LS 704804,01-12-2025,,,, Education & Training Fund ,301011,,28,
ME-2025-0002828,301011,Education & Training Fund,LS 104,01-12-2025,,,, Education & Training Fund ,301011,,14,
ME-2025-0002863,301011,Education & Training Fund,LS 101,01-01-2026,,,, Education & Training Fund ,301011,,14,
ME-2025-0002873,301011,Education & Training Fund,LS 102,01-01-2026,,,, Education & Training Fund ,301011,,14,
ME-2025-0002884,301011,Education & Training Fund,LS 103,01-01-2026,,,, Education & Training Fund ,301011,,14,
ME-2025-0002893,301011,Education & Training Fund,LS 104,01-01-2026,,,, Education & Training Fund ,301011,,14,
ME-2025-0002902,301011,Education & Training Fund,LS 201,01-01-2026,,,, Education & Training Fund ,301011,,14,
ME-2025-0002911,301011,Education & Training Fund,LS 202,01-01-2026,,,, Education & Training Fund ,301011,,14,
ME-2025-0002921,301011,Education & Training Fund,LS 203,01-01-2026,,,, Education & Training Fund ,301011,,14,
ME-2025-0002932,301011,Education & Training Fund,LS 204,01-01-2026,,,, Education & Training Fund ,301011,,14,
ME-2025-0002942,301011,Education & Training Fund,LS 301,01-01-2026,,,, Education & Training Fund ,301011,,14,
ME-2025-0002952,301011,Education & Training Fund,LS 302,01-01-2026,,,, Education & Training Fund ,301011,,14,
ME-2025-0002963,301011,Education & Training Fund,LS 303,01-01-2026,,,, Education & Training Fund ,301011,,14,
ME-2025-0002972,301011,Education & Training Fund,LS 304,01-01-2026,,,, Education & Training Fund ,301011,,14,
ME-2025-0002982,301011,Education & Training Fund,LS 401,01-01-2026,,,, Education & Training Fund ,301011,,14,
ME-2025-0002992,301011,Education & Training Fund,LS 402,01-01-2026,,,, Education & Training Fund ,301011,,14,
ME-2025-0003001,301011,Education & Training Fund,LS 403,01-01-2026,,,, Education & Training Fund ,301011,,14,
ME-2025-0003010,301011,Education & Training Fund,LS 404,01-01-2026,,,, Education & Training Fund ,301011,,14,
ME-2025-0003020,301011,Education & Training Fund,LS 501,01-01-2026,,,, Education & Training Fund ,301011,,14,
ME-2025-0003029,301011,Education & Training Fund,LS 502,01-01-2026,,,, Education & Training Fund ,301011,,14,
ME-2025-0003039,301011,Education & Training Fund,LS 503,01-01-2026,,,, Education & Training Fund ,301011,,14,
ME-2025-0003050,301011,Education & Training Fund,LS 504,01-01-2026,,,, Education & Training Fund ,301011,,14,
ME-2025-0003061,301011,Education & Training Fund,LS 601,01-01-2026,,,, Education & Training Fund ,301011,,14,
ME-2025-0003072,301011,Education & Training Fund,LS 602,01-01-2026,,,, Education & Training Fund ,301011,,14,
ME-2025-0003083,301011,Education & Training Fund,LS 603,01-01-2026,,,, Education & Training Fund ,301011,,14,
ME-2025-0003092,301011,Education & Training Fund,LS 604,01-01-2026,,,, Education & Training Fund ,301011,,14,
ME-2025-0003102,301011,Education & Training Fund,LS 701801,01-01-2026,,,, Education & Training Fund ,301011,,28,
ME-2025-0003113,301011,Education & Training Fund,LS 702802,01-01-2026,,,, Education & Training Fund ,301011,,28,
ME-2025-0003124,301011,Education & Training Fund,LS 703803,01-01-2026,,,, Education & Training Fund ,301011,,28,
ME-2025-0003134,301011,Education & Training Fund,LS 704804,01-01-2026,,,, Education & Training Fund ,301011,,28,
ME-2025-0003165,301011,Education & Training Fund,LS 101,01-02-2026,,,, Education & Training Fund ,301011,,14,
ME-2025-0003175,301011,Education & Training Fund,LS 102,01-02-2026,,,, Education & Training Fund ,301011,,14,
ME-2025-0003186,301011,Education & Training Fund,LS 103,01-02-2026,,,, Education & Training Fund ,301011,,14,
ME-2025-0003195,301011,Education & Training Fund,LS 104,01-02-2026,,,, Education & Training Fund ,301011,,14,
ME-2025-0003204,301011,Education & Training Fund,LS 201,01-02-2026,,,, Education & Training Fund ,301011,,14,
ME-2025-0003213,301011,Education & Training Fund,LS 202,01-02-2026,,,, Education & Training Fund ,301011,,14,
ME-2025-0003223,301011,Education & Training Fund,LS 203,01-02-2026,,,, Education & Training Fund ,301011,,14,
ME-2025-0003234,301011,Education & Training Fund,LS 204,01-02-2026,,,, Education & Training Fund ,301011,,14,
ME-2025-0003244,301011,Education & Training Fund,LS 301,01-02-2026,,,, Education & Training Fund ,301011,,14,
ME-2025-0003254,301011,Education & Training Fund,LS 302,01-02-2026,,,, Education & Training Fund ,301011,,14,
ME-2025-0003265,301011,Education & Training Fund,LS 303,01-02-2026,,,, Education & Training Fund ,301011,,14,
ME-2025-0003274,301011,Education & Training Fund,LS 304,01-02-2026,,,, Education & Training Fund ,301011,,14,
ME-2025-0003284,301011,Education & Training Fund,LS 401,01-02-2026,,,, Education & Training Fund ,301011,,14,
ME-2025-0003294,301011,Education & Training Fund,LS 402,01-02-2026,,,, Education & Training Fund ,301011,,14,
ME-2025-0003303,301011,Education & Training Fund,LS 403,01-02-2026,,,, Education & Training Fund ,301011,,14,
ME-2025-0003312,301011,Education & Training Fund,LS 404,01-02-2026,,,, Education & Training Fund ,301011,,14,
ME-2025-0003322,301011,Education & Training Fund,LS 501,01-02-2026,,,, Education & Training Fund ,301011,,14,
ME-2025-0003331,301011,Education & Training Fund,LS 502,01-02-2026,,,, Education & Training Fund ,301011,,14,
ME-2025-0003341,301011,Education & Training Fund,LS 503,01-02-2026,,,, Education & Training Fund ,301011,,14,
ME-2025-0003352,301011,Education & Training Fund,LS 504,01-02-2026,,,, Education & Training Fund ,301011,,14,
ME-2025-0003363,301011,Education & Training Fund,LS 601,01-02-2026,,,, Education & Training Fund ,301011,,14,
ME-2025-0003374,301011,Education & Training Fund,LS 602,01-02-2026,,,, Education & Training Fund ,301011,,14,
ME-2025-0003385,301011,Education & Training Fund,LS 603,01-02-2026,,,, Education & Training Fund ,301011,,14,
ME-2025-0003394,301011,Education & Training Fund,LS 604,01-02-2026,,,, Education & Training Fund ,301011,,14,
ME-2025-0003404,301011,Education & Training Fund,LS 701801,01-02-2026,,,, Education & Training Fund ,301011,,28,
ME-2025-0003415,301011,Education & Training Fund,LS 702802,01-02-2026,,,, Education & Training Fund ,301011,,28,
ME-2025-0003427,301011,Education & Training Fund,LS 703803,01-02-2026,,,, Education & Training Fund ,301011,,28,
ME-2025-0003437,301011,Education & Training Fund,LS 704804,01-02-2026,,,, Education & Training Fund ,301011,,28,
ME-2025-0003476,301011,Education & Training Fund,LS 101,01-03-2026,,,, Education & Training Fund ,301011,,14,
ME-2025-0003486,301011,Education & Training Fund,LS 102,01-03-2026,,,, Education & Training Fund ,301011,,14,
ME-2025-0003497,301011,Education & Training Fund,LS 103,01-03-2026,,,, Education & Training Fund ,301011,,14,
ME-2025-0003506,301011,Education & Training Fund,LS 104,01-03-2026,,,, Education & Training Fund ,301011,,14,
ME-2025-0003515,301011,Education & Training Fund,LS 201,01-03-2026,,,, Education & Training Fund ,301011,,14,
ME-2025-0003524,301011,Education & Training Fund,LS 202,01-03-2026,,,, Education & Training Fund ,301011,,14,
ME-2025-0003534,301011,Education & Training Fund,LS 203,01-03-2026,,,, Education & Training Fund ,301011,,14,
ME-2025-0003544,301011,Education & Training Fund,LS 204,01-03-2026,,,, Education & Training Fund ,301011,,14,
ME-2025-0003554,301011,Education & Training Fund,LS 301,01-03-2026,,,, Education & Training Fund ,301011,,14,
ME-2025-0003564,301011,Education & Training Fund,LS 302,01-03-2026,,,, Education & Training Fund ,301011,,14,
ME-2025-0003575,301011,Education & Training Fund,LS 303,01-03-2026,,,, Education & Training Fund ,301011,,14,
ME-2025-0003584,301011,Education & Training Fund,LS 304,01-03-2026,,,, Education & Training Fund ,301011,,14,
ME-2025-0003594,301011,Education & Training Fund,LS 401,01-03-2026,,,, Education & Training Fund ,301011,,14,
ME-2025-0003604,301011,Education & Training Fund,LS 402,01-03-2026,,,, Education & Training Fund ,301011,,14,
ME-2025-0003613,301011,Education & Training Fund,LS 403,01-03-2026,,,, Education & Training Fund ,301011,,14,
ME-2025-0003622,301011,Education & Training Fund,LS 404,01-03-2026,,,, Education & Training Fund ,301011,,14,
ME-2025-0003632,301011,Education & Training Fund,LS 501,01-03-2026,,,, Education & Training Fund ,301011,,14,
ME-2025-0003641,301011,Education & Training Fund,LS 502,01-03-2026,,,, Education & Training Fund ,301011,,14,
ME-2025-0003651,301011,Education & Training Fund,LS 503,01-03-2026,,,, Education & Training Fund ,301011,,14,
ME-2025-0003662,301011,Education & Training Fund,LS 504,01-03-2026,,,, Education & Training Fund ,301011,,14,
ME-2025-0003673,301011,Education & Training Fund,LS 601,01-03-2026,,,, Education & Training Fund ,301011,,14,
ME-2025-0003684,301011,Education & Training Fund,LS 602,01-03-2026,,,, Education & Training Fund ,301011,,14,
ME-2025-0003695,301011,Education & Training Fund,LS 603,01-03-2026,,,, Education & Training Fund ,301011,,14,
ME-2025-0003704,301011,Education & Training Fund,LS 604,01-03-2026,,,, Education & Training Fund ,301011,,14,
ME-2025-0003714,301011,Education & Training Fund,LS 701801,01-03-2026,,,, Education & Training Fund ,301011,,28,
ME-2025-0003725,301011,Education & Training Fund,LS 702802,01-03-2026,,,, Education & Training Fund ,301011,,28,
ME-2025-0003736,301011,Education & Training Fund,LS 703803,01-03-2026,,,, Education & Training Fund ,301011,,28,
ME-2025-0003746,301011,Education & Training Fund,LS 704804,01-03-2026,,,, Education & Training Fund ,301011,,28,
JE-2025-0000137,301011,Education & Training Fund,,31-03-2026,Being members contribution toward fund trf to liab FY 25-26,,, Education & Training Fund ,301011,5376.00,,

"","","","","","","","","","","5376","5376",

"Income - Members > Late Payment Interest ( 301012 ) ",
"Journal No","Other GL No.","Other Account","Subledger","Posted Date","Comments","Instrument No.","Instrument Bank","Account Name","GL Account No.","Debit","Credit",
"","","","","","Opening Balance","",""," Late Payment Interest ","301012","","",
ME-2025-0000061,301012,Late Payment Interest,LS 202,01-04-2025,,,, Late Payment Interest ,301012,,58,
ME-2025-0000102,301012,Late Payment Interest,LS 302,01-04-2025,,,, Late Payment Interest ,301012,,7,
ME-2025-0000290,301012,Late Payment Interest,LS 704804,01-04-2025,,,, Late Payment Interest ,301012,,5,
ME-2025-0000375,301012,Late Payment Interest,LS 202,01-05-2025,,,, Late Payment Interest ,301012,,6,
ME-2025-0000397,301012,Late Payment Interest,LS 204,01-05-2025,,,, Late Payment Interest ,301012,,6,
ME-2025-0000417,301012,Late Payment Interest,LS 302,01-05-2025,,,, Late Payment Interest ,301012,,45,
ME-2025-0000457,301012,Late Payment Interest,LS 402,01-05-2025,,,, Late Payment Interest ,301012,,6,
ME-2025-0000695,301012,Late Payment Interest,LS 202,01-06-2025,,,, Late Payment Interest ,301012,,49,
ME-2025-0000717,301012,Late Payment Interest,LS 204,01-06-2025,,,, Late Payment Interest ,301012,,29,
ME-2025-0000737,301012,Late Payment Interest,LS 302,01-06-2025,,,, Late Payment Interest ,301012,,52,
ME-2025-0000777,301012,Late Payment Interest,LS 402,01-06-2025,,,, Late Payment Interest ,301012,,25,
ME-2025-0001036,301012,Late Payment Interest,LS 202,01-07-2025,,,, Late Payment Interest ,301012,,84,
ME-2025-0001077,301012,Late Payment Interest,LS 302,01-07-2025,,,, Late Payment Interest ,301012,,84,
ME-2025-0001117,301012,Late Payment Interest,LS 402,01-07-2025,,,, Late Payment Interest ,301012,,4,
ME-2025-0001317,301012,Late Payment Interest,LS 103,01-08-2025,,,, Late Payment Interest ,301012,,7,
ME-2025-0001336,301012,Late Payment Interest,LS 201,01-08-2025,,,, Late Payment Interest ,301012,,7,
ME-2025-0001346,301012,Late Payment Interest,LS 202,01-08-2025,,,, Late Payment Interest ,301012,,133,
ME-2025-0001387,301012,Late Payment Interest,LS 302,01-08-2025,,,, Late Payment Interest ,301012,,130,
ME-2025-0001427,301012,Late Payment Interest,LS 402,01-08-2025,,,, Late Payment Interest ,301012,,7,
ME-2025-0001672,301012,Late Payment Interest,LS 201,01-09-2025,,,, Late Payment Interest ,301012,,29,
ME-2025-0001682,301012,Late Payment Interest,LS 202,01-09-2025,,,, Late Payment Interest ,301012,,161,
ME-2025-0001704,301012,Late Payment Interest,LS 204,01-09-2025,,,, Late Payment Interest ,301012,,7,
ME-2025-0001724,301012,Late Payment Interest,LS 302,01-09-2025,,,, Late Payment Interest ,301012,,59,
ME-2025-0001764,301012,Late Payment Interest,LS 402,01-09-2025,,,, Late Payment Interest ,301012,,2,
ME-2025-0001860,301012,Late Payment Interest,LS 603,01-09-2025,,,, Late Payment Interest ,301012,,5,
ME-2025-0001904,301012,Late Payment Interest,LS 703803,01-09-2025,,,, Late Payment Interest ,301012,,18,
ME-2025-0002015,301012,Late Payment Interest,LS 204,01-10-2025,,,, Late Payment Interest ,301012,,21,
ME-2025-0002035,301012,Late Payment Interest,LS 302,01-10-2025,,,, Late Payment Interest ,301012,,63,
ME-2025-0002134,301012,Late Payment Interest,LS 504,01-10-2025,,,, Late Payment Interest ,301012,,11,
ME-2025-0002209,301012,Late Payment Interest,LS 703803,01-10-2025,,,, Late Payment Interest ,301012,,19,
ME-2025-0002332,301012,Late Payment Interest,LS 301,01-11-2025,,,, Late Payment Interest ,301012,,7,
ME-2025-0002342,301012,Late Payment Interest,LS 302,01-11-2025,,,, Late Payment Interest ,301012,,110,
ME-2025-0002611,301012,Late Payment Interest,LS 203,01-12-2025,,,, Late Payment Interest ,301012,,52,
ME-2025-0002621,301012,Late Payment Interest,LS 204,01-12-2025,,,, Late Payment Interest ,301012,,6,
ME-2025-0002632,301012,Late Payment Interest,LS 301,01-12-2025,,,, Late Payment Interest ,301012,,34,
ME-2025-0002642,301012,Late Payment Interest,LS 302,01-12-2025,,,, Late Payment Interest ,301012,,26,
ME-2025-0002837,301012,Late Payment Interest,LS 104,01-12-2025,,,, Late Payment Interest ,301012,,6,
ME-2025-0002931,301012,Late Payment Interest,LS 203,01-01-2026,,,, Late Payment Interest ,301012,,69,
ME-2025-0002941,301012,Late Payment Interest,LS 204,01-01-2026,,,, Late Payment Interest ,301012,,4,
ME-2025-0002961,301012,Late Payment Interest,LS 302,01-01-2026,,,, Late Payment Interest ,301012,,45,
ME-2025-0003233,301012,Late Payment Interest,LS 203,01-02-2026,,,, Late Payment Interest ,301012,,91,
ME-2025-0003243,301012,Late Payment Interest,LS 204,01-02-2026,,,, Late Payment Interest ,301012,,7,
ME-2025-0003263,301012,Late Payment Interest,LS 302,01-02-2026,,,, Late Payment Interest ,301012,,87,
ME-2025-0003426,301012,Late Payment Interest,LS 702802,01-02-2026,,,, Late Payment Interest ,301012,,2,
ME-2025-0003553,301012,Late Payment Interest,LS 204,01-03-2026,,,, Late Payment Interest ,301012,,24,
ME-2025-0003573,301012,Late Payment Interest,LS 302,01-03-2026,,,, Late Payment Interest ,301012,,117,

"Balance : 1826(Credit)","","","","","","","","","","0","1826",

"Income - Members > Security Charges ( 301016 ) ",
"Journal No","Other GL No.","Other Account","Subledger","Posted Date","Comments","Instrument No.","Instrument Bank","Account Name","GL Account No.","Debit","Credit",
"","","","","","Opening Balance","",""," Security Charges ","301016","","",
ME-2025-0000009,301016,Security Charges,LS 101,01-04-2025,,,, Security Charges ,301016,,625,
ME-2025-0000019,301016,Security Charges,LS 102,01-04-2025,,,, Security Charges ,301016,,625,
ME-2025-0000030,301016,Security Charges,LS 103,01-04-2025,,,, Security Charges ,301016,,625,
ME-2025-0000039,301016,Security Charges,LS 104,01-04-2025,,,, Security Charges ,301016,,625,
ME-2025-0000048,301016,Security Charges,LS 201,01-04-2025,,,, Security Charges ,301016,,625,
ME-2025-0000057,301016,Security Charges,LS 202,01-04-2025,,,, Security Charges ,301016,,625,
ME-2025-0000069,301016,Security Charges,LS 203,01-04-2025,,,, Security Charges ,301016,,625,
ME-2025-0000079,301016,Security Charges,LS 204,01-04-2025,,,, Security Charges ,301016,,625,
ME-2025-0000088,301016,Security Charges,LS 301,01-04-2025,,,, Security Charges ,301016,,625,
ME-2025-0000098,301016,Security Charges,LS 302,01-04-2025,,,, Security Charges ,301016,,625,
ME-2025-0000109,301016,Security Charges,LS 303,01-04-2025,,,, Security Charges ,301016,,625,
ME-2025-0000118,301016,Security Charges,LS 304,01-04-2025,,,, Security Charges ,301016,,625,
ME-2025-0000128,301016,Security Charges,LS 401,01-04-2025,,,, Security Charges ,301016,,625,
ME-2025-0000138,301016,Security Charges,LS 402,01-04-2025,,,, Security Charges ,301016,,625,
ME-2025-0000147,301016,Security Charges,LS 403,01-04-2025,,,, Security Charges ,301016,,625,
ME-2025-0000156,301016,Security Charges,LS 404,01-04-2025,,,, Security Charges ,301016,,625,
ME-2025-0000166,301016,Security Charges,LS 501,01-04-2025,,,, Security Charges ,301016,,625,
ME-2025-0000176,301016,Security Charges,LS 502,01-04-2025,,,, Security Charges ,301016,,625,
ME-2025-0000187,301016,Security Charges,LS 503,01-04-2025,,,, Security Charges ,301016,,625,
ME-2025-0000199,301016,Security Charges,LS 504,01-04-2025,,,, Security Charges ,301016,,625,
ME-2025-0000210,301016,Security Charges,LS 601,01-04-2025,,,, Security Charges ,301016,,625,
ME-2025-0000222,301016,Security Charges,LS 602,01-04-2025,,,, Security Charges ,301016,,625,
ME-2025-0000233,301016,Security Charges,LS 603,01-04-2025,,,, Security Charges ,301016,,625,
ME-2025-0000242,301016,Security Charges,LS 604,01-04-2025,,,, Security Charges ,301016,,625,
ME-2025-0000252,301016,Security Charges,LS 701801,01-04-2025,,,, Security Charges ,301016,,1250,
ME-2025-0000264,301016,Security Charges,LS 702802,01-04-2025,,,, Security Charges ,301016,,1250,
ME-2025-0000275,301016,Security Charges,LS 703803,01-04-2025,,,, Security Charges ,301016,,1250,
ME-2025-0000285,301016,Security Charges,LS 704804,01-04-2025,,,, Security Charges ,301016,,1250,
ME-2025-0000323,301016,Security Charges,LS 101,01-05-2025,,,, Security Charges ,301016,,625,
ME-2025-0000333,301016,Security Charges,LS 102,01-05-2025,,,, Security Charges ,301016,,625,
ME-2025-0000344,301016,Security Charges,LS 103,01-05-2025,,,, Security Charges ,301016,,625,
ME-2025-0000353,301016,Security Charges,LS 104,01-05-2025,,,, Security Charges ,301016,,625,
ME-2025-0000362,301016,Security Charges,LS 201,01-05-2025,,,, Security Charges ,301016,,625,
ME-2025-0000371,301016,Security Charges,LS 202,01-05-2025,,,, Security Charges ,301016,,625,
ME-2025-0000383,301016,Security Charges,LS 203,01-05-2025,,,, Security Charges ,301016,,625,
ME-2025-0000393,301016,Security Charges,LS 204,01-05-2025,,,, Security Charges ,301016,,625,
ME-2025-0000403,301016,Security Charges,LS 301,01-05-2025,,,, Security Charges ,301016,,625,
ME-2025-0000413,301016,Security Charges,LS 302,01-05-2025,,,, Security Charges ,301016,,625,
ME-2025-0000424,301016,Security Charges,LS 303,01-05-2025,,,, Security Charges ,301016,,625,
ME-2025-0000433,301016,Security Charges,LS 304,01-05-2025,,,, Security Charges ,301016,,625,
ME-2025-0000443,301016,Security Charges,LS 401,01-05-2025,,,, Security Charges ,301016,,625,
ME-2025-0000453,301016,Security Charges,LS 402,01-05-2025,,,, Security Charges ,301016,,625,
ME-2025-0000463,301016,Security Charges,LS 403,01-05-2025,,,, Security Charges ,301016,,625,
ME-2025-0000472,301016,Security Charges,LS 404,01-05-2025,,,, Security Charges ,301016,,625,
ME-2025-0000482,301016,Security Charges,LS 501,01-05-2025,,,, Security Charges ,301016,,625,
ME-2025-0000492,301016,Security Charges,LS 502,01-05-2025,,,, Security Charges ,301016,,625,
ME-2025-0000503,301016,Security Charges,LS 503,01-05-2025,,,, Security Charges ,301016,,625,
ME-2025-0000515,301016,Security Charges,LS 504,01-05-2025,,,, Security Charges ,301016,,625,
ME-2025-0000526,301016,Security Charges,LS 601,01-05-2025,,,, Security Charges ,301016,,625,
ME-2025-0000538,301016,Security Charges,LS 602,01-05-2025,,,, Security Charges ,301016,,625,
ME-2025-0000549,301016,Security Charges,LS 603,01-05-2025,,,, Security Charges ,301016,,625,
ME-2025-0000558,301016,Security Charges,LS 604,01-05-2025,,,, Security Charges ,301016,,625,
ME-2025-0000568,301016,Security Charges,LS 701801,01-05-2025,,,, Security Charges ,301016,,1250,
ME-2025-0000580,301016,Security Charges,LS 702802,01-05-2025,,,, Security Charges ,301016,,1250,
ME-2025-0000591,301016,Security Charges,LS 703803,01-05-2025,,,, Security Charges ,301016,,1250,
ME-2025-0000601,301016,Security Charges,LS 704804,01-05-2025,,,, Security Charges ,301016,,1250,
ME-2025-0000643,301016,Security Charges,LS 101,01-06-2025,,,, Security Charges ,301016,,625,
ME-2025-0000653,301016,Security Charges,LS 102,01-06-2025,,,, Security Charges ,301016,,625,
ME-2025-0000664,301016,Security Charges,LS 103,01-06-2025,,,, Security Charges ,301016,,625,
ME-2025-0000673,301016,Security Charges,LS 104,01-06-2025,,,, Security Charges ,301016,,625,
ME-2025-0000682,301016,Security Charges,LS 201,01-06-2025,,,, Security Charges ,301016,,625,
ME-2025-0000691,301016,Security Charges,LS 202,01-06-2025,,,, Security Charges ,301016,,625,
ME-2025-0000703,301016,Security Charges,LS 203,01-06-2025,,,, Security Charges ,301016,,625,
ME-2025-0000713,301016,Security Charges,LS 204,01-06-2025,,,, Security Charges ,301016,,625,
ME-2025-0000723,301016,Security Charges,LS 301,01-06-2025,,,, Security Charges ,301016,,625,
ME-2025-0000733,301016,Security Charges,LS 302,01-06-2025,,,, Security Charges ,301016,,625,
ME-2025-0000744,301016,Security Charges,LS 303,01-06-2025,,,, Security Charges ,301016,,625,
ME-2025-0000753,301016,Security Charges,LS 304,01-06-2025,,,, Security Charges ,301016,,625,
ME-2025-0000763,301016,Security Charges,LS 401,01-06-2025,,,, Security Charges ,301016,,625,
ME-2025-0000773,301016,Security Charges,LS 402,01-06-2025,,,, Security Charges ,301016,,625,
ME-2025-0000783,301016,Security Charges,LS 403,01-06-2025,,,, Security Charges ,301016,,625,
ME-2025-0000792,301016,Security Charges,LS 404,01-06-2025,,,, Security Charges ,301016,,625,
ME-2025-0000802,301016,Security Charges,LS 501,01-06-2025,,,, Security Charges ,301016,,625,
ME-2025-0000812,301016,Security Charges,LS 502,01-06-2025,,,, Security Charges ,301016,,625,
ME-2025-0000823,301016,Security Charges,LS 503,01-06-2025,,,, Security Charges ,301016,,625,
ME-2025-0000835,301016,Security Charges,LS 504,01-06-2025,,,, Security Charges ,301016,,625,
ME-2025-0000846,301016,Security Charges,LS 601,01-06-2025,,,, Security Charges ,301016,,625,
ME-2025-0000869,301016,Security Charges,LS 603,01-06-2025,,,, Security Charges ,301016,,625,
ME-2025-0000878,301016,Security Charges,LS 604,01-06-2025,,,, Security Charges ,301016,,625,
ME-2025-0000888,301016,Security Charges,LS 701801,01-06-2025,,,, Security Charges ,301016,,1250,
ME-2025-0000900,301016,Security Charges,LS 702802,01-06-2025,,,, Security Charges ,301016,,1250,
ME-2025-0000911,301016,Security Charges,LS 703803,01-06-2025,,,, Security Charges ,301016,,1250,
ME-2025-0000921,301016,Security Charges,LS 704804,01-06-2025,,,, Security Charges ,301016,,1250,
ME-2025-0000946,301016,Security Charges,LS 602,01-06-2025,,,, Security Charges ,301016,,625,
ME-2025-0000984,301016,Security Charges,LS 101,01-07-2025,,,, Security Charges ,301016,,625,
ME-2025-0000994,301016,Security Charges,LS 102,01-07-2025,,,, Security Charges ,301016,,625,
ME-2025-0001005,301016,Security Charges,LS 103,01-07-2025,,,, Security Charges ,301016,,625,
ME-2025-0001014,301016,Security Charges,LS 104,01-07-2025,,,, Security Charges ,301016,,625,
ME-2025-0001023,301016,Security Charges,LS 201,01-07-2025,,,, Security Charges ,301016,,625,
ME-2025-0001032,301016,Security Charges,LS 202,01-07-2025,,,, Security Charges ,301016,,625,
ME-2025-0001044,301016,Security Charges,LS 203,01-07-2025,,,, Security Charges ,301016,,625,
ME-2025-0001054,301016,Security Charges,LS 204,01-07-2025,,,, Security Charges ,301016,,625,
ME-2025-0001063,301016,Security Charges,LS 301,01-07-2025,,,, Security Charges ,301016,,625,
ME-2025-0001073,301016,Security Charges,LS 302,01-07-2025,,,, Security Charges ,301016,,625,
ME-2025-0001084,301016,Security Charges,LS 303,01-07-2025,,,, Security Charges ,301016,,625,
ME-2025-0001093,301016,Security Charges,LS 304,01-07-2025,,,, Security Charges ,301016,,625,
ME-2025-0001103,301016,Security Charges,LS 401,01-07-2025,,,, Security Charges ,301016,,625,
ME-2025-0001113,301016,Security Charges,LS 402,01-07-2025,,,, Security Charges ,301016,,625,
ME-2025-0001123,301016,Security Charges,LS 403,01-07-2025,,,, Security Charges ,301016,,625,
ME-2025-0001132,301016,Security Charges,LS 404,01-07-2025,,,, Security Charges ,301016,,625,
ME-2025-0001142,301016,Security Charges,LS 501,01-07-2025,,,, Security Charges ,301016,,625,
ME-2025-0001152,301016,Security Charges,LS 502,01-07-2025,,,, Security Charges ,301016,,625,
ME-2025-0001163,301016,Security Charges,LS 503,01-07-2025,,,, Security Charges ,301016,,625,
ME-2025-0001175,301016,Security Charges,LS 504,01-07-2025,,,, Security Charges ,301016,,625,
ME-2025-0001186,301016,Security Charges,LS 601,01-07-2025,,,, Security Charges ,301016,,625,
ME-2025-0001196,301016,Security Charges,LS 602,01-07-2025,,,, Security Charges ,301016,,625,
ME-2025-0001206,301016,Security Charges,LS 603,01-07-2025,,,, Security Charges ,301016,,625,
ME-2025-0001215,301016,Security Charges,LS 604,01-07-2025,,,, Security Charges ,301016,,625,
ME-2025-0001225,301016,Security Charges,LS 701801,01-07-2025,,,, Security Charges ,301016,,1250,
ME-2025-0001237,301016,Security Charges,LS 702802,01-07-2025,,,, Security Charges ,301016,,1250,
ME-2025-0001248,301016,Security Charges,LS 703803,01-07-2025,,,, Security Charges ,301016,,1250,
ME-2025-0001258,301016,Security Charges,LS 704804,01-07-2025,,,, Security Charges ,301016,,1250,
ME-2025-0001292,301016,Security Charges,LS 101,01-08-2025,,,, Security Charges ,301016,,625,
ME-2025-0001302,301016,Security Charges,LS 102,01-08-2025,,,, Security Charges ,301016,,625,
ME-2025-0001313,301016,Security Charges,LS 103,01-08-2025,,,, Security Charges ,301016,,625,
ME-2025-0001323,301016,Security Charges,LS 104,01-08-2025,,,, Security Charges ,301016,,625,
ME-2025-0001332,301016,Security Charges,LS 201,01-08-2025,,,, Security Charges ,301016,,625,
ME-2025-0001342,301016,Security Charges,LS 202,01-08-2025,,,, Security Charges ,301016,,625,
ME-2025-0001354,301016,Security Charges,LS 203,01-08-2025,,,, Security Charges ,301016,,625,
ME-2025-0001364,301016,Security Charges,LS 204,01-08-2025,,,, Security Charges ,301016,,625,
ME-2025-0001373,301016,Security Charges,LS 301,01-08-2025,,,, Security Charges ,301016,,625,
ME-2025-0001383,301016,Security Charges,LS 302,01-08-2025,,,, Security Charges ,301016,,625,
ME-2025-0001394,301016,Security Charges,LS 303,01-08-2025,,,, Security Charges ,301016,,625,
ME-2025-0001403,301016,Security Charges,LS 304,01-08-2025,,,, Security Charges ,301016,,625,
ME-2025-0001413,301016,Security Charges,LS 401,01-08-2025,,,, Security Charges ,301016,,625,
ME-2025-0001423,301016,Security Charges,LS 402,01-08-2025,,,, Security Charges ,301016,,625,
ME-2025-0001433,301016,Security Charges,LS 403,01-08-2025,,,, Security Charges ,301016,,625,
ME-2025-0001442,301016,Security Charges,LS 404,01-08-2025,,,, Security Charges ,301016,,625,
ME-2025-0001452,301016,Security Charges,LS 501,01-08-2025,,,, Security Charges ,301016,,625,
ME-2025-0001462,301016,Security Charges,LS 502,01-08-2025,,,, Security Charges ,301016,,625,
ME-2025-0001473,301016,Security Charges,LS 503,01-08-2025,,,, Security Charges ,301016,,625,
ME-2025-0001485,301016,Security Charges,LS 504,01-08-2025,,,, Security Charges ,301016,,625,
ME-2025-0001496,301016,Security Charges,LS 601,01-08-2025,,,, Security Charges ,301016,,625,
ME-2025-0001516,301016,Security Charges,LS 603,01-08-2025,,,, Security Charges ,301016,,625,
ME-2025-0001525,301016,Security Charges,LS 604,01-08-2025,,,, Security Charges ,301016,,625,
ME-2025-0001535,301016,Security Charges,LS 701801,01-08-2025,,,, Security Charges ,301016,,1250,
ME-2025-0001547,301016,Security Charges,LS 702802,01-08-2025,,,, Security Charges ,301016,,1250,
ME-2025-0001558,301016,Security Charges,LS 703803,01-08-2025,,,, Security Charges ,301016,,1250,
ME-2025-0001568,301016,Security Charges,LS 704804,01-08-2025,,,, Security Charges ,301016,,1250,
ME-2025-0001590,301016,Security Charges,LS 602,01-08-2025,,,, Security Charges ,301016,,625,
ME-2025-0001629,301016,Security Charges,LS 101,01-09-2025,,,, Security Charges ,301016,,625,
ME-2025-0001639,301016,Security Charges,LS 102,01-09-2025,,,, Security Charges ,301016,,625,
ME-2025-0001650,301016,Security Charges,LS 103,01-09-2025,,,, Security Charges ,301016,,625,
ME-2025-0001659,301016,Security Charges,LS 104,01-09-2025,,,, Security Charges ,301016,,625,
ME-2025-0001668,301016,Security Charges,LS 201,01-09-2025,,,, Security Charges ,301016,,625,
ME-2025-0001678,301016,Security Charges,LS 202,01-09-2025,,,, Security Charges ,301016,,625,
ME-2025-0001690,301016,Security Charges,LS 203,01-09-2025,,,, Security Charges ,301016,,625,
ME-2025-0001700,301016,Security Charges,LS 204,01-09-2025,,,, Security Charges ,301016,,625,
ME-2025-0001710,301016,Security Charges,LS 301,01-09-2025,,,, Security Charges ,301016,,625,
ME-2025-0001720,301016,Security Charges,LS 302,01-09-2025,,,, Security Charges ,301016,,625,
ME-2025-0001731,301016,Security Charges,LS 303,01-09-2025,,,, Security Charges ,301016,,625,
ME-2025-0001740,301016,Security Charges,LS 304,01-09-2025,,,, Security Charges ,301016,,625,
ME-2025-0001750,301016,Security Charges,LS 401,01-09-2025,,,, Security Charges ,301016,,625,
ME-2025-0001760,301016,Security Charges,LS 402,01-09-2025,,,, Security Charges ,301016,,625,
ME-2025-0001770,301016,Security Charges,LS 403,01-09-2025,,,, Security Charges ,301016,,625,
ME-2025-0001779,301016,Security Charges,LS 404,01-09-2025,,,, Security Charges ,301016,,625,
ME-2025-0001789,301016,Security Charges,LS 501,01-09-2025,,,, Security Charges ,301016,,625,
ME-2025-0001799,301016,Security Charges,LS 502,01-09-2025,,,, Security Charges ,301016,,625,
ME-2025-0001810,301016,Security Charges,LS 503,01-09-2025,,,, Security Charges ,301016,,625,
ME-2025-0001822,301016,Security Charges,LS 504,01-09-2025,,,, Security Charges ,301016,,625,
ME-2025-0001833,301016,Security Charges,LS 601,01-09-2025,,,, Security Charges ,301016,,625,
ME-2025-0001845,301016,Security Charges,LS 602,01-09-2025,,,, Security Charges ,301016,,625,
ME-2025-0001856,301016,Security Charges,LS 603,01-09-2025,,,, Security Charges ,301016,,625,
ME-2025-0001866,301016,Security Charges,LS 604,01-09-2025,,,, Security Charges ,301016,,625,
ME-2025-0001876,301016,Security Charges,LS 701801,01-09-2025,,,, Security Charges ,301016,,1250,
ME-2025-0001888,301016,Security Charges,LS 702802,01-09-2025,,,, Security Charges ,301016,,1250,
ME-2025-0001899,301016,Security Charges,LS 703803,01-09-2025,,,, Security Charges ,301016,,1250,
ME-2025-0001910,301016,Security Charges,LS 704804,01-09-2025,,,, Security Charges ,301016,,1250,
ME-2025-0001943,301016,Security Charges,LS 101,01-10-2025,,,, Security Charges ,301016,,625,
ME-2025-0001953,301016,Security Charges,LS 102,01-10-2025,,,, Security Charges ,301016,,625,
ME-2025-0001964,301016,Security Charges,LS 103,01-10-2025,,,, Security Charges ,301016,,625,
ME-2025-0001973,301016,Security Charges,LS 104,01-10-2025,,,, Security Charges ,301016,,625,
ME-2025-0001982,301016,Security Charges,LS 201,01-10-2025,,,, Security Charges ,301016,,625,
ME-2025-0001991,301016,Security Charges,LS 202,01-10-2025,,,, Security Charges ,301016,,625,
ME-2025-0002001,301016,Security Charges,LS 203,01-10-2025,,,, Security Charges ,301016,,625,
ME-2025-0002011,301016,Security Charges,LS 204,01-10-2025,,,, Security Charges ,301016,,625,
ME-2025-0002021,301016,Security Charges,LS 301,01-10-2025,,,, Security Charges ,301016,,625,
ME-2025-0002031,301016,Security Charges,LS 302,01-10-2025,,,, Security Charges ,301016,,625,
ME-2025-0002042,301016,Security Charges,LS 303,01-10-2025,,,, Security Charges ,301016,,625,
ME-2025-0002051,301016,Security Charges,LS 304,01-10-2025,,,, Security Charges ,301016,,625,
ME-2025-0002061,301016,Security Charges,LS 401,01-10-2025,,,, Security Charges ,301016,,625,
ME-2025-0002071,301016,Security Charges,LS 402,01-10-2025,,,, Security Charges ,301016,,625,
ME-2025-0002080,301016,Security Charges,LS 403,01-10-2025,,,, Security Charges ,301016,,625,
ME-2025-0002089,301016,Security Charges,LS 404,01-10-2025,,,, Security Charges ,301016,,625,
ME-2025-0002099,301016,Security Charges,LS 501,01-10-2025,,,, Security Charges ,301016,,625,
ME-2025-0002108,301016,Security Charges,LS 502,01-10-2025,,,, Security Charges ,301016,,625,
ME-2025-0002118,301016,Security Charges,LS 503,01-10-2025,,,, Security Charges ,301016,,625,
ME-2025-0002129,301016,Security Charges,LS 504,01-10-2025,,,, Security Charges ,301016,,625,
ME-2025-0002141,301016,Security Charges,LS 601,01-10-2025,,,, Security Charges ,301016,,625,
ME-2025-0002152,301016,Security Charges,LS 602,01-10-2025,,,, Security Charges ,301016,,625,
ME-2025-0002163,301016,Security Charges,LS 603,01-10-2025,,,, Security Charges ,301016,,625,
ME-2025-0002172,301016,Security Charges,LS 604,01-10-2025,,,, Security Charges ,301016,,625,
ME-2025-0002182,301016,Security Charges,LS 701801,01-10-2025,,,, Security Charges ,301016,,1250,
ME-2025-0002193,301016,Security Charges,LS 702802,01-10-2025,,,, Security Charges ,301016,,1250,
ME-2025-0002204,301016,Security Charges,LS 703803,01-10-2025,,,, Security Charges ,301016,,1250,
ME-2025-0002215,301016,Security Charges,LS 704804,01-10-2025,,,, Security Charges ,301016,,1250,
ME-2025-0002250,301016,Security Charges,LS 101,01-11-2025,,,, Security Charges ,301016,,625,
ME-2025-0002260,301016,Security Charges,LS 102,01-11-2025,,,, Security Charges ,301016,,625,
ME-2025-0002271,301016,Security Charges,LS 103,01-11-2025,,,, Security Charges ,301016,,625,
ME-2025-0002280,301016,Security Charges,LS 104,01-11-2025,,,, Security Charges ,301016,,625,
ME-2025-0002289,301016,Security Charges,LS 201,01-11-2025,,,, Security Charges ,301016,,625,
ME-2025-0002298,301016,Security Charges,LS 202,01-11-2025,,,, Security Charges ,301016,,625,
ME-2025-0002308,301016,Security Charges,LS 203,01-11-2025,,,, Security Charges ,301016,,625,
ME-2025-0002318,301016,Security Charges,LS 204,01-11-2025,,,, Security Charges ,301016,,625,
ME-2025-0002327,301016,Security Charges,LS 301,01-11-2025,,,, Security Charges ,301016,,625,
ME-2025-0002338,301016,Security Charges,LS 302,01-11-2025,,,, Security Charges ,301016,,625,
ME-2025-0002349,301016,Security Charges,LS 303,01-11-2025,,,, Security Charges ,301016,,625,
ME-2025-0002358,301016,Security Charges,LS 304,01-11-2025,,,, Security Charges ,301016,,625,
ME-2025-0002368,301016,Security Charges,LS 401,01-11-2025,,,, Security Charges ,301016,,625,
ME-2025-0002378,301016,Security Charges,LS 402,01-11-2025,,,, Security Charges ,301016,,625,
ME-2025-0002387,301016,Security Charges,LS 403,01-11-2025,,,, Security Charges ,301016,,625,
ME-2025-0002396,301016,Security Charges,LS 404,01-11-2025,,,, Security Charges ,301016,,625,
ME-2025-0002406,301016,Security Charges,LS 501,01-11-2025,,,, Security Charges ,301016,,625,
ME-2025-0002415,301016,Security Charges,LS 502,01-11-2025,,,, Security Charges ,301016,,625,
ME-2025-0002425,301016,Security Charges,LS 503,01-11-2025,,,, Security Charges ,301016,,625,
ME-2025-0002436,301016,Security Charges,LS 504,01-11-2025,,,, Security Charges ,301016,,625,
ME-2025-0002447,301016,Security Charges,LS 601,01-11-2025,,,, Security Charges ,301016,,625,
ME-2025-0002458,301016,Security Charges,LS 602,01-11-2025,,,, Security Charges ,301016,,625,
ME-2025-0002469,301016,Security Charges,LS 603,01-11-2025,,,, Security Charges ,301016,,625,
ME-2025-0002478,301016,Security Charges,LS 604,01-11-2025,,,, Security Charges ,301016,,625,
ME-2025-0002488,301016,Security Charges,LS 701801,01-11-2025,,,, Security Charges ,301016,,1250,
ME-2025-0002499,301016,Security Charges,LS 702802,01-11-2025,,,, Security Charges ,301016,,1250,
ME-2025-0002510,301016,Security Charges,LS 703803,01-11-2025,,,, Security Charges ,301016,,1250,
ME-2025-0002520,301016,Security Charges,LS 704804,01-11-2025,,,, Security Charges ,301016,,1250,
ME-2025-0002557,301016,Security Charges,LS 101,01-12-2025,,,, Security Charges ,301016,,625,
ME-2025-0002567,301016,Security Charges,LS 102,01-12-2025,,,, Security Charges ,301016,,625,
ME-2025-0002578,301016,Security Charges,LS 103,01-12-2025,,,, Security Charges ,301016,,625,
ME-2025-0002587,301016,Security Charges,LS 201,01-12-2025,,,, Security Charges ,301016,,625,
ME-2025-0002596,301016,Security Charges,LS 202,01-12-2025,,,, Security Charges ,301016,,625,
ME-2025-0002606,301016,Security Charges,LS 203,01-12-2025,,,, Security Charges ,301016,,625,
ME-2025-0002617,301016,Security Charges,LS 204,01-12-2025,,,, Security Charges ,301016,,625,
ME-2025-0002627,301016,Security Charges,LS 301,01-12-2025,,,, Security Charges ,301016,,625,
ME-2025-0002638,301016,Security Charges,LS 302,01-12-2025,,,, Security Charges ,301016,,625,
ME-2025-0002649,301016,Security Charges,LS 303,01-12-2025,,,, Security Charges ,301016,,625,
ME-2025-0002658,301016,Security Charges,LS 304,01-12-2025,,,, Security Charges ,301016,,625,
ME-2025-0002668,301016,Security Charges,LS 401,01-12-2025,,,, Security Charges ,301016,,625,
ME-2025-0002678,301016,Security Charges,LS 402,01-12-2025,,,, Security Charges ,301016,,625,
ME-2025-0002687,301016,Security Charges,LS 403,01-12-2025,,,, Security Charges ,301016,,625,
ME-2025-0002696,301016,Security Charges,LS 404,01-12-2025,,,, Security Charges ,301016,,625,
ME-2025-0002706,301016,Security Charges,LS 501,01-12-2025,,,, Security Charges ,301016,,625,
ME-2025-0002715,301016,Security Charges,LS 502,01-12-2025,,,, Security Charges ,301016,,625,
ME-2025-0002725,301016,Security Charges,LS 503,01-12-2025,,,, Security Charges ,301016,,625,
ME-2025-0002736,301016,Security Charges,LS 504,01-12-2025,,,, Security Charges ,301016,,625,
ME-2025-0002747,301016,Security Charges,LS 601,01-12-2025,,,, Security Charges ,301016,,625,
ME-2025-0002758,301016,Security Charges,LS 602,01-12-2025,,,, Security Charges ,301016,,625,
ME-2025-0002769,301016,Security Charges,LS 603,01-12-2025,,,, Security Charges ,301016,,625,
ME-2025-0002778,301016,Security Charges,LS 604,01-12-2025,,,, Security Charges ,301016,,625,
ME-2025-0002788,301016,Security Charges,LS 701801,01-12-2025,,,, Security Charges ,301016,,1250,
ME-2025-0002799,301016,Security Charges,LS 702802,01-12-2025,,,, Security Charges ,301016,,1250,
ME-2025-0002810,301016,Security Charges,LS 703803,01-12-2025,,,, Security Charges ,301016,,1250,
ME-2025-0002820,301016,Security Charges,LS 704804,01-12-2025,,,, Security Charges ,301016,,1250,
ME-2025-0002833,301016,Security Charges,LS 104,01-12-2025,,,, Security Charges ,301016,,625,
ME-2025-0002868,301016,Security Charges,LS 101,01-01-2026,,,, Security Charges ,301016,,625,
ME-2025-0002878,301016,Security Charges,LS 102,01-01-2026,,,, Security Charges ,301016,,625,
ME-2025-0002889,301016,Security Charges,LS 103,01-01-2026,,,, Security Charges ,301016,,625,
ME-2025-0002898,301016,Security Charges,LS 104,01-01-2026,,,, Security Charges ,301016,,625,
ME-2025-0002907,301016,Security Charges,LS 201,01-01-2026,,,, Security Charges ,301016,,625,
ME-2025-0002916,301016,Security Charges,LS 202,01-01-2026,,,, Security Charges ,301016,,625,
ME-2025-0002926,301016,Security Charges,LS 203,01-01-2026,,,, Security Charges ,301016,,625,
ME-2025-0002937,301016,Security Charges,LS 204,01-01-2026,,,, Security Charges ,301016,,625,
ME-2025-0002947,301016,Security Charges,LS 301,01-01-2026,,,, Security Charges ,301016,,625,
ME-2025-0002957,301016,Security Charges,LS 302,01-01-2026,,,, Security Charges ,301016,,625,
ME-2025-0002968,301016,Security Charges,LS 303,01-01-2026,,,, Security Charges ,301016,,625,
ME-2025-0002977,301016,Security Charges,LS 304,01-01-2026,,,, Security Charges ,301016,,625,
ME-2025-0002987,301016,Security Charges,LS 401,01-01-2026,,,, Security Charges ,301016,,625,
ME-2025-0002997,301016,Security Charges,LS 402,01-01-2026,,,, Security Charges ,301016,,625,
ME-2025-0003006,301016,Security Charges,LS 403,01-01-2026,,,, Security Charges ,301016,,625,
ME-2025-0003015,301016,Security Charges,LS 404,01-01-2026,,,, Security Charges ,301016,,625,
ME-2025-0003025,301016,Security Charges,LS 501,01-01-2026,,,, Security Charges ,301016,,625,
ME-2025-0003034,301016,Security Charges,LS 502,01-01-2026,,,, Security Charges ,301016,,625,
ME-2025-0003044,301016,Security Charges,LS 503,01-01-2026,,,, Security Charges ,301016,,625,
ME-2025-0003055,301016,Security Charges,LS 504,01-01-2026,,,, Security Charges ,301016,,625,
ME-2025-0003066,301016,Security Charges,LS 601,01-01-2026,,,, Security Charges ,301016,,625,
ME-2025-0003077,301016,Security Charges,LS 602,01-01-2026,,,, Security Charges ,301016,,625,
ME-2025-0003088,301016,Security Charges,LS 603,01-01-2026,,,, Security Charges ,301016,,625,
ME-2025-0003097,301016,Security Charges,LS 604,01-01-2026,,,, Security Charges ,301016,,625,
ME-2025-0003107,301016,Security Charges,LS 701801,01-01-2026,,,, Security Charges ,301016,,1250,
ME-2025-0003118,301016,Security Charges,LS 702802,01-01-2026,,,, Security Charges ,301016,,1250,
ME-2025-0003129,301016,Security Charges,LS 703803,01-01-2026,,,, Security Charges ,301016,,1250,
ME-2025-0003139,301016,Security Charges,LS 704804,01-01-2026,,,, Security Charges ,301016,,1250,
ME-2025-0003170,301016,Security Charges,LS 101,01-02-2026,,,, Security Charges ,301016,,625,
ME-2025-0003180,301016,Security Charges,LS 102,01-02-2026,,,, Security Charges ,301016,,625,
ME-2025-0003191,301016,Security Charges,LS 103,01-02-2026,,,, Security Charges ,301016,,625,
ME-2025-0003200,301016,Security Charges,LS 104,01-02-2026,,,, Security Charges ,301016,,625,
ME-2025-0003209,301016,Security Charges,LS 201,01-02-2026,,,, Security Charges ,301016,,625,
ME-2025-0003218,301016,Security Charges,LS 202,01-02-2026,,,, Security Charges ,301016,,625,
ME-2025-0003228,301016,Security Charges,LS 203,01-02-2026,,,, Security Charges ,301016,,625,
ME-2025-0003239,301016,Security Charges,LS 204,01-02-2026,,,, Security Charges ,301016,,625,
ME-2025-0003249,301016,Security Charges,LS 301,01-02-2026,,,, Security Charges ,301016,,625,
ME-2025-0003259,301016,Security Charges,LS 302,01-02-2026,,,, Security Charges ,301016,,625,
ME-2025-0003270,301016,Security Charges,LS 303,01-02-2026,,,, Security Charges ,301016,,625,
ME-2025-0003279,301016,Security Charges,LS 304,01-02-2026,,,, Security Charges ,301016,,625,
ME-2025-0003289,301016,Security Charges,LS 401,01-02-2026,,,, Security Charges ,301016,,625,
ME-2025-0003299,301016,Security Charges,LS 402,01-02-2026,,,, Security Charges ,301016,,625,
ME-2025-0003308,301016,Security Charges,LS 403,01-02-2026,,,, Security Charges ,301016,,625,
ME-2025-0003317,301016,Security Charges,LS 404,01-02-2026,,,, Security Charges ,301016,,625,
ME-2025-0003327,301016,Security Charges,LS 501,01-02-2026,,,, Security Charges ,301016,,625,
ME-2025-0003336,301016,Security Charges,LS 502,01-02-2026,,,, Security Charges ,301016,,625,
ME-2025-0003346,301016,Security Charges,LS 503,01-02-2026,,,, Security Charges ,301016,,625,
ME-2025-0003357,301016,Security Charges,LS 504,01-02-2026,,,, Security Charges ,301016,,625,
ME-2025-0003368,301016,Security Charges,LS 601,01-02-2026,,,, Security Charges ,301016,,625,
ME-2025-0003379,301016,Security Charges,LS 602,01-02-2026,,,, Security Charges ,301016,,625,
ME-2025-0003390,301016,Security Charges,LS 603,01-02-2026,,,, Security Charges ,301016,,625,
ME-2025-0003399,301016,Security Charges,LS 604,01-02-2026,,,, Security Charges ,301016,,625,
ME-2025-0003409,301016,Security Charges,LS 701801,01-02-2026,,,, Security Charges ,301016,,1250,
ME-2025-0003420,301016,Security Charges,LS 702802,01-02-2026,,,, Security Charges ,301016,,1250,
ME-2025-0003432,301016,Security Charges,LS 703803,01-02-2026,,,, Security Charges ,301016,,1250,
ME-2025-0003442,301016,Security Charges,LS 704804,01-02-2026,,,, Security Charges ,301016,,1250,
ME-2025-0003481,301016,Security Charges,LS 101,01-03-2026,,,, Security Charges ,301016,,625,
ME-2025-0003491,301016,Security Charges,LS 102,01-03-2026,,,, Security Charges ,301016,,625,
ME-2025-0003502,301016,Security Charges,LS 103,01-03-2026,,,, Security Charges ,301016,,625,
ME-2025-0003511,301016,Security Charges,LS 104,01-03-2026,,,, Security Charges ,301016,,625,
ME-2025-0003520,301016,Security Charges,LS 201,01-03-2026,,,, Security Charges ,301016,,625,
ME-2025-0003529,301016,Security Charges,LS 202,01-03-2026,,,, Security Charges ,301016,,625,
ME-2025-0003539,301016,Security Charges,LS 203,01-03-2026,,,, Security Charges ,301016,,625,
ME-2025-0003549,301016,Security Charges,LS 204,01-03-2026,,,, Security Charges ,301016,,625,
ME-2025-0003559,301016,Security Charges,LS 301,01-03-2026,,,, Security Charges ,301016,,625,
ME-2025-0003569,301016,Security Charges,LS 302,01-03-2026,,,, Security Charges ,301016,,625,
ME-2025-0003580,301016,Security Charges,LS 303,01-03-2026,,,, Security Charges ,301016,,625,
ME-2025-0003589,301016,Security Charges,LS 304,01-03-2026,,,, Security Charges ,301016,,625,
ME-2025-0003599,301016,Security Charges,LS 401,01-03-2026,,,, Security Charges ,301016,,625,
ME-2025-0003609,301016,Security Charges,LS 402,01-03-2026,,,, Security Charges ,301016,,625,
ME-2025-0003618,301016,Security Charges,LS 403,01-03-2026,,,, Security Charges ,301016,,625,
ME-2025-0003627,301016,Security Charges,LS 404,01-03-2026,,,, Security Charges ,301016,,625,
ME-2025-0003637,301016,Security Charges,LS 501,01-03-2026,,,, Security Charges ,301016,,625,
ME-2025-0003646,301016,Security Charges,LS 502,01-03-2026,,,, Security Charges ,301016,,625,
ME-2025-0003656,301016,Security Charges,LS 503,01-03-2026,,,, Security Charges ,301016,,625,
ME-2025-0003667,301016,Security Charges,LS 504,01-03-2026,,,, Security Charges ,301016,,625,
ME-2025-0003678,301016,Security Charges,LS 601,01-03-2026,,,, Security Charges ,301016,,625,
ME-2025-0003689,301016,Security Charges,LS 602,01-03-2026,,,, Security Charges ,301016,,625,
ME-2025-0003700,301016,Security Charges,LS 603,01-03-2026,,,, Security Charges ,301016,,625,
ME-2025-0003709,301016,Security Charges,LS 604,01-03-2026,,,, Security Charges ,301016,,625,
ME-2025-0003719,301016,Security Charges,LS 701801,01-03-2026,,,, Security Charges ,301016,,1250,
ME-2025-0003730,301016,Security Charges,LS 702802,01-03-2026,,,, Security Charges ,301016,,1250,
ME-2025-0003741,301016,Security Charges,LS 703803,01-03-2026,,,, Security Charges ,301016,,1250,
ME-2025-0003751,301016,Security Charges,LS 704804,01-03-2026,,,, Security Charges ,301016,,1250,

"Balance : 240000(Credit)","","","","","","","","","","0","240000",

"Income - Members > 4W Parking Charges ( 301018 ) ",
"Journal No","Other GL No.","Other Account","Subledger","Posted Date","Comments","Instrument No.","Instrument Bank","Account Name","GL Account No.","Debit","Credit",
"","","","","","Opening Balance","",""," 4W Parking Charges ","301018","","",
ME-2025-0000002,301018,4W Parking Charges,LS 101,01-04-2025,,,, 4W Parking Charges ,301018,,1000,
ME-2025-0000024,301018,4W Parking Charges,LS 103,01-04-2025,,,, 4W Parking Charges ,301018,,100,
ME-2025-0000062,301018,4W Parking Charges,LS 203,01-04-2025,,,, 4W Parking Charges ,301018,,1000,
ME-2025-0000204,301018,4W Parking Charges,LS 601,01-04-2025,,,, 4W Parking Charges ,301018,,300,
ME-2025-0000215,301018,4W Parking Charges,LS 602,01-04-2025,,,, 4W Parking Charges ,301018,,300,
ME-2025-0000257,301018,4W Parking Charges,LS 702802,01-04-2025,,,, 4W Parking Charges ,301018,,300,
ME-2025-0000316,301018,4W Parking Charges,LS 101,01-05-2025,,,, 4W Parking Charges ,301018,,1000,
ME-2025-0000338,301018,4W Parking Charges,LS 103,01-05-2025,,,, 4W Parking Charges ,301018,,100,
ME-2025-0000376,301018,4W Parking Charges,LS 203,01-05-2025,,,, 4W Parking Charges ,301018,,1000,
ME-2025-0000520,301018,4W Parking Charges,LS 601,01-05-2025,,,, 4W Parking Charges ,301018,,300,
ME-2025-0000531,301018,4W Parking Charges,LS 602,01-05-2025,,,, 4W Parking Charges ,301018,,300,
ME-2025-0000573,301018,4W Parking Charges,LS 702802,01-05-2025,,,, 4W Parking Charges ,301018,,300,
ME-2025-0000636,301018,4W Parking Charges,LS 101,01-06-2025,,,, 4W Parking Charges ,301018,,1000,
ME-2025-0000658,301018,4W Parking Charges,LS 103,01-06-2025,,,, 4W Parking Charges ,301018,,100,
ME-2025-0000696,301018,4W Parking Charges,LS 203,01-06-2025,,,, 4W Parking Charges ,301018,,1000,
ME-2025-0000840,301018,4W Parking Charges,LS 601,01-06-2025,,,, 4W Parking Charges ,301018,,300,
ME-2025-0000893,301018,4W Parking Charges,LS 702802,01-06-2025,,,, 4W Parking Charges ,301018,,300,
ME-2025-0000977,301018,4W Parking Charges,LS 101,01-07-2025,,,, 4W Parking Charges ,301018,,1000,
ME-2025-0000999,301018,4W Parking Charges,LS 103,01-07-2025,,,, 4W Parking Charges ,301018,,100,
ME-2025-0001037,301018,4W Parking Charges,LS 203,01-07-2025,,,, 4W Parking Charges ,301018,,1000,
ME-2025-0001180,301018,4W Parking Charges,LS 601,01-07-2025,,,, 4W Parking Charges ,301018,,300,
ME-2025-0001230,301018,4W Parking Charges,LS 702802,01-07-2025,,,, 4W Parking Charges ,301018,,300,
ME-2025-0001285,301018,4W Parking Charges,LS 101,01-08-2025,,,, 4W Parking Charges ,301018,,1000,
ME-2025-0001307,301018,4W Parking Charges,LS 103,01-08-2025,,,, 4W Parking Charges ,301018,,100,
ME-2025-0001347,301018,4W Parking Charges,LS 203,01-08-2025,,,, 4W Parking Charges ,301018,,1000,
ME-2025-0001490,301018,4W Parking Charges,LS 601,01-08-2025,,,, 4W Parking Charges ,301018,,300,
ME-2025-0001540,301018,4W Parking Charges,LS 702802,01-08-2025,,,, 4W Parking Charges ,301018,,300,
ME-2025-0001583,301018,4W Parking Charges,LS 602,01-08-2025,,,, 4W Parking Charges ,301018,,300,
ME-2025-0001622,301018,4W Parking Charges,LS 101,01-09-2025,,,, 4W Parking Charges ,301018,,1000,
ME-2025-0001644,301018,4W Parking Charges,LS 103,01-09-2025,,,, 4W Parking Charges ,301018,,100,
ME-2025-0001683,301018,4W Parking Charges,LS 203,01-09-2025,,,, 4W Parking Charges ,301018,,1000,
ME-2025-0001827,301018,4W Parking Charges,LS 601,01-09-2025,,,, 4W Parking Charges ,301018,,300,
ME-2025-0001838,301018,4W Parking Charges,LS 602,01-09-2025,,,, 4W Parking Charges ,301018,,300,
ME-2025-0001881,301018,4W Parking Charges,LS 702802,01-09-2025,,,, 4W Parking Charges ,301018,,300,
ME-2025-0001937,301018,4W Parking Charges,LS 101,01-10-2025,,,, 4W Parking Charges ,301018,,1000,
ME-2025-0001958,301018,4W Parking Charges,LS 103,01-10-2025,,,, 4W Parking Charges ,301018,,100,
ME-2025-0001995,301018,4W Parking Charges,LS 203,01-10-2025,,,, 4W Parking Charges ,301018,,1000,
ME-2025-0002135,301018,4W Parking Charges,LS 601,01-10-2025,,,, 4W Parking Charges ,301018,,300,
ME-2025-0002146,301018,4W Parking Charges,LS 602,01-10-2025,,,, 4W Parking Charges ,301018,,300,
ME-2025-0002187,301018,4W Parking Charges,LS 702802,01-10-2025,,,, 4W Parking Charges ,301018,,300,
ME-2025-0002244,301018,4W Parking Charges,LS 101,01-11-2025,,,, 4W Parking Charges ,301018,,1000,
ME-2025-0002265,301018,4W Parking Charges,LS 103,01-11-2025,,,, 4W Parking Charges ,301018,,100,
ME-2025-0002302,301018,4W Parking Charges,LS 203,01-11-2025,,,, 4W Parking Charges ,301018,,1000,
ME-2025-0002441,301018,4W Parking Charges,LS 601,01-11-2025,,,, 4W Parking Charges ,301018,,300,
ME-2025-0002452,301018,4W Parking Charges,LS 602,01-11-2025,,,, 4W Parking Charges ,301018,,300,
ME-2025-0002493,301018,4W Parking Charges,LS 702802,01-11-2025,,,, 4W Parking Charges ,301018,,300,
ME-2025-0002551,301018,4W Parking Charges,LS 101,01-12-2025,,,, 4W Parking Charges ,301018,,1000,
ME-2025-0002572,301018,4W Parking Charges,LS 103,01-12-2025,,,, 4W Parking Charges ,301018,,100,
ME-2025-0002600,301018,4W Parking Charges,LS 203,01-12-2025,,,, 4W Parking Charges ,301018,,1000,
ME-2025-0002741,301018,4W Parking Charges,LS 601,01-12-2025,,,, 4W Parking Charges ,301018,,300,
ME-2025-0002752,301018,4W Parking Charges,LS 602,01-12-2025,,,, 4W Parking Charges ,301018,,300,
ME-2025-0002793,301018,4W Parking Charges,LS 702802,01-12-2025,,,, 4W Parking Charges ,301018,,300,
ME-2025-0002862,301018,4W Parking Charges,LS 101,01-01-2026,,,, 4W Parking Charges ,301018,,1000,
ME-2025-0002883,301018,4W Parking Charges,LS 103,01-01-2026,,,, 4W Parking Charges ,301018,,100,
ME-2025-0002920,301018,4W Parking Charges,LS 203,01-01-2026,,,, 4W Parking Charges ,301018,,1000,
ME-2025-0003060,301018,4W Parking Charges,LS 601,01-01-2026,,,, 4W Parking Charges ,301018,,300,
ME-2025-0003071,301018,4W Parking Charges,LS 602,01-01-2026,,,, 4W Parking Charges ,301018,,300,
ME-2025-0003112,301018,4W Parking Charges,LS 702802,01-01-2026,,,, 4W Parking Charges ,301018,,300,
ME-2025-0003164,301018,4W Parking Charges,LS 101,01-02-2026,,,, 4W Parking Charges ,301018,,1000,
ME-2025-0003185,301018,4W Parking Charges,LS 103,01-02-2026,,,, 4W Parking Charges ,301018,,100,
ME-2025-0003222,301018,4W Parking Charges,LS 203,01-02-2026,,,, 4W Parking Charges ,301018,,1000,
ME-2025-0003362,301018,4W Parking Charges,LS 601,01-02-2026,,,, 4W Parking Charges ,301018,,300,
ME-2025-0003373,301018,4W Parking Charges,LS 602,01-02-2026,,,, 4W Parking Charges ,301018,,300,
ME-2025-0003414,301018,4W Parking Charges,LS 702802,01-02-2026,,,, 4W Parking Charges ,301018,,300,
ME-2025-0003475,301018,4W Parking Charges,LS 101,01-03-2026,,,, 4W Parking Charges ,301018,,1000,
ME-2025-0003496,301018,4W Parking Charges,LS 103,01-03-2026,,,, 4W Parking Charges ,301018,,100,
ME-2025-0003533,301018,4W Parking Charges,LS 203,01-03-2026,,,, 4W Parking Charges ,301018,,1000,
ME-2025-0003672,301018,4W Parking Charges,LS 601,01-03-2026,,,, 4W Parking Charges ,301018,,300,
ME-2025-0003683,301018,4W Parking Charges,LS 602,01-03-2026,,,, 4W Parking Charges ,301018,,300,
ME-2025-0003724,301018,4W Parking Charges,LS 702802,01-03-2026,,,, 4W Parking Charges ,301018,,300,
JE-2025-0000121,301018,4W Parking Charges,,01-05-2025,Credit Note For NOC  Contigency & Parking charged in May 2025,,, 4W Parking Charges ,301018,300.00,,

"Balance : 35100(Credit)","","","","","","","","","","300","35400",

"Income - Members > Insurance Charges ( 301039 ) ",
"Journal No","Other GL No.","Other Account","Subledger","Posted Date","Comments","Instrument No.","Instrument Bank","Account Name","GL Account No.","Debit","Credit",
"","","","","","Opening Balance","",""," Insurance Charges ","301039","","",
ME-2025-0000006,301039,Insurance Charges,LS 101,01-04-2025,,,, Insurance Charges ,301039,,94,
ME-2025-0000016,301039,Insurance Charges,LS 102,01-04-2025,,,, Insurance Charges ,301039,,94,
ME-2025-0000027,301039,Insurance Charges,LS 103,01-04-2025,,,, Insurance Charges ,301039,,94,
ME-2025-0000036,301039,Insurance Charges,LS 104,01-04-2025,,,, Insurance Charges ,301039,,94,
ME-2025-0000045,301039,Insurance Charges,LS 201,01-04-2025,,,, Insurance Charges ,301039,,94,
ME-2025-0000054,301039,Insurance Charges,LS 202,01-04-2025,,,, Insurance Charges ,301039,,94,
ME-2025-0000066,301039,Insurance Charges,LS 203,01-04-2025,,,, Insurance Charges ,301039,,94,
ME-2025-0000076,301039,Insurance Charges,LS 204,01-04-2025,,,, Insurance Charges ,301039,,94,
ME-2025-0000085,301039,Insurance Charges,LS 301,01-04-2025,,,, Insurance Charges ,301039,,115,
ME-2025-0000095,301039,Insurance Charges,LS 302,01-04-2025,,,, Insurance Charges ,301039,,94,
ME-2025-0000106,301039,Insurance Charges,LS 303,01-04-2025,,,, Insurance Charges ,301039,,94,
ME-2025-0000115,301039,Insurance Charges,LS 304,01-04-2025,,,, Insurance Charges ,301039,,115,
ME-2025-0000125,301039,Insurance Charges,LS 401,01-04-2025,,,, Insurance Charges ,301039,,115,
ME-2025-0000135,301039,Insurance Charges,LS 402,01-04-2025,,,, Insurance Charges ,301039,,94,
ME-2025-0000144,301039,Insurance Charges,LS 403,01-04-2025,,,, Insurance Charges ,301039,,94,
ME-2025-0000153,301039,Insurance Charges,LS 404,01-04-2025,,,, Insurance Charges ,301039,,135,
ME-2025-0000163,301039,Insurance Charges,LS 501,01-04-2025,,,, Insurance Charges ,301039,,94,
ME-2025-0000173,301039,Insurance Charges,LS 502,01-04-2025,,,, Insurance Charges ,301039,,94,
ME-2025-0000184,301039,Insurance Charges,LS 503,01-04-2025,,,, Insurance Charges ,301039,,94,
ME-2025-0000196,301039,Insurance Charges,LS 504,01-04-2025,,,, Insurance Charges ,301039,,94,
ME-2025-0000207,301039,Insurance Charges,LS 601,01-04-2025,,,, Insurance Charges ,301039,,122,
ME-2025-0000219,301039,Insurance Charges,LS 602,01-04-2025,,,, Insurance Charges ,301039,,122,
ME-2025-0000230,301039,Insurance Charges,LS 603,01-04-2025,,,, Insurance Charges ,301039,,101,
ME-2025-0000239,301039,Insurance Charges,LS 604,01-04-2025,,,, Insurance Charges ,301039,,122,
ME-2025-0000249,301039,Insurance Charges,LS 701801,01-04-2025,,,, Insurance Charges ,301039,,225,
ME-2025-0000261,301039,Insurance Charges,LS 702802,01-04-2025,,,, Insurance Charges ,301039,,225,
ME-2025-0000272,301039,Insurance Charges,LS 703803,01-04-2025,,,, Insurance Charges ,301039,,245,
ME-2025-0000282,301039,Insurance Charges,LS 704804,01-04-2025,,,, Insurance Charges ,301039,,225,
ME-2025-0000320,301039,Insurance Charges,LS 101,01-05-2025,,,, Insurance Charges ,301039,,94,
ME-2025-0000330,301039,Insurance Charges,LS 102,01-05-2025,,,, Insurance Charges ,301039,,94,
ME-2025-0000341,301039,Insurance Charges,LS 103,01-05-2025,,,, Insurance Charges ,301039,,94,
ME-2025-0000350,301039,Insurance Charges,LS 104,01-05-2025,,,, Insurance Charges ,301039,,94,
ME-2025-0000359,301039,Insurance Charges,LS 201,01-05-2025,,,, Insurance Charges ,301039,,94,
ME-2025-0000368,301039,Insurance Charges,LS 202,01-05-2025,,,, Insurance Charges ,301039,,94,
ME-2025-0000380,301039,Insurance Charges,LS 203,01-05-2025,,,, Insurance Charges ,301039,,94,
ME-2025-0000390,301039,Insurance Charges,LS 204,01-05-2025,,,, Insurance Charges ,301039,,94,
ME-2025-0000400,301039,Insurance Charges,LS 301,01-05-2025,,,, Insurance Charges ,301039,,115,
ME-2025-0000410,301039,Insurance Charges,LS 302,01-05-2025,,,, Insurance Charges ,301039,,94,
ME-2025-0000421,301039,Insurance Charges,LS 303,01-05-2025,,,, Insurance Charges ,301039,,94,
ME-2025-0000430,301039,Insurance Charges,LS 304,01-05-2025,,,, Insurance Charges ,301039,,115,
ME-2025-0000440,301039,Insurance Charges,LS 401,01-05-2025,,,, Insurance Charges ,301039,,115,
ME-2025-0000450,301039,Insurance Charges,LS 402,01-05-2025,,,, Insurance Charges ,301039,,94,
ME-2025-0000460,301039,Insurance Charges,LS 403,01-05-2025,,,, Insurance Charges ,301039,,94,
ME-2025-0000469,301039,Insurance Charges,LS 404,01-05-2025,,,, Insurance Charges ,301039,,135,
ME-2025-0000479,301039,Insurance Charges,LS 501,01-05-2025,,,, Insurance Charges ,301039,,94,
ME-2025-0000489,301039,Insurance Charges,LS 502,01-05-2025,,,, Insurance Charges ,301039,,94,
ME-2025-0000500,301039,Insurance Charges,LS 503,01-05-2025,,,, Insurance Charges ,301039,,94,
ME-2025-0000512,301039,Insurance Charges,LS 504,01-05-2025,,,, Insurance Charges ,301039,,94,
ME-2025-0000523,301039,Insurance Charges,LS 601,01-05-2025,,,, Insurance Charges ,301039,,122,
ME-2025-0000535,301039,Insurance Charges,LS 602,01-05-2025,,,, Insurance Charges ,301039,,122,
ME-2025-0000546,301039,Insurance Charges,LS 603,01-05-2025,,,, Insurance Charges ,301039,,101,
ME-2025-0000555,301039,Insurance Charges,LS 604,01-05-2025,,,, Insurance Charges ,301039,,122,
ME-2025-0000565,301039,Insurance Charges,LS 701801,01-05-2025,,,, Insurance Charges ,301039,,225,
ME-2025-0000577,301039,Insurance Charges,LS 702802,01-05-2025,,,, Insurance Charges ,301039,,225,
ME-2025-0000588,301039,Insurance Charges,LS 703803,01-05-2025,,,, Insurance Charges ,301039,,245,
ME-2025-0000598,301039,Insurance Charges,LS 704804,01-05-2025,,,, Insurance Charges ,301039,,225,
ME-2025-0000640,301039,Insurance Charges,LS 101,01-06-2025,,,, Insurance Charges ,301039,,94,
ME-2025-0000650,301039,Insurance Charges,LS 102,01-06-2025,,,, Insurance Charges ,301039,,94,
ME-2025-0000661,301039,Insurance Charges,LS 103,01-06-2025,,,, Insurance Charges ,301039,,94,
ME-2025-0000670,301039,Insurance Charges,LS 104,01-06-2025,,,, Insurance Charges ,301039,,94,
ME-2025-0000679,301039,Insurance Charges,LS 201,01-06-2025,,,, Insurance Charges ,301039,,94,
ME-2025-0000688,301039,Insurance Charges,LS 202,01-06-2025,,,, Insurance Charges ,301039,,94,
ME-2025-0000700,301039,Insurance Charges,LS 203,01-06-2025,,,, Insurance Charges ,301039,,94,
ME-2025-0000710,301039,Insurance Charges,LS 204,01-06-2025,,,, Insurance Charges ,301039,,94,
ME-2025-0000720,301039,Insurance Charges,LS 301,01-06-2025,,,, Insurance Charges ,301039,,115,
ME-2025-0000730,301039,Insurance Charges,LS 302,01-06-2025,,,, Insurance Charges ,301039,,94,
ME-2025-0000741,301039,Insurance Charges,LS 303,01-06-2025,,,, Insurance Charges ,301039,,94,
ME-2025-0000750,301039,Insurance Charges,LS 304,01-06-2025,,,, Insurance Charges ,301039,,115,
ME-2025-0000760,301039,Insurance Charges,LS 401,01-06-2025,,,, Insurance Charges ,301039,,115,
ME-2025-0000770,301039,Insurance Charges,LS 402,01-06-2025,,,, Insurance Charges ,301039,,94,
ME-2025-0000780,301039,Insurance Charges,LS 403,01-06-2025,,,, Insurance Charges ,301039,,94,
ME-2025-0000789,301039,Insurance Charges,LS 404,01-06-2025,,,, Insurance Charges ,301039,,135,
ME-2025-0000799,301039,Insurance Charges,LS 501,01-06-2025,,,, Insurance Charges ,301039,,94,
ME-2025-0000809,301039,Insurance Charges,LS 502,01-06-2025,,,, Insurance Charges ,301039,,94,
ME-2025-0000820,301039,Insurance Charges,LS 503,01-06-2025,,,, Insurance Charges ,301039,,94,
ME-2025-0000832,301039,Insurance Charges,LS 504,01-06-2025,,,, Insurance Charges ,301039,,94,
ME-2025-0000843,301039,Insurance Charges,LS 601,01-06-2025,,,, Insurance Charges ,301039,,122,
ME-2025-0000866,301039,Insurance Charges,LS 603,01-06-2025,,,, Insurance Charges ,301039,,101,
ME-2025-0000875,301039,Insurance Charges,LS 604,01-06-2025,,,, Insurance Charges ,301039,,122,
ME-2025-0000885,301039,Insurance Charges,LS 701801,01-06-2025,,,, Insurance Charges ,301039,,225,
ME-2025-0000897,301039,Insurance Charges,LS 702802,01-06-2025,,,, Insurance Charges ,301039,,225,
ME-2025-0000908,301039,Insurance Charges,LS 703803,01-06-2025,,,, Insurance Charges ,301039,,245,
ME-2025-0000918,301039,Insurance Charges,LS 704804,01-06-2025,,,, Insurance Charges ,301039,,225,
ME-2025-0000943,301039,Insurance Charges,LS 602,01-06-2025,,,, Insurance Charges ,301039,,122,
ME-2025-0000981,301039,Insurance Charges,LS 101,01-07-2025,,,, Insurance Charges ,301039,,94,
ME-2025-0000991,301039,Insurance Charges,LS 102,01-07-2025,,,, Insurance Charges ,301039,,94,
ME-2025-0001002,301039,Insurance Charges,LS 103,01-07-2025,,,, Insurance Charges ,301039,,94,
ME-2025-0001011,301039,Insurance Charges,LS 104,01-07-2025,,,, Insurance Charges ,301039,,94,
ME-2025-0001020,301039,Insurance Charges,LS 201,01-07-2025,,,, Insurance Charges ,301039,,94,
ME-2025-0001029,301039,Insurance Charges,LS 202,01-07-2025,,,, Insurance Charges ,301039,,94,
ME-2025-0001041,301039,Insurance Charges,LS 203,01-07-2025,,,, Insurance Charges ,301039,,94,
ME-2025-0001051,301039,Insurance Charges,LS 204,01-07-2025,,,, Insurance Charges ,301039,,94,
ME-2025-0001060,301039,Insurance Charges,LS 301,01-07-2025,,,, Insurance Charges ,301039,,115,
ME-2025-0001070,301039,Insurance Charges,LS 302,01-07-2025,,,, Insurance Charges ,301039,,94,
ME-2025-0001081,301039,Insurance Charges,LS 303,01-07-2025,,,, Insurance Charges ,301039,,94,
ME-2025-0001090,301039,Insurance Charges,LS 304,01-07-2025,,,, Insurance Charges ,301039,,115,
ME-2025-0001100,301039,Insurance Charges,LS 401,01-07-2025,,,, Insurance Charges ,301039,,115,
ME-2025-0001110,301039,Insurance Charges,LS 402,01-07-2025,,,, Insurance Charges ,301039,,94,
ME-2025-0001120,301039,Insurance Charges,LS 403,01-07-2025,,,, Insurance Charges ,301039,,94,
ME-2025-0001129,301039,Insurance Charges,LS 404,01-07-2025,,,, Insurance Charges ,301039,,135,
ME-2025-0001139,301039,Insurance Charges,LS 501,01-07-2025,,,, Insurance Charges ,301039,,94,
ME-2025-0001149,301039,Insurance Charges,LS 502,01-07-2025,,,, Insurance Charges ,301039,,94,
ME-2025-0001160,301039,Insurance Charges,LS 503,01-07-2025,,,, Insurance Charges ,301039,,94,
ME-2025-0001172,301039,Insurance Charges,LS 504,01-07-2025,,,, Insurance Charges ,301039,,94,
ME-2025-0001183,301039,Insurance Charges,LS 601,01-07-2025,,,, Insurance Charges ,301039,,122,
ME-2025-0001193,301039,Insurance Charges,LS 602,01-07-2025,,,, Insurance Charges ,301039,,122,
ME-2025-0001203,301039,Insurance Charges,LS 603,01-07-2025,,,, Insurance Charges ,301039,,101,
ME-2025-0001212,301039,Insurance Charges,LS 604,01-07-2025,,,, Insurance Charges ,301039,,122,
ME-2025-0001222,301039,Insurance Charges,LS 701801,01-07-2025,,,, Insurance Charges ,301039,,225,
ME-2025-0001234,301039,Insurance Charges,LS 702802,01-07-2025,,,, Insurance Charges ,301039,,225,
ME-2025-0001245,301039,Insurance Charges,LS 703803,01-07-2025,,,, Insurance Charges ,301039,,245,
ME-2025-0001255,301039,Insurance Charges,LS 704804,01-07-2025,,,, Insurance Charges ,301039,,225,
ME-2025-0001289,301039,Insurance Charges,LS 101,01-08-2025,,,, Insurance Charges ,301039,,94,
ME-2025-0001299,301039,Insurance Charges,LS 102,01-08-2025,,,, Insurance Charges ,301039,,94,
ME-2025-0001310,301039,Insurance Charges,LS 103,01-08-2025,,,, Insurance Charges ,301039,,94,
ME-2025-0001320,301039,Insurance Charges,LS 104,01-08-2025,,,, Insurance Charges ,301039,,94,
ME-2025-0001329,301039,Insurance Charges,LS 201,01-08-2025,,,, Insurance Charges ,301039,,94,
ME-2025-0001339,301039,Insurance Charges,LS 202,01-08-2025,,,, Insurance Charges ,301039,,94,
ME-2025-0001351,301039,Insurance Charges,LS 203,01-08-2025,,,, Insurance Charges ,301039,,94,
ME-2025-0001361,301039,Insurance Charges,LS 204,01-08-2025,,,, Insurance Charges ,301039,,94,
ME-2025-0001370,301039,Insurance Charges,LS 301,01-08-2025,,,, Insurance Charges ,301039,,115,
ME-2025-0001380,301039,Insurance Charges,LS 302,01-08-2025,,,, Insurance Charges ,301039,,94,
ME-2025-0001391,301039,Insurance Charges,LS 303,01-08-2025,,,, Insurance Charges ,301039,,94,
ME-2025-0001400,301039,Insurance Charges,LS 304,01-08-2025,,,, Insurance Charges ,301039,,115,
ME-2025-0001410,301039,Insurance Charges,LS 401,01-08-2025,,,, Insurance Charges ,301039,,115,
ME-2025-0001420,301039,Insurance Charges,LS 402,01-08-2025,,,, Insurance Charges ,301039,,94,
ME-2025-0001430,301039,Insurance Charges,LS 403,01-08-2025,,,, Insurance Charges ,301039,,94,
ME-2025-0001439,301039,Insurance Charges,LS 404,01-08-2025,,,, Insurance Charges ,301039,,135,
ME-2025-0001449,301039,Insurance Charges,LS 501,01-08-2025,,,, Insurance Charges ,301039,,94,
ME-2025-0001459,301039,Insurance Charges,LS 502,01-08-2025,,,, Insurance Charges ,301039,,94,
ME-2025-0001470,301039,Insurance Charges,LS 503,01-08-2025,,,, Insurance Charges ,301039,,94,
ME-2025-0001482,301039,Insurance Charges,LS 504,01-08-2025,,,, Insurance Charges ,301039,,94,
ME-2025-0001493,301039,Insurance Charges,LS 601,01-08-2025,,,, Insurance Charges ,301039,,122,
ME-2025-0001513,301039,Insurance Charges,LS 603,01-08-2025,,,, Insurance Charges ,301039,,101,
ME-2025-0001522,301039,Insurance Charges,LS 604,01-08-2025,,,, Insurance Charges ,301039,,122,
ME-2025-0001532,301039,Insurance Charges,LS 701801,01-08-2025,,,, Insurance Charges ,301039,,225,
ME-2025-0001544,301039,Insurance Charges,LS 702802,01-08-2025,,,, Insurance Charges ,301039,,225,
ME-2025-0001555,301039,Insurance Charges,LS 703803,01-08-2025,,,, Insurance Charges ,301039,,245,
ME-2025-0001565,301039,Insurance Charges,LS 704804,01-08-2025,,,, Insurance Charges ,301039,,225,
ME-2025-0001587,301039,Insurance Charges,LS 602,01-08-2025,,,, Insurance Charges ,301039,,122,
ME-2025-0001626,301039,Insurance Charges,LS 101,01-09-2025,,,, Insurance Charges ,301039,,94,
ME-2025-0001636,301039,Insurance Charges,LS 102,01-09-2025,,,, Insurance Charges ,301039,,94,
ME-2025-0001647,301039,Insurance Charges,LS 103,01-09-2025,,,, Insurance Charges ,301039,,94,
ME-2025-0001656,301039,Insurance Charges,LS 104,01-09-2025,,,, Insurance Charges ,301039,,94,
ME-2025-0001665,301039,Insurance Charges,LS 201,01-09-2025,,,, Insurance Charges ,301039,,94,
ME-2025-0001675,301039,Insurance Charges,LS 202,01-09-2025,,,, Insurance Charges ,301039,,94,
ME-2025-0001687,301039,Insurance Charges,LS 203,01-09-2025,,,, Insurance Charges ,301039,,94,
ME-2025-0001697,301039,Insurance Charges,LS 204,01-09-2025,,,, Insurance Charges ,301039,,94,
ME-2025-0001707,301039,Insurance Charges,LS 301,01-09-2025,,,, Insurance Charges ,301039,,115,
ME-2025-0001717,301039,Insurance Charges,LS 302,01-09-2025,,,, Insurance Charges ,301039,,94,
ME-2025-0001728,301039,Insurance Charges,LS 303,01-09-2025,,,, Insurance Charges ,301039,,94,
ME-2025-0001737,301039,Insurance Charges,LS 304,01-09-2025,,,, Insurance Charges ,301039,,115,
ME-2025-0001747,301039,Insurance Charges,LS 401,01-09-2025,,,, Insurance Charges ,301039,,115,
ME-2025-0001757,301039,Insurance Charges,LS 402,01-09-2025,,,, Insurance Charges ,301039,,94,
ME-2025-0001767,301039,Insurance Charges,LS 403,01-09-2025,,,, Insurance Charges ,301039,,94,
ME-2025-0001776,301039,Insurance Charges,LS 404,01-09-2025,,,, Insurance Charges ,301039,,135,
ME-2025-0001786,301039,Insurance Charges,LS 501,01-09-2025,,,, Insurance Charges ,301039,,94,
ME-2025-0001796,301039,Insurance Charges,LS 502,01-09-2025,,,, Insurance Charges ,301039,,94,
ME-2025-0001807,301039,Insurance Charges,LS 503,01-09-2025,,,, Insurance Charges ,301039,,94,
ME-2025-0001819,301039,Insurance Charges,LS 504,01-09-2025,,,, Insurance Charges ,301039,,94,
ME-2025-0001830,301039,Insurance Charges,LS 601,01-09-2025,,,, Insurance Charges ,301039,,122,
ME-2025-0001842,301039,Insurance Charges,LS 602,01-09-2025,,,, Insurance Charges ,301039,,122,
ME-2025-0001853,301039,Insurance Charges,LS 603,01-09-2025,,,, Insurance Charges ,301039,,101,
ME-2025-0001863,301039,Insurance Charges,LS 604,01-09-2025,,,, Insurance Charges ,301039,,122,
ME-2025-0001873,301039,Insurance Charges,LS 701801,01-09-2025,,,, Insurance Charges ,301039,,225,
ME-2025-0001885,301039,Insurance Charges,LS 702802,01-09-2025,,,, Insurance Charges ,301039,,225,
ME-2025-0001896,301039,Insurance Charges,LS 703803,01-09-2025,,,, Insurance Charges ,301039,,245,
ME-2025-0001907,301039,Insurance Charges,LS 704804,01-09-2025,,,, Insurance Charges ,301039,,225,
ME-2025-0001940,301039,Insurance Charges,LS 101,01-10-2025,,,, Insurance Charges ,301039,,94,
ME-2025-0001950,301039,Insurance Charges,LS 102,01-10-2025,,,, Insurance Charges ,301039,,94,
ME-2025-0001961,301039,Insurance Charges,LS 103,01-10-2025,,,, Insurance Charges ,301039,,94,
ME-2025-0001970,301039,Insurance Charges,LS 104,01-10-2025,,,, Insurance Charges ,301039,,94,
ME-2025-0001979,301039,Insurance Charges,LS 201,01-10-2025,,,, Insurance Charges ,301039,,94,
ME-2025-0001988,301039,Insurance Charges,LS 202,01-10-2025,,,, Insurance Charges ,301039,,94,
ME-2025-0001998,301039,Insurance Charges,LS 203,01-10-2025,,,, Insurance Charges ,301039,,94,
ME-2025-0002008,301039,Insurance Charges,LS 204,01-10-2025,,,, Insurance Charges ,301039,,94,
ME-2025-0002018,301039,Insurance Charges,LS 301,01-10-2025,,,, Insurance Charges ,301039,,115,
ME-2025-0002028,301039,Insurance Charges,LS 302,01-10-2025,,,, Insurance Charges ,301039,,94,
ME-2025-0002039,301039,Insurance Charges,LS 303,01-10-2025,,,, Insurance Charges ,301039,,94,
ME-2025-0002048,301039,Insurance Charges,LS 304,01-10-2025,,,, Insurance Charges ,301039,,115,
ME-2025-0002058,301039,Insurance Charges,LS 401,01-10-2025,,,, Insurance Charges ,301039,,115,
ME-2025-0002068,301039,Insurance Charges,LS 402,01-10-2025,,,, Insurance Charges ,301039,,94,
ME-2025-0002077,301039,Insurance Charges,LS 403,01-10-2025,,,, Insurance Charges ,301039,,94,
ME-2025-0002086,301039,Insurance Charges,LS 404,01-10-2025,,,, Insurance Charges ,301039,,135,
ME-2025-0002096,301039,Insurance Charges,LS 501,01-10-2025,,,, Insurance Charges ,301039,,94,
ME-2025-0002105,301039,Insurance Charges,LS 502,01-10-2025,,,, Insurance Charges ,301039,,94,
ME-2025-0002115,301039,Insurance Charges,LS 503,01-10-2025,,,, Insurance Charges ,301039,,94,
ME-2025-0002126,301039,Insurance Charges,LS 504,01-10-2025,,,, Insurance Charges ,301039,,94,
ME-2025-0002138,301039,Insurance Charges,LS 601,01-10-2025,,,, Insurance Charges ,301039,,122,
ME-2025-0002149,301039,Insurance Charges,LS 602,01-10-2025,,,, Insurance Charges ,301039,,122,
ME-2025-0002160,301039,Insurance Charges,LS 603,01-10-2025,,,, Insurance Charges ,301039,,101,
ME-2025-0002169,301039,Insurance Charges,LS 604,01-10-2025,,,, Insurance Charges ,301039,,122,
ME-2025-0002179,301039,Insurance Charges,LS 701801,01-10-2025,,,, Insurance Charges ,301039,,225,
ME-2025-0002190,301039,Insurance Charges,LS 702802,01-10-2025,,,, Insurance Charges ,301039,,225,
ME-2025-0002201,301039,Insurance Charges,LS 703803,01-10-2025,,,, Insurance Charges ,301039,,245,
ME-2025-0002212,301039,Insurance Charges,LS 704804,01-10-2025,,,, Insurance Charges ,301039,,225,
ME-2025-0002247,301039,Insurance Charges,LS 101,01-11-2025,,,, Insurance Charges ,301039,,94,
ME-2025-0002257,301039,Insurance Charges,LS 102,01-11-2025,,,, Insurance Charges ,301039,,94,
ME-2025-0002268,301039,Insurance Charges,LS 103,01-11-2025,,,, Insurance Charges ,301039,,94,
ME-2025-0002277,301039,Insurance Charges,LS 104,01-11-2025,,,, Insurance Charges ,301039,,94,
ME-2025-0002286,301039,Insurance Charges,LS 201,01-11-2025,,,, Insurance Charges ,301039,,94,
ME-2025-0002295,301039,Insurance Charges,LS 202,01-11-2025,,,, Insurance Charges ,301039,,94,
ME-2025-0002305,301039,Insurance Charges,LS 203,01-11-2025,,,, Insurance Charges ,301039,,94,
ME-2025-0002315,301039,Insurance Charges,LS 204,01-11-2025,,,, Insurance Charges ,301039,,94,
ME-2025-0002324,301039,Insurance Charges,LS 301,01-11-2025,,,, Insurance Charges ,301039,,115,
ME-2025-0002335,301039,Insurance Charges,LS 302,01-11-2025,,,, Insurance Charges ,301039,,94,
ME-2025-0002346,301039,Insurance Charges,LS 303,01-11-2025,,,, Insurance Charges ,301039,,94,
ME-2025-0002355,301039,Insurance Charges,LS 304,01-11-2025,,,, Insurance Charges ,301039,,115,
ME-2025-0002365,301039,Insurance Charges,LS 401,01-11-2025,,,, Insurance Charges ,301039,,115,
ME-2025-0002375,301039,Insurance Charges,LS 402,01-11-2025,,,, Insurance Charges ,301039,,94,
ME-2025-0002384,301039,Insurance Charges,LS 403,01-11-2025,,,, Insurance Charges ,301039,,94,
ME-2025-0002393,301039,Insurance Charges,LS 404,01-11-2025,,,, Insurance Charges ,301039,,135,
ME-2025-0002403,301039,Insurance Charges,LS 501,01-11-2025,,,, Insurance Charges ,301039,,94,
ME-2025-0002412,301039,Insurance Charges,LS 502,01-11-2025,,,, Insurance Charges ,301039,,94,
ME-2025-0002422,301039,Insurance Charges,LS 503,01-11-2025,,,, Insurance Charges ,301039,,94,
ME-2025-0002433,301039,Insurance Charges,LS 504,01-11-2025,,,, Insurance Charges ,301039,,94,
ME-2025-0002444,301039,Insurance Charges,LS 601,01-11-2025,,,, Insurance Charges ,301039,,122,
ME-2025-0002455,301039,Insurance Charges,LS 602,01-11-2025,,,, Insurance Charges ,301039,,122,
ME-2025-0002466,301039,Insurance Charges,LS 603,01-11-2025,,,, Insurance Charges ,301039,,101,
ME-2025-0002475,301039,Insurance Charges,LS 604,01-11-2025,,,, Insurance Charges ,301039,,122,
ME-2025-0002485,301039,Insurance Charges,LS 701801,01-11-2025,,,, Insurance Charges ,301039,,225,
ME-2025-0002496,301039,Insurance Charges,LS 702802,01-11-2025,,,, Insurance Charges ,301039,,225,
ME-2025-0002507,301039,Insurance Charges,LS 703803,01-11-2025,,,, Insurance Charges ,301039,,245,
ME-2025-0002517,301039,Insurance Charges,LS 704804,01-11-2025,,,, Insurance Charges ,301039,,225,
ME-2025-0002554,301039,Insurance Charges,LS 101,01-12-2025,,,, Insurance Charges ,301039,,94,
ME-2025-0002564,301039,Insurance Charges,LS 102,01-12-2025,,,, Insurance Charges ,301039,,94,
ME-2025-0002575,301039,Insurance Charges,LS 103,01-12-2025,,,, Insurance Charges ,301039,,94,
ME-2025-0002584,301039,Insurance Charges,LS 201,01-12-2025,,,, Insurance Charges ,301039,,94,
ME-2025-0002593,301039,Insurance Charges,LS 202,01-12-2025,,,, Insurance Charges ,301039,,94,
ME-2025-0002603,301039,Insurance Charges,LS 203,01-12-2025,,,, Insurance Charges ,301039,,94,
ME-2025-0002614,301039,Insurance Charges,LS 204,01-12-2025,,,, Insurance Charges ,301039,,94,
ME-2025-0002624,301039,Insurance Charges,LS 301,01-12-2025,,,, Insurance Charges ,301039,,115,
ME-2025-0002635,301039,Insurance Charges,LS 302,01-12-2025,,,, Insurance Charges ,301039,,94,
ME-2025-0002646,301039,Insurance Charges,LS 303,01-12-2025,,,, Insurance Charges ,301039,,94,
ME-2025-0002655,301039,Insurance Charges,LS 304,01-12-2025,,,, Insurance Charges ,301039,,115,
ME-2025-0002665,301039,Insurance Charges,LS 401,01-12-2025,,,, Insurance Charges ,301039,,115,
ME-2025-0002675,301039,Insurance Charges,LS 402,01-12-2025,,,, Insurance Charges ,301039,,94,
ME-2025-0002684,301039,Insurance Charges,LS 403,01-12-2025,,,, Insurance Charges ,301039,,94,
ME-2025-0002693,301039,Insurance Charges,LS 404,01-12-2025,,,, Insurance Charges ,301039,,135,
ME-2025-0002703,301039,Insurance Charges,LS 501,01-12-2025,,,, Insurance Charges ,301039,,94,
ME-2025-0002712,301039,Insurance Charges,LS 502,01-12-2025,,,, Insurance Charges ,301039,,94,
ME-2025-0002722,301039,Insurance Charges,LS 503,01-12-2025,,,, Insurance Charges ,301039,,94,
ME-2025-0002733,301039,Insurance Charges,LS 504,01-12-2025,,,, Insurance Charges ,301039,,94,
ME-2025-0002744,301039,Insurance Charges,LS 601,01-12-2025,,,, Insurance Charges ,301039,,122,
ME-2025-0002755,301039,Insurance Charges,LS 602,01-12-2025,,,, Insurance Charges ,301039,,122,
ME-2025-0002766,301039,Insurance Charges,LS 603,01-12-2025,,,, Insurance Charges ,301039,,101,
ME-2025-0002775,301039,Insurance Charges,LS 604,01-12-2025,,,, Insurance Charges ,301039,,122,
ME-2025-0002785,301039,Insurance Charges,LS 701801,01-12-2025,,,, Insurance Charges ,301039,,225,
ME-2025-0002796,301039,Insurance Charges,LS 702802,01-12-2025,,,, Insurance Charges ,301039,,225,
ME-2025-0002807,301039,Insurance Charges,LS 703803,01-12-2025,,,, Insurance Charges ,301039,,245,
ME-2025-0002817,301039,Insurance Charges,LS 704804,01-12-2025,,,, Insurance Charges ,301039,,225,
ME-2025-0002830,301039,Insurance Charges,LS 104,01-12-2025,,,, Insurance Charges ,301039,,94,
ME-2025-0002865,301039,Insurance Charges,LS 101,01-01-2026,,,, Insurance Charges ,301039,,94,
ME-2025-0002875,301039,Insurance Charges,LS 102,01-01-2026,,,, Insurance Charges ,301039,,94,
ME-2025-0002886,301039,Insurance Charges,LS 103,01-01-2026,,,, Insurance Charges ,301039,,94,
ME-2025-0002895,301039,Insurance Charges,LS 104,01-01-2026,,,, Insurance Charges ,301039,,94,
ME-2025-0002904,301039,Insurance Charges,LS 201,01-01-2026,,,, Insurance Charges ,301039,,94,
ME-2025-0002913,301039,Insurance Charges,LS 202,01-01-2026,,,, Insurance Charges ,301039,,94,
ME-2025-0002923,301039,Insurance Charges,LS 203,01-01-2026,,,, Insurance Charges ,301039,,94,
ME-2025-0002934,301039,Insurance Charges,LS 204,01-01-2026,,,, Insurance Charges ,301039,,94,
ME-2025-0002944,301039,Insurance Charges,LS 301,01-01-2026,,,, Insurance Charges ,301039,,115,
ME-2025-0002954,301039,Insurance Charges,LS 302,01-01-2026,,,, Insurance Charges ,301039,,94,
ME-2025-0002965,301039,Insurance Charges,LS 303,01-01-2026,,,, Insurance Charges ,301039,,94,
ME-2025-0002974,301039,Insurance Charges,LS 304,01-01-2026,,,, Insurance Charges ,301039,,115,
ME-2025-0002984,301039,Insurance Charges,LS 401,01-01-2026,,,, Insurance Charges ,301039,,115,
ME-2025-0002994,301039,Insurance Charges,LS 402,01-01-2026,,,, Insurance Charges ,301039,,94,
ME-2025-0003003,301039,Insurance Charges,LS 403,01-01-2026,,,, Insurance Charges ,301039,,94,
ME-2025-0003012,301039,Insurance Charges,LS 404,01-01-2026,,,, Insurance Charges ,301039,,135,
ME-2025-0003022,301039,Insurance Charges,LS 501,01-01-2026,,,, Insurance Charges ,301039,,94,
ME-2025-0003031,301039,Insurance Charges,LS 502,01-01-2026,,,, Insurance Charges ,301039,,94,
ME-2025-0003041,301039,Insurance Charges,LS 503,01-01-2026,,,, Insurance Charges ,301039,,94,
ME-2025-0003052,301039,Insurance Charges,LS 504,01-01-2026,,,, Insurance Charges ,301039,,94,
ME-2025-0003063,301039,Insurance Charges,LS 601,01-01-2026,,,, Insurance Charges ,301039,,122,
ME-2025-0003074,301039,Insurance Charges,LS 602,01-01-2026,,,, Insurance Charges ,301039,,122,
ME-2025-0003085,301039,Insurance Charges,LS 603,01-01-2026,,,, Insurance Charges ,301039,,101,
ME-2025-0003094,301039,Insurance Charges,LS 604,01-01-2026,,,, Insurance Charges ,301039,,122,
ME-2025-0003104,301039,Insurance Charges,LS 701801,01-01-2026,,,, Insurance Charges ,301039,,225,
ME-2025-0003115,301039,Insurance Charges,LS 702802,01-01-2026,,,, Insurance Charges ,301039,,225,
ME-2025-0003126,301039,Insurance Charges,LS 703803,01-01-2026,,,, Insurance Charges ,301039,,245,
ME-2025-0003136,301039,Insurance Charges,LS 704804,01-01-2026,,,, Insurance Charges ,301039,,225,
ME-2025-0003167,301039,Insurance Charges,LS 101,01-02-2026,,,, Insurance Charges ,301039,,94,
ME-2025-0003177,301039,Insurance Charges,LS 102,01-02-2026,,,, Insurance Charges ,301039,,94,
ME-2025-0003188,301039,Insurance Charges,LS 103,01-02-2026,,,, Insurance Charges ,301039,,94,
ME-2025-0003197,301039,Insurance Charges,LS 104,01-02-2026,,,, Insurance Charges ,301039,,94,
ME-2025-0003206,301039,Insurance Charges,LS 201,01-02-2026,,,, Insurance Charges ,301039,,94,
ME-2025-0003215,301039,Insurance Charges,LS 202,01-02-2026,,,, Insurance Charges ,301039,,94,
ME-2025-0003225,301039,Insurance Charges,LS 203,01-02-2026,,,, Insurance Charges ,301039,,94,
ME-2025-0003236,301039,Insurance Charges,LS 204,01-02-2026,,,, Insurance Charges ,301039,,94,
ME-2025-0003246,301039,Insurance Charges,LS 301,01-02-2026,,,, Insurance Charges ,301039,,115,
ME-2025-0003256,301039,Insurance Charges,LS 302,01-02-2026,,,, Insurance Charges ,301039,,94,
ME-2025-0003267,301039,Insurance Charges,LS 303,01-02-2026,,,, Insurance Charges ,301039,,94,
ME-2025-0003276,301039,Insurance Charges,LS 304,01-02-2026,,,, Insurance Charges ,301039,,115,
ME-2025-0003286,301039,Insurance Charges,LS 401,01-02-2026,,,, Insurance Charges ,301039,,115,
ME-2025-0003296,301039,Insurance Charges,LS 402,01-02-2026,,,, Insurance Charges ,301039,,94,
ME-2025-0003305,301039,Insurance Charges,LS 403,01-02-2026,,,, Insurance Charges ,301039,,94,
ME-2025-0003314,301039,Insurance Charges,LS 404,01-02-2026,,,, Insurance Charges ,301039,,135,
ME-2025-0003324,301039,Insurance Charges,LS 501,01-02-2026,,,, Insurance Charges ,301039,,94,
ME-2025-0003333,301039,Insurance Charges,LS 502,01-02-2026,,,, Insurance Charges ,301039,,94,
ME-2025-0003343,301039,Insurance Charges,LS 503,01-02-2026,,,, Insurance Charges ,301039,,94,
ME-2025-0003354,301039,Insurance Charges,LS 504,01-02-2026,,,, Insurance Charges ,301039,,94,
ME-2025-0003365,301039,Insurance Charges,LS 601,01-02-2026,,,, Insurance Charges ,301039,,122,
ME-2025-0003376,301039,Insurance Charges,LS 602,01-02-2026,,,, Insurance Charges ,301039,,122,
ME-2025-0003387,301039,Insurance Charges,LS 603,01-02-2026,,,, Insurance Charges ,301039,,101,
ME-2025-0003396,301039,Insurance Charges,LS 604,01-02-2026,,,, Insurance Charges ,301039,,122,
ME-2025-0003406,301039,Insurance Charges,LS 701801,01-02-2026,,,, Insurance Charges ,301039,,225,
ME-2025-0003417,301039,Insurance Charges,LS 702802,01-02-2026,,,, Insurance Charges ,301039,,225,
ME-2025-0003429,301039,Insurance Charges,LS 703803,01-02-2026,,,, Insurance Charges ,301039,,245,
ME-2025-0003439,301039,Insurance Charges,LS 704804,01-02-2026,,,, Insurance Charges ,301039,,225,
ME-2025-0003478,301039,Insurance Charges,LS 101,01-03-2026,,,, Insurance Charges ,301039,,94,
ME-2025-0003488,301039,Insurance Charges,LS 102,01-03-2026,,,, Insurance Charges ,301039,,94,
ME-2025-0003499,301039,Insurance Charges,LS 103,01-03-2026,,,, Insurance Charges ,301039,,94,
ME-2025-0003508,301039,Insurance Charges,LS 104,01-03-2026,,,, Insurance Charges ,301039,,94,
ME-2025-0003517,301039,Insurance Charges,LS 201,01-03-2026,,,, Insurance Charges ,301039,,94,
ME-2025-0003526,301039,Insurance Charges,LS 202,01-03-2026,,,, Insurance Charges ,301039,,94,
ME-2025-0003536,301039,Insurance Charges,LS 203,01-03-2026,,,, Insurance Charges ,301039,,94,
ME-2025-0003546,301039,Insurance Charges,LS 204,01-03-2026,,,, Insurance Charges ,301039,,94,
ME-2025-0003556,301039,Insurance Charges,LS 301,01-03-2026,,,, Insurance Charges ,301039,,115,
ME-2025-0003566,301039,Insurance Charges,LS 302,01-03-2026,,,, Insurance Charges ,301039,,94,
ME-2025-0003577,301039,Insurance Charges,LS 303,01-03-2026,,,, Insurance Charges ,301039,,94,
ME-2025-0003586,301039,Insurance Charges,LS 304,01-03-2026,,,, Insurance Charges ,301039,,115,
ME-2025-0003596,301039,Insurance Charges,LS 401,01-03-2026,,,, Insurance Charges ,301039,,115,
ME-2025-0003606,301039,Insurance Charges,LS 402,01-03-2026,,,, Insurance Charges ,301039,,94,
ME-2025-0003615,301039,Insurance Charges,LS 403,01-03-2026,,,, Insurance Charges ,301039,,94,
ME-2025-0003624,301039,Insurance Charges,LS 404,01-03-2026,,,, Insurance Charges ,301039,,135,
ME-2025-0003634,301039,Insurance Charges,LS 501,01-03-2026,,,, Insurance Charges ,301039,,94,
ME-2025-0003643,301039,Insurance Charges,LS 502,01-03-2026,,,, Insurance Charges ,301039,,94,
ME-2025-0003653,301039,Insurance Charges,LS 503,01-03-2026,,,, Insurance Charges ,301039,,94,
ME-2025-0003664,301039,Insurance Charges,LS 504,01-03-2026,,,, Insurance Charges ,301039,,94,
ME-2025-0003675,301039,Insurance Charges,LS 601,01-03-2026,,,, Insurance Charges ,301039,,122,
ME-2025-0003686,301039,Insurance Charges,LS 602,01-03-2026,,,, Insurance Charges ,301039,,122,
ME-2025-0003697,301039,Insurance Charges,LS 603,01-03-2026,,,, Insurance Charges ,301039,,101,
ME-2025-0003706,301039,Insurance Charges,LS 604,01-03-2026,,,, Insurance Charges ,301039,,122,
ME-2025-0003716,301039,Insurance Charges,LS 701801,01-03-2026,,,, Insurance Charges ,301039,,225,
ME-2025-0003727,301039,Insurance Charges,LS 702802,01-03-2026,,,, Insurance Charges ,301039,,225,
ME-2025-0003738,301039,Insurance Charges,LS 703803,01-03-2026,,,, Insurance Charges ,301039,,245,
ME-2025-0003748,301039,Insurance Charges,LS 704804,01-03-2026,,,, Insurance Charges ,301039,,225,

"Balance : 40452(Credit)","","","","","","","","","","0","40452",

"Income - Members > Stilt Tax ( 303002 ) ",
"Journal No","Other GL No.","Other Account","Subledger","Posted Date","Comments","Instrument No.","Instrument Bank","Account Name","GL Account No.","Debit","Credit",
"","","","","","Opening Balance","",""," Stilt Tax ","303002","","",
ME-2025-0000091,303002,Stilt Tax,LS 301,01-04-2025,,,, Stilt Tax ,303002,,58,
ME-2025-0000121,303002,Stilt Tax,LS 304,01-04-2025,,,, Stilt Tax ,303002,,58,
ME-2025-0000131,303002,Stilt Tax,LS 401,01-04-2025,,,, Stilt Tax ,303002,,58,
ME-2025-0000159,303002,Stilt Tax,LS 404,01-04-2025,,,, Stilt Tax ,303002,,116,
ME-2025-0000213,303002,Stilt Tax,LS 601,01-04-2025,,,, Stilt Tax ,303002,,58,
ME-2025-0000225,303002,Stilt Tax,LS 602,01-04-2025,,,, Stilt Tax ,303002,,58,
ME-2025-0000245,303002,Stilt Tax,LS 604,01-04-2025,,,, Stilt Tax ,303002,,58,
ME-2025-0000255,303002,Stilt Tax,LS 701801,01-04-2025,,,, Stilt Tax ,303002,,58,
ME-2025-0000267,303002,Stilt Tax,LS 702802,01-04-2025,,,, Stilt Tax ,303002,,58,
ME-2025-0000278,303002,Stilt Tax,LS 703803,01-04-2025,,,, Stilt Tax ,303002,,116,
ME-2025-0000288,303002,Stilt Tax,LS 704804,01-04-2025,,,, Stilt Tax ,303002,,58,
ME-2025-0000406,303002,Stilt Tax,LS 301,01-05-2025,,,, Stilt Tax ,303002,,58,
ME-2025-0000436,303002,Stilt Tax,LS 304,01-05-2025,,,, Stilt Tax ,303002,,58,
ME-2025-0000446,303002,Stilt Tax,LS 401,01-05-2025,,,, Stilt Tax ,303002,,58,
ME-2025-0000475,303002,Stilt Tax,LS 404,01-05-2025,,,, Stilt Tax ,303002,,116,
ME-2025-0000529,303002,Stilt Tax,LS 601,01-05-2025,,,, Stilt Tax ,303002,,58,
ME-2025-0000541,303002,Stilt Tax,LS 602,01-05-2025,,,, Stilt Tax ,303002,,58,
ME-2025-0000561,303002,Stilt Tax,LS 604,01-05-2025,,,, Stilt Tax ,303002,,58,
ME-2025-0000571,303002,Stilt Tax,LS 701801,01-05-2025,,,, Stilt Tax ,303002,,58,
ME-2025-0000583,303002,Stilt Tax,LS 702802,01-05-2025,,,, Stilt Tax ,303002,,58,
ME-2025-0000594,303002,Stilt Tax,LS 703803,01-05-2025,,,, Stilt Tax ,303002,,116,
ME-2025-0000604,303002,Stilt Tax,LS 704804,01-05-2025,,,, Stilt Tax ,303002,,58,
ME-2025-0000726,303002,Stilt Tax,LS 301,01-06-2025,,,, Stilt Tax ,303002,,58,
ME-2025-0000756,303002,Stilt Tax,LS 304,01-06-2025,,,, Stilt Tax ,303002,,58,
ME-2025-0000766,303002,Stilt Tax,LS 401,01-06-2025,,,, Stilt Tax ,303002,,58,
ME-2025-0000795,303002,Stilt Tax,LS 404,01-06-2025,,,, Stilt Tax ,303002,,116,
ME-2025-0000849,303002,Stilt Tax,LS 601,01-06-2025,,,, Stilt Tax ,303002,,58,
ME-2025-0000881,303002,Stilt Tax,LS 604,01-06-2025,,,, Stilt Tax ,303002,,58,
ME-2025-0000891,303002,Stilt Tax,LS 701801,01-06-2025,,,, Stilt Tax ,303002,,58,
ME-2025-0000903,303002,Stilt Tax,LS 702802,01-06-2025,,,, Stilt Tax ,303002,,58,
ME-2025-0000914,303002,Stilt Tax,LS 703803,01-06-2025,,,, Stilt Tax ,303002,,116,
ME-2025-0000924,303002,Stilt Tax,LS 704804,01-06-2025,,,, Stilt Tax ,303002,,58,
ME-2025-0000949,303002,Stilt Tax,LS 602,01-06-2025,,,, Stilt Tax ,303002,,58,
ME-2025-0001066,303002,Stilt Tax,LS 301,01-07-2025,,,, Stilt Tax ,303002,,58,
ME-2025-0001096,303002,Stilt Tax,LS 304,01-07-2025,,,, Stilt Tax ,303002,,58,
ME-2025-0001106,303002,Stilt Tax,LS 401,01-07-2025,,,, Stilt Tax ,303002,,58,
ME-2025-0001135,303002,Stilt Tax,LS 404,01-07-2025,,,, Stilt Tax ,303002,,116,
ME-2025-0001189,303002,Stilt Tax,LS 601,01-07-2025,,,, Stilt Tax ,303002,,58,
ME-2025-0001199,303002,Stilt Tax,LS 602,01-07-2025,,,, Stilt Tax ,303002,,58,
ME-2025-0001218,303002,Stilt Tax,LS 604,01-07-2025,,,, Stilt Tax ,303002,,58,
ME-2025-0001228,303002,Stilt Tax,LS 701801,01-07-2025,,,, Stilt Tax ,303002,,58,
ME-2025-0001240,303002,Stilt Tax,LS 702802,01-07-2025,,,, Stilt Tax ,303002,,58,
ME-2025-0001251,303002,Stilt Tax,LS 703803,01-07-2025,,,, Stilt Tax ,303002,,116,
ME-2025-0001261,303002,Stilt Tax,LS 704804,01-07-2025,,,, Stilt Tax ,303002,,58,
ME-2025-0001376,303002,Stilt Tax,LS 301,01-08-2025,,,, Stilt Tax ,303002,,58,
ME-2025-0001406,303002,Stilt Tax,LS 304,01-08-2025,,,, Stilt Tax ,303002,,58,
ME-2025-0001416,303002,Stilt Tax,LS 401,01-08-2025,,,, Stilt Tax ,303002,,58,
ME-2025-0001445,303002,Stilt Tax,LS 404,01-08-2025,,,, Stilt Tax ,303002,,116,
ME-2025-0001499,303002,Stilt Tax,LS 601,01-08-2025,,,, Stilt Tax ,303002,,58,
ME-2025-0001528,303002,Stilt Tax,LS 604,01-08-2025,,,, Stilt Tax ,303002,,58,
ME-2025-0001538,303002,Stilt Tax,LS 701801,01-08-2025,,,, Stilt Tax ,303002,,58,
ME-2025-0001550,303002,Stilt Tax,LS 702802,01-08-2025,,,, Stilt Tax ,303002,,58,
ME-2025-0001561,303002,Stilt Tax,LS 703803,01-08-2025,,,, Stilt Tax ,303002,,116,
ME-2025-0001571,303002,Stilt Tax,LS 704804,01-08-2025,,,, Stilt Tax ,303002,,58,
ME-2025-0001593,303002,Stilt Tax,LS 602,01-08-2025,,,, Stilt Tax ,303002,,58,
ME-2025-0001713,303002,Stilt Tax,LS 301,01-09-2025,,,, Stilt Tax ,303002,,58,
ME-2025-0001743,303002,Stilt Tax,LS 304,01-09-2025,,,, Stilt Tax ,303002,,58,
ME-2025-0001753,303002,Stilt Tax,LS 401,01-09-2025,,,, Stilt Tax ,303002,,58,
ME-2025-0001782,303002,Stilt Tax,LS 404,01-09-2025,,,, Stilt Tax ,303002,,116,
ME-2025-0001836,303002,Stilt Tax,LS 601,01-09-2025,,,, Stilt Tax ,303002,,58,
ME-2025-0001848,303002,Stilt Tax,LS 602,01-09-2025,,,, Stilt Tax ,303002,,58,
ME-2025-0001869,303002,Stilt Tax,LS 604,01-09-2025,,,, Stilt Tax ,303002,,58,
ME-2025-0001879,303002,Stilt Tax,LS 701801,01-09-2025,,,, Stilt Tax ,303002,,58,
ME-2025-0001891,303002,Stilt Tax,LS 702802,01-09-2025,,,, Stilt Tax ,303002,,58,
ME-2025-0001902,303002,Stilt Tax,LS 703803,01-09-2025,,,, Stilt Tax ,303002,,116,
ME-2025-0001913,303002,Stilt Tax,LS 704804,01-09-2025,,,, Stilt Tax ,303002,,58,
ME-2025-0002024,303002,Stilt Tax,LS 301,01-10-2025,,,, Stilt Tax ,303002,,58,
ME-2025-0002054,303002,Stilt Tax,LS 304,01-10-2025,,,, Stilt Tax ,303002,,58,
ME-2025-0002064,303002,Stilt Tax,LS 401,01-10-2025,,,, Stilt Tax ,303002,,58,
ME-2025-0002092,303002,Stilt Tax,LS 404,01-10-2025,,,, Stilt Tax ,303002,,116,
ME-2025-0002144,303002,Stilt Tax,LS 601,01-10-2025,,,, Stilt Tax ,303002,,58,
ME-2025-0002155,303002,Stilt Tax,LS 602,01-10-2025,,,, Stilt Tax ,303002,,58,
ME-2025-0002175,303002,Stilt Tax,LS 604,01-10-2025,,,, Stilt Tax ,303002,,58,
ME-2025-0002185,303002,Stilt Tax,LS 701801,01-10-2025,,,, Stilt Tax ,303002,,58,
ME-2025-0002196,303002,Stilt Tax,LS 702802,01-10-2025,,,, Stilt Tax ,303002,,58,
ME-2025-0002207,303002,Stilt Tax,LS 703803,01-10-2025,,,, Stilt Tax ,303002,,116,
ME-2025-0002218,303002,Stilt Tax,LS 704804,01-10-2025,,,, Stilt Tax ,303002,,58,
ME-2025-0002330,303002,Stilt Tax,LS 301,01-11-2025,,,, Stilt Tax ,303002,,58,
ME-2025-0002361,303002,Stilt Tax,LS 304,01-11-2025,,,, Stilt Tax ,303002,,58,
ME-2025-0002371,303002,Stilt Tax,LS 401,01-11-2025,,,, Stilt Tax ,303002,,58,
ME-2025-0002399,303002,Stilt Tax,LS 404,01-11-2025,,,, Stilt Tax ,303002,,116,
ME-2025-0002450,303002,Stilt Tax,LS 601,01-11-2025,,,, Stilt Tax ,303002,,58,
ME-2025-0002461,303002,Stilt Tax,LS 602,01-11-2025,,,, Stilt Tax ,303002,,58,
ME-2025-0002481,303002,Stilt Tax,LS 604,01-11-2025,,,, Stilt Tax ,303002,,58,
ME-2025-0002491,303002,Stilt Tax,LS 701801,01-11-2025,,,, Stilt Tax ,303002,,58,
ME-2025-0002502,303002,Stilt Tax,LS 702802,01-11-2025,,,, Stilt Tax ,303002,,58,
ME-2025-0002513,303002,Stilt Tax,LS 703803,01-11-2025,,,, Stilt Tax ,303002,,116,
ME-2025-0002523,303002,Stilt Tax,LS 704804,01-11-2025,,,, Stilt Tax ,303002,,58,
ME-2025-0002630,303002,Stilt Tax,LS 301,01-12-2025,,,, Stilt Tax ,303002,,58,
ME-2025-0002661,303002,Stilt Tax,LS 304,01-12-2025,,,, Stilt Tax ,303002,,58,
ME-2025-0002671,303002,Stilt Tax,LS 401,01-12-2025,,,, Stilt Tax ,303002,,58,
ME-2025-0002699,303002,Stilt Tax,LS 404,01-12-2025,,,, Stilt Tax ,303002,,116,
ME-2025-0002750,303002,Stilt Tax,LS 601,01-12-2025,,,, Stilt Tax ,303002,,58,
ME-2025-0002761,303002,Stilt Tax,LS 602,01-12-2025,,,, Stilt Tax ,303002,,58,
ME-2025-0002781,303002,Stilt Tax,LS 604,01-12-2025,,,, Stilt Tax ,303002,,58,
ME-2025-0002791,303002,Stilt Tax,LS 701801,01-12-2025,,,, Stilt Tax ,303002,,58,
ME-2025-0002802,303002,Stilt Tax,LS 702802,01-12-2025,,,, Stilt Tax ,303002,,58,
ME-2025-0002813,303002,Stilt Tax,LS 703803,01-12-2025,,,, Stilt Tax ,303002,,116,
ME-2025-0002823,303002,Stilt Tax,LS 704804,01-12-2025,,,, Stilt Tax ,303002,,58,
ME-2025-0002950,303002,Stilt Tax,LS 301,01-01-2026,,,, Stilt Tax ,303002,,58,
ME-2025-0002980,303002,Stilt Tax,LS 304,01-01-2026,,,, Stilt Tax ,303002,,58,
ME-2025-0002990,303002,Stilt Tax,LS 401,01-01-2026,,,, Stilt Tax ,303002,,58,
ME-2025-0003018,303002,Stilt Tax,LS 404,01-01-2026,,,, Stilt Tax ,303002,,116,
ME-2025-0003069,303002,Stilt Tax,LS 601,01-01-2026,,,, Stilt Tax ,303002,,58,
ME-2025-0003080,303002,Stilt Tax,LS 602,01-01-2026,,,, Stilt Tax ,303002,,58,
ME-2025-0003100,303002,Stilt Tax,LS 604,01-01-2026,,,, Stilt Tax ,303002,,58,
ME-2025-0003110,303002,Stilt Tax,LS 701801,01-01-2026,,,, Stilt Tax ,303002,,58,
ME-2025-0003121,303002,Stilt Tax,LS 702802,01-01-2026,,,, Stilt Tax ,303002,,58,
ME-2025-0003132,303002,Stilt Tax,LS 703803,01-01-2026,,,, Stilt Tax ,303002,,116,
ME-2025-0003142,303002,Stilt Tax,LS 704804,01-01-2026,,,, Stilt Tax ,303002,,58,
ME-2025-0003252,303002,Stilt Tax,LS 301,01-02-2026,,,, Stilt Tax ,303002,,58,
ME-2025-0003282,303002,Stilt Tax,LS 304,01-02-2026,,,, Stilt Tax ,303002,,58,
ME-2025-0003292,303002,Stilt Tax,LS 401,01-02-2026,,,, Stilt Tax ,303002,,58,
ME-2025-0003320,303002,Stilt Tax,LS 404,01-02-2026,,,, Stilt Tax ,303002,,116,
ME-2025-0003371,303002,Stilt Tax,LS 601,01-02-2026,,,, Stilt Tax ,303002,,58,
ME-2025-0003382,303002,Stilt Tax,LS 602,01-02-2026,,,, Stilt Tax ,303002,,58,
ME-2025-0003402,303002,Stilt Tax,LS 604,01-02-2026,,,, Stilt Tax ,303002,,58,
ME-2025-0003412,303002,Stilt Tax,LS 701801,01-02-2026,,,, Stilt Tax ,303002,,58,
ME-2025-0003423,303002,Stilt Tax,LS 702802,01-02-2026,,,, Stilt Tax ,303002,,58,
ME-2025-0003435,303002,Stilt Tax,LS 703803,01-02-2026,,,, Stilt Tax ,303002,,116,
ME-2025-0003445,303002,Stilt Tax,LS 704804,01-02-2026,,,, Stilt Tax ,303002,,58,
ME-2025-0003562,303002,Stilt Tax,LS 301,01-03-2026,,,, Stilt Tax ,303002,,58,
ME-2025-0003592,303002,Stilt Tax,LS 304,01-03-2026,,,, Stilt Tax ,303002,,58,
ME-2025-0003602,303002,Stilt Tax,LS 401,01-03-2026,,,, Stilt Tax ,303002,,58,
ME-2025-0003630,303002,Stilt Tax,LS 404,01-03-2026,,,, Stilt Tax ,303002,,116,
ME-2025-0003681,303002,Stilt Tax,LS 601,01-03-2026,,,, Stilt Tax ,303002,,58,
ME-2025-0003692,303002,Stilt Tax,LS 602,01-03-2026,,,, Stilt Tax ,303002,,58,
ME-2025-0003712,303002,Stilt Tax,LS 604,01-03-2026,,,, Stilt Tax ,303002,,58,
ME-2025-0003722,303002,Stilt Tax,LS 701801,01-03-2026,,,, Stilt Tax ,303002,,58,
ME-2025-0003733,303002,Stilt Tax,LS 702802,01-03-2026,,,, Stilt Tax ,303002,,58,
ME-2025-0003744,303002,Stilt Tax,LS 703803,01-03-2026,,,, Stilt Tax ,303002,,116,
ME-2025-0003754,303002,Stilt Tax,LS 704804,01-03-2026,,,, Stilt Tax ,303002,,58,

"Balance : 9048(Credit)","","","","","","","","","","0","9048",

"Income - Members > Sinking Fund ( 304001 ) ",
"Journal No","Other GL No.","Other Account","Subledger","Posted Date","Comments","Instrument No.","Instrument Bank","Account Name","GL Account No.","Debit","Credit",
"","","","","","Opening Balance","",""," Sinking Fund ","304001","","",
ME-2025-0000011,304001,Sinking Fund,LS 101,01-04-2025,,,, Sinking Fund ,304001,,146,
ME-2025-0000021,304001,Sinking Fund,LS 102,01-04-2025,,,, Sinking Fund ,304001,,146,
ME-2025-0000032,304001,Sinking Fund,LS 103,01-04-2025,,,, Sinking Fund ,304001,,146,
ME-2025-0000041,304001,Sinking Fund,LS 104,01-04-2025,,,, Sinking Fund ,304001,,146,
ME-2025-0000050,304001,Sinking Fund,LS 201,01-04-2025,,,, Sinking Fund ,304001,,146,
ME-2025-0000059,304001,Sinking Fund,LS 202,01-04-2025,,,, Sinking Fund ,304001,,146,
ME-2025-0000071,304001,Sinking Fund,LS 203,01-04-2025,,,, Sinking Fund ,304001,,146,
ME-2025-0000081,304001,Sinking Fund,LS 204,01-04-2025,,,, Sinking Fund ,304001,,146,
ME-2025-0000090,304001,Sinking Fund,LS 301,01-04-2025,,,, Sinking Fund ,304001,,146,
ME-2025-0000100,304001,Sinking Fund,LS 302,01-04-2025,,,, Sinking Fund ,304001,,146,
ME-2025-0000111,304001,Sinking Fund,LS 303,01-04-2025,,,, Sinking Fund ,304001,,146,
ME-2025-0000120,304001,Sinking Fund,LS 304,01-04-2025,,,, Sinking Fund ,304001,,146,
ME-2025-0000130,304001,Sinking Fund,LS 401,01-04-2025,,,, Sinking Fund ,304001,,146,
ME-2025-0000140,304001,Sinking Fund,LS 402,01-04-2025,,,, Sinking Fund ,304001,,146,
ME-2025-0000149,304001,Sinking Fund,LS 403,01-04-2025,,,, Sinking Fund ,304001,,146,
ME-2025-0000158,304001,Sinking Fund,LS 404,01-04-2025,,,, Sinking Fund ,304001,,146,
ME-2025-0000168,304001,Sinking Fund,LS 501,01-04-2025,,,, Sinking Fund ,304001,,146,
ME-2025-0000178,304001,Sinking Fund,LS 502,01-04-2025,,,, Sinking Fund ,304001,,146,
ME-2025-0000189,304001,Sinking Fund,LS 503,01-04-2025,,,, Sinking Fund ,304001,,146,
ME-2025-0000201,304001,Sinking Fund,LS 504,01-04-2025,,,, Sinking Fund ,304001,,146,
ME-2025-0000212,304001,Sinking Fund,LS 601,01-04-2025,,,, Sinking Fund ,304001,,161,
ME-2025-0000224,304001,Sinking Fund,LS 602,01-04-2025,,,, Sinking Fund ,304001,,161,
ME-2025-0000235,304001,Sinking Fund,LS 603,01-04-2025,,,, Sinking Fund ,304001,,161,
ME-2025-0000244,304001,Sinking Fund,LS 604,01-04-2025,,,, Sinking Fund ,304001,,161,
ME-2025-0000254,304001,Sinking Fund,LS 701801,01-04-2025,,,, Sinking Fund ,304001,,322,
ME-2025-0000266,304001,Sinking Fund,LS 702802,01-04-2025,,,, Sinking Fund ,304001,,322,
ME-2025-0000277,304001,Sinking Fund,LS 703803,01-04-2025,,,, Sinking Fund ,304001,,322,
ME-2025-0000287,304001,Sinking Fund,LS 704804,01-04-2025,,,, Sinking Fund ,304001,,322,
ME-2025-0000325,304001,Sinking Fund,LS 101,01-05-2025,,,, Sinking Fund ,304001,,146,
ME-2025-0000335,304001,Sinking Fund,LS 102,01-05-2025,,,, Sinking Fund ,304001,,146,
ME-2025-0000346,304001,Sinking Fund,LS 103,01-05-2025,,,, Sinking Fund ,304001,,146,
ME-2025-0000355,304001,Sinking Fund,LS 104,01-05-2025,,,, Sinking Fund ,304001,,146,
ME-2025-0000364,304001,Sinking Fund,LS 201,01-05-2025,,,, Sinking Fund ,304001,,146,
ME-2025-0000373,304001,Sinking Fund,LS 202,01-05-2025,,,, Sinking Fund ,304001,,146,
ME-2025-0000385,304001,Sinking Fund,LS 203,01-05-2025,,,, Sinking Fund ,304001,,146,
ME-2025-0000395,304001,Sinking Fund,LS 204,01-05-2025,,,, Sinking Fund ,304001,,146,
ME-2025-0000405,304001,Sinking Fund,LS 301,01-05-2025,,,, Sinking Fund ,304001,,146,
ME-2025-0000415,304001,Sinking Fund,LS 302,01-05-2025,,,, Sinking Fund ,304001,,146,
ME-2025-0000426,304001,Sinking Fund,LS 303,01-05-2025,,,, Sinking Fund ,304001,,146,
ME-2025-0000435,304001,Sinking Fund,LS 304,01-05-2025,,,, Sinking Fund ,304001,,146,
ME-2025-0000445,304001,Sinking Fund,LS 401,01-05-2025,,,, Sinking Fund ,304001,,146,
ME-2025-0000455,304001,Sinking Fund,LS 402,01-05-2025,,,, Sinking Fund ,304001,,146,
ME-2025-0000465,304001,Sinking Fund,LS 403,01-05-2025,,,, Sinking Fund ,304001,,146,
ME-2025-0000474,304001,Sinking Fund,LS 404,01-05-2025,,,, Sinking Fund ,304001,,146,
ME-2025-0000484,304001,Sinking Fund,LS 501,01-05-2025,,,, Sinking Fund ,304001,,146,
ME-2025-0000494,304001,Sinking Fund,LS 502,01-05-2025,,,, Sinking Fund ,304001,,146,
ME-2025-0000505,304001,Sinking Fund,LS 503,01-05-2025,,,, Sinking Fund ,304001,,146,
ME-2025-0000517,304001,Sinking Fund,LS 504,01-05-2025,,,, Sinking Fund ,304001,,146,
ME-2025-0000528,304001,Sinking Fund,LS 601,01-05-2025,,,, Sinking Fund ,304001,,161,
ME-2025-0000540,304001,Sinking Fund,LS 602,01-05-2025,,,, Sinking Fund ,304001,,161,
ME-2025-0000551,304001,Sinking Fund,LS 603,01-05-2025,,,, Sinking Fund ,304001,,161,
ME-2025-0000560,304001,Sinking Fund,LS 604,01-05-2025,,,, Sinking Fund ,304001,,161,
ME-2025-0000570,304001,Sinking Fund,LS 701801,01-05-2025,,,, Sinking Fund ,304001,,322,
ME-2025-0000582,304001,Sinking Fund,LS 702802,01-05-2025,,,, Sinking Fund ,304001,,322,
ME-2025-0000593,304001,Sinking Fund,LS 703803,01-05-2025,,,, Sinking Fund ,304001,,322,
ME-2025-0000603,304001,Sinking Fund,LS 704804,01-05-2025,,,, Sinking Fund ,304001,,322,
ME-2025-0000645,304001,Sinking Fund,LS 101,01-06-2025,,,, Sinking Fund ,304001,,146,
ME-2025-0000655,304001,Sinking Fund,LS 102,01-06-2025,,,, Sinking Fund ,304001,,146,
ME-2025-0000666,304001,Sinking Fund,LS 103,01-06-2025,,,, Sinking Fund ,304001,,146,
ME-2025-0000675,304001,Sinking Fund,LS 104,01-06-2025,,,, Sinking Fund ,304001,,146,
ME-2025-0000684,304001,Sinking Fund,LS 201,01-06-2025,,,, Sinking Fund ,304001,,146,
ME-2025-0000693,304001,Sinking Fund,LS 202,01-06-2025,,,, Sinking Fund ,304001,,146,
ME-2025-0000705,304001,Sinking Fund,LS 203,01-06-2025,,,, Sinking Fund ,304001,,146,
ME-2025-0000715,304001,Sinking Fund,LS 204,01-06-2025,,,, Sinking Fund ,304001,,146,
ME-2025-0000725,304001,Sinking Fund,LS 301,01-06-2025,,,, Sinking Fund ,304001,,146,
ME-2025-0000735,304001,Sinking Fund,LS 302,01-06-2025,,,, Sinking Fund ,304001,,146,
ME-2025-0000746,304001,Sinking Fund,LS 303,01-06-2025,,,, Sinking Fund ,304001,,146,
ME-2025-0000755,304001,Sinking Fund,LS 304,01-06-2025,,,, Sinking Fund ,304001,,146,
ME-2025-0000765,304001,Sinking Fund,LS 401,01-06-2025,,,, Sinking Fund ,304001,,146,
ME-2025-0000775,304001,Sinking Fund,LS 402,01-06-2025,,,, Sinking Fund ,304001,,146,
ME-2025-0000785,304001,Sinking Fund,LS 403,01-06-2025,,,, Sinking Fund ,304001,,146,
ME-2025-0000794,304001,Sinking Fund,LS 404,01-06-2025,,,, Sinking Fund ,304001,,146,
ME-2025-0000804,304001,Sinking Fund,LS 501,01-06-2025,,,, Sinking Fund ,304001,,146,
ME-2025-0000814,304001,Sinking Fund,LS 502,01-06-2025,,,, Sinking Fund ,304001,,146,
ME-2025-0000825,304001,Sinking Fund,LS 503,01-06-2025,,,, Sinking Fund ,304001,,146,
ME-2025-0000837,304001,Sinking Fund,LS 504,01-06-2025,,,, Sinking Fund ,304001,,146,
ME-2025-0000848,304001,Sinking Fund,LS 601,01-06-2025,,,, Sinking Fund ,304001,,161,
ME-2025-0000871,304001,Sinking Fund,LS 603,01-06-2025,,,, Sinking Fund ,304001,,161,
ME-2025-0000880,304001,Sinking Fund,LS 604,01-06-2025,,,, Sinking Fund ,304001,,161,
ME-2025-0000890,304001,Sinking Fund,LS 701801,01-06-2025,,,, Sinking Fund ,304001,,322,
ME-2025-0000902,304001,Sinking Fund,LS 702802,01-06-2025,,,, Sinking Fund ,304001,,322,
ME-2025-0000913,304001,Sinking Fund,LS 703803,01-06-2025,,,, Sinking Fund ,304001,,322,
ME-2025-0000923,304001,Sinking Fund,LS 704804,01-06-2025,,,, Sinking Fund ,304001,,322,
ME-2025-0000948,304001,Sinking Fund,LS 602,01-06-2025,,,, Sinking Fund ,304001,,161,
ME-2025-0000986,304001,Sinking Fund,LS 101,01-07-2025,,,, Sinking Fund ,304001,,146,
ME-2025-0000996,304001,Sinking Fund,LS 102,01-07-2025,,,, Sinking Fund ,304001,,146,
ME-2025-0001007,304001,Sinking Fund,LS 103,01-07-2025,,,, Sinking Fund ,304001,,146,
ME-2025-0001016,304001,Sinking Fund,LS 104,01-07-2025,,,, Sinking Fund ,304001,,146,
ME-2025-0001025,304001,Sinking Fund,LS 201,01-07-2025,,,, Sinking Fund ,304001,,146,
ME-2025-0001034,304001,Sinking Fund,LS 202,01-07-2025,,,, Sinking Fund ,304001,,146,
ME-2025-0001046,304001,Sinking Fund,LS 203,01-07-2025,,,, Sinking Fund ,304001,,146,
ME-2025-0001056,304001,Sinking Fund,LS 204,01-07-2025,,,, Sinking Fund ,304001,,146,
ME-2025-0001065,304001,Sinking Fund,LS 301,01-07-2025,,,, Sinking Fund ,304001,,146,
ME-2025-0001075,304001,Sinking Fund,LS 302,01-07-2025,,,, Sinking Fund ,304001,,146,
ME-2025-0001086,304001,Sinking Fund,LS 303,01-07-2025,,,, Sinking Fund ,304001,,146,
ME-2025-0001095,304001,Sinking Fund,LS 304,01-07-2025,,,, Sinking Fund ,304001,,146,
ME-2025-0001105,304001,Sinking Fund,LS 401,01-07-2025,,,, Sinking Fund ,304001,,146,
ME-2025-0001115,304001,Sinking Fund,LS 402,01-07-2025,,,, Sinking Fund ,304001,,146,
ME-2025-0001125,304001,Sinking Fund,LS 403,01-07-2025,,,, Sinking Fund ,304001,,146,
ME-2025-0001134,304001,Sinking Fund,LS 404,01-07-2025,,,, Sinking Fund ,304001,,146,
ME-2025-0001144,304001,Sinking Fund,LS 501,01-07-2025,,,, Sinking Fund ,304001,,146,
ME-2025-0001154,304001,Sinking Fund,LS 502,01-07-2025,,,, Sinking Fund ,304001,,146,
ME-2025-0001165,304001,Sinking Fund,LS 503,01-07-2025,,,, Sinking Fund ,304001,,146,
ME-2025-0001177,304001,Sinking Fund,LS 504,01-07-2025,,,, Sinking Fund ,304001,,146,
ME-2025-0001188,304001,Sinking Fund,LS 601,01-07-2025,,,, Sinking Fund ,304001,,161,
ME-2025-0001198,304001,Sinking Fund,LS 602,01-07-2025,,,, Sinking Fund ,304001,,161,
ME-2025-0001208,304001,Sinking Fund,LS 603,01-07-2025,,,, Sinking Fund ,304001,,161,
ME-2025-0001217,304001,Sinking Fund,LS 604,01-07-2025,,,, Sinking Fund ,304001,,161,
ME-2025-0001227,304001,Sinking Fund,LS 701801,01-07-2025,,,, Sinking Fund ,304001,,322,
ME-2025-0001239,304001,Sinking Fund,LS 702802,01-07-2025,,,, Sinking Fund ,304001,,322,
ME-2025-0001250,304001,Sinking Fund,LS 703803,01-07-2025,,,, Sinking Fund ,304001,,322,
ME-2025-0001260,304001,Sinking Fund,LS 704804,01-07-2025,,,, Sinking Fund ,304001,,322,
ME-2025-0001294,304001,Sinking Fund,LS 101,01-08-2025,,,, Sinking Fund ,304001,,146,
ME-2025-0001304,304001,Sinking Fund,LS 102,01-08-2025,,,, Sinking Fund ,304001,,146,
ME-2025-0001315,304001,Sinking Fund,LS 103,01-08-2025,,,, Sinking Fund ,304001,,146,
ME-2025-0001325,304001,Sinking Fund,LS 104,01-08-2025,,,, Sinking Fund ,304001,,146,
ME-2025-0001334,304001,Sinking Fund,LS 201,01-08-2025,,,, Sinking Fund ,304001,,146,
ME-2025-0001344,304001,Sinking Fund,LS 202,01-08-2025,,,, Sinking Fund ,304001,,146,
ME-2025-0001356,304001,Sinking Fund,LS 203,01-08-2025,,,, Sinking Fund ,304001,,146,
ME-2025-0001366,304001,Sinking Fund,LS 204,01-08-2025,,,, Sinking Fund ,304001,,146,
ME-2025-0001375,304001,Sinking Fund,LS 301,01-08-2025,,,, Sinking Fund ,304001,,146,
ME-2025-0001385,304001,Sinking Fund,LS 302,01-08-2025,,,, Sinking Fund ,304001,,146,
ME-2025-0001396,304001,Sinking Fund,LS 303,01-08-2025,,,, Sinking Fund ,304001,,146,
ME-2025-0001405,304001,Sinking Fund,LS 304,01-08-2025,,,, Sinking Fund ,304001,,146,
ME-2025-0001415,304001,Sinking Fund,LS 401,01-08-2025,,,, Sinking Fund ,304001,,146,
ME-2025-0001425,304001,Sinking Fund,LS 402,01-08-2025,,,, Sinking Fund ,304001,,146,
ME-2025-0001435,304001,Sinking Fund,LS 403,01-08-2025,,,, Sinking Fund ,304001,,146,
ME-2025-0001444,304001,Sinking Fund,LS 404,01-08-2025,,,, Sinking Fund ,304001,,146,
ME-2025-0001454,304001,Sinking Fund,LS 501,01-08-2025,,,, Sinking Fund ,304001,,146,
ME-2025-0001464,304001,Sinking Fund,LS 502,01-08-2025,,,, Sinking Fund ,304001,,146,
ME-2025-0001475,304001,Sinking Fund,LS 503,01-08-2025,,,, Sinking Fund ,304001,,146,
ME-2025-0001487,304001,Sinking Fund,LS 504,01-08-2025,,,, Sinking Fund ,304001,,146,
ME-2025-0001498,304001,Sinking Fund,LS 601,01-08-2025,,,, Sinking Fund ,304001,,161,
ME-2025-0001518,304001,Sinking Fund,LS 603,01-08-2025,,,, Sinking Fund ,304001,,161,
ME-2025-0001527,304001,Sinking Fund,LS 604,01-08-2025,,,, Sinking Fund ,304001,,161,
ME-2025-0001537,304001,Sinking Fund,LS 701801,01-08-2025,,,, Sinking Fund ,304001,,322,
ME-2025-0001549,304001,Sinking Fund,LS 702802,01-08-2025,,,, Sinking Fund ,304001,,322,
ME-2025-0001560,304001,Sinking Fund,LS 703803,01-08-2025,,,, Sinking Fund ,304001,,322,
ME-2025-0001570,304001,Sinking Fund,LS 704804,01-08-2025,,,, Sinking Fund ,304001,,322,
ME-2025-0001592,304001,Sinking Fund,LS 602,01-08-2025,,,, Sinking Fund ,304001,,161,
ME-2025-0001631,304001,Sinking Fund,LS 101,01-09-2025,,,, Sinking Fund ,304001,,146,
ME-2025-0001641,304001,Sinking Fund,LS 102,01-09-2025,,,, Sinking Fund ,304001,,146,
ME-2025-0001652,304001,Sinking Fund,LS 103,01-09-2025,,,, Sinking Fund ,304001,,146,
ME-2025-0001661,304001,Sinking Fund,LS 104,01-09-2025,,,, Sinking Fund ,304001,,146,
ME-2025-0001670,304001,Sinking Fund,LS 201,01-09-2025,,,, Sinking Fund ,304001,,146,
ME-2025-0001680,304001,Sinking Fund,LS 202,01-09-2025,,,, Sinking Fund ,304001,,146,
ME-2025-0001692,304001,Sinking Fund,LS 203,01-09-2025,,,, Sinking Fund ,304001,,146,
ME-2025-0001702,304001,Sinking Fund,LS 204,01-09-2025,,,, Sinking Fund ,304001,,146,
ME-2025-0001712,304001,Sinking Fund,LS 301,01-09-2025,,,, Sinking Fund ,304001,,146,
ME-2025-0001722,304001,Sinking Fund,LS 302,01-09-2025,,,, Sinking Fund ,304001,,146,
ME-2025-0001733,304001,Sinking Fund,LS 303,01-09-2025,,,, Sinking Fund ,304001,,146,
ME-2025-0001742,304001,Sinking Fund,LS 304,01-09-2025,,,, Sinking Fund ,304001,,146,
ME-2025-0001752,304001,Sinking Fund,LS 401,01-09-2025,,,, Sinking Fund ,304001,,146,
ME-2025-0001762,304001,Sinking Fund,LS 402,01-09-2025,,,, Sinking Fund ,304001,,146,
ME-2025-0001772,304001,Sinking Fund,LS 403,01-09-2025,,,, Sinking Fund ,304001,,146,
ME-2025-0001781,304001,Sinking Fund,LS 404,01-09-2025,,,, Sinking Fund ,304001,,146,
ME-2025-0001791,304001,Sinking Fund,LS 501,01-09-2025,,,, Sinking Fund ,304001,,146,
ME-2025-0001801,304001,Sinking Fund,LS 502,01-09-2025,,,, Sinking Fund ,304001,,146,
ME-2025-0001812,304001,Sinking Fund,LS 503,01-09-2025,,,, Sinking Fund ,304001,,146,
ME-2025-0001824,304001,Sinking Fund,LS 504,01-09-2025,,,, Sinking Fund ,304001,,146,
ME-2025-0001835,304001,Sinking Fund,LS 601,01-09-2025,,,, Sinking Fund ,304001,,161,
ME-2025-0001847,304001,Sinking Fund,LS 602,01-09-2025,,,, Sinking Fund ,304001,,161,
ME-2025-0001858,304001,Sinking Fund,LS 603,01-09-2025,,,, Sinking Fund ,304001,,161,
ME-2025-0001868,304001,Sinking Fund,LS 604,01-09-2025,,,, Sinking Fund ,304001,,161,
ME-2025-0001878,304001,Sinking Fund,LS 701801,01-09-2025,,,, Sinking Fund ,304001,,322,
ME-2025-0001890,304001,Sinking Fund,LS 702802,01-09-2025,,,, Sinking Fund ,304001,,322,
ME-2025-0001901,304001,Sinking Fund,LS 703803,01-09-2025,,,, Sinking Fund ,304001,,322,
ME-2025-0001912,304001,Sinking Fund,LS 704804,01-09-2025,,,, Sinking Fund ,304001,,322,
ME-2025-0001945,304001,Sinking Fund,LS 101,01-10-2025,,,, Sinking Fund ,304001,,146,
ME-2025-0001955,304001,Sinking Fund,LS 102,01-10-2025,,,, Sinking Fund ,304001,,146,
ME-2025-0001966,304001,Sinking Fund,LS 103,01-10-2025,,,, Sinking Fund ,304001,,146,
ME-2025-0001975,304001,Sinking Fund,LS 104,01-10-2025,,,, Sinking Fund ,304001,,146,
ME-2025-0001984,304001,Sinking Fund,LS 201,01-10-2025,,,, Sinking Fund ,304001,,146,
ME-2025-0001993,304001,Sinking Fund,LS 202,01-10-2025,,,, Sinking Fund ,304001,,146,
ME-2025-0002003,304001,Sinking Fund,LS 203,01-10-2025,,,, Sinking Fund ,304001,,146,
ME-2025-0002013,304001,Sinking Fund,LS 204,01-10-2025,,,, Sinking Fund ,304001,,146,
ME-2025-0002023,304001,Sinking Fund,LS 301,01-10-2025,,,, Sinking Fund ,304001,,146,
ME-2025-0002033,304001,Sinking Fund,LS 302,01-10-2025,,,, Sinking Fund ,304001,,146,
ME-2025-0002044,304001,Sinking Fund,LS 303,01-10-2025,,,, Sinking Fund ,304001,,146,
ME-2025-0002053,304001,Sinking Fund,LS 304,01-10-2025,,,, Sinking Fund ,304001,,146,
ME-2025-0002063,304001,Sinking Fund,LS 401,01-10-2025,,,, Sinking Fund ,304001,,146,
ME-2025-0002073,304001,Sinking Fund,LS 402,01-10-2025,,,, Sinking Fund ,304001,,146,
ME-2025-0002082,304001,Sinking Fund,LS 403,01-10-2025,,,, Sinking Fund ,304001,,146,
ME-2025-0002091,304001,Sinking Fund,LS 404,01-10-2025,,,, Sinking Fund ,304001,,146,
ME-2025-0002101,304001,Sinking Fund,LS 501,01-10-2025,,,, Sinking Fund ,304001,,146,
ME-2025-0002110,304001,Sinking Fund,LS 502,01-10-2025,,,, Sinking Fund ,304001,,146,
ME-2025-0002120,304001,Sinking Fund,LS 503,01-10-2025,,,, Sinking Fund ,304001,,146,
ME-2025-0002131,304001,Sinking Fund,LS 504,01-10-2025,,,, Sinking Fund ,304001,,146,
ME-2025-0002143,304001,Sinking Fund,LS 601,01-10-2025,,,, Sinking Fund ,304001,,161,
ME-2025-0002154,304001,Sinking Fund,LS 602,01-10-2025,,,, Sinking Fund ,304001,,161,
ME-2025-0002165,304001,Sinking Fund,LS 603,01-10-2025,,,, Sinking Fund ,304001,,161,
ME-2025-0002174,304001,Sinking Fund,LS 604,01-10-2025,,,, Sinking Fund ,304001,,161,
ME-2025-0002184,304001,Sinking Fund,LS 701801,01-10-2025,,,, Sinking Fund ,304001,,322,
ME-2025-0002195,304001,Sinking Fund,LS 702802,01-10-2025,,,, Sinking Fund ,304001,,322,
ME-2025-0002206,304001,Sinking Fund,LS 703803,01-10-2025,,,, Sinking Fund ,304001,,322,
ME-2025-0002217,304001,Sinking Fund,LS 704804,01-10-2025,,,, Sinking Fund ,304001,,322,
ME-2025-0002252,304001,Sinking Fund,LS 101,01-11-2025,,,, Sinking Fund ,304001,,146,
ME-2025-0002262,304001,Sinking Fund,LS 102,01-11-2025,,,, Sinking Fund ,304001,,146,
ME-2025-0002273,304001,Sinking Fund,LS 103,01-11-2025,,,, Sinking Fund ,304001,,146,
ME-2025-0002282,304001,Sinking Fund,LS 104,01-11-2025,,,, Sinking Fund ,304001,,146,
ME-2025-0002291,304001,Sinking Fund,LS 201,01-11-2025,,,, Sinking Fund ,304001,,146,
ME-2025-0002300,304001,Sinking Fund,LS 202,01-11-2025,,,, Sinking Fund ,304001,,146,
ME-2025-0002310,304001,Sinking Fund,LS 203,01-11-2025,,,, Sinking Fund ,304001,,146,
ME-2025-0002320,304001,Sinking Fund,LS 204,01-11-2025,,,, Sinking Fund ,304001,,146,
ME-2025-0002329,304001,Sinking Fund,LS 301,01-11-2025,,,, Sinking Fund ,304001,,146,
ME-2025-0002340,304001,Sinking Fund,LS 302,01-11-2025,,,, Sinking Fund ,304001,,146,
ME-2025-0002351,304001,Sinking Fund,LS 303,01-11-2025,,,, Sinking Fund ,304001,,146,
ME-2025-0002360,304001,Sinking Fund,LS 304,01-11-2025,,,, Sinking Fund ,304001,,146,
ME-2025-0002370,304001,Sinking Fund,LS 401,01-11-2025,,,, Sinking Fund ,304001,,146,
ME-2025-0002380,304001,Sinking Fund,LS 402,01-11-2025,,,, Sinking Fund ,304001,,146,
ME-2025-0002389,304001,Sinking Fund,LS 403,01-11-2025,,,, Sinking Fund ,304001,,146,
ME-2025-0002398,304001,Sinking Fund,LS 404,01-11-2025,,,, Sinking Fund ,304001,,146,
ME-2025-0002408,304001,Sinking Fund,LS 501,01-11-2025,,,, Sinking Fund ,304001,,146,
ME-2025-0002417,304001,Sinking Fund,LS 502,01-11-2025,,,, Sinking Fund ,304001,,146,
ME-2025-0002427,304001,Sinking Fund,LS 503,01-11-2025,,,, Sinking Fund ,304001,,146,
ME-2025-0002438,304001,Sinking Fund,LS 504,01-11-2025,,,, Sinking Fund ,304001,,146,
ME-2025-0002449,304001,Sinking Fund,LS 601,01-11-2025,,,, Sinking Fund ,304001,,161,
ME-2025-0002460,304001,Sinking Fund,LS 602,01-11-2025,,,, Sinking Fund ,304001,,161,
ME-2025-0002471,304001,Sinking Fund,LS 603,01-11-2025,,,, Sinking Fund ,304001,,161,
ME-2025-0002480,304001,Sinking Fund,LS 604,01-11-2025,,,, Sinking Fund ,304001,,161,
ME-2025-0002490,304001,Sinking Fund,LS 701801,01-11-2025,,,, Sinking Fund ,304001,,322,
ME-2025-0002501,304001,Sinking Fund,LS 702802,01-11-2025,,,, Sinking Fund ,304001,,322,
ME-2025-0002512,304001,Sinking Fund,LS 703803,01-11-2025,,,, Sinking Fund ,304001,,322,
ME-2025-0002522,304001,Sinking Fund,LS 704804,01-11-2025,,,, Sinking Fund ,304001,,322,
ME-2025-0002559,304001,Sinking Fund,LS 101,01-12-2025,,,, Sinking Fund ,304001,,146,
ME-2025-0002569,304001,Sinking Fund,LS 102,01-12-2025,,,, Sinking Fund ,304001,,146,
ME-2025-0002580,304001,Sinking Fund,LS 103,01-12-2025,,,, Sinking Fund ,304001,,146,
ME-2025-0002589,304001,Sinking Fund,LS 201,01-12-2025,,,, Sinking Fund ,304001,,146,
ME-2025-0002598,304001,Sinking Fund,LS 202,01-12-2025,,,, Sinking Fund ,304001,,146,
ME-2025-0002608,304001,Sinking Fund,LS 203,01-12-2025,,,, Sinking Fund ,304001,,146,
ME-2025-0002619,304001,Sinking Fund,LS 204,01-12-2025,,,, Sinking Fund ,304001,,146,
ME-2025-0002629,304001,Sinking Fund,LS 301,01-12-2025,,,, Sinking Fund ,304001,,146,
ME-2025-0002640,304001,Sinking Fund,LS 302,01-12-2025,,,, Sinking Fund ,304001,,146,
ME-2025-0002651,304001,Sinking Fund,LS 303,01-12-2025,,,, Sinking Fund ,304001,,146,
ME-2025-0002660,304001,Sinking Fund,LS 304,01-12-2025,,,, Sinking Fund ,304001,,146,
ME-2025-0002670,304001,Sinking Fund,LS 401,01-12-2025,,,, Sinking Fund ,304001,,146,
ME-2025-0002680,304001,Sinking Fund,LS 402,01-12-2025,,,, Sinking Fund ,304001,,146,
ME-2025-0002689,304001,Sinking Fund,LS 403,01-12-2025,,,, Sinking Fund ,304001,,146,
ME-2025-0002698,304001,Sinking Fund,LS 404,01-12-2025,,,, Sinking Fund ,304001,,146,
ME-2025-0002708,304001,Sinking Fund,LS 501,01-12-2025,,,, Sinking Fund ,304001,,146,
ME-2025-0002717,304001,Sinking Fund,LS 502,01-12-2025,,,, Sinking Fund ,304001,,146,
ME-2025-0002727,304001,Sinking Fund,LS 503,01-12-2025,,,, Sinking Fund ,304001,,146,
ME-2025-0002738,304001,Sinking Fund,LS 504,01-12-2025,,,, Sinking Fund ,304001,,146,
ME-2025-0002749,304001,Sinking Fund,LS 601,01-12-2025,,,, Sinking Fund ,304001,,161,
ME-2025-0002760,304001,Sinking Fund,LS 602,01-12-2025,,,, Sinking Fund ,304001,,161,
ME-2025-0002771,304001,Sinking Fund,LS 603,01-12-2025,,,, Sinking Fund ,304001,,161,
ME-2025-0002780,304001,Sinking Fund,LS 604,01-12-2025,,,, Sinking Fund ,304001,,161,
ME-2025-0002790,304001,Sinking Fund,LS 701801,01-12-2025,,,, Sinking Fund ,304001,,322,
ME-2025-0002801,304001,Sinking Fund,LS 702802,01-12-2025,,,, Sinking Fund ,304001,,322,
ME-2025-0002812,304001,Sinking Fund,LS 703803,01-12-2025,,,, Sinking Fund ,304001,,322,
ME-2025-0002822,304001,Sinking Fund,LS 704804,01-12-2025,,,, Sinking Fund ,304001,,322,
ME-2025-0002835,304001,Sinking Fund,LS 104,01-12-2025,,,, Sinking Fund ,304001,,146,
ME-2025-0002870,304001,Sinking Fund,LS 101,01-01-2026,,,, Sinking Fund ,304001,,146,
ME-2025-0002880,304001,Sinking Fund,LS 102,01-01-2026,,,, Sinking Fund ,304001,,146,
ME-2025-0002891,304001,Sinking Fund,LS 103,01-01-2026,,,, Sinking Fund ,304001,,146,
ME-2025-0002900,304001,Sinking Fund,LS 104,01-01-2026,,,, Sinking Fund ,304001,,146,
ME-2025-0002909,304001,Sinking Fund,LS 201,01-01-2026,,,, Sinking Fund ,304001,,146,
ME-2025-0002918,304001,Sinking Fund,LS 202,01-01-2026,,,, Sinking Fund ,304001,,146,
ME-2025-0002928,304001,Sinking Fund,LS 203,01-01-2026,,,, Sinking Fund ,304001,,146,
ME-2025-0002939,304001,Sinking Fund,LS 204,01-01-2026,,,, Sinking Fund ,304001,,146,
ME-2025-0002949,304001,Sinking Fund,LS 301,01-01-2026,,,, Sinking Fund ,304001,,146,
ME-2025-0002959,304001,Sinking Fund,LS 302,01-01-2026,,,, Sinking Fund ,304001,,146,
ME-2025-0002970,304001,Sinking Fund,LS 303,01-01-2026,,,, Sinking Fund ,304001,,146,
ME-2025-0002979,304001,Sinking Fund,LS 304,01-01-2026,,,, Sinking Fund ,304001,,146,
ME-2025-0002989,304001,Sinking Fund,LS 401,01-01-2026,,,, Sinking Fund ,304001,,146,
ME-2025-0002999,304001,Sinking Fund,LS 402,01-01-2026,,,, Sinking Fund ,304001,,146,
ME-2025-0003008,304001,Sinking Fund,LS 403,01-01-2026,,,, Sinking Fund ,304001,,146,
ME-2025-0003017,304001,Sinking Fund,LS 404,01-01-2026,,,, Sinking Fund ,304001,,146,
ME-2025-0003027,304001,Sinking Fund,LS 501,01-01-2026,,,, Sinking Fund ,304001,,146,
ME-2025-0003036,304001,Sinking Fund,LS 502,01-01-2026,,,, Sinking Fund ,304001,,146,
ME-2025-0003046,304001,Sinking Fund,LS 503,01-01-2026,,,, Sinking Fund ,304001,,146,
ME-2025-0003057,304001,Sinking Fund,LS 504,01-01-2026,,,, Sinking Fund ,304001,,146,
ME-2025-0003068,304001,Sinking Fund,LS 601,01-01-2026,,,, Sinking Fund ,304001,,161,
ME-2025-0003079,304001,Sinking Fund,LS 602,01-01-2026,,,, Sinking Fund ,304001,,161,
ME-2025-0003090,304001,Sinking Fund,LS 603,01-01-2026,,,, Sinking Fund ,304001,,161,
ME-2025-0003099,304001,Sinking Fund,LS 604,01-01-2026,,,, Sinking Fund ,304001,,161,
ME-2025-0003109,304001,Sinking Fund,LS 701801,01-01-2026,,,, Sinking Fund ,304001,,322,
ME-2025-0003120,304001,Sinking Fund,LS 702802,01-01-2026,,,, Sinking Fund ,304001,,322,
ME-2025-0003131,304001,Sinking Fund,LS 703803,01-01-2026,,,, Sinking Fund ,304001,,322,
ME-2025-0003141,304001,Sinking Fund,LS 704804,01-01-2026,,,, Sinking Fund ,304001,,322,
ME-2025-0003172,304001,Sinking Fund,LS 101,01-02-2026,,,, Sinking Fund ,304001,,146,
ME-2025-0003182,304001,Sinking Fund,LS 102,01-02-2026,,,, Sinking Fund ,304001,,146,
ME-2025-0003193,304001,Sinking Fund,LS 103,01-02-2026,,,, Sinking Fund ,304001,,146,
ME-2025-0003202,304001,Sinking Fund,LS 104,01-02-2026,,,, Sinking Fund ,304001,,146,
ME-2025-0003211,304001,Sinking Fund,LS 201,01-02-2026,,,, Sinking Fund ,304001,,146,
ME-2025-0003220,304001,Sinking Fund,LS 202,01-02-2026,,,, Sinking Fund ,304001,,146,
ME-2025-0003230,304001,Sinking Fund,LS 203,01-02-2026,,,, Sinking Fund ,304001,,146,
ME-2025-0003241,304001,Sinking Fund,LS 204,01-02-2026,,,, Sinking Fund ,304001,,146,
ME-2025-0003251,304001,Sinking Fund,LS 301,01-02-2026,,,, Sinking Fund ,304001,,146,
ME-2025-0003261,304001,Sinking Fund,LS 302,01-02-2026,,,, Sinking Fund ,304001,,146,
ME-2025-0003272,304001,Sinking Fund,LS 303,01-02-2026,,,, Sinking Fund ,304001,,146,
ME-2025-0003281,304001,Sinking Fund,LS 304,01-02-2026,,,, Sinking Fund ,304001,,146,
ME-2025-0003291,304001,Sinking Fund,LS 401,01-02-2026,,,, Sinking Fund ,304001,,146,
ME-2025-0003301,304001,Sinking Fund,LS 402,01-02-2026,,,, Sinking Fund ,304001,,146,
ME-2025-0003310,304001,Sinking Fund,LS 403,01-02-2026,,,, Sinking Fund ,304001,,146,
ME-2025-0003319,304001,Sinking Fund,LS 404,01-02-2026,,,, Sinking Fund ,304001,,146,
ME-2025-0003329,304001,Sinking Fund,LS 501,01-02-2026,,,, Sinking Fund ,304001,,146,
ME-2025-0003338,304001,Sinking Fund,LS 502,01-02-2026,,,, Sinking Fund ,304001,,146,
ME-2025-0003348,304001,Sinking Fund,LS 503,01-02-2026,,,, Sinking Fund ,304001,,146,
ME-2025-0003359,304001,Sinking Fund,LS 504,01-02-2026,,,, Sinking Fund ,304001,,146,
ME-2025-0003370,304001,Sinking Fund,LS 601,01-02-2026,,,, Sinking Fund ,304001,,161,
ME-2025-0003381,304001,Sinking Fund,LS 602,01-02-2026,,,, Sinking Fund ,304001,,161,
ME-2025-0003392,304001,Sinking Fund,LS 603,01-02-2026,,,, Sinking Fund ,304001,,161,
ME-2025-0003401,304001,Sinking Fund,LS 604,01-02-2026,,,, Sinking Fund ,304001,,161,
ME-2025-0003411,304001,Sinking Fund,LS 701801,01-02-2026,,,, Sinking Fund ,304001,,322,
ME-2025-0003422,304001,Sinking Fund,LS 702802,01-02-2026,,,, Sinking Fund ,304001,,322,
ME-2025-0003434,304001,Sinking Fund,LS 703803,01-02-2026,,,, Sinking Fund ,304001,,322,
ME-2025-0003444,304001,Sinking Fund,LS 704804,01-02-2026,,,, Sinking Fund ,304001,,322,
ME-2025-0003483,304001,Sinking Fund,LS 101,01-03-2026,,,, Sinking Fund ,304001,,146,
ME-2025-0003493,304001,Sinking Fund,LS 102,01-03-2026,,,, Sinking Fund ,304001,,146,
ME-2025-0003504,304001,Sinking Fund,LS 103,01-03-2026,,,, Sinking Fund ,304001,,146,
ME-2025-0003513,304001,Sinking Fund,LS 104,01-03-2026,,,, Sinking Fund ,304001,,146,
ME-2025-0003522,304001,Sinking Fund,LS 201,01-03-2026,,,, Sinking Fund ,304001,,146,
ME-2025-0003531,304001,Sinking Fund,LS 202,01-03-2026,,,, Sinking Fund ,304001,,146,
ME-2025-0003541,304001,Sinking Fund,LS 203,01-03-2026,,,, Sinking Fund ,304001,,146,
ME-2025-0003551,304001,Sinking Fund,LS 204,01-03-2026,,,, Sinking Fund ,304001,,146,
ME-2025-0003561,304001,Sinking Fund,LS 301,01-03-2026,,,, Sinking Fund ,304001,,146,
ME-2025-0003571,304001,Sinking Fund,LS 302,01-03-2026,,,, Sinking Fund ,304001,,146,
ME-2025-0003582,304001,Sinking Fund,LS 303,01-03-2026,,,, Sinking Fund ,304001,,146,
ME-2025-0003591,304001,Sinking Fund,LS 304,01-03-2026,,,, Sinking Fund ,304001,,146,
ME-2025-0003601,304001,Sinking Fund,LS 401,01-03-2026,,,, Sinking Fund ,304001,,146,
ME-2025-0003611,304001,Sinking Fund,LS 402,01-03-2026,,,, Sinking Fund ,304001,,146,
ME-2025-0003620,304001,Sinking Fund,LS 403,01-03-2026,,,, Sinking Fund ,304001,,146,
ME-2025-0003629,304001,Sinking Fund,LS 404,01-03-2026,,,, Sinking Fund ,304001,,146,
ME-2025-0003639,304001,Sinking Fund,LS 501,01-03-2026,,,, Sinking Fund ,304001,,146,
ME-2025-0003648,304001,Sinking Fund,LS 502,01-03-2026,,,, Sinking Fund ,304001,,146,
ME-2025-0003658,304001,Sinking Fund,LS 503,01-03-2026,,,, Sinking Fund ,304001,,146,
ME-2025-0003669,304001,Sinking Fund,LS 504,01-03-2026,,,, Sinking Fund ,304001,,146,
ME-2025-0003680,304001,Sinking Fund,LS 601,01-03-2026,,,, Sinking Fund ,304001,,161,
ME-2025-0003691,304001,Sinking Fund,LS 602,01-03-2026,,,, Sinking Fund ,304001,,161,
ME-2025-0003702,304001,Sinking Fund,LS 603,01-03-2026,,,, Sinking Fund ,304001,,161,
ME-2025-0003711,304001,Sinking Fund,LS 604,01-03-2026,,,, Sinking Fund ,304001,,161,
ME-2025-0003721,304001,Sinking Fund,LS 701801,01-03-2026,,,, Sinking Fund ,304001,,322,
ME-2025-0003732,304001,Sinking Fund,LS 702802,01-03-2026,,,, Sinking Fund ,304001,,322,
ME-2025-0003743,304001,Sinking Fund,LS 703803,01-03-2026,,,, Sinking Fund ,304001,,322,
ME-2025-0003753,304001,Sinking Fund,LS 704804,01-03-2026,,,, Sinking Fund ,304001,,322,
JE-2025-0000137,304001,Sinking Fund,,31-03-2026,Being members contribution toward fund trf to liab FY 25-26,,, Sinking Fund ,304001,58224.00,,

"","","","","","","","","","","58224","58224",

"Income - Members > Repair Fund ( 304003 ) ",
"Journal No","Other GL No.","Other Account","Subledger","Posted Date","Comments","Instrument No.","Instrument Bank","Account Name","GL Account No.","Debit","Credit",
"","","","","","Opening Balance","",""," Repair Fund ","304003","","",
ME-2025-0000008,304003,Repair Fund,LS 101,01-04-2025,,,, Repair Fund ,304003,,439,
ME-2025-0000018,304003,Repair Fund,LS 102,01-04-2025,,,, Repair Fund ,304003,,439,
ME-2025-0000029,304003,Repair Fund,LS 103,01-04-2025,,,, Repair Fund ,304003,,439,
ME-2025-0000038,304003,Repair Fund,LS 104,01-04-2025,,,, Repair Fund ,304003,,439,
ME-2025-0000047,304003,Repair Fund,LS 201,01-04-2025,,,, Repair Fund ,304003,,439,
ME-2025-0000056,304003,Repair Fund,LS 202,01-04-2025,,,, Repair Fund ,304003,,439,
ME-2025-0000068,304003,Repair Fund,LS 203,01-04-2025,,,, Repair Fund ,304003,,439,
ME-2025-0000078,304003,Repair Fund,LS 204,01-04-2025,,,, Repair Fund ,304003,,439,
ME-2025-0000087,304003,Repair Fund,LS 301,01-04-2025,,,, Repair Fund ,304003,,439,
ME-2025-0000097,304003,Repair Fund,LS 302,01-04-2025,,,, Repair Fund ,304003,,439,
ME-2025-0000108,304003,Repair Fund,LS 303,01-04-2025,,,, Repair Fund ,304003,,439,
ME-2025-0000117,304003,Repair Fund,LS 304,01-04-2025,,,, Repair Fund ,304003,,439,
ME-2025-0000127,304003,Repair Fund,LS 401,01-04-2025,,,, Repair Fund ,304003,,439,
ME-2025-0000137,304003,Repair Fund,LS 402,01-04-2025,,,, Repair Fund ,304003,,439,
ME-2025-0000146,304003,Repair Fund,LS 403,01-04-2025,,,, Repair Fund ,304003,,439,
ME-2025-0000155,304003,Repair Fund,LS 404,01-04-2025,,,, Repair Fund ,304003,,439,
ME-2025-0000165,304003,Repair Fund,LS 501,01-04-2025,,,, Repair Fund ,304003,,439,
ME-2025-0000175,304003,Repair Fund,LS 502,01-04-2025,,,, Repair Fund ,304003,,439,
ME-2025-0000186,304003,Repair Fund,LS 503,01-04-2025,,,, Repair Fund ,304003,,439,
ME-2025-0000198,304003,Repair Fund,LS 504,01-04-2025,,,, Repair Fund ,304003,,439,
ME-2025-0000209,304003,Repair Fund,LS 601,01-04-2025,,,, Repair Fund ,304003,,484,
ME-2025-0000221,304003,Repair Fund,LS 602,01-04-2025,,,, Repair Fund ,304003,,484,
ME-2025-0000232,304003,Repair Fund,LS 603,01-04-2025,,,, Repair Fund ,304003,,484,
ME-2025-0000241,304003,Repair Fund,LS 604,01-04-2025,,,, Repair Fund ,304003,,484,
ME-2025-0000251,304003,Repair Fund,LS 701801,01-04-2025,,,, Repair Fund ,304003,,968,
ME-2025-0000263,304003,Repair Fund,LS 702802,01-04-2025,,,, Repair Fund ,304003,,968,
ME-2025-0000274,304003,Repair Fund,LS 703803,01-04-2025,,,, Repair Fund ,304003,,968,
ME-2025-0000284,304003,Repair Fund,LS 704804,01-04-2025,,,, Repair Fund ,304003,,968,
ME-2025-0000322,304003,Repair Fund,LS 101,01-05-2025,,,, Repair Fund ,304003,,439,
ME-2025-0000332,304003,Repair Fund,LS 102,01-05-2025,,,, Repair Fund ,304003,,439,
ME-2025-0000343,304003,Repair Fund,LS 103,01-05-2025,,,, Repair Fund ,304003,,439,
ME-2025-0000352,304003,Repair Fund,LS 104,01-05-2025,,,, Repair Fund ,304003,,439,
ME-2025-0000361,304003,Repair Fund,LS 201,01-05-2025,,,, Repair Fund ,304003,,439,
ME-2025-0000370,304003,Repair Fund,LS 202,01-05-2025,,,, Repair Fund ,304003,,439,
ME-2025-0000382,304003,Repair Fund,LS 203,01-05-2025,,,, Repair Fund ,304003,,439,
ME-2025-0000392,304003,Repair Fund,LS 204,01-05-2025,,,, Repair Fund ,304003,,439,
ME-2025-0000402,304003,Repair Fund,LS 301,01-05-2025,,,, Repair Fund ,304003,,439,
ME-2025-0000412,304003,Repair Fund,LS 302,01-05-2025,,,, Repair Fund ,304003,,439,
ME-2025-0000423,304003,Repair Fund,LS 303,01-05-2025,,,, Repair Fund ,304003,,439,
ME-2025-0000432,304003,Repair Fund,LS 304,01-05-2025,,,, Repair Fund ,304003,,439,
ME-2025-0000442,304003,Repair Fund,LS 401,01-05-2025,,,, Repair Fund ,304003,,439,
ME-2025-0000452,304003,Repair Fund,LS 402,01-05-2025,,,, Repair Fund ,304003,,439,
ME-2025-0000462,304003,Repair Fund,LS 403,01-05-2025,,,, Repair Fund ,304003,,439,
ME-2025-0000471,304003,Repair Fund,LS 404,01-05-2025,,,, Repair Fund ,304003,,439,
ME-2025-0000481,304003,Repair Fund,LS 501,01-05-2025,,,, Repair Fund ,304003,,439,
ME-2025-0000491,304003,Repair Fund,LS 502,01-05-2025,,,, Repair Fund ,304003,,439,
ME-2025-0000502,304003,Repair Fund,LS 503,01-05-2025,,,, Repair Fund ,304003,,439,
ME-2025-0000514,304003,Repair Fund,LS 504,01-05-2025,,,, Repair Fund ,304003,,439,
ME-2025-0000525,304003,Repair Fund,LS 601,01-05-2025,,,, Repair Fund ,304003,,484,
ME-2025-0000537,304003,Repair Fund,LS 602,01-05-2025,,,, Repair Fund ,304003,,484,
ME-2025-0000548,304003,Repair Fund,LS 603,01-05-2025,,,, Repair Fund ,304003,,484,
ME-2025-0000557,304003,Repair Fund,LS 604,01-05-2025,,,, Repair Fund ,304003,,484,
ME-2025-0000567,304003,Repair Fund,LS 701801,01-05-2025,,,, Repair Fund ,304003,,968,
ME-2025-0000579,304003,Repair Fund,LS 702802,01-05-2025,,,, Repair Fund ,304003,,968,
ME-2025-0000590,304003,Repair Fund,LS 703803,01-05-2025,,,, Repair Fund ,304003,,968,
ME-2025-0000600,304003,Repair Fund,LS 704804,01-05-2025,,,, Repair Fund ,304003,,968,
ME-2025-0000642,304003,Repair Fund,LS 101,01-06-2025,,,, Repair Fund ,304003,,439,
ME-2025-0000652,304003,Repair Fund,LS 102,01-06-2025,,,, Repair Fund ,304003,,439,
ME-2025-0000663,304003,Repair Fund,LS 103,01-06-2025,,,, Repair Fund ,304003,,439,
ME-2025-0000672,304003,Repair Fund,LS 104,01-06-2025,,,, Repair Fund ,304003,,439,
ME-2025-0000681,304003,Repair Fund,LS 201,01-06-2025,,,, Repair Fund ,304003,,439,
ME-2025-0000690,304003,Repair Fund,LS 202,01-06-2025,,,, Repair Fund ,304003,,439,
ME-2025-0000702,304003,Repair Fund,LS 203,01-06-2025,,,, Repair Fund ,304003,,439,
ME-2025-0000712,304003,Repair Fund,LS 204,01-06-2025,,,, Repair Fund ,304003,,439,
ME-2025-0000722,304003,Repair Fund,LS 301,01-06-2025,,,, Repair Fund ,304003,,439,
ME-2025-0000732,304003,Repair Fund,LS 302,01-06-2025,,,, Repair Fund ,304003,,439,
ME-2025-0000743,304003,Repair Fund,LS 303,01-06-2025,,,, Repair Fund ,304003,,439,
ME-2025-0000752,304003,Repair Fund,LS 304,01-06-2025,,,, Repair Fund ,304003,,439,
ME-2025-0000762,304003,Repair Fund,LS 401,01-06-2025,,,, Repair Fund ,304003,,439,
ME-2025-0000772,304003,Repair Fund,LS 402,01-06-2025,,,, Repair Fund ,304003,,439,
ME-2025-0000782,304003,Repair Fund,LS 403,01-06-2025,,,, Repair Fund ,304003,,439,
ME-2025-0000791,304003,Repair Fund,LS 404,01-06-2025,,,, Repair Fund ,304003,,439,
ME-2025-0000801,304003,Repair Fund,LS 501,01-06-2025,,,, Repair Fund ,304003,,439,
ME-2025-0000811,304003,Repair Fund,LS 502,01-06-2025,,,, Repair Fund ,304003,,439,
ME-2025-0000822,304003,Repair Fund,LS 503,01-06-2025,,,, Repair Fund ,304003,,439,
ME-2025-0000834,304003,Repair Fund,LS 504,01-06-2025,,,, Repair Fund ,304003,,439,
ME-2025-0000845,304003,Repair Fund,LS 601,01-06-2025,,,, Repair Fund ,304003,,484,
ME-2025-0000868,304003,Repair Fund,LS 603,01-06-2025,,,, Repair Fund ,304003,,484,
ME-2025-0000877,304003,Repair Fund,LS 604,01-06-2025,,,, Repair Fund ,304003,,484,
ME-2025-0000887,304003,Repair Fund,LS 701801,01-06-2025,,,, Repair Fund ,304003,,968,
ME-2025-0000899,304003,Repair Fund,LS 702802,01-06-2025,,,, Repair Fund ,304003,,968,
ME-2025-0000910,304003,Repair Fund,LS 703803,01-06-2025,,,, Repair Fund ,304003,,968,
ME-2025-0000920,304003,Repair Fund,LS 704804,01-06-2025,,,, Repair Fund ,304003,,968,
ME-2025-0000945,304003,Repair Fund,LS 602,01-06-2025,,,, Repair Fund ,304003,,484,
ME-2025-0000983,304003,Repair Fund,LS 101,01-07-2025,,,, Repair Fund ,304003,,439,
ME-2025-0000993,304003,Repair Fund,LS 102,01-07-2025,,,, Repair Fund ,304003,,439,
ME-2025-0001004,304003,Repair Fund,LS 103,01-07-2025,,,, Repair Fund ,304003,,439,
ME-2025-0001013,304003,Repair Fund,LS 104,01-07-2025,,,, Repair Fund ,304003,,439,
ME-2025-0001022,304003,Repair Fund,LS 201,01-07-2025,,,, Repair Fund ,304003,,439,
ME-2025-0001031,304003,Repair Fund,LS 202,01-07-2025,,,, Repair Fund ,304003,,439,
ME-2025-0001043,304003,Repair Fund,LS 203,01-07-2025,,,, Repair Fund ,304003,,439,
ME-2025-0001053,304003,Repair Fund,LS 204,01-07-2025,,,, Repair Fund ,304003,,439,
ME-2025-0001062,304003,Repair Fund,LS 301,01-07-2025,,,, Repair Fund ,304003,,439,
ME-2025-0001072,304003,Repair Fund,LS 302,01-07-2025,,,, Repair Fund ,304003,,439,
ME-2025-0001083,304003,Repair Fund,LS 303,01-07-2025,,,, Repair Fund ,304003,,439,
ME-2025-0001092,304003,Repair Fund,LS 304,01-07-2025,,,, Repair Fund ,304003,,439,
ME-2025-0001102,304003,Repair Fund,LS 401,01-07-2025,,,, Repair Fund ,304003,,439,
ME-2025-0001112,304003,Repair Fund,LS 402,01-07-2025,,,, Repair Fund ,304003,,439,
ME-2025-0001122,304003,Repair Fund,LS 403,01-07-2025,,,, Repair Fund ,304003,,439,
ME-2025-0001131,304003,Repair Fund,LS 404,01-07-2025,,,, Repair Fund ,304003,,439,
ME-2025-0001141,304003,Repair Fund,LS 501,01-07-2025,,,, Repair Fund ,304003,,439,
ME-2025-0001151,304003,Repair Fund,LS 502,01-07-2025,,,, Repair Fund ,304003,,439,
ME-2025-0001162,304003,Repair Fund,LS 503,01-07-2025,,,, Repair Fund ,304003,,439,
ME-2025-0001174,304003,Repair Fund,LS 504,01-07-2025,,,, Repair Fund ,304003,,439,
ME-2025-0001185,304003,Repair Fund,LS 601,01-07-2025,,,, Repair Fund ,304003,,484,
ME-2025-0001195,304003,Repair Fund,LS 602,01-07-2025,,,, Repair Fund ,304003,,484,
ME-2025-0001205,304003,Repair Fund,LS 603,01-07-2025,,,, Repair Fund ,304003,,484,
ME-2025-0001214,304003,Repair Fund,LS 604,01-07-2025,,,, Repair Fund ,304003,,484,
ME-2025-0001224,304003,Repair Fund,LS 701801,01-07-2025,,,, Repair Fund ,304003,,968,
ME-2025-0001236,304003,Repair Fund,LS 702802,01-07-2025,,,, Repair Fund ,304003,,968,
ME-2025-0001247,304003,Repair Fund,LS 703803,01-07-2025,,,, Repair Fund ,304003,,968,
ME-2025-0001257,304003,Repair Fund,LS 704804,01-07-2025,,,, Repair Fund ,304003,,968,
ME-2025-0001291,304003,Repair Fund,LS 101,01-08-2025,,,, Repair Fund ,304003,,439,
ME-2025-0001301,304003,Repair Fund,LS 102,01-08-2025,,,, Repair Fund ,304003,,439,
ME-2025-0001312,304003,Repair Fund,LS 103,01-08-2025,,,, Repair Fund ,304003,,439,
ME-2025-0001322,304003,Repair Fund,LS 104,01-08-2025,,,, Repair Fund ,304003,,439,
ME-2025-0001331,304003,Repair Fund,LS 201,01-08-2025,,,, Repair Fund ,304003,,439,
ME-2025-0001341,304003,Repair Fund,LS 202,01-08-2025,,,, Repair Fund ,304003,,439,
ME-2025-0001353,304003,Repair Fund,LS 203,01-08-2025,,,, Repair Fund ,304003,,439,
ME-2025-0001363,304003,Repair Fund,LS 204,01-08-2025,,,, Repair Fund ,304003,,439,
ME-2025-0001372,304003,Repair Fund,LS 301,01-08-2025,,,, Repair Fund ,304003,,439,
ME-2025-0001382,304003,Repair Fund,LS 302,01-08-2025,,,, Repair Fund ,304003,,439,
ME-2025-0001393,304003,Repair Fund,LS 303,01-08-2025,,,, Repair Fund ,304003,,439,
ME-2025-0001402,304003,Repair Fund,LS 304,01-08-2025,,,, Repair Fund ,304003,,439,
ME-2025-0001412,304003,Repair Fund,LS 401,01-08-2025,,,, Repair Fund ,304003,,439,
ME-2025-0001422,304003,Repair Fund,LS 402,01-08-2025,,,, Repair Fund ,304003,,439,
ME-2025-0001432,304003,Repair Fund,LS 403,01-08-2025,,,, Repair Fund ,304003,,439,
ME-2025-0001441,304003,Repair Fund,LS 404,01-08-2025,,,, Repair Fund ,304003,,439,
ME-2025-0001451,304003,Repair Fund,LS 501,01-08-2025,,,, Repair Fund ,304003,,439,
ME-2025-0001461,304003,Repair Fund,LS 502,01-08-2025,,,, Repair Fund ,304003,,439,
ME-2025-0001472,304003,Repair Fund,LS 503,01-08-2025,,,, Repair Fund ,304003,,439,
ME-2025-0001484,304003,Repair Fund,LS 504,01-08-2025,,,, Repair Fund ,304003,,439,
ME-2025-0001495,304003,Repair Fund,LS 601,01-08-2025,,,, Repair Fund ,304003,,484,
ME-2025-0001515,304003,Repair Fund,LS 603,01-08-2025,,,, Repair Fund ,304003,,484,
ME-2025-0001524,304003,Repair Fund,LS 604,01-08-2025,,,, Repair Fund ,304003,,484,
ME-2025-0001534,304003,Repair Fund,LS 701801,01-08-2025,,,, Repair Fund ,304003,,968,
ME-2025-0001546,304003,Repair Fund,LS 702802,01-08-2025,,,, Repair Fund ,304003,,968,
ME-2025-0001557,304003,Repair Fund,LS 703803,01-08-2025,,,, Repair Fund ,304003,,968,
ME-2025-0001567,304003,Repair Fund,LS 704804,01-08-2025,,,, Repair Fund ,304003,,968,
ME-2025-0001589,304003,Repair Fund,LS 602,01-08-2025,,,, Repair Fund ,304003,,484,
ME-2025-0001628,304003,Repair Fund,LS 101,01-09-2025,,,, Repair Fund ,304003,,439,
ME-2025-0001638,304003,Repair Fund,LS 102,01-09-2025,,,, Repair Fund ,304003,,439,
ME-2025-0001649,304003,Repair Fund,LS 103,01-09-2025,,,, Repair Fund ,304003,,439,
ME-2025-0001658,304003,Repair Fund,LS 104,01-09-2025,,,, Repair Fund ,304003,,439,
ME-2025-0001667,304003,Repair Fund,LS 201,01-09-2025,,,, Repair Fund ,304003,,439,
ME-2025-0001677,304003,Repair Fund,LS 202,01-09-2025,,,, Repair Fund ,304003,,439,
ME-2025-0001689,304003,Repair Fund,LS 203,01-09-2025,,,, Repair Fund ,304003,,439,
ME-2025-0001699,304003,Repair Fund,LS 204,01-09-2025,,,, Repair Fund ,304003,,439,
ME-2025-0001709,304003,Repair Fund,LS 301,01-09-2025,,,, Repair Fund ,304003,,439,
ME-2025-0001719,304003,Repair Fund,LS 302,01-09-2025,,,, Repair Fund ,304003,,439,
ME-2025-0001730,304003,Repair Fund,LS 303,01-09-2025,,,, Repair Fund ,304003,,439,
ME-2025-0001739,304003,Repair Fund,LS 304,01-09-2025,,,, Repair Fund ,304003,,439,
ME-2025-0001749,304003,Repair Fund,LS 401,01-09-2025,,,, Repair Fund ,304003,,439,
ME-2025-0001759,304003,Repair Fund,LS 402,01-09-2025,,,, Repair Fund ,304003,,439,
ME-2025-0001769,304003,Repair Fund,LS 403,01-09-2025,,,, Repair Fund ,304003,,439,
ME-2025-0001778,304003,Repair Fund,LS 404,01-09-2025,,,, Repair Fund ,304003,,439,
ME-2025-0001788,304003,Repair Fund,LS 501,01-09-2025,,,, Repair Fund ,304003,,439,
ME-2025-0001798,304003,Repair Fund,LS 502,01-09-2025,,,, Repair Fund ,304003,,439,
ME-2025-0001809,304003,Repair Fund,LS 503,01-09-2025,,,, Repair Fund ,304003,,439,
ME-2025-0001821,304003,Repair Fund,LS 504,01-09-2025,,,, Repair Fund ,304003,,439,
ME-2025-0001832,304003,Repair Fund,LS 601,01-09-2025,,,, Repair Fund ,304003,,484,
ME-2025-0001844,304003,Repair Fund,LS 602,01-09-2025,,,, Repair Fund ,304003,,484,
ME-2025-0001855,304003,Repair Fund,LS 603,01-09-2025,,,, Repair Fund ,304003,,484,
ME-2025-0001865,304003,Repair Fund,LS 604,01-09-2025,,,, Repair Fund ,304003,,484,
ME-2025-0001875,304003,Repair Fund,LS 701801,01-09-2025,,,, Repair Fund ,304003,,968,
ME-2025-0001887,304003,Repair Fund,LS 702802,01-09-2025,,,, Repair Fund ,304003,,968,
ME-2025-0001898,304003,Repair Fund,LS 703803,01-09-2025,,,, Repair Fund ,304003,,968,
ME-2025-0001909,304003,Repair Fund,LS 704804,01-09-2025,,,, Repair Fund ,304003,,968,
ME-2025-0001942,304003,Repair Fund,LS 101,01-10-2025,,,, Repair Fund ,304003,,439,
ME-2025-0001952,304003,Repair Fund,LS 102,01-10-2025,,,, Repair Fund ,304003,,439,
ME-2025-0001963,304003,Repair Fund,LS 103,01-10-2025,,,, Repair Fund ,304003,,439,
ME-2025-0001972,304003,Repair Fund,LS 104,01-10-2025,,,, Repair Fund ,304003,,439,
ME-2025-0001981,304003,Repair Fund,LS 201,01-10-2025,,,, Repair Fund ,304003,,439,
ME-2025-0001990,304003,Repair Fund,LS 202,01-10-2025,,,, Repair Fund ,304003,,439,
ME-2025-0002000,304003,Repair Fund,LS 203,01-10-2025,,,, Repair Fund ,304003,,439,
ME-2025-0002010,304003,Repair Fund,LS 204,01-10-2025,,,, Repair Fund ,304003,,439,
ME-2025-0002020,304003,Repair Fund,LS 301,01-10-2025,,,, Repair Fund ,304003,,439,
ME-2025-0002030,304003,Repair Fund,LS 302,01-10-2025,,,, Repair Fund ,304003,,439,
ME-2025-0002041,304003,Repair Fund,LS 303,01-10-2025,,,, Repair Fund ,304003,,439,
ME-2025-0002050,304003,Repair Fund,LS 304,01-10-2025,,,, Repair Fund ,304003,,439,
ME-2025-0002060,304003,Repair Fund,LS 401,01-10-2025,,,, Repair Fund ,304003,,439,
ME-2025-0002070,304003,Repair Fund,LS 402,01-10-2025,,,, Repair Fund ,304003,,439,
ME-2025-0002079,304003,Repair Fund,LS 403,01-10-2025,,,, Repair Fund ,304003,,439,
ME-2025-0002088,304003,Repair Fund,LS 404,01-10-2025,,,, Repair Fund ,304003,,439,
ME-2025-0002098,304003,Repair Fund,LS 501,01-10-2025,,,, Repair Fund ,304003,,439,
ME-2025-0002107,304003,Repair Fund,LS 502,01-10-2025,,,, Repair Fund ,304003,,439,
ME-2025-0002117,304003,Repair Fund,LS 503,01-10-2025,,,, Repair Fund ,304003,,439,
ME-2025-0002128,304003,Repair Fund,LS 504,01-10-2025,,,, Repair Fund ,304003,,439,
ME-2025-0002140,304003,Repair Fund,LS 601,01-10-2025,,,, Repair Fund ,304003,,484,
ME-2025-0002151,304003,Repair Fund,LS 602,01-10-2025,,,, Repair Fund ,304003,,484,
ME-2025-0002162,304003,Repair Fund,LS 603,01-10-2025,,,, Repair Fund ,304003,,484,
ME-2025-0002171,304003,Repair Fund,LS 604,01-10-2025,,,, Repair Fund ,304003,,484,
ME-2025-0002181,304003,Repair Fund,LS 701801,01-10-2025,,,, Repair Fund ,304003,,968,
ME-2025-0002192,304003,Repair Fund,LS 702802,01-10-2025,,,, Repair Fund ,304003,,968,
ME-2025-0002203,304003,Repair Fund,LS 703803,01-10-2025,,,, Repair Fund ,304003,,968,
ME-2025-0002214,304003,Repair Fund,LS 704804,01-10-2025,,,, Repair Fund ,304003,,968,
ME-2025-0002249,304003,Repair Fund,LS 101,01-11-2025,,,, Repair Fund ,304003,,439,
ME-2025-0002259,304003,Repair Fund,LS 102,01-11-2025,,,, Repair Fund ,304003,,439,
ME-2025-0002270,304003,Repair Fund,LS 103,01-11-2025,,,, Repair Fund ,304003,,439,
ME-2025-0002279,304003,Repair Fund,LS 104,01-11-2025,,,, Repair Fund ,304003,,439,
ME-2025-0002288,304003,Repair Fund,LS 201,01-11-2025,,,, Repair Fund ,304003,,439,
ME-2025-0002297,304003,Repair Fund,LS 202,01-11-2025,,,, Repair Fund ,304003,,439,
ME-2025-0002307,304003,Repair Fund,LS 203,01-11-2025,,,, Repair Fund ,304003,,439,
ME-2025-0002317,304003,Repair Fund,LS 204,01-11-2025,,,, Repair Fund ,304003,,439,
ME-2025-0002326,304003,Repair Fund,LS 301,01-11-2025,,,, Repair Fund ,304003,,439,
ME-2025-0002337,304003,Repair Fund,LS 302,01-11-2025,,,, Repair Fund ,304003,,439,
ME-2025-0002348,304003,Repair Fund,LS 303,01-11-2025,,,, Repair Fund ,304003,,439,
ME-2025-0002357,304003,Repair Fund,LS 304,01-11-2025,,,, Repair Fund ,304003,,439,
ME-2025-0002367,304003,Repair Fund,LS 401,01-11-2025,,,, Repair Fund ,304003,,439,
ME-2025-0002377,304003,Repair Fund,LS 402,01-11-2025,,,, Repair Fund ,304003,,439,
ME-2025-0002386,304003,Repair Fund,LS 403,01-11-2025,,,, Repair Fund ,304003,,439,
ME-2025-0002395,304003,Repair Fund,LS 404,01-11-2025,,,, Repair Fund ,304003,,439,
ME-2025-0002405,304003,Repair Fund,LS 501,01-11-2025,,,, Repair Fund ,304003,,439,
ME-2025-0002414,304003,Repair Fund,LS 502,01-11-2025,,,, Repair Fund ,304003,,439,
ME-2025-0002424,304003,Repair Fund,LS 503,01-11-2025,,,, Repair Fund ,304003,,439,
ME-2025-0002435,304003,Repair Fund,LS 504,01-11-2025,,,, Repair Fund ,304003,,439,
ME-2025-0002446,304003,Repair Fund,LS 601,01-11-2025,,,, Repair Fund ,304003,,484,
ME-2025-0002457,304003,Repair Fund,LS 602,01-11-2025,,,, Repair Fund ,304003,,484,
ME-2025-0002468,304003,Repair Fund,LS 603,01-11-2025,,,, Repair Fund ,304003,,484,
ME-2025-0002477,304003,Repair Fund,LS 604,01-11-2025,,,, Repair Fund ,304003,,484,
ME-2025-0002487,304003,Repair Fund,LS 701801,01-11-2025,,,, Repair Fund ,304003,,968,
ME-2025-0002498,304003,Repair Fund,LS 702802,01-11-2025,,,, Repair Fund ,304003,,968,
ME-2025-0002509,304003,Repair Fund,LS 703803,01-11-2025,,,, Repair Fund ,304003,,968,
ME-2025-0002519,304003,Repair Fund,LS 704804,01-11-2025,,,, Repair Fund ,304003,,968,
ME-2025-0002556,304003,Repair Fund,LS 101,01-12-2025,,,, Repair Fund ,304003,,439,
ME-2025-0002566,304003,Repair Fund,LS 102,01-12-2025,,,, Repair Fund ,304003,,439,
ME-2025-0002577,304003,Repair Fund,LS 103,01-12-2025,,,, Repair Fund ,304003,,439,
ME-2025-0002586,304003,Repair Fund,LS 201,01-12-2025,,,, Repair Fund ,304003,,439,
ME-2025-0002595,304003,Repair Fund,LS 202,01-12-2025,,,, Repair Fund ,304003,,439,
ME-2025-0002605,304003,Repair Fund,LS 203,01-12-2025,,,, Repair Fund ,304003,,439,
ME-2025-0002616,304003,Repair Fund,LS 204,01-12-2025,,,, Repair Fund ,304003,,439,
ME-2025-0002626,304003,Repair Fund,LS 301,01-12-2025,,,, Repair Fund ,304003,,439,
ME-2025-0002637,304003,Repair Fund,LS 302,01-12-2025,,,, Repair Fund ,304003,,439,
ME-2025-0002648,304003,Repair Fund,LS 303,01-12-2025,,,, Repair Fund ,304003,,439,
ME-2025-0002657,304003,Repair Fund,LS 304,01-12-2025,,,, Repair Fund ,304003,,439,
ME-2025-0002667,304003,Repair Fund,LS 401,01-12-2025,,,, Repair Fund ,304003,,439,
ME-2025-0002677,304003,Repair Fund,LS 402,01-12-2025,,,, Repair Fund ,304003,,439,
ME-2025-0002686,304003,Repair Fund,LS 403,01-12-2025,,,, Repair Fund ,304003,,439,
ME-2025-0002695,304003,Repair Fund,LS 404,01-12-2025,,,, Repair Fund ,304003,,439,
ME-2025-0002705,304003,Repair Fund,LS 501,01-12-2025,,,, Repair Fund ,304003,,439,
ME-2025-0002714,304003,Repair Fund,LS 502,01-12-2025,,,, Repair Fund ,304003,,439,
ME-2025-0002724,304003,Repair Fund,LS 503,01-12-2025,,,, Repair Fund ,304003,,439,
ME-2025-0002735,304003,Repair Fund,LS 504,01-12-2025,,,, Repair Fund ,304003,,439,
ME-2025-0002746,304003,Repair Fund,LS 601,01-12-2025,,,, Repair Fund ,304003,,484,
ME-2025-0002757,304003,Repair Fund,LS 602,01-12-2025,,,, Repair Fund ,304003,,484,
ME-2025-0002768,304003,Repair Fund,LS 603,01-12-2025,,,, Repair Fund ,304003,,484,
ME-2025-0002777,304003,Repair Fund,LS 604,01-12-2025,,,, Repair Fund ,304003,,484,
ME-2025-0002787,304003,Repair Fund,LS 701801,01-12-2025,,,, Repair Fund ,304003,,968,
ME-2025-0002798,304003,Repair Fund,LS 702802,01-12-2025,,,, Repair Fund ,304003,,968,
ME-2025-0002809,304003,Repair Fund,LS 703803,01-12-2025,,,, Repair Fund ,304003,,968,
ME-2025-0002819,304003,Repair Fund,LS 704804,01-12-2025,,,, Repair Fund ,304003,,968,
ME-2025-0002832,304003,Repair Fund,LS 104,01-12-2025,,,, Repair Fund ,304003,,439,
ME-2025-0002867,304003,Repair Fund,LS 101,01-01-2026,,,, Repair Fund ,304003,,439,
ME-2025-0002877,304003,Repair Fund,LS 102,01-01-2026,,,, Repair Fund ,304003,,439,
ME-2025-0002888,304003,Repair Fund,LS 103,01-01-2026,,,, Repair Fund ,304003,,439,
ME-2025-0002897,304003,Repair Fund,LS 104,01-01-2026,,,, Repair Fund ,304003,,439,
ME-2025-0002906,304003,Repair Fund,LS 201,01-01-2026,,,, Repair Fund ,304003,,439,
ME-2025-0002915,304003,Repair Fund,LS 202,01-01-2026,,,, Repair Fund ,304003,,439,
ME-2025-0002925,304003,Repair Fund,LS 203,01-01-2026,,,, Repair Fund ,304003,,439,
ME-2025-0002936,304003,Repair Fund,LS 204,01-01-2026,,,, Repair Fund ,304003,,439,
ME-2025-0002946,304003,Repair Fund,LS 301,01-01-2026,,,, Repair Fund ,304003,,439,
ME-2025-0002956,304003,Repair Fund,LS 302,01-01-2026,,,, Repair Fund ,304003,,439,
ME-2025-0002967,304003,Repair Fund,LS 303,01-01-2026,,,, Repair Fund ,304003,,439,
ME-2025-0002976,304003,Repair Fund,LS 304,01-01-2026,,,, Repair Fund ,304003,,439,
ME-2025-0002986,304003,Repair Fund,LS 401,01-01-2026,,,, Repair Fund ,304003,,439,
ME-2025-0002996,304003,Repair Fund,LS 402,01-01-2026,,,, Repair Fund ,304003,,439,
ME-2025-0003005,304003,Repair Fund,LS 403,01-01-2026,,,, Repair Fund ,304003,,439,
ME-2025-0003014,304003,Repair Fund,LS 404,01-01-2026,,,, Repair Fund ,304003,,439,
ME-2025-0003024,304003,Repair Fund,LS 501,01-01-2026,,,, Repair Fund ,304003,,439,
ME-2025-0003033,304003,Repair Fund,LS 502,01-01-2026,,,, Repair Fund ,304003,,439,
ME-2025-0003043,304003,Repair Fund,LS 503,01-01-2026,,,, Repair Fund ,304003,,439,
ME-2025-0003054,304003,Repair Fund,LS 504,01-01-2026,,,, Repair Fund ,304003,,439,
ME-2025-0003065,304003,Repair Fund,LS 601,01-01-2026,,,, Repair Fund ,304003,,484,
ME-2025-0003076,304003,Repair Fund,LS 602,01-01-2026,,,, Repair Fund ,304003,,484,
ME-2025-0003087,304003,Repair Fund,LS 603,01-01-2026,,,, Repair Fund ,304003,,484,
ME-2025-0003096,304003,Repair Fund,LS 604,01-01-2026,,,, Repair Fund ,304003,,484,
ME-2025-0003106,304003,Repair Fund,LS 701801,01-01-2026,,,, Repair Fund ,304003,,968,
ME-2025-0003117,304003,Repair Fund,LS 702802,01-01-2026,,,, Repair Fund ,304003,,968,
ME-2025-0003128,304003,Repair Fund,LS 703803,01-01-2026,,,, Repair Fund ,304003,,968,
ME-2025-0003138,304003,Repair Fund,LS 704804,01-01-2026,,,, Repair Fund ,304003,,968,
ME-2025-0003169,304003,Repair Fund,LS 101,01-02-2026,,,, Repair Fund ,304003,,439,
ME-2025-0003179,304003,Repair Fund,LS 102,01-02-2026,,,, Repair Fund ,304003,,439,
ME-2025-0003190,304003,Repair Fund,LS 103,01-02-2026,,,, Repair Fund ,304003,,439,
ME-2025-0003199,304003,Repair Fund,LS 104,01-02-2026,,,, Repair Fund ,304003,,439,
ME-2025-0003208,304003,Repair Fund,LS 201,01-02-2026,,,, Repair Fund ,304003,,439,
ME-2025-0003217,304003,Repair Fund,LS 202,01-02-2026,,,, Repair Fund ,304003,,439,
ME-2025-0003227,304003,Repair Fund,LS 203,01-02-2026,,,, Repair Fund ,304003,,439,
ME-2025-0003238,304003,Repair Fund,LS 204,01-02-2026,,,, Repair Fund ,304003,,439,
ME-2025-0003248,304003,Repair Fund,LS 301,01-02-2026,,,, Repair Fund ,304003,,439,
ME-2025-0003258,304003,Repair Fund,LS 302,01-02-2026,,,, Repair Fund ,304003,,439,
ME-2025-0003269,304003,Repair Fund,LS 303,01-02-2026,,,, Repair Fund ,304003,,439,
ME-2025-0003278,304003,Repair Fund,LS 304,01-02-2026,,,, Repair Fund ,304003,,439,
ME-2025-0003288,304003,Repair Fund,LS 401,01-02-2026,,,, Repair Fund ,304003,,439,
ME-2025-0003298,304003,Repair Fund,LS 402,01-02-2026,,,, Repair Fund ,304003,,439,
ME-2025-0003307,304003,Repair Fund,LS 403,01-02-2026,,,, Repair Fund ,304003,,439,
ME-2025-0003316,304003,Repair Fund,LS 404,01-02-2026,,,, Repair Fund ,304003,,439,
ME-2025-0003326,304003,Repair Fund,LS 501,01-02-2026,,,, Repair Fund ,304003,,439,
ME-2025-0003335,304003,Repair Fund,LS 502,01-02-2026,,,, Repair Fund ,304003,,439,
ME-2025-0003345,304003,Repair Fund,LS 503,01-02-2026,,,, Repair Fund ,304003,,439,
ME-2025-0003356,304003,Repair Fund,LS 504,01-02-2026,,,, Repair Fund ,304003,,439,
ME-2025-0003367,304003,Repair Fund,LS 601,01-02-2026,,,, Repair Fund ,304003,,484,
ME-2025-0003378,304003,Repair Fund,LS 602,01-02-2026,,,, Repair Fund ,304003,,484,
ME-2025-0003389,304003,Repair Fund,LS 603,01-02-2026,,,, Repair Fund ,304003,,484,
ME-2025-0003398,304003,Repair Fund,LS 604,01-02-2026,,,, Repair Fund ,304003,,484,
ME-2025-0003408,304003,Repair Fund,LS 701801,01-02-2026,,,, Repair Fund ,304003,,968,
ME-2025-0003419,304003,Repair Fund,LS 702802,01-02-2026,,,, Repair Fund ,304003,,968,
ME-2025-0003431,304003,Repair Fund,LS 703803,01-02-2026,,,, Repair Fund ,304003,,968,
ME-2025-0003441,304003,Repair Fund,LS 704804,01-02-2026,,,, Repair Fund ,304003,,968,
ME-2025-0003480,304003,Repair Fund,LS 101,01-03-2026,,,, Repair Fund ,304003,,439,
ME-2025-0003490,304003,Repair Fund,LS 102,01-03-2026,,,, Repair Fund ,304003,,439,
ME-2025-0003501,304003,Repair Fund,LS 103,01-03-2026,,,, Repair Fund ,304003,,439,
ME-2025-0003510,304003,Repair Fund,LS 104,01-03-2026,,,, Repair Fund ,304003,,439,
ME-2025-0003519,304003,Repair Fund,LS 201,01-03-2026,,,, Repair Fund ,304003,,439,
ME-2025-0003528,304003,Repair Fund,LS 202,01-03-2026,,,, Repair Fund ,304003,,439,
ME-2025-0003538,304003,Repair Fund,LS 203,01-03-2026,,,, Repair Fund ,304003,,439,
ME-2025-0003548,304003,Repair Fund,LS 204,01-03-2026,,,, Repair Fund ,304003,,439,
ME-2025-0003558,304003,Repair Fund,LS 301,01-03-2026,,,, Repair Fund ,304003,,439,
ME-2025-0003568,304003,Repair Fund,LS 302,01-03-2026,,,, Repair Fund ,304003,,439,
ME-2025-0003579,304003,Repair Fund,LS 303,01-03-2026,,,, Repair Fund ,304003,,439,
ME-2025-0003588,304003,Repair Fund,LS 304,01-03-2026,,,, Repair Fund ,304003,,439,
ME-2025-0003598,304003,Repair Fund,LS 401,01-03-2026,,,, Repair Fund ,304003,,439,
ME-2025-0003608,304003,Repair Fund,LS 402,01-03-2026,,,, Repair Fund ,304003,,439,
ME-2025-0003617,304003,Repair Fund,LS 403,01-03-2026,,,, Repair Fund ,304003,,439,
ME-2025-0003626,304003,Repair Fund,LS 404,01-03-2026,,,, Repair Fund ,304003,,439,
ME-2025-0003636,304003,Repair Fund,LS 501,01-03-2026,,,, Repair Fund ,304003,,439,
ME-2025-0003645,304003,Repair Fund,LS 502,01-03-2026,,,, Repair Fund ,304003,,439,
ME-2025-0003655,304003,Repair Fund,LS 503,01-03-2026,,,, Repair Fund ,304003,,439,
ME-2025-0003666,304003,Repair Fund,LS 504,01-03-2026,,,, Repair Fund ,304003,,439,
ME-2025-0003677,304003,Repair Fund,LS 601,01-03-2026,,,, Repair Fund ,304003,,484,
ME-2025-0003688,304003,Repair Fund,LS 602,01-03-2026,,,, Repair Fund ,304003,,484,
ME-2025-0003699,304003,Repair Fund,LS 603,01-03-2026,,,, Repair Fund ,304003,,484,
ME-2025-0003708,304003,Repair Fund,LS 604,01-03-2026,,,, Repair Fund ,304003,,484,
ME-2025-0003718,304003,Repair Fund,LS 701801,01-03-2026,,,, Repair Fund ,304003,,968,
ME-2025-0003729,304003,Repair Fund,LS 702802,01-03-2026,,,, Repair Fund ,304003,,968,
ME-2025-0003740,304003,Repair Fund,LS 703803,01-03-2026,,,, Repair Fund ,304003,,968,
ME-2025-0003750,304003,Repair Fund,LS 704804,01-03-2026,,,, Repair Fund ,304003,,968,
JE-2025-0000137,304003,Repair Fund,,31-03-2026,Being members contribution toward fund trf to liab FY 25-26,,, Repair Fund ,304003,175056.00,,

"","","","","","","","","","","175056","175056",

"Income - Members > Contigency Fund ( 304005 ) ",
"Journal No","Other GL No.","Other Account","Subledger","Posted Date","Comments","Instrument No.","Instrument Bank","Account Name","GL Account No.","Debit","Credit",
"","","","","","Opening Balance","",""," Contigency Fund ","304005","","",
ME-2025-0000003,304005,Contigency Fund,LS 101,01-04-2025,,,, Contigency Fund ,304005,,1200,
ME-2025-0000063,304005,Contigency Fund,LS 203,01-04-2025,,,, Contigency Fund ,304005,,1200,
ME-2025-0000170,304005,Contigency Fund,LS 502,01-04-2025,,,, Contigency Fund ,304005,,1200,
ME-2025-0000181,304005,Contigency Fund,LS 503,01-04-2025,,,, Contigency Fund ,304005,,1200,
ME-2025-0000193,304005,Contigency Fund,LS 504,01-04-2025,,,, Contigency Fund ,304005,,1200,
ME-2025-0000216,304005,Contigency Fund,LS 602,01-04-2025,,,, Contigency Fund ,304005,,1200,
ME-2025-0000258,304005,Contigency Fund,LS 702802,01-04-2025,,,, Contigency Fund ,304005,,2400,
ME-2025-0000317,304005,Contigency Fund,LS 101,01-05-2025,,,, Contigency Fund ,304005,,1200,
ME-2025-0000377,304005,Contigency Fund,LS 203,01-05-2025,,,, Contigency Fund ,304005,,1200,
ME-2025-0000486,304005,Contigency Fund,LS 502,01-05-2025,,,, Contigency Fund ,304005,,1200,
ME-2025-0000497,304005,Contigency Fund,LS 503,01-05-2025,,,, Contigency Fund ,304005,,1200,
ME-2025-0000509,304005,Contigency Fund,LS 504,01-05-2025,,,, Contigency Fund ,304005,,1200,
ME-2025-0000532,304005,Contigency Fund,LS 602,01-05-2025,,,, Contigency Fund ,304005,,1200,
ME-2025-0000574,304005,Contigency Fund,LS 702802,01-05-2025,,,, Contigency Fund ,304005,,2400,
ME-2025-0000637,304005,Contigency Fund,LS 101,01-06-2025,,,, Contigency Fund ,304005,,1200,
ME-2025-0000697,304005,Contigency Fund,LS 203,01-06-2025,,,, Contigency Fund ,304005,,1200,
ME-2025-0000806,304005,Contigency Fund,LS 502,01-06-2025,,,, Contigency Fund ,304005,,1200,
ME-2025-0000817,304005,Contigency Fund,LS 503,01-06-2025,,,, Contigency Fund ,304005,,1200,
ME-2025-0000829,304005,Contigency Fund,LS 504,01-06-2025,,,, Contigency Fund ,304005,,1200,
ME-2025-0000894,304005,Contigency Fund,LS 702802,01-06-2025,,,, Contigency Fund ,304005,,2400,
ME-2025-0000978,304005,Contigency Fund,LS 101,01-07-2025,,,, Contigency Fund ,304005,,1200,
ME-2025-0001038,304005,Contigency Fund,LS 203,01-07-2025,,,, Contigency Fund ,304005,,1200,
ME-2025-0001146,304005,Contigency Fund,LS 502,01-07-2025,,,, Contigency Fund ,304005,,1200,
ME-2025-0001157,304005,Contigency Fund,LS 503,01-07-2025,,,, Contigency Fund ,304005,,1200,
ME-2025-0001169,304005,Contigency Fund,LS 504,01-07-2025,,,, Contigency Fund ,304005,,1200,
ME-2025-0001231,304005,Contigency Fund,LS 702802,01-07-2025,,,, Contigency Fund ,304005,,2400,
ME-2025-0001286,304005,Contigency Fund,LS 101,01-08-2025,,,, Contigency Fund ,304005,,1200,
ME-2025-0001348,304005,Contigency Fund,LS 203,01-08-2025,,,, Contigency Fund ,304005,,1200,
ME-2025-0001456,304005,Contigency Fund,LS 502,01-08-2025,,,, Contigency Fund ,304005,,1200,
ME-2025-0001467,304005,Contigency Fund,LS 503,01-08-2025,,,, Contigency Fund ,304005,,1200,
ME-2025-0001479,304005,Contigency Fund,LS 504,01-08-2025,,,, Contigency Fund ,304005,,1200,
ME-2025-0001541,304005,Contigency Fund,LS 702802,01-08-2025,,,, Contigency Fund ,304005,,2400,
ME-2025-0001584,304005,Contigency Fund,LS 602,01-08-2025,,,, Contigency Fund ,304005,,1200,
ME-2025-0001623,304005,Contigency Fund,LS 101,01-09-2025,,,, Contigency Fund ,304005,,1200,
ME-2025-0001684,304005,Contigency Fund,LS 203,01-09-2025,,,, Contigency Fund ,304005,,1200,
ME-2025-0001793,304005,Contigency Fund,LS 502,01-09-2025,,,, Contigency Fund ,304005,,1200,
ME-2025-0001804,304005,Contigency Fund,LS 503,01-09-2025,,,, Contigency Fund ,304005,,1200,
ME-2025-0001816,304005,Contigency Fund,LS 504,01-09-2025,,,, Contigency Fund ,304005,,1200,
ME-2025-0001839,304005,Contigency Fund,LS 602,01-09-2025,,,, Contigency Fund ,304005,,1200,
ME-2025-0001882,304005,Contigency Fund,LS 702802,01-09-2025,,,, Contigency Fund ,304005,,2400,
JE-2025-0000121,304005,Contigency Fund,,01-05-2025,Credit Note For NOC  Contigency & Parking charged in May 2025,,, Contigency Fund ,304005,1200.00,,
JE-2025-0000137,304005,Contigency Fund,,31-03-2026,Being members contribution toward fund trf to liab FY 25-26,,, Contigency Fund ,304005,54000.00,,

"","","","","","","","","","","55200","55200",

"Income - Members > Shifting Charges - Move In And Move Out ( 305005 ) ",
"Journal No","Other GL No.","Other Account","Subledger","Posted Date","Comments","Instrument No.","Instrument Bank","Account Name","GL Account No.","Debit","Credit",
"","","","","","Opening Balance","",""," Shifting Charges - Move In And Move Out ","305005","","",
ME-2025-0001608,305005,Shifting Charges - Move In And Move Out,LS 602,01-08-2025,602,,, Shifting Charges - Move In And Move Out ,305005,,2000,

"Balance : 2000(Credit)","","","","","","","","","","0","2000",

"Income - Non Members > Interest Income - Savings Account ( 306001 ) ",
"Journal No","Other GL No.","Other Account","Subledger","Posted Date","Comments","Instrument No.","Instrument Bank","Account Name","GL Account No.","Debit","Credit",
"","","","","","Opening Balance","",""," Interest Income - Savings Account ","306001","","",
JE-2025-0000050,306001,Interest Income - Savings Account,,30-06-2025,Being Int recd on Saving Account 01 april  to 29 jun 2025,,, Interest Income - Savings Account ,306001,,115.00,
JE-2025-0000054,306001,Interest Income - Savings Account,,30-06-2025,Being Int recd on Saving Account April to jun 2025,,, Interest Income - Savings Account ,306001,,44.00,
JE-2025-0000005,306001,Interest Income - Savings Account,,30-09-2025,Being saving bank interest received 01.04.25 to 29.09.25,,, Interest Income - Savings Account ,306001,,5078.00,
JE-2025-0000051,306001,Interest Income - Savings Account,,30-09-2025,Being Int recd on Saving Account 30 jun to 30 sep 2025,,, Interest Income - Savings Account ,306001,,111.00,
JE-2025-0000055,306001,Interest Income - Savings Account,,30-09-2025,Being Int recd on Saving Account jul 2025 to 30 sep 2025,,, Interest Income - Savings Account ,306001,,45.00,
JE-2025-0000077,306001,Interest Income - Savings Account,,30-09-2025,Being Int recd on Saving Account Apr 25 to sep 25,,, Interest Income - Savings Account ,306001,,238.00,
JE-2025-0000052,306001,Interest Income - Savings Account,,30-12-2025,Being Int recd on Saving Account Oct 2025 to 29 Dec 2025,,, Interest Income - Savings Account ,306001,,108.00,
JE-2025-0000056,306001,Interest Income - Savings Account,,31-12-2025,Being Int recd on Saving Account oct to dec 2025,,, Interest Income - Savings Account ,306001,,43.00,
JE-2025-0000011,306001,Interest Income - Savings Account,,31-03-2026,Being 02103130004539  Int.Pd 30-09-2025 to 30-03-2026,,, Interest Income - Savings Account ,306001,,6520.00,
JE-2025-0000053,306001,Interest Income - Savings Account,,31-03-2026,Being Int recd on Saving Account 30 Dec to 31 March 2025,,, Interest Income - Savings Account ,306001,,111.00,
JE-2025-0000059,306001,Interest Income - Savings Account,,31-03-2026,Being Int recd on Saving Account jan 2026 to march 2026,,, Interest Income - Savings Account ,306001,,47.00,
JE-2025-0000078,306001,Interest Income - Savings Account,,31-03-2026,Being Int recd on Saving Account Oct 25 to Mar 2026,,, Interest Income - Savings Account ,306001,,253.00,

"Balance : 12713(Credit)","","","","","","","","","","0","12713",

"Income - Non Members > Interest Income - Fixed Deposit  ( 306002 ) ",
"Journal No","Other GL No.","Other Account","Subledger","Posted Date","Comments","Instrument No.","Instrument Bank","Account Name","GL Account No.","Debit","Credit",
"","","","","","Opening Balance","",""," Interest Income - Fixed Deposit  ","306002","","",
JE-2025-0000034,306002,Interest Income - Fixed Deposit ,,14-04-2025,Being FD 41420 renewed and remade SCB - RF,,, Interest Income - Fixed Deposit  ,306002,,1184.00,
JE-2025-0000109,306002,Interest Income - Fixed Deposit ,,25-06-2025,Being FD 3053384 renewed and remade CIT - CF,,, Interest Income - Fixed Deposit  ,306002,,2358.00,
JE-2025-0000111,306002,Interest Income - Fixed Deposit ,,25-06-2025,Being FD 3053386 renewed and remade CIT - SF,,, Interest Income - Fixed Deposit  ,306002,,1218.00,
JE-2025-0000001,306002,Interest Income - Fixed Deposit ,,30-06-2025,Being Int recd on FD  TD102101030043943 - SC SVC,,, Interest Income - Fixed Deposit  ,306002,,253.00,
JE-2025-0000073,306002,Interest Income - Fixed Deposit ,,30-06-2025,Being int on FD 301100,,, Interest Income - Fixed Deposit  ,306002,,438.00,
JE-2025-0000113,306002,Interest Income - Fixed Deposit ,,05-07-2025,Being FD 3053396 renewed and remade CIT - SDF,,, Interest Income - Fixed Deposit  ,306002,,578.00,
JE-2025-0000115,306002,Interest Income - Fixed Deposit ,,10-09-2025,Being FD 3053502 renewed and remade CIT - CF,,, Interest Income - Fixed Deposit  ,306002,,2878.00,
JE-2025-0000004,306002,Interest Income - Fixed Deposit ,,30-09-2025,Being int on FD  102101030043943 SVC,,, Interest Income - Fixed Deposit  ,306002,,254.00,
JE-2025-0000074,306002,Interest Income - Fixed Deposit ,,30-09-2025,Being int on FD 301100,,, Interest Income - Fixed Deposit  ,306002,,438.00,
JE-2025-0000080,306002,Interest Income - Fixed Deposit ,,07-10-2025,Being FD 191583 redeeem & credited in bank SVC REF,,, Interest Income - Fixed Deposit  ,306002,,6134.00,
JE-2025-0000096,306002,Interest Income - Fixed Deposit ,,08-11-2025,Being FD 6605400011724 renewed and remade MDCC - SF,,, Interest Income - Fixed Deposit  ,306002,,2194.00,
JE-2025-0000014,306002,Interest Income - Fixed Deposit ,,28-11-2025,Being FD TD0000413095 renewed and remade SCB - RF,,, Interest Income - Fixed Deposit  ,306002,,1270.00,
JE-2025-0000016,306002,Interest Income - Fixed Deposit ,,28-11-2025,Being FD TD0000413096 renewed and remade SCB - RMF,,, Interest Income - Fixed Deposit  ,306002,,12756.00,
JE-2025-0000018,306002,Interest Income - Fixed Deposit ,,28-11-2025,Being FD TD0000413097 renewed and remade SCB - RF,,, Interest Income - Fixed Deposit  ,306002,,1605.00,
JE-2025-0000020,306002,Interest Income - Fixed Deposit ,,28-11-2025,Being FD TD0000413098 renewed and remade SCB - CF,,, Interest Income - Fixed Deposit  ,306002,,3499.00,
JE-2025-0000022,306002,Interest Income - Fixed Deposit ,,28-11-2025,Being FD TD0000413100 renewed and remade SCB - PF,,, Interest Income - Fixed Deposit  ,306002,,11237.00,
JE-2025-0000105,306002,Interest Income - Fixed Deposit ,,30-11-2025,Being FD 6605400015102 renewed and remade MDCC - SF,,, Interest Income - Fixed Deposit  ,306002,,3397.00,
JE-2025-0000094,306002,Interest Income - Fixed Deposit ,,30-12-2025,Being FD 6605400012118 renewed and remade MDCC - SF,,, Interest Income - Fixed Deposit  ,306002,,4301.00,
JE-2025-0000007,306002,Interest Income - Fixed Deposit ,,31-12-2025,Being interest recd on fixed deposit TD102101030043943,,, Interest Income - Fixed Deposit  ,306002,,254.00,
JE-2025-0000075,306002,Interest Income - Fixed Deposit ,,31-12-2025,Being int on FD 301100,,, Interest Income - Fixed Deposit  ,306002,,438.00,
JE-2025-0000024,306002,Interest Income - Fixed Deposit ,,10-01-2026,Being FD TD0000413488 renewed and remade SCB - RMF,,, Interest Income - Fixed Deposit  ,306002,,24661.00,
JE-2025-0000085,306002,Interest Income - Fixed Deposit ,,08-02-2026,Being FD 6605300015439 renewed and remade MDCC - RF,,, Interest Income - Fixed Deposit  ,306002,,1717.00,
JE-2025-0000098,306002,Interest Income - Fixed Deposit ,,08-02-2026,Being FD 6605300015441 renewed and remade MDCC - CF,,, Interest Income - Fixed Deposit  ,306002,,8985.00,
JE-2025-0000102,306002,Interest Income - Fixed Deposit ,,08-02-2026,Being FD 6605400013159 renewed and remade MDCC - SF,,, Interest Income - Fixed Deposit  ,306002,,5736.00,
JE-2025-0000083,306002,Interest Income - Fixed Deposit ,,28-03-2026,Being FD 6605400009713 renewed and remade MDCC - SF,,, Interest Income - Fixed Deposit  ,306002,,1940.00,
JE-2025-0000088,306002,Interest Income - Fixed Deposit ,,28-03-2026,Being FD 6605300011350 renewed and remade MDCC - CF,,, Interest Income - Fixed Deposit  ,306002,,2716.00,
JE-2025-0000010,306002,Interest Income - Fixed Deposit ,,31-03-2026,Being TD 102101030043943 Int 254.00 and TAX 25.00,,, Interest Income - Fixed Deposit  ,306002,,254.00,
JE-2025-0000012,306002,Interest Income - Fixed Deposit ,,31-03-2026,Being int accu on FD 39864 - SF - SVC,,, Interest Income - Fixed Deposit  ,306002,,1476.00,
JE-2025-0000013,306002,Interest Income - Fixed Deposit ,,31-03-2026,Being int accu on FD TD0000413093 - PF - SCB,,, Interest Income - Fixed Deposit  ,306002,,15337.00,
JE-2025-0000015,306002,Interest Income - Fixed Deposit ,,31-03-2026,Being FD TD0000413095 renewed and remade SCB - RF,,, Interest Income - Fixed Deposit  ,306002,,660.00,
JE-2025-0000017,306002,Interest Income - Fixed Deposit ,,31-03-2026,Being int accu on FD TD0000413096 - RMF - SCB,,, Interest Income - Fixed Deposit  ,306002,,6629.00,
JE-2025-0000019,306002,Interest Income - Fixed Deposit ,,31-03-2026,Being int accu on FD TD0000413097 - RF - SCB,,, Interest Income - Fixed Deposit  ,306002,,834.00,
JE-2025-0000021,306002,Interest Income - Fixed Deposit ,,31-03-2026,Being int accu on FD TD0000413098 - CF - SCB,,, Interest Income - Fixed Deposit  ,306002,,1818.00,
JE-2025-0000023,306002,Interest Income - Fixed Deposit ,,31-03-2026,Being int accu on FD TD0000413100 - PF - SCB,,, Interest Income - Fixed Deposit  ,306002,,5840.00,
JE-2025-0000025,306002,Interest Income - Fixed Deposit ,,31-03-2026,Being int accu on FD TD0000413488 - RMF - SCB,,, Interest Income - Fixed Deposit  ,306002,,7118.00,
JE-2025-0000026,306002,Interest Income - Fixed Deposit ,,31-03-2026,Being int accru on FD TD1001257525 - PF - SCB,,, Interest Income - Fixed Deposit  ,306002,,21429.00,
JE-2025-0000027,306002,Interest Income - Fixed Deposit ,,31-03-2026,Being int accu on FD 39874 - RF - SVC,,, Interest Income - Fixed Deposit  ,306002,,1091.00,
JE-2025-0000028,306002,Interest Income - Fixed Deposit ,,31-03-2026,Being int accu on FD 39880  - RF - SVC,,, Interest Income - Fixed Deposit  ,306002,,1091.00,
JE-2025-0000029,306002,Interest Income - Fixed Deposit ,,31-03-2026,Being int accu on FD 39990 - SF - SVC,,, Interest Income - Fixed Deposit  ,306002,,8109.00,
JE-2025-0000030,306002,Interest Income - Fixed Deposit ,,31-03-2026,Being int accu on FD 39995 - SF - SVC,,, Interest Income - Fixed Deposit  ,306002,,24332.00,
JE-2025-0000031,306002,Interest Income - Fixed Deposit ,,31-03-2026,Being int accu on FD 41141 - SF - SVC,,, Interest Income - Fixed Deposit  ,306002,,9937.00,
JE-2025-0000032,306002,Interest Income - Fixed Deposit ,,31-03-2026,Being int accu on FD 41367 - CF - SVC,,, Interest Income - Fixed Deposit  ,306002,,9970.00,
JE-2025-0000033,306002,Interest Income - Fixed Deposit ,,31-03-2026,Being int accu on FD 41369 - SDF - SVC,,, Interest Income - Fixed Deposit  ,306002,,934.00,
JE-2025-0000035,306002,Interest Income - Fixed Deposit ,,31-03-2026,Being int accu on FD 41420 - RF - SVC,,, Interest Income - Fixed Deposit  ,306002,,33617.00,
JE-2025-0000036,306002,Interest Income - Fixed Deposit ,,31-03-2026,Being int accu on FD 41718 - CF - SVC,,, Interest Income - Fixed Deposit  ,306002,,811.00,
JE-2025-0000037,306002,Interest Income - Fixed Deposit ,,31-03-2026,Being int accu on FD 41796 - CF - SVC,,, Interest Income - Fixed Deposit  ,306002,,7020.00,
JE-2025-0000038,306002,Interest Income - Fixed Deposit ,,31-03-2026,Being int accu on FD 41799 - SF - SVC,,, Interest Income - Fixed Deposit  ,306002,,6811.00,
JE-2025-0000039,306002,Interest Income - Fixed Deposit ,,31-03-2026,Being int accu on FD 41981 - SDF - SVC,,, Interest Income - Fixed Deposit  ,306002,,1071.00,
JE-2025-0000040,306002,Interest Income - Fixed Deposit ,,31-03-2026,Being int accu on FD 42391 - GRF - SVC,,, Interest Income - Fixed Deposit  ,306002,,901.00,
JE-2025-0000041,306002,Interest Income - Fixed Deposit ,,31-03-2026,Being int accu on FD 42392 - CF - SVC,,, Interest Income - Fixed Deposit  ,306002,,17322.00,
JE-2025-0000042,306002,Interest Income - Fixed Deposit ,,31-03-2026,Being int accu on FD 42877 - RMF - SVC,,, Interest Income - Fixed Deposit  ,306002,,4305.00,
JE-2025-0000043,306002,Interest Income - Fixed Deposit ,,31-03-2026,Being int accu on FD 42878 - GRF - SVC,,, Interest Income - Fixed Deposit  ,306002,,1435.00,
JE-2025-0000044,306002,Interest Income - Fixed Deposit ,,31-03-2026,Being int accu on FD 42886 - GRF - SVC,,, Interest Income - Fixed Deposit  ,306002,,688.00,
JE-2025-0000045,306002,Interest Income - Fixed Deposit ,,31-03-2026,Being int accu on FD 42887 - RMF - SVC,,, Interest Income - Fixed Deposit  ,306002,,27234.00,
JE-2025-0000046,306002,Interest Income - Fixed Deposit ,,31-03-2026,Being int accu on FD 42888 - CF - SVC,,, Interest Income - Fixed Deposit  ,306002,,7844.00,
JE-2025-0000047,306002,Interest Income - Fixed Deposit ,,31-03-2026,Being int accu on FD 42907 - RMF - SVC,,, Interest Income - Fixed Deposit  ,306002,,12051.00,
JE-2025-0000048,306002,Interest Income - Fixed Deposit ,,31-03-2026,Being int accu on FD 43583 - RMF - SVC,,, Interest Income - Fixed Deposit  ,306002,,13903.00,
JE-2025-0000049,306002,Interest Income - Fixed Deposit ,,31-03-2026,Being int accu on FD 43584 - CF - SVC,,, Interest Income - Fixed Deposit  ,306002,,8006.00,
JE-2025-0000057,306002,Interest Income - Fixed Deposit ,,31-03-2026,Being int recd on FD TD1002026254,,, Interest Income - Fixed Deposit  ,306002,,2024.00,
JE-2025-0000058,306002,Interest Income - Fixed Deposit ,,31-03-2026,Being int recd on FD TD1002030209,,, Interest Income - Fixed Deposit  ,306002,,474.00,
JE-2025-0000060,306002,Interest Income - Fixed Deposit ,,31-03-2026,Being int accu on FD 21086 - RMF - SVC,,, Interest Income - Fixed Deposit  ,306002,,13761.00,
JE-2025-0000061,306002,Interest Income - Fixed Deposit ,,31-03-2026,Being int accu on FD 21103 - CF - SVC,,, Interest Income - Fixed Deposit  ,306002,,8207.00,
JE-2025-0000062,306002,Interest Income - Fixed Deposit ,,31-03-2026,Being int accu on FD 21123 - GRF - SVC,,, Interest Income - Fixed Deposit  ,306002,,786.00,
JE-2025-0000063,306002,Interest Income - Fixed Deposit ,,31-03-2026,Being int accu on FD 116280 - SF - SVC,,, Interest Income - Fixed Deposit  ,306002,,10035.00,
JE-2025-0000064,306002,Interest Income - Fixed Deposit ,,31-03-2026,Being int accu on FD 116286 - RMF - SVC,,, Interest Income - Fixed Deposit  ,306002,,30105.00,
JE-2025-0000065,306002,Interest Income - Fixed Deposit ,,31-03-2026,Being int accu on FD 116845 - RF - SVC,,, Interest Income - Fixed Deposit  ,306002,,34378.00,
JE-2025-0000066,306002,Interest Income - Fixed Deposit ,,31-03-2026,Being int accu on FD 116861 - RF - SVC,,, Interest Income - Fixed Deposit  ,306002,,34378.00,
JE-2025-0000067,306002,Interest Income - Fixed Deposit ,,31-03-2026,Being int accu on FD 220738 - RF - SVC,,, Interest Income - Fixed Deposit  ,306002,,370.00,
JE-2025-0000068,306002,Interest Income - Fixed Deposit ,,31-03-2026,Being int accu on FD 220743 - SDF - SVC,,, Interest Income - Fixed Deposit  ,306002,,732.00,
JE-2025-0000069,306002,Interest Income - Fixed Deposit ,,31-03-2026,Being int accu on FD 220754 - GRF - SVC,,, Interest Income - Fixed Deposit  ,306002,,732.00,
JE-2025-0000070,306002,Interest Income - Fixed Deposit ,,31-03-2026,Being int accu on FD 281673 - RMF - SVC,,, Interest Income - Fixed Deposit  ,306002,,8807.00,
JE-2025-0000071,306002,Interest Income - Fixed Deposit ,,31-03-2026,Being int accu on FD 281681 - CF - SVC,,, Interest Income - Fixed Deposit  ,306002,,8905.00,
JE-2025-0000072,306002,Interest Income - Fixed Deposit ,,31-03-2026,Being int accu on FD 281691 - SF - SVC,,, Interest Income - Fixed Deposit  ,306002,,1224.00,
JE-2025-0000076,306002,Interest Income - Fixed Deposit ,,31-03-2026,Being int on FD 301100,,, Interest Income - Fixed Deposit  ,306002,,438.00,
JE-2025-0000084,306002,Interest Income - Fixed Deposit ,,31-03-2026,Being int accu on FD 6605400009713- SF - MDCC,,, Interest Income - Fixed Deposit  ,306002,,19.00,
JE-2025-0000086,306002,Interest Income - Fixed Deposit ,,31-03-2026,Being int accu on FD 6605300015439 - REFS - MDCC,,, Interest Income - Fixed Deposit  ,306002,,250.00,
JE-2025-0000087,306002,Interest Income - Fixed Deposit ,,31-03-2026,Being int accu on FD 01463 - GRF MDCC,,, Interest Income - Fixed Deposit  ,306002,,1884.00,
JE-2025-0000089,306002,Interest Income - Fixed Deposit ,,31-03-2026,Being int accu on FD 6605300011350 - CF - MDCC,,, Interest Income - Fixed Deposit  ,306002,,27.00,
JE-2025-0000090,306002,Interest Income - Fixed Deposit ,,31-03-2026,Being int accu on FD 6605400014035- SF - MDCC,,, Interest Income - Fixed Deposit  ,306002,,5282.00,
JE-2025-0000091,306002,Interest Income - Fixed Deposit ,,31-03-2026,Being int accu on FD 6605400014434- SF - MDCC,,, Interest Income - Fixed Deposit  ,306002,,4851.00,
JE-2025-0000092,306002,Interest Income - Fixed Deposit ,,31-03-2026,Being int accu on FD 6605400014443 - SF - MDCC,,, Interest Income - Fixed Deposit  ,306002,,3150.00,
JE-2025-0000093,306002,Interest Income - Fixed Deposit ,,31-03-2026,Being int accu on FD 6605300017266- CF - MDCC,,, Interest Income - Fixed Deposit  ,306002,,4677.00,
JE-2025-0000095,306002,Interest Income - Fixed Deposit ,,31-03-2026,Being int accu on FD 6605400012118 - SF - MDCCC,,, Interest Income - Fixed Deposit  ,306002,,1314.00,
JE-2025-0000097,306002,Interest Income - Fixed Deposit ,,31-03-2026,Being int accu on FD 6605400011724- SF - MDCC,,, Interest Income - Fixed Deposit  ,306002,,1245.00,
JE-2025-0000099,306002,Interest Income - Fixed Deposit ,,31-03-2026,Being int accu on FD 6605300015441- CF - MDCC,,, Interest Income - Fixed Deposit  ,306002,,1317.00,
JE-2025-0000100,306002,Interest Income - Fixed Deposit ,,31-03-2026,Being int accu on FD 6605300017267 - RES - MDCC,,, Interest Income - Fixed Deposit  ,306002,,21655.00,
JE-2025-0000101,306002,Interest Income - Fixed Deposit ,,31-03-2026,Being int accu on FD 6605300017268- RF - MDCC,,, Interest Income - Fixed Deposit  ,306002,,18951.00,
JE-2025-0000103,306002,Interest Income - Fixed Deposit ,,31-03-2026,Being int accu on FD 6605400013159 - SF - MDCC,,, Interest Income - Fixed Deposit  ,306002,,840.00,
JE-2025-0000104,306002,Interest Income - Fixed Deposit ,,31-03-2026,Being int accu on FD 6605400014698 - SF - MDCC,,, Interest Income - Fixed Deposit  ,306002,,4306.00,
JE-2025-0000106,306002,Interest Income - Fixed Deposit ,,31-03-2026,Being int accu on FD 6605400015102 - SF - MDCC,,, Interest Income - Fixed Deposit  ,306002,,1489.00,
JE-2025-0000107,306002,Interest Income - Fixed Deposit ,,31-03-2026,Being int accu on FD 6605400015598 - SF - MDCC,,, Interest Income - Fixed Deposit  ,306002,,4794.00,
JE-2025-0000108,306002,Interest Income - Fixed Deposit ,,31-03-2026,Being int accu on FD 6605400016067 - SF - MDCC,,, Interest Income - Fixed Deposit  ,306002,,499.00,
JE-2025-0000110,306002,Interest Income - Fixed Deposit ,,31-03-2026,Being int accu on FD 3053384 - CF - CIT,,, Interest Income - Fixed Deposit  ,306002,,8245.00,
JE-2025-0000112,306002,Interest Income - Fixed Deposit ,,31-03-2026,Being int accu on FD 3053386 - SF - CIT,,, Interest Income - Fixed Deposit  ,306002,,4255.00,
JE-2025-0000114,306002,Interest Income - Fixed Deposit ,,31-03-2026,Being int accu on FD 3053396 - SDF - CIT,,, Interest Income - Fixed Deposit  ,306002,,1641.00,
JE-2025-0000116,306002,Interest Income - Fixed Deposit ,,31-03-2026,Being int accu on FD 2090100003053502- CAF - CIT,,, Interest Income - Fixed Deposit  ,306002,,3515.00,
JE-2025-0000119,306002,Interest Income - Fixed Deposit ,,31-03-2026,Being int accu on FD 6605500001645 - RF - MDCC,,, Interest Income - Fixed Deposit  ,306002,,177.00,
JE-2025-0000138,306002,Interest Income - Fixed Deposit ,,31-03-2026,Being interest on FD trf to Fund libilities,,, Interest Income - Fixed Deposit  ,306002,595646.00,,

"Balance : 16410(Credit)","","","","","","","","","","595646","612056",

"Income - Non Members > Interest Income - IT Refund ( 306004 ) ",
"Journal No","Other GL No.","Other Account","Subledger","Posted Date","Comments","Instrument No.","Instrument Bank","Account Name","GL Account No.","Debit","Credit",
"","","","","","Opening Balance","",""," Interest Income - IT Refund ","306004","","",
JE-2025-0000079,306004,Interest Income - IT Refund,,10-02-2026,Being income tax refund recd for FY 24-25 vide ref SBIN526041538790,,, Interest Income - IT Refund ,306004,,2770.00,

"Balance : 2770(Credit)","","","","","","","","","","0","2770",

"Member Income > Credit Note to Members ( 301014 ) ",
"Journal No","Other GL No.","Other Account","Subledger","Posted Date","Comments","Instrument No.","Instrument Bank","Account Name","GL Account No.","Debit","Credit",
"","","","","","Opening Balance","",""," Credit Note to Members ","301014","","",
ME-2025-0000940,301014,Credit Note,LS 602,01-05-2025,Credit Note For NOC  Contigency & Parking charged in May 2025,,, Credit Note to Members ,301014,1707.00,,
JE-2025-0000121,301014,Credit Note,,01-05-2025,Credit Note For NOC  Contigency & Parking charged in May 2025,,, Credit Note to Members ,301014,,1707.00,

"","","","","","","","","","","1707","1707",

