"Assets > The Saraswat Co-op. Bank Ltd. - 152200100141861 ( 101001 ) ",
"Journal No","Other GL No.","Other Account","Subledger","Posted Date","Comments","Instrument No.","Instrument Bank","Account Name","GL Account No.","Debit","Credit",
"","","","","","Opening Balance","",""," The Saraswat Co-op. Bank Ltd. - 152200100141861 ","101001","700534.86","",
EE-2025-0000005,411002,Electricity Charges,Tata Power,01-04-2025,Being March 2025 bill paid,153519,, The Saraswat Co-op. Bank Ltd. - 152200100141861 ,101001,,10486,
EE-2025-0000006,401001,Salary Expenses,Sweeper,01-04-2025,Being Mar 25 salary paid - Savita,153520,, The Saraswat Co-op. Bank Ltd. - 152200100141861 ,101001,,4000,
EE-2025-0000007,407001,Security Expenses,Singh Security Service,01-04-2025,Being Mar 25 bill paid,153521,, The Saraswat Co-op. Bank Ltd. - 152200100141861 ,101001,,16000,
ME-2025-0000228,305016 305010 301011 301003 305007 301005 301002 303001 304003 304001 301004,4W Stilt Parking Charges Building Development Fund Education & Training Fund Electricity Charges Stillt Area Tax Lift Maintenance Charges Maintenance Charges Municipal Tax Repair Fund Sinking Fund Water Charges,BE 503,02-04-2025,Ch  dt 25.04.25 recd agst bill 016 dt 01.04.25,036950,Union Bank of India, The Saraswat Co-op. Bank Ltd. - 152200100141861 ,101001,4632.00,,
ME-2025-0000229,305015 305016 305010 301011 301003 305007 301005 301002 303001 304003 304001 301004,2W Parking Charges 4W Stilt Parking Charges Building Development Fund Education & Training Fund Electricity Charges Stillt Area Tax Lift Maintenance Charges Maintenance Charges Municipal Tax Repair Fund Sinking Fund Water Charges,BE 303,03-04-2025,UPI recd agst bill 010 dt 01.04.25,509365717211,State Bank of India, The Saraswat Co-op. Bank Ltd. - 152200100141861 ,101001,4693.00,,
EE-2025-0000002,408011,Bank Charges,Unassigned,04-04-2025,SMS Bank charges for quater ending,NA ,, The Saraswat Co-op. Bank Ltd. - 152200100141861 ,101001,,13.53,
ME-2025-0000230,305015 305017 305010 301011 301003 301005 301002 304003 304001 301004 206001,2W Parking Charges 4W Open Parking Charges Building Development Fund Education & Training Fund Electricity Charges Lift Maintenance Charges Maintenance Charges Repair Fund Sinking Fund Water Charges Advance Members Advance Members,BE 402,05-04-2025,NEFT recd agst bill 012 dt. 01.04.25,HDFCN52025040559795102,HDFC Bank , The Saraswat Co-op. Bank Ltd. - 152200100141861 ,101001,20000.00,,
ME-2025-0000231,305010 301011 301003 301005 301002 303001 304003 304001 301004,Building Development Fund Education & Training Fund Electricity Charges Lift Maintenance Charges Maintenance Charges Municipal Tax Repair Fund Sinking Fund Water Charges,BE 702,05-04-2025,NEFT recd agst bill 021 dt. 01.04.25,HDFCN52025040662264996,HDFC Bank, The Saraswat Co-op. Bank Ltd. - 152200100141861 ,101001,3835.00,,
ME-2025-0000232,305016 305010 301011 301003 305007 301005 301002 303001 304003 304001 301004,4W Stilt Parking Charges Building Development Fund Education & Training Fund Electricity Charges Stillt Area Tax Lift Maintenance Charges Maintenance Charges Municipal Tax Repair Fund Sinking Fund Water Charges,BE 703,05-04-2025,NEFT recd agst bill 022 dt. 01.04.25,HDFCN52025040662263782,HDFC Bank, The Saraswat Co-op. Bank Ltd. - 152200100141861 ,101001,4657.00,,
ME-2025-0000219,305010 301011 301003 301005 301002 304003 304001 301004,Building Development Fund Education & Training Fund Electricity Charges Lift Maintenance Charges Maintenance Charges Repair Fund Sinking Fund Water Charges,BE 202,14-04-2025,IMPS recd agst bill 006 dt 01.04.2025,510415569186,South Indian Bank, The Saraswat Co-op. Bank Ltd. - 152200100141861 ,101001,3323.00,,
ME-2025-0000233,206001,Advance Members,BE 103,20-04-2025,NEFT recd as advance,HDFCH00192603361,HDFC Bank , The Saraswat Co-op. Bank Ltd. - 152200100141861 ,101001,5353.00,,
ME-2025-0000234,305017 305010 301011 301003 301005 301002 303001 304003 304001 301004,4W Open Parking Charges Building Development Fund Education & Training Fund Electricity Charges Lift Maintenance Charges Maintenance Charges Municipal Tax Repair Fund Sinking Fund Water Charges,BE 301,21-04-2025,IMPS recd agst bill 008 dt. 01.04.25,511111735066,N.A., The Saraswat Co-op. Bank Ltd. - 152200100141861 ,101001,4607.00,,
ME-2025-0000235,305015 305017 305010 301011 301003 301005 301002 303001 304003 304001 301004,2W Parking Charges 4W Open Parking Charges Building Development Fund Education & Training Fund Electricity Charges Lift Maintenance Charges Maintenance Charges Municipal Tax Repair Fund Sinking Fund Water Charges,BE 101,21-04-2025,IMPS recd agst bill 002 dt 01.04.2025,511119997491,N.A., The Saraswat Co-op. Bank Ltd. - 152200100141861 ,101001,4657.00,,
BE-2025-0000001,0,Bank Transfer,,24-04-2025,Being Cash Withdrawn,153518,, The Saraswat Co-op. Bank Ltd. - 152200100141861 ,101001,,5000,
ME-2025-0000220,305017 305010 301011 301003 301005 301002 304003 304001 301004,4W Open Parking Charges Building Development Fund Education & Training Fund Electricity Charges Lift Maintenance Charges Maintenance Charges Repair Fund Sinking Fund Water Charges,BE 102,25-04-2025,Ch dt 20.04.25 recd agst bill 003 dt 01.04.25,331394,Sarswat Bank, The Saraswat Co-op. Bank Ltd. - 152200100141861 ,101001,3473.00,,
ME-2025-0000221,305015 305010 301011 301003 301005 301002 303001 304003 304001 301004,2W Parking Charges Building Development Fund Education & Training Fund Electricity Charges Lift Maintenance Charges Maintenance Charges Municipal Tax Repair Fund Sinking Fund Water Charges,BE 201,25-04-2025,Ch dt 25.04.25 recd agst bill 005 dt 01.04.25,477907,Indian Overseas bank, The Saraswat Co-op. Bank Ltd. - 152200100141861 ,101001,4507.00,,
ME-2025-0000222,305017 305010 301011 301003 301005 301002 303001 304003 304001 301004,4W Open Parking Charges Building Development Fund Education & Training Fund Electricity Charges Lift Maintenance Charges Maintenance Charges Municipal Tax Repair Fund Sinking Fund Water Charges,BE 203,25-04-2025,Ch dt 23.04.25 recd agst bill 007 dt 01.04.25,841318,Indian Overseas Bank, The Saraswat Co-op. Bank Ltd. - 152200100141861 ,101001,4607.00,,
ME-2025-0000224,305010 301011 301003 301005 301002 303001 304003 304001 301004 206001,Building Development Fund Education & Training Fund Electricity Charges Lift Maintenance Charges Maintenance Charges Municipal Tax Repair Fund Sinking Fund Water Charges Advance Members Advance Members,BE 401,25-04-2025,Ch dt 01.04.25 recd  agst bill dt 01.04.25,000004,Union Bank of India, The Saraswat Co-op. Bank Ltd. - 152200100141861 ,101001,30000.00,,
ME-2025-0000225,305015 305017 305016 305010 301011 301003 305007 301005 301002 303001 304003 304001 301004,2W Parking Charges 4W Open Parking Charges 4W Stilt Parking Charges Building Development Fund Education & Training Fund Electricity Charges Stillt Area Tax Lift Maintenance Charges Maintenance Charges Municipal Tax Repair Fund Sinking Fund Water Charges,BE 501,25-04-2025,Ch dt 24.04.25 recd agst bill 014 dt 01.04.25,000206,HDFC Bank, The Saraswat Co-op. Bank Ltd. - 152200100141861 ,101001,4932.00,,
ME-2025-0000226,305010 301011 301003 301005 301002 304003 304001 301004,Building Development Fund Education & Training Fund Electricity Charges Lift Maintenance Charges Maintenance Charges Repair Fund Sinking Fund Water Charges,BE 502,25-04-2025,Ch dt 15.04.25 recd agst bill 015 dt 01.04.25,973939,Indian Overseas Bank, The Saraswat Co-op. Bank Ltd. - 152200100141861 ,101001,3323.00,,
ME-2025-0000227,305016 305010 301011 301003 305007 301005 301002 303001 304003 304001 301004,4W Stilt Parking Charges Building Development Fund Education & Training Fund Electricity Charges Stillt Area Tax Lift Maintenance Charges Maintenance Charges Municipal Tax Repair Fund Sinking Fund Water Charges,BE 701,25-04-2025,Ch dt 25.04.25 recd agst bill 020 dt 01.04.25,000319,Bank of Baroda, The Saraswat Co-op. Bank Ltd. - 152200100141861 ,101001,4657.00,,
ME-2025-0000236,305016 305010 301011 301003 305007 301005 301002 303001 304003 304001 301004,4W Stilt Parking Charges Building Development Fund Education & Training Fund Electricity Charges Stillt Area Tax Lift Maintenance Charges Maintenance Charges Municipal Tax Repair Fund Sinking Fund Water Charges,BE 601,25-04-2025,NEFT recd agst bill 017 dt. 01.04.25,IDFBH25115004119,IDFC BANK , The Saraswat Co-op. Bank Ltd. - 152200100141861 ,101001,4657.00,,
ME-2025-0000237,305017 305010 301011 301003 301005 301002 303001 304003 304001 301004,4W Open Parking Charges Building Development Fund Education & Training Fund Electricity Charges Lift Maintenance Charges Maintenance Charges Municipal Tax Repair Fund Sinking Fund Water Charges,BE 603,25-04-2025,NEFT recd agst bill 019 dt. 01.04.25,IDFBH25115004119,IDFC First Bank, The Saraswat Co-op. Bank Ltd. - 152200100141861 ,101001,4671.00,,
ME-2025-0000239,305010 301011 301003 301005 301002 301007 304003 304001 301004 206001,Building Development Fund Education & Training Fund Electricity Charges Lift Maintenance Charges Maintenance Charges Non Occupancy Charges Repair Fund Sinking Fund Water Charges Advance Members Advance Members,BE 302,25-04-2025,Ch dt 21.04.25 recd agst bill 009 dt 01.04.25,373797,Union Bank, The Saraswat Co-op. Bank Ltd. - 152200100141861 ,101001,7268.00,,
EE-2025-0000004,406007,Repair Maintenance - Electrical,Unassigned,25-04-2025,Being Bill paid for Purchase of electrical material,153523,, The Saraswat Co-op. Bank Ltd. - 152200100141861 ,101001,,9500,
EE-2025-0000020,401001,Salary Expenses,Sweeper,01-05-2025,Being salary paid for April 2025,153524,, The Saraswat Co-op. Bank Ltd. - 152200100141861 ,101001,,4000,
EE-2025-0000022,407001,Security Expenses,Singh Security Service,01-05-2025,Being salary paid for April 2025,153525,, The Saraswat Co-op. Bank Ltd. - 152200100141861 ,101001,,16000,
EE-2025-0000088,411002,Electricity Charges,Tata Power,01-05-2025,Being electricity bill paid for April 2025,153526,31540, The Saraswat Co-op. Bank Ltd. - 152200100141861 ,101001,,9208,
ME-2025-0000460,305015 305016 305010 301011 301003 305007 301005 301002 303001 304003 304001 301004,2W Parking Charges 4W Stilt Parking Charges Building Development Fund Education & Training Fund Electricity Charges Stillt Area Tax Lift Maintenance Charges Maintenance Charges Municipal Tax Repair Fund Sinking Fund Water Charges,BE 303,03-05-2025,UPI recd agst bill 032 dt. 01.05.2025,512385576990,State Bank of India, The Saraswat Co-op. Bank Ltd. - 152200100141861 ,101001,4693.00,,
ME-2025-0000461,206001,Advance Members,BE 402,03-05-2025,NEFT recd as advance,HDFCN52025050311401465,HDFC Bank , The Saraswat Co-op. Bank Ltd. - 152200100141861 ,101001,5000.00,,
ME-2025-0000471,305010 301011 301003 301005 301002 303001 304003 304001 301004,Building Development Fund Education & Training Fund Electricity Charges Lift Maintenance Charges Maintenance Charges Municipal Tax Repair Fund Sinking Fund Water Charges,BE 702,07-05-2025,NEFT recd agst bill 43 dt. 01.05.25,224642312,HDFC Bank, The Saraswat Co-op. Bank Ltd. - 152200100141861 ,101001,3835.00,,
ME-2025-0000472,305016 305010 301011 301003 305007 301005 301002 303001 304003 304001 301004,4W Stilt Parking Charges Building Development Fund Education & Training Fund Electricity Charges Stillt Area Tax Lift Maintenance Charges Maintenance Charges Municipal Tax Repair Fund Sinking Fund Water Charges,BE 703,07-05-2025,NEFT recd agst bill 44 dt. 01.05.25,224645159,HDFC Bank, The Saraswat Co-op. Bank Ltd. - 152200100141861 ,101001,4657.00,,
ME-2025-0000473,305017 305010 301011 301003 301005 301002 303001 304003 304001 301004,4W Open Parking Charges Building Development Fund Education & Training Fund Electricity Charges Lift Maintenance Charges Maintenance Charges Municipal Tax Repair Fund Sinking Fund Water Charges,BE 301,12-05-2025,IMPS recd agst bill 30 dt. 01.05.25,513217158002,N.A., The Saraswat Co-op. Bank Ltd. - 152200100141861 ,101001,4607.00,,
ME-2025-0000462,305010 301011 301003 301005 301002 304003 304001 301004,Building Development Fund Education & Training Fund Electricity Charges Lift Maintenance Charges Maintenance Charges Repair Fund Sinking Fund Water Charges,BE 202,13-05-2025,IMPS recd agst bill 28 dt. 01.05.25,513309102659,South Indian Bank, The Saraswat Co-op. Bank Ltd. - 152200100141861 ,101001,3323.00,,
ME-2025-0000474,305015 305017 305010 301011 301003 301005 301002 303001 304003 304001 301004,2W Parking Charges 4W Open Parking Charges Building Development Fund Education & Training Fund Electricity Charges Lift Maintenance Charges Maintenance Charges Municipal Tax Repair Fund Sinking Fund Water Charges,BE 101,17-05-2025,IMPS recd agst bill 24 dt. 01.05.25,513714298829,N.A., The Saraswat Co-op. Bank Ltd. - 152200100141861 ,101001,4657.00,,
ME-2025-0000477,206001,Advance Members,BE 103,20-05-2025,NEFT recd in advance,250418793,HDFC Bank, The Saraswat Co-op. Bank Ltd. - 152200100141861 ,101001,5353.00,,
ME-2025-0000475,305016 305010 301011 301003 305007 301005 301002 303001 304003 304001 301004,4W Stilt Parking Charges Building Development Fund Education & Training Fund Electricity Charges Stillt Area Tax Lift Maintenance Charges Maintenance Charges Municipal Tax Repair Fund Sinking Fund Water Charges,BE 601,23-05-2025,NEFT recd agst bill 39 dt. 01.05.25,25143916528,IDFC Bank, The Saraswat Co-op. Bank Ltd. - 152200100141861 ,101001,4657.00,,
ME-2025-0000476,305017 305010 301011 301003 301005 301002 303001 304003 304001 301004,4W Open Parking Charges Building Development Fund Education & Training Fund Electricity Charges Lift Maintenance Charges Maintenance Charges Municipal Tax Repair Fund Sinking Fund Water Charges,BE 603,23-05-2025,NEFT recd agst bill 41 dt. 01.05.25,25143916528,IDFC Bank, The Saraswat Co-op. Bank Ltd. - 152200100141861 ,101001,4671.00,,
ME-2025-0000463,305015 305010 301011 301003 301005 301002 303001 304003 304001 301004,2W Parking Charges Building Development Fund Education & Training Fund Electricity Charges Lift Maintenance Charges Maintenance Charges Municipal Tax Repair Fund Sinking Fund Water Charges,BE 201,25-05-2025,Ch. dt 25.05.25 recd agst bill 27 dt. 01.05.25,477908,Indian Overseas Bank, The Saraswat Co-op. Bank Ltd. - 152200100141861 ,101001,4507.00,,
ME-2025-0000464,305017 305010 301011 301003 301005 301002 303001 304003 304001 301004,4W Open Parking Charges Building Development Fund Education & Training Fund Electricity Charges Lift Maintenance Charges Maintenance Charges Municipal Tax Repair Fund Sinking Fund Water Charges,BE 203,25-05-2025,Ch. dt. 23.05.25 recd agst bill 29 dt. 01.05.25,841320,Indian Overseas Bank, The Saraswat Co-op. Bank Ltd. - 152200100141861 ,101001,4607.00,,
ME-2025-0000465,305015 305017 305010 301011 301003 301005 301002 303001 304003 304001 301004 206001,2W Parking Charges 4W Open Parking Charges Building Development Fund Education & Training Fund Electricity Charges Lift Maintenance Charges Maintenance Charges Municipal Tax Repair Fund Sinking Fund Water Charges Advance Members Advance Members,BE 403,25-05-2025,Ch. dt. 16.05.25 recd agst bill 35 dt. 01.05.25,000321,HDFC Bank, The Saraswat Co-op. Bank Ltd. - 152200100141861 ,101001,10000.00,,
ME-2025-0000466,305010 301011 301003 301005 301002 304003 304001 301004,Building Development Fund Education & Training Fund Electricity Charges Lift Maintenance Charges Maintenance Charges Repair Fund Sinking Fund Water Charges,BE 502,25-05-2025,Ch. dt. 15.05.25 recd agst bill 37 dt. 01.05.25,973941,Indian Overseas Bank, The Saraswat Co-op. Bank Ltd. - 152200100141861 ,101001,3323.00,,
ME-2025-0000467,305016 305010 301011 301003 305007 301005 301002 303001 304003 304001 301004,4W Stilt Parking Charges Building Development Fund Education & Training Fund Electricity Charges Stillt Area Tax Lift Maintenance Charges Maintenance Charges Municipal Tax Repair Fund Sinking Fund Water Charges,BE 503,25-05-2025,Ch. dt. 15.05.25 recd agst bill 38 dt. 01.05.25,036952,Union Bank of India, The Saraswat Co-op. Bank Ltd. - 152200100141861 ,101001,4632.00,,
ME-2025-0000468,305016 305010 301011 301003 305007 301005 301002 303001 304003 304001 301004,4W Stilt Parking Charges Building Development Fund Education & Training Fund Electricity Charges Stillt Area Tax Lift Maintenance Charges Maintenance Charges Municipal Tax Repair Fund Sinking Fund Water Charges,BE 701,25-05-2025,Ch. dt. 25.05.25 recd agst bill 42 dt. 01.05.25,000320,Bank of Baroda, The Saraswat Co-op. Bank Ltd. - 152200100141861 ,101001,4657.00,,
ME-2025-0000469,305015 305017 305016 305010 301011 301003 305007 301005 301002 303001 304003 304001 301004,2W Parking Charges 4W Open Parking Charges 4W Stilt Parking Charges Building Development Fund Education & Training Fund Electricity Charges Stillt Area Tax Lift Maintenance Charges Maintenance Charges Municipal Tax Repair Fund Sinking Fund Water Charges,BE 501,25-05-2025,Ch. dt. 25.05.25 recd agst bill 36 dt. 01.05.25,155982,Canara Bank, The Saraswat Co-op. Bank Ltd. - 152200100141861 ,101001,4932.00,,
ME-2025-0000470,305017 305010 301011 301003 301005 301002 304003 304001 301004,4W Open Parking Charges Building Development Fund Education & Training Fund Electricity Charges Lift Maintenance Charges Maintenance Charges Repair Fund Sinking Fund Water Charges,BE 102,25-05-2025,Ch. dt. 24.04.25 recd agst bill 25 dt. 01.05.25,331395,Saraswat Bank, The Saraswat Co-op. Bank Ltd. - 152200100141861 ,101001,3473.00,,
EE-2025-0000027,401001,Salary Expenses,Sweeper,01-06-2025,Being salary paid for May 2025,153529,, The Saraswat Co-op. Bank Ltd. - 152200100141861 ,101001,,4000,
EE-2025-0000029,407001,Security Expenses,Singh Security Service,01-06-2025,Being salary paid for May 2025,153530,, The Saraswat Co-op. Bank Ltd. - 152200100141861 ,101001,,16000,
EE-2025-0000078,411002,Electricity Charges,Tata Power,01-06-2025,Being electricity bill paid for May 2025,153528,, The Saraswat Co-op. Bank Ltd. - 152200100141861 ,101001,,10489,
ME-2025-0000715,301011 301002 301009 206001,Education & Training Fund Maintenance Charges Parking Charges Advance Members Advance Members,BE 0B1,05-06-2025,Chq recd agst bill,000083,Bank of Baroda, The Saraswat Co-op. Bank Ltd. - 152200100141861 ,101001,15000.00,,
ME-2025-0000697,305010 301011 301003 301005 301002 303001 304003 304001 301004,Building Development Fund Education & Training Fund Electricity Charges Lift Maintenance Charges Maintenance Charges Municipal Tax Repair Fund Sinking Fund Water Charges,BE 702,06-06-2025,NEFT recd agst bill 65 dt 01.06.25,HDFCH00288161774,HDFC BANK , The Saraswat Co-op. Bank Ltd. - 152200100141861 ,101001,3835.00,,
ME-2025-0000698,305016 305010 301011 301003 305007 301005 301002 303001 304003 304001 301004,4W Stilt Parking Charges Building Development Fund Education & Training Fund Electricity Charges Stillt Area Tax Lift Maintenance Charges Maintenance Charges Municipal Tax Repair Fund Sinking Fund Water Charges,BE 703,06-06-2025,NEFT recd agst bill 66 dt 01.06.25,HDFCN5202506078064587,HDFC BANK , The Saraswat Co-op. Bank Ltd. - 152200100141861 ,101001,4657.00,,
ME-2025-0000699,305015 305016 305010 301011 301003 305007 301005 301002 303001 304003 304001 301004,2W Parking Charges 4W Stilt Parking Charges Building Development Fund Education & Training Fund Electricity Charges Stillt Area Tax Lift Maintenance Charges Maintenance Charges Municipal Tax Repair Fund Sinking Fund Water Charges,BE 303,09-06-2025,UPI recd agst bill 054 dt. 01.06.2025,552625071587,N.A., The Saraswat Co-op. Bank Ltd. - 152200100141861 ,101001,4693.00,,
EE-2025-0000012,408002,Accounting Charges,Irene Rosario,11-06-2025,Being bill paid for April - June 2025,153527,, The Saraswat Co-op. Bank Ltd. - 152200100141861 ,101001,,3848,
BE-2025-0000002,0,Bank Transfer,,17-06-2025,Being Cash withdrawn,134751,, The Saraswat Co-op. Bank Ltd. - 152200100141861 ,101001,,5000,
EE-2025-0000010,408011,Bank Charges,Unassigned,17-06-2025,Being cheq book  charges,Na,, The Saraswat Co-op. Bank Ltd. - 152200100141861 ,101001,,177,
ME-2025-0000700,305010 301011 301003 301005 301002 304003 304001 301004,Building Development Fund Education & Training Fund Electricity Charges Lift Maintenance Charges Maintenance Charges Repair Fund Sinking Fund Water Charges,BE 202,18-06-2025,UPI recd agst bill  050 dt 01.06.25,51690902262,N.A., The Saraswat Co-op. Bank Ltd. - 152200100141861 ,101001,3323.00,,
ME-2025-0000710,305017 305010 301011 301003 301005 301002 303001 304003 304001 301004,4W Open Parking Charges Building Development Fund Education & Training Fund Electricity Charges Lift Maintenance Charges Maintenance Charges Municipal Tax Repair Fund Sinking Fund Water Charges,BE 301,18-06-2025,IMPS recd agst bill 052 DT 01.06.25,516915604813,N.A., The Saraswat Co-op. Bank Ltd. - 152200100141861 ,101001,4607.00,,
ME-2025-0000712,305016 305010 301011 301003 305007 301005 301002 303001 304003 304001 301004,4W Stilt Parking Charges Building Development Fund Education & Training Fund Electricity Charges Stillt Area Tax Lift Maintenance Charges Maintenance Charges Municipal Tax Repair Fund Sinking Fund Water Charges,BE 601,18-06-2025,NEFT recd agst bill,IDFBH25169561207,State Bank of India , The Saraswat Co-op. Bank Ltd. - 152200100141861 ,101001,4657.00,,
ME-2025-0000713,305017 305010 301011 301003 301005 301002 303001 304003 304001 301004,4W Open Parking Charges Building Development Fund Education & Training Fund Electricity Charges Lift Maintenance Charges Maintenance Charges Municipal Tax Repair Fund Sinking Fund Water Charges,BE 603,18-06-2025,NEFT recd agst bill,IDFBH25169561207,State Bank of India , The Saraswat Co-op. Bank Ltd. - 152200100141861 ,101001,4671.00,,
ME-2025-0000714,206001,Advance Members,BE 103,20-06-2025,NEFT recd as advance,HDFCH00312058370,HDFC BANK, The Saraswat Co-op. Bank Ltd. - 152200100141861 ,101001,5353.00,,
EE-2025-0000030,404001,Water Expenses,BMC,23-06-2025,Being water bill paid,134752,, The Saraswat Co-op. Bank Ltd. - 152200100141861 ,101001,,38924,
EE-2025-0000035,402001,Property Tax,BMC,23-06-2025,Being property tax bill paid,134753,, The Saraswat Co-op. Bank Ltd. - 152200100141861 ,101001,,345499,
ME-2025-0000701,305016 305010 301011 301003 305007 301005 301002 303001 304003 304001 301004,4W Stilt Parking Charges Building Development Fund Education & Training Fund Electricity Charges Stillt Area Tax Lift Maintenance Charges Maintenance Charges Municipal Tax Repair Fund Sinking Fund Water Charges,BE 701,25-06-2025,Ch. dt. 25.06.25 recd agst bill 64 dt. 01.06.25,000321,Bank of Baroda, The Saraswat Co-op. Bank Ltd. - 152200100141861 ,101001,4657.00,,
ME-2025-0000702,305016 305010 301011 301003 305007 301005 301002 303001 304003 304001 301004,4W Stilt Parking Charges Building Development Fund Education & Training Fund Electricity Charges Stillt Area Tax Lift Maintenance Charges Maintenance Charges Municipal Tax Repair Fund Sinking Fund Water Charges,BE 503,25-06-2025,Ch. dt. 25.06.25 recd agst bill 60 dt. 01.06.25,036953,Union Bank of India, The Saraswat Co-op. Bank Ltd. - 152200100141861 ,101001,4632.00,,
ME-2025-0000703,305010 301011 301003 301005 301002 304003 304001 301004,Building Development Fund Education & Training Fund Electricity Charges Lift Maintenance Charges Maintenance Charges Repair Fund Sinking Fund Water Charges,BE 502,25-06-2025,Ch. dt. 09.06.25 recd agst bill 59 dt. 01.06.25,973942,Indian Overseas Bank, The Saraswat Co-op. Bank Ltd. - 152200100141861 ,101001,3323.00,,
ME-2025-0000704,305015 305017 305016 305010 301011 301003 305007 301005 301002 303001 304003 304001 301004,2W Parking Charges 4W Open Parking Charges 4W Stilt Parking Charges Building Development Fund Education & Training Fund Electricity Charges Stillt Area Tax Lift Maintenance Charges Maintenance Charges Municipal Tax Repair Fund Sinking Fund Water Charges,BE 501,25-06-2025,Ch. dt. 24.06.25 recd agst bill 58 dt. 01.06.25,155983,Canara Bank, The Saraswat Co-op. Bank Ltd. - 152200100141861 ,101001,4932.00,,
ME-2025-0000705,305015 305017 305010 301011 301003 301005 301002 303001 304003 304001 301004,2W Parking Charges 4W Open Parking Charges Building Development Fund Education & Training Fund Electricity Charges Lift Maintenance Charges Maintenance Charges Municipal Tax Repair Fund Sinking Fund Water Charges,BE 403,25-06-2025,Ch. dt. 16.06.25 recd agst bill 57 dt. 01.06.25,000324,HDFC Bank, The Saraswat Co-op. Bank Ltd. - 152200100141861 ,101001,4045.00,,
ME-2025-0000706,305010 301011 301003 301005 301002 301007 304003 304001 301004 206001,Building Development Fund Education & Training Fund Electricity Charges Lift Maintenance Charges Maintenance Charges Non Occupancy Charges Repair Fund Sinking Fund Water Charges Advance Members Advance Members,BE 302,25-06-2025,Ch. dt. 19.06.25 recd agst bill 53 dt. 01.06.25,373804,Union Bank of India, The Saraswat Co-op. Bank Ltd. - 152200100141861 ,101001,7268.00,,
ME-2025-0000707,305017 305010 301011 301003 301005 301002 303001 304003 304001 301004,4W Open Parking Charges Building Development Fund Education & Training Fund Electricity Charges Lift Maintenance Charges Maintenance Charges Municipal Tax Repair Fund Sinking Fund Water Charges,BE 203,25-06-2025,Ch. dt. 24.06.25 recd agst bill 51 dt. 01.06.25,841336,Indian Overseas Bank, The Saraswat Co-op. Bank Ltd. - 152200100141861 ,101001,4607.00,,
ME-2025-0000708,305015 305010 301011 301003 301005 301002 303001 304003 304001 301004,2W Parking Charges Building Development Fund Education & Training Fund Electricity Charges Lift Maintenance Charges Maintenance Charges Municipal Tax Repair Fund Sinking Fund Water Charges,BE 201,25-06-2025,Ch. dt. 25.06.25 recd agst bill 49 dt. 01.06.25,876720,Punjab National Bank, The Saraswat Co-op. Bank Ltd. - 152200100141861 ,101001,4507.00,,
ME-2025-0000709,305017 305010 301011 301003 301005 301002 304003 304001 301004,4W Open Parking Charges Building Development Fund Education & Training Fund Electricity Charges Lift Maintenance Charges Maintenance Charges Repair Fund Sinking Fund Water Charges,BE 102,25-06-2025,Ch. dt. 23.06.25 recd agst bill 47 dt. 01.06.25,331396,Saraswat Bank, The Saraswat Co-op. Bank Ltd. - 152200100141861 ,101001,3473.00,,
ME-2025-0000711,305015 305017 305010 301011 301003 301005 301002 303001 304003 304001 301004,2W Parking Charges 4W Open Parking Charges Building Development Fund Education & Training Fund Electricity Charges Lift Maintenance Charges Maintenance Charges Municipal Tax Repair Fund Sinking Fund Water Charges,BE 101,25-06-2025,IMPS recd agst bill 046 dt. 01.06.25,517664770395,N.A., The Saraswat Co-op. Bank Ltd. - 152200100141861 ,101001,4657.00,,
EE-2025-0000037,401001,Salary Expenses,Sweeper,01-07-2025,Being salary paid for June 2025,134755,, The Saraswat Co-op. Bank Ltd. - 152200100141861 ,101001,,4000,
EE-2025-0000039,407001,Security Expenses,Singh Security Service,01-07-2025,Being salary paid for June 2025,134756,, The Saraswat Co-op. Bank Ltd. - 152200100141861 ,101001,,16000,
EE-2025-0000082,411002,Electricity Charges,Tata Power,01-07-2025,Being electricity bill paid for June 2025,134754,, The Saraswat Co-op. Bank Ltd. - 152200100141861 ,101001,,9530,
ME-2025-0000943,305015 305016 305010 301011 301003 305007 301005 301002 303001 304003 304001 301004,2W Parking Charges 4W Stilt Parking Charges Building Development Fund Education & Training Fund Electricity Charges Stillt Area Tax Lift Maintenance Charges Maintenance Charges Municipal Tax Repair Fund Sinking Fund Water Charges,BE 303,03-07-2025,UPI recd agst bill 076 dt.01.06.2025,555029431492,State Bank of India , The Saraswat Co-op. Bank Ltd. - 152200100141861 ,101001,4693.00,,
EE-2025-0000018,408011,Bank Charges,Unassigned,05-07-2025,NA,NA,, The Saraswat Co-op. Bank Ltd. - 152200100141861 ,101001,,13.9,
BE-2025-0000003,0,Bank Transfer,,05-07-2025,Being Cash Withdrawn,134757,, The Saraswat Co-op. Bank Ltd. - 152200100141861 ,101001,,5000,
ME-2025-0000944,305010 301011 301003 301005 301002 303001 304003 304001 301004,Building Development Fund Education & Training Fund Electricity Charges Lift Maintenance Charges Maintenance Charges Municipal Tax Repair Fund Sinking Fund Water Charges,BE 702,08-07-2025,NEFT recd agst bill 087 dt. 01.06.25,HDFCH00350649246,HDFC BANK , The Saraswat Co-op. Bank Ltd. - 152200100141861 ,101001,3835.00,,
ME-2025-0000945,305016 305010 301011 301003 305007 301005 301002 303001 304003 304001 301004,4W Stilt Parking Charges Building Development Fund Education & Training Fund Electricity Charges Stillt Area Tax Lift Maintenance Charges Maintenance Charges Municipal Tax Repair Fund Sinking Fund Water Charges,BE 703,08-07-2025,NEFT recd agst bill 088 dt. 01.06.25,HDFCH00350658758,HDFC BANK, The Saraswat Co-op. Bank Ltd. - 152200100141861 ,101001,4657.00,,
ME-2025-0000946,305010 301011 301003 301005 301002 304003 304001 301004,Building Development Fund Education & Training Fund Electricity Charges Lift Maintenance Charges Maintenance Charges Repair Fund Sinking Fund Water Charges,BE 202,10-07-2025,IMPS recd agst bill 072 dt. 01.06.2025,519111258892,N.A., The Saraswat Co-op. Bank Ltd. - 152200100141861 ,101001,3323.00,,
ME-2025-0000947,305015 305017 305010 301011 301003 301005 301002 303001 304003 304001 301004,2W Parking Charges 4W Open Parking Charges Building Development Fund Education & Training Fund Electricity Charges Lift Maintenance Charges Maintenance Charges Municipal Tax Repair Fund Sinking Fund Water Charges,BE 101,16-07-2025,IMPS recd agst bill 068 dt. 01.06.2025,519768414356,N.A., The Saraswat Co-op. Bank Ltd. - 152200100141861 ,101001,4657.00,,
ME-2025-0000948,305017 305010 301011 301003 301005 301002 303001 304003 304001 301004,4W Open Parking Charges Building Development Fund Education & Training Fund Electricity Charges Lift Maintenance Charges Maintenance Charges Municipal Tax Repair Fund Sinking Fund Water Charges,BE 301,19-07-2025,IMPS recd agst bill 074 dt. 01.06.2025,520012430120,N.A., The Saraswat Co-op. Bank Ltd. - 152200100141861 ,101001,4607.00,,
ME-2025-0000949,206001,Advance Members,BE 103,20-07-2025,NEFT recd as advance,HDFCH00374145438,HDFC BANK, The Saraswat Co-op. Bank Ltd. - 152200100141861 ,101001,5353.00,,
ME-2025-0000953,301012 305010 301011 301003 301005 301002 301007 304003 304001 301004,Late Payment Interest Late Payment Interest Late Payment Interest Building Development Fund Education & Training Fund Electricity Charges Lift Maintenance Charges Maintenance Charges Non Occupancy Charges Repair Fund Sinking Fund Water Charges Building Development Fund Education & Training Fund Electricity Charges Lift Maintenance Charges Maintenance Charges Non Occupancy Charges Repair Fund Sinking Fund Water Charges,BE 602,21-07-2025,IMPS recd agst bill 084 dt. 01.06.25,520209155902,N.A., The Saraswat Co-op. Bank Ltd. - 152200100141861 ,101001,7268.00,,
ME-2025-0000950,305016 305010 301011 301003 305007 301005 301002 303001 304003 304001 301004,4W Stilt Parking Charges Building Development Fund Education & Training Fund Electricity Charges Stillt Area Tax Lift Maintenance Charges Maintenance Charges Municipal Tax Repair Fund Sinking Fund Water Charges,BE 601,23-07-2025,NEFT recd agst bill 083 dt. 01.06.25,IDFBH25204364118,N.A., The Saraswat Co-op. Bank Ltd. - 152200100141861 ,101001,4657.00,,
ME-2025-0000951,305017 305010 301011 301003 301005 301002 303001 304003 304001 301004,4W Open Parking Charges Building Development Fund Education & Training Fund Electricity Charges Lift Maintenance Charges Maintenance Charges Municipal Tax Repair Fund Sinking Fund Water Charges,BE 603,23-07-2025,NEFT recd agst bill 083 dt. 01.06.25,IDFBH25204364118,N.A., The Saraswat Co-op. Bank Ltd. - 152200100141861 ,101001,4671.00,,
ME-2025-0000935,301011 305007 304001 301005 305016 304003 301004 301003 305010 303001 301002,Education & Training Fund Stillt Area Tax Sinking Fund Lift Maintenance Charges 4W Stilt Parking Charges Repair Fund Water Charges Electricity Charges Building Development Fund Municipal Tax Maintenance Charges,BE 701,25-07-2025,Ch. dt. 25.07.2025 recd agst bill no. 086 dt 01.07.2025,000322,Bank Of Baroda, The Saraswat Co-op. Bank Ltd. - 152200100141861 ,101001,4657.00,,
ME-2025-0000936,301011 304001 304003 301005 301004 305010 301003 301002,Education & Training Fund Sinking Fund Repair Fund Lift Maintenance Charges Water Charges Building Development Fund Electricity Charges Maintenance Charges,BE 502,25-07-2025,Ch. dt. 15.07.2025 recd agst bill no. 081 dt 01.07.2025,973943,Indian Overseas Bank, The Saraswat Co-op. Bank Ltd. - 152200100141861 ,101001,3323.00,,
ME-2025-0000937,301011 305007 304001 305015 301005 305016 304003 301004 305017 301003 305010 303001 301002,Education & Training Fund Stillt Area Tax Sinking Fund 2W Parking Charges Lift Maintenance Charges 4W Stilt Parking Charges Repair Fund Water Charges 4W Open Parking Charges Electricity Charges Building Development Fund Municipal Tax Maintenance Charges,BE 501,25-07-2025,Ch. dt. 24.07.2025 recd agst bill no. 080 dt 01.07.2025,155984,Canara Bank, The Saraswat Co-op. Bank Ltd. - 152200100141861 ,101001,4932.00,,
ME-2025-0000938,301011 305007 304001 301005 305016 304003 301004 301003 305010 303001 301002,Education & Training Fund Stillt Area Tax Sinking Fund Lift Maintenance Charges 4W Stilt Parking Charges Repair Fund Water Charges Electricity Charges Building Development Fund Municipal Tax Maintenance Charges,BE 503,25-07-2025,Ch. dt. 25.07.2025 recd agst bill no. 082 dt 01.07.2025,036954,Union Bank Of India, The Saraswat Co-op. Bank Ltd. - 152200100141861 ,101001,4632.00,,
ME-2025-0000939,301011 304001 304003 301005 305017 301004 305010 301003 301002,Education & Training Fund Sinking Fund Repair Fund Lift Maintenance Charges 4W Open Parking Charges Water Charges Building Development Fund Electricity Charges Maintenance Charges,BE 102,25-07-2025,Ch. dt. 24.07.2025 recd agst bill no. 069 dt 01.07.2025,331397,Saraswat Bank, The Saraswat Co-op. Bank Ltd. - 152200100141861 ,101001,3473.00,,
ME-2025-0000940,301011 304001 305015 301005 304003 305017 301004 301003 303001 305010 301002,Education & Training Fund Sinking Fund 2W Parking Charges Lift Maintenance Charges Repair Fund 4W Open Parking Charges Water Charges Electricity Charges Municipal Tax Building Development Fund Maintenance Charges,BE 403,25-07-2025,Ch. dt. 10.07.2025 recd agst bill no. 079 dt 01.07.2025,000328,HDFC Bank, The Saraswat Co-op. Bank Ltd. - 152200100141861 ,101001,4657.00,,
ME-2025-0000941,301011 304001 301005 304003 305017 301004 301003 303001 305010 301002,Education & Training Fund Sinking Fund Lift Maintenance Charges Repair Fund 4W Open Parking Charges Water Charges Electricity Charges Municipal Tax Building Development Fund Maintenance Charges,BE 203,25-07-2025,Ch. dt. 23.07.2025 recd agst bill no. 073 dt 01.07.2025,841338,Indian Overseas Bank, The Saraswat Co-op. Bank Ltd. - 152200100141861 ,101001,4607.00,,
ME-2025-0000942,301011 304001 305015 301005 304003 301004 301003 303001 305010 301002,Education & Training Fund Sinking Fund 2W Parking Charges Lift Maintenance Charges Repair Fund Water Charges Electricity Charges Municipal Tax Building Development Fund Maintenance Charges,BE 201,25-07-2025,Ch. dt. 25.07.2025 recd agst bill no. 071 dt 01.07.2025,158951,Saraswat Bank, The Saraswat Co-op. Bank Ltd. - 152200100141861 ,101001,4507.00,,
EE-2025-0000046,411002,Electricity Charges,Tata Power,01-08-2025,Being electricity bill paid  for July 2025,134758,31540, The Saraswat Co-op. Bank Ltd. - 152200100141861 ,101001,,10544,
EE-2025-0000048,401001,Salary Expenses,Sweeper,01-08-2025,Being salary paid for July 2025,134759,, The Saraswat Co-op. Bank Ltd. - 152200100141861 ,101001,,4000,
EE-2025-0000050,407001,Security Expenses,Singh Security Service,01-08-2025,Being salary paid for July 2025,134760,, The Saraswat Co-op. Bank Ltd. - 152200100141861 ,101001,,16000,
BE-2025-0000006,0,Bank Transfer,,01-08-2025,Being Cash withdrawn for petty cash,134761,, The Saraswat Co-op. Bank Ltd. - 152200100141861 ,101001,,5000,
EE-2025-0000052,408002,Accounting Charges,Irene Rosario,01-08-2025,Being accounting charges paid for July to Sept 2025,134762,, The Saraswat Co-op. Bank Ltd. - 152200100141861 ,101001,,3848,
ME-2025-0001198,303002 305010 301011 301003 301005 301002 303001 304003 304001 301004,Arrears Munciple Tax Building Development Fund Education & Training Fund Electricity Charges Lift Maintenance Charges Maintenance Charges Municipal Tax Repair Fund Sinking Fund Water Charges,BE 702,04-08-2025,NEFT recd agst bill 109 dt. 01.08.2025 kailas,HDFCH00400474765,HDFC Bank , The Saraswat Co-op. Bank Ltd. - 152200100141861 ,101001,5015.00,,
ME-2025-0001199,305016 303002 305010 301011 301003 301005 301002 303001 304003 304001 305007 301004,4W Stilt Parking Charges Arrears Munciple Tax Building Development Fund Education & Training Fund Electricity Charges Lift Maintenance Charges Maintenance Charges Municipal Tax Repair Fund Sinking Fund Stillt Area Tax Water Charges,BE 703,04-08-2025,NEFT recd agst bill 110 dt. 01.08.2025,HDFCH0040071813,HDFC bank, The Saraswat Co-op. Bank Ltd. - 152200100141861 ,101001,6232.00,,
ME-2025-0001187,301011 304001 305007 301005 305015 305016 304003 301004 301003 305010 303001 303002 301002,Education & Training Fund Sinking Fund Stillt Area Tax Lift Maintenance Charges 2W Parking Charges 4W Stilt Parking Charges Repair Fund Water Charges Electricity Charges Building Development Fund Municipal Tax Arrears Munciple Tax Maintenance Charges,BE 303,06-08-2025,UPI recd agst bill 098 dt. 01.08.25,521895984354,State Bank of India, The Saraswat Co-op. Bank Ltd. - 152200100141861 ,101001,6193.00,,
ME-2025-0001200,305017 303002 305010 301011 301003 301005 301002 303001 304003 304001 301004,4W Open Parking Charges Arrears Munciple Tax Building Development Fund Education & Training Fund Electricity Charges Lift Maintenance Charges Maintenance Charges Municipal Tax Repair Fund Sinking Fund Water Charges,BE 301,12-08-2025,IMPS recd agst bill 096 dt. 01.08.2025,522408381937,N.A., The Saraswat Co-op. Bank Ltd. - 152200100141861 ,101001,6042.00,,
ME-2025-0001201,305015 305017 303002 305010 301011 301003 301005 301002 303001 304003 304001 301004,2W Parking Charges 4W Open Parking Charges Arrears Munciple Tax Building Development Fund Education & Training Fund Electricity Charges Lift Maintenance Charges Maintenance Charges Municipal Tax Repair Fund Sinking Fund Water Charges,BE 101,12-08-2025,IMPS recd agst bill 090 dt. 01.08.2025,522404128903,N.A., The Saraswat Co-op. Bank Ltd. - 152200100141861 ,101001,6092.00,,
ME-2025-0001188,301011 304001 304003 301005 301004 305010 301003 301002,Education & Training Fund Sinking Fund Repair Fund Lift Maintenance Charges Water Charges Building Development Fund Electricity Charges Maintenance Charges,BE 202,14-08-2025,IMPS recd agst bill no. 094 dt 01.08.2025,522618257543,South Indian Bank, The Saraswat Co-op. Bank Ltd. - 152200100141861 ,101001,3323.00,,
ME-2025-0001204,206001,Advance Members,BE 103,20-08-2025,NEFT recd on advance,HDFCH432801002,HDFC Bank, The Saraswat Co-op. Bank Ltd. - 152200100141861 ,101001,5353.00,,
ME-2025-0001202,305016 303002 305010 301011 301003 301005 301002 303001 304003 304001 305007 301004,4W Stilt Parking Charges Arrears Munciple Tax Building Development Fund Education & Training Fund Electricity Charges Lift Maintenance Charges Maintenance Charges Municipal Tax Repair Fund Sinking Fund Stillt Area Tax Water Charges,BE 601,22-08-2025,NEFT recd agst bill 105 dt. 01.04.2025,IDFBH25234514790,N.A., The Saraswat Co-op. Bank Ltd. - 152200100141861 ,101001,6232.00,,
ME-2025-0001203,305017 303002 305010 301011 301003 301005 301002 303001 304003 304001 301004,4W Open Parking Charges Arrears Munciple Tax Building Development Fund Education & Training Fund Electricity Charges Lift Maintenance Charges Maintenance Charges Municipal Tax Repair Fund Sinking Fund Water Charges,BE 603,22-08-2025,NEFT recd agst bill 105 dt. 01.04.2025,IDFBH25234514790,N.A., The Saraswat Co-op. Bank Ltd. - 152200100141861 ,101001,6181.00,,
ME-2025-0001189,301011 304001 305007 301005 305016 304003 301004 301003 305010 303001 303002 301002,Education & Training Fund Sinking Fund Stillt Area Tax Lift Maintenance Charges 4W Stilt Parking Charges Repair Fund Water Charges Electricity Charges Building Development Fund Municipal Tax Arrears Munciple Tax Maintenance Charges,BE 701,25-08-2025,Ch. dt. 25.08.25 recd agst bill 108 dt. 01.08.25,000323,Bank of Baroda, The Saraswat Co-op. Bank Ltd. - 152200100141861 ,101001,6232.00,,
ME-2025-0001190,301011 304001 305007 301005 305016 304003 301004 301003 305010 303001 303002 301002,Education & Training Fund Sinking Fund Stillt Area Tax Lift Maintenance Charges 4W Stilt Parking Charges Repair Fund Water Charges Electricity Charges Building Development Fund Municipal Tax Arrears Munciple Tax Maintenance Charges,BE 503,25-08-2025,Ch. dt. 25.08.25 recd agst bill 104 dt. 01.08.25,036956,Union Bank, The Saraswat Co-op. Bank Ltd. - 152200100141861 ,101001,6207.00,,
ME-2025-0001191,301011 304001 304003 301005 301004 305010 301003 301002,Education & Training Fund Sinking Fund Repair Fund Lift Maintenance Charges Water Charges Building Development Fund Electricity Charges Maintenance Charges,BE 502,25-08-2025,Ch. dt. 15.08.25 recd agst bill 103 dt. 01.08.25,973944,Indian Overseas Bank, The Saraswat Co-op. Bank Ltd. - 152200100141861 ,101001,3323.00,,
ME-2025-0001192,301011 304001 305007 305015 301005 305016 304003 301004 305017 301003 305010 303001 303002 301002,Education & Training Fund Sinking Fund Stillt Area Tax 2W Parking Charges Lift Maintenance Charges 4W Stilt Parking Charges Repair Fund Water Charges 4W Open Parking Charges Electricity Charges Building Development Fund Municipal Tax Arrears Munciple Tax Maintenance Charges,BE 501,25-08-2025,Ch. dt. 24.08.25 recd agst bill 102 dt. 01.08.25,155985,Canara Bank, The Saraswat Co-op. Bank Ltd. - 152200100141861 ,101001,6507.00,,
ME-2025-0001193,301011 304001 305015 301005 304003 305017 301004 301003 305010 303001 303002 301002,Education & Training Fund Sinking Fund 2W Parking Charges Lift Maintenance Charges Repair Fund 4W Open Parking Charges Water Charges Electricity Charges Building Development Fund Municipal Tax Arrears Munciple Tax Maintenance Charges,BE 403,25-08-2025,Ch. dt. 08.08.25 recd agst bill 101 dt. 01.08.25,000330,HDFC Bank, The Saraswat Co-op. Bank Ltd. - 152200100141861 ,101001,6092.00,,
ME-2025-0001194,301011 304001 304003 301005 301004 301007 305010 301003 301002,Education & Training Fund Sinking Fund Repair Fund Lift Maintenance Charges Water Charges Non Occupancy Charges Building Development Fund Electricity Charges Maintenance Charges,BE 302,25-08-2025,Ch. dt. 24.08.25 recd agst bill 097 dt. 01.08.25,373810,Union Bank Of India, The Saraswat Co-op. Bank Ltd. - 152200100141861 ,101001,3634.00,,
ME-2025-0001195,301011 304001 301005 304003 305017 301004 301003 305010 303001 303002 301002,Education & Training Fund Sinking Fund Lift Maintenance Charges Repair Fund 4W Open Parking Charges Water Charges Electricity Charges Building Development Fund Municipal Tax Arrears Munciple Tax Maintenance Charges,BE 203,25-08-2025,Ch. dt. 22.08.25 recd agst bill 095 dt. 01.08.25,841339,Indian Overseas Bank, The Saraswat Co-op. Bank Ltd. - 152200100141861 ,101001,6042.00,,
ME-2025-0001196,301011 304001 305015 301005 304003 301004 301003 305010 303001 303002 301002,Education & Training Fund Sinking Fund 2W Parking Charges Lift Maintenance Charges Repair Fund Water Charges Electricity Charges Building Development Fund Municipal Tax Arrears Munciple Tax Maintenance Charges,BE 201,25-08-2025,Ch. dt. 25.08.25 recd agst bill 093 dt. 01.08.25,477909,Indian Overseas Bank, The Saraswat Co-op. Bank Ltd. - 152200100141861 ,101001,5942.00,,
ME-2025-0001197,301011 304001 304003 301005 305017 301004 305010 301003 301002,Education & Training Fund Sinking Fund Repair Fund Lift Maintenance Charges 4W Open Parking Charges Water Charges Building Development Fund Electricity Charges Maintenance Charges,BE 102,25-08-2025,Ch. dt. 23.08.25 recd agst bill 091 dt. 01.08.25,331399,Saraswat Bank, The Saraswat Co-op. Bank Ltd. - 152200100141861 ,101001,3473.00,,
EE-2025-0000054,407009,Subscription Federation,The Mumbai District Co-op Housing Federation Ltd,29-08-2025,Being bill paid for the period 01.04.25 to 31.03.25,134764,, The Saraswat Co-op. Bank Ltd. - 152200100141861 ,101001,,826,
BE-2025-0000007,0,Bank Transfer,,29-08-2025,Being Cash withdrawn for petty cash,134765,, The Saraswat Co-op. Bank Ltd. - 152200100141861 ,101001,,5000,
EE-2025-0000058,411002,Electricity Charges,Tata Power,01-09-2025,Being electricity bill paid for Aug 2025,134766,, The Saraswat Co-op. Bank Ltd. - 152200100141861 ,101001,,10203,
EE-2025-0000060,407001,Security Expenses,Singh Security Service,01-09-2025,Being salary paid for August 2025,134767,, The Saraswat Co-op. Bank Ltd. - 152200100141861 ,101001,,16000,
EE-2025-0000062,401001,Salary Expenses,Sweeper,01-09-2025,Being salary paid for August 2025,134768,, The Saraswat Co-op. Bank Ltd. - 152200100141861 ,101001,,4000,
EE-2025-0000084,406008,Repair Maintenance - Other,Unassigned,01-09-2025,Being bill paid for Servicing ABC Type St.- 4kg,134763,, The Saraswat Co-op. Bank Ltd. - 152200100141861 ,101001,,4175,
ME-2025-0001423,301011 304001 304003 301005 301004 305010 301003 303001 301002,Education & Training Fund Sinking Fund Repair Fund Lift Maintenance Charges Water Charges Building Development Fund Electricity Charges Municipal Tax Maintenance Charges,BE 702,02-09-2025,NEFT recd agst bill 131 dt 01.09.2024,HDFCH00458441762,HDFC Bank, The Saraswat Co-op. Bank Ltd. - 152200100141861 ,101001,4071.00,,
ME-2025-0001424,301011 304001 305007 301005 305016 304003 301004 301003 305010 303001 301002,Education & Training Fund Sinking Fund Stillt Area Tax Lift Maintenance Charges 4W Stilt Parking Charges Repair Fund Water Charges Electricity Charges Building Development Fund Municipal Tax Maintenance Charges,BE 703,02-09-2025,NEFT recd agst bill 132 dt 01.09.2024,HDFCH00458441417,HDFC Bank, The Saraswat Co-op. Bank Ltd. - 152200100141861 ,101001,4972.00,,
ME-2025-0001425,301011 304001 305007 301005 305015 305016 304003 301004 301003 305010 303001 301002,Education & Training Fund Sinking Fund Stillt Area Tax Lift Maintenance Charges 2W Parking Charges 4W Stilt Parking Charges Repair Fund Water Charges Electricity Charges Building Development Fund Municipal Tax Maintenance Charges,BE 303,06-09-2025,UPI recd agst bill 120 Dt 01.09.25,561508117605,State Bank of India, The Saraswat Co-op. Bank Ltd. - 152200100141861 ,101001,4993.00,,
ME-2025-0001426,301011 304001 304003 301005 301004 305010 301003 301002,Education & Training Fund Sinking Fund Repair Fund Lift Maintenance Charges Water Charges Building Development Fund Electricity Charges Maintenance Charges,BE 202,13-09-2025,IMPS recd agst bill 116 dt. 01.09.25,525619284650,N.A., The Saraswat Co-op. Bank Ltd. - 152200100141861 ,101001,3323.00,,
ME-2025-0001427,301011 304001 301005 304003 305017 301004 301003 305010 303001 301002,Education & Training Fund Sinking Fund Lift Maintenance Charges Repair Fund 4W Open Parking Charges Water Charges Electricity Charges Building Development Fund Municipal Tax Maintenance Charges,BE 301,15-09-2025,IMPS recd agst bill 118 dt. 01.09.25,525812586815,N.A., The Saraswat Co-op. Bank Ltd. - 152200100141861 ,101001,4894.00,,
ME-2025-0001428,301011 304001 305015 301005 304003 305017 301004 301003 305010 303001 301002,Education & Training Fund Sinking Fund 2W Parking Charges Lift Maintenance Charges Repair Fund 4W Open Parking Charges Water Charges Electricity Charges Building Development Fund Municipal Tax Maintenance Charges,BE 101,18-09-2025,IMPS recd agst 112 dt. 01.09.25,526187274602,N.A., The Saraswat Co-op. Bank Ltd. - 152200100141861 ,101001,4944.00,,
ME-2025-0001440,206001,Advance Members,BE 103,20-09-2025,NEFT recd as advance,HDFCH0049561606083,HDFC BANK , The Saraswat Co-op. Bank Ltd. - 152200100141861 ,101001,5353.00,,
ME-2025-0001441,305016 305010 301011 301003 301005 301002 303001 304003 304001 305007 301004,4W Stilt Parking Charges Building Development Fund Education & Training Fund Electricity Charges Lift Maintenance Charges Maintenance Charges Municipal Tax Repair Fund Sinking Fund Stillt Area Tax Water Charges,BE 601,24-09-2025,NEFT recd agst bill 127 dt. 01.09.2025,IDFBH25267891425,N.A., The Saraswat Co-op. Bank Ltd. - 152200100141861 ,101001,4972.00,,
ME-2025-0001442,305017 305010 301011 301003 301005 301002 303001 304003 304001 301004,4W Open Parking Charges Building Development Fund Education & Training Fund Electricity Charges Lift Maintenance Charges Maintenance Charges Municipal Tax Repair Fund Sinking Fund Water Charges,BE 603,24-09-2025,NEFT recd agst bill 127 dt. 01.09.2025,IDFBH25267891425,N.A., The Saraswat Co-op. Bank Ltd. - 152200100141861 ,101001,4973.00,,
ME-2025-0001431,301011 304001 304003 301005 305017 301004 305010 301003 301002,Education & Training Fund Sinking Fund Repair Fund Lift Maintenance Charges 4W Open Parking Charges Water Charges Building Development Fund Electricity Charges Maintenance Charges,BE 102,25-09-2025,Ch dt. 24.09.25 recd agst bill 113 dt. 01.09.25,331398,Saraswat Bank, The Saraswat Co-op. Bank Ltd. - 152200100141861 ,101001,3473.00,,
ME-2025-0001432,301011 304001 305015 301005 304003 301004 301003 305010 303001 301002,Education & Training Fund Sinking Fund 2W Parking Charges Lift Maintenance Charges Repair Fund Water Charges Electricity Charges Building Development Fund Municipal Tax Maintenance Charges,BE 201,25-09-2025,Ch dt. 25.09.25 recd agst bill 115 dt. 01.09.25,107058,Canara Bank, The Saraswat Co-op. Bank Ltd. - 152200100141861 ,101001,4794.00,,
ME-2025-0001433,301011 304001 301005 304003 305017 301004 301003 305010 303001 301002,Education & Training Fund Sinking Fund Lift Maintenance Charges Repair Fund 4W Open Parking Charges Water Charges Electricity Charges Building Development Fund Municipal Tax Maintenance Charges,BE 203,25-09-2025,Ch dt. 21.09.25 recd agst bill 117 dt. 01.09.25,841341,Indian Overseas Bank, The Saraswat Co-op. Bank Ltd. - 152200100141861 ,101001,4894.00,,
ME-2025-0001434,301011 304001 304003 301005 301004 301007 305010 301003 301002,Education & Training Fund Sinking Fund Repair Fund Lift Maintenance Charges Water Charges Non Occupancy Charges Building Development Fund Electricity Charges Maintenance Charges,BE 302,25-09-2025,Ch dt. 23.09.25 recd agst bill 119 dt. 01.09.25,384911,Union Bank, The Saraswat Co-op. Bank Ltd. - 152200100141861 ,101001,3634.00,,
ME-2025-0001435,305015 305017 305010 301011 301003 301005 301002 303001 304003 304001 301004 206001,2W Parking Charges 4W Open Parking Charges Building Development Fund Education & Training Fund Electricity Charges Lift Maintenance Charges Maintenance Charges Municipal Tax Repair Fund Sinking Fund Water Charges Advance Members Advance Members,BE 403,25-09-2025,Ch dt. 07.09.25 recd agst bill 123 dt. 01.09.25,000331,HDFC Bank, The Saraswat Co-op. Bank Ltd. - 152200100141861 ,101001,4950.00,,
ME-2025-0001436,305015 305017 305016 305010 301011 301003 301005 301002 303001 304003 304001 305007 301004 206001,2W Parking Charges 4W Open Parking Charges 4W Stilt Parking Charges Building Development Fund Education & Training Fund Electricity Charges Lift Maintenance Charges Maintenance Charges Municipal Tax Repair Fund Sinking Fund Stillt Area Tax Water Charges Advance Members Advance Members,BE 501,25-09-2025,Ch dt. 24.09.25 recd agst bill 124 dt. 01.09.25,393536,Canara Bank, The Saraswat Co-op. Bank Ltd. - 152200100141861 ,101001,6507.00,,
ME-2025-0001437,301011 304001 304003 301005 301004 305010 301003 301002,Education & Training Fund Sinking Fund Repair Fund Lift Maintenance Charges Water Charges Building Development Fund Electricity Charges Maintenance Charges,BE 502,25-09-2025,Ch dt. 15.09.25 recd agst bill 125 dt. 01.09.25,973945,Indian Overseas Bank, The Saraswat Co-op. Bank Ltd. - 152200100141861 ,101001,3323.00,,
ME-2025-0001438,305016 305010 301011 301003 301005 301002 303001 304003 304001 305007 301004 206001,4W Stilt Parking Charges Building Development Fund Education & Training Fund Electricity Charges Lift Maintenance Charges Maintenance Charges Municipal Tax Repair Fund Sinking Fund Stillt Area Tax Water Charges Advance Members Advance Members,BE 503,25-09-2025,Ch dt. 25.09.25 recd agst bill 126 dt. 01.09.25,036957,Union Bank, The Saraswat Co-op. Bank Ltd. - 152200100141861 ,101001,6207.00,,
ME-2025-0001439,301011 304001 305007 301005 305016 304003 301004 301003 305010 303001 301002,Education & Training Fund Sinking Fund Stillt Area Tax Lift Maintenance Charges 4W Stilt Parking Charges Repair Fund Water Charges Electricity Charges Building Development Fund Municipal Tax Maintenance Charges,BE 701,25-09-2025,Ch dt. 25.09.25 recd agst bill 130 dt. 01.09.25,000324,Bank of Baroda, The Saraswat Co-op. Bank Ltd. - 152200100141861 ,101001,4972.00,,
BE-2025-0000008,0,Bank Transfer,,26-09-2025,Being Cash withdrawn for petty cash,134769,, The Saraswat Co-op. Bank Ltd. - 152200100141861 ,101001,,5000,
EE-2025-0000064,406012,Repairs & Maintenance - CCTV ,Unassigned,26-09-2025,Being bill paid for purchase of 2MP Bullet Camera and Service charge,134770,, The Saraswat Co-op. Bank Ltd. - 152200100141861 ,101001,,4700,
ME-2025-0001663,301011 304001 305007 301005 305015 305016 304003 301004 301003 305010 303001 301002,Education & Training Fund Sinking Fund Stillt Area Tax Lift Maintenance Charges 2W Parking Charges 4W Stilt Parking Charges Repair Fund Water Charges Electricity Charges Building Development Fund Municipal Tax Maintenance Charges,BE 303,02-10-2025,UPI recd agst bill no. 142 dt 01.10.2025,527581238784,SBI Bank, The Saraswat Co-op. Bank Ltd. - 152200100141861 ,101001,4993.00,,
ME-2025-0001664,301012 305015 305017 305010 301011 301003 301005 301002 304003 304001 301004 206001,Late Payment Interest 2W Parking Charges 4W Open Parking Charges Building Development Fund Education & Training Fund Electricity Charges Lift Maintenance Charges Maintenance Charges Repair Fund Sinking Fund Water Charges 2W Parking Charges 4W Open Parking Charges Building Development Fund Education & Training Fund Electricity Charges Lift Maintenance Charges Maintenance Charges Repair Fund Sinking Fund Water Charges Advance Members Advance Members,BE 402,02-10-2025,IMPS recd agst bill no. 144 dt 01.10.2025,9819449464,N.A., The Saraswat Co-op. Bank Ltd. - 152200100141861 ,101001,10000.00,,
ME-2025-0001665,301011 304001 305007 301005 305016 304003 301004 301003 305010 303001 301002,Education & Training Fund Sinking Fund Stillt Area Tax Lift Maintenance Charges 4W Stilt Parking Charges Repair Fund Water Charges Electricity Charges Building Development Fund Municipal Tax Maintenance Charges,BE 703,04-10-2025,NEFT recd agst bill no. 154 dt 01.10.2025,HDFCH00525344718,HDFC Bank, The Saraswat Co-op. Bank Ltd. - 152200100141861 ,101001,4972.00,,
ME-2025-0001666,301011 304001 304003 301005 301004 305010 301003 303001 301002,Education & Training Fund Sinking Fund Repair Fund Lift Maintenance Charges Water Charges Building Development Fund Electricity Charges Municipal Tax Maintenance Charges,BE 702,04-10-2025,NEFT recd agst bill no. 153 dt 01.10.2025,HDFCN52025100412127047,HDFC Bank, The Saraswat Co-op. Bank Ltd. - 152200100141861 ,101001,4071.00,,
EE-2025-0000068,411002,Electricity Charges,Tata Power,04-10-2025,Being electricity bill paid for Sept 2025,134771,, The Saraswat Co-op. Bank Ltd. - 152200100141861 ,101001,,10296,
EE-2025-0000070,407001,Security Expenses,Singh Security Service,04-10-2025,Being salary paid for Sept 2025,134773,, The Saraswat Co-op. Bank Ltd. - 152200100141861 ,101001,,15600,
EE-2025-0000072,401002,Bonus,Sweeper,04-10-2025,Being bonus paid for the year 2025,134775,, The Saraswat Co-op. Bank Ltd. - 152200100141861 ,101001,,5000,
EE-2025-0000074,406008,Repair Maintenance - Other,Unassigned,04-10-2025,Being reimbursement amount paid for repairs work in pipeline on terrace,134776,, The Saraswat Co-op. Bank Ltd. - 152200100141861 ,101001,,28500,
EE-2025-0000252,408002,Accounting Charges,Irene Rosario,04-10-2025,Being accounting charges paid for October to December 2025,134777,, The Saraswat Co-op. Bank Ltd. - 152200100141861 ,101001,,3848,
EE-2025-0000269,401001,Salary Expenses,Sweeper,04-10-2025,Being salary paid for September 2025,134774,, The Saraswat Co-op. Bank Ltd. - 152200100141861 ,101001,,5000,
EE-2025-0000250,408011,Bank Charges,Unassigned,05-10-2025,SMS BANK CHARGES FOR QUATER ENDING 30.09.25,NA,, The Saraswat Co-op. Bank Ltd. - 152200100141861 ,101001,,12.44,
ME-2025-0001679,305017 305010 301011 301003 301005 301002 303001 304003 304001 301004,4W Open Parking Charges Building Development Fund Education & Training Fund Electricity Charges Lift Maintenance Charges Maintenance Charges Municipal Tax Repair Fund Sinking Fund Water Charges,BE 301,13-10-2025,IMPS recd agst bill 140 dt. 01.10.2025,529654842296,N.A., The Saraswat Co-op. Bank Ltd. - 152200100141861 ,101001,4894.00,,
ME-2025-0001667,301011 304001 304003 301005 301004 305010 301003 301002,Education & Training Fund Sinking Fund Repair Fund Lift Maintenance Charges Water Charges Building Development Fund Electricity Charges Maintenance Charges,BE 202,14-10-2025,IMPS recd agst bill 138 dt. 01.10.2025,528713284753,South Indian Bank, The Saraswat Co-op. Bank Ltd. - 152200100141861 ,101001,3323.00,,
ME-2025-0001682,206001,Advance Members,BE 103,20-10-2025,NEFT recd agst advance,HDFCH005633258090,HDFC bank, The Saraswat Co-op. Bank Ltd. - 152200100141861 ,101001,5353.00,,
ME-2025-0001683,305015 305017 305010 301011 301003 301005 301002 303001 304003 304001 301004,2W Parking Charges 4W Open Parking Charges Building Development Fund Education & Training Fund Electricity Charges Lift Maintenance Charges Maintenance Charges Municipal Tax Repair Fund Sinking Fund Water Charges,BE 101,23-10-2025,IMPS recd agst bill 134 dt. 01.10.2025,529654842296,N.A., The Saraswat Co-op. Bank Ltd. - 152200100141861 ,101001,4944.00,,
ME-2025-0001680,305016 305010 301011 301003 301005 301002 303001 304003 304001 305007 301004,4W Stilt Parking Charges Building Development Fund Education & Training Fund Electricity Charges Lift Maintenance Charges Maintenance Charges Municipal Tax Repair Fund Sinking Fund Stillt Area Tax Water Charges,BE 601,24-10-2025,NEFT recd agst bill 149 dt. 01.10.2025,IDFBH25297022756`,N.A., The Saraswat Co-op. Bank Ltd. - 152200100141861 ,101001,4972.00,,
ME-2025-0001681,305017 305010 301011 301003 301005 301002 303001 304003 304001 301004,4W Open Parking Charges Building Development Fund Education & Training Fund Electricity Charges Lift Maintenance Charges Maintenance Charges Municipal Tax Repair Fund Sinking Fund Water Charges,BE 603,24-10-2025,NEFT recd agst bill 149 dt. 01.10.2025,IDFBH25297022756`,N.A., The Saraswat Co-op. Bank Ltd. - 152200100141861 ,101001,4973.00,,
ME-2025-0001668,301012 301011 301002 301009 305007 206001,Late Payment Interest Education & Training Fund Maintenance Charges Parking Charges Stillt Area Tax Education & Training Fund Maintenance Charges Parking Charges Stillt Area Tax Advance Members Advance Members,BE 0B1,25-10-2025,Ch recd agst bill 133 ch dt 15.10.25,000087,Bank Of Baroda, The Saraswat Co-op. Bank Ltd. - 152200100141861 ,101001,15000.00,,
ME-2025-0001669,305017 305010 301011 301003 301005 301002 304003 304001 301004,4W Open Parking Charges Building Development Fund Education & Training Fund Electricity Charges Lift Maintenance Charges Maintenance Charges Repair Fund Sinking Fund Water Charges,BE 102,25-10-2025,Ch recd agst bill 135 ch dt 18.10.25,331400,Saraswat Bank, The Saraswat Co-op. Bank Ltd. - 152200100141861 ,101001,3473.00,,
ME-2025-0001670,305015 305010 301011 301003 301005 301002 303001 304003 304001 301004,2W Parking Charges Building Development Fund Education & Training Fund Electricity Charges Lift Maintenance Charges Maintenance Charges Municipal Tax Repair Fund Sinking Fund Water Charges,BE 201,25-10-2025,Ch recd agst bill 137 ch dt 25.10.25,134956,Union Bank of India, The Saraswat Co-op. Bank Ltd. - 152200100141861 ,101001,4794.00,,
ME-2025-0001671,305017 305010 301011 301003 301005 301002 303001 304003 304001 301004,4W Open Parking Charges Building Development Fund Education & Training Fund Electricity Charges Lift Maintenance Charges Maintenance Charges Municipal Tax Repair Fund Sinking Fund Water Charges,BE 203,25-10-2025,Ch recd agst bill 139 ch dt 21.10.25,841342,Indian Overseas bank, The Saraswat Co-op. Bank Ltd. - 152200100141861 ,101001,4894.00,,
ME-2025-0001672,305010 301011 301003 301005 301002 301007 304003 304001 301004,Building Development Fund Education & Training Fund Electricity Charges Lift Maintenance Charges Maintenance Charges Non Occupancy Charges Repair Fund Sinking Fund Water Charges,BE 302,25-10-2025,Ch recd agst bill 141 ch dt 23.10.25,384915,Union Bank Of India, The Saraswat Co-op. Bank Ltd. - 152200100141861 ,101001,3634.00,,
ME-2025-0001673,305010 301011 301003 301005 301002 303001 304003 304001 301004 206001,Building Development Fund Education & Training Fund Electricity Charges Lift Maintenance Charges Maintenance Charges Municipal Tax Repair Fund Sinking Fund Water Charges Advance Members Advance Members,BE 401,25-10-2025,Ch recd agst bill 143 ch dt 03.10.25,000008,Bank of Baroda, The Saraswat Co-op. Bank Ltd. - 152200100141861 ,101001,30000.00,,
ME-2025-0001674,305015 305017 305010 301011 301003 301005 301002 303001 304003 304001 301004,2W Parking Charges 4W Open Parking Charges Building Development Fund Education & Training Fund Electricity Charges Lift Maintenance Charges Maintenance Charges Municipal Tax Repair Fund Sinking Fund Water Charges,BE 403,25-10-2025,Ch recd agst bill 145 ch dt 01.10.25,000334,HDFC BANK `, The Saraswat Co-op. Bank Ltd. - 152200100141861 ,101001,4938.00,,
ME-2025-0001675,305015 305017 305016 305010 301011 301003 301005 301002 303001 304003 304001 305007 301004,2W Parking Charges 4W Open Parking Charges 4W Stilt Parking Charges Building Development Fund Education & Training Fund Electricity Charges Lift Maintenance Charges Maintenance Charges Municipal Tax Repair Fund Sinking Fund Stillt Area Tax Water Charges,BE 501,25-10-2025,Ch recd agst bill 146 ch dt 24.10.25,393538,Canara Bank, The Saraswat Co-op. Bank Ltd. - 152200100141861 ,101001,3987.00,,
ME-2025-0001676,305010 301011 301003 301005 301002 304003 304001 301004,Building Development Fund Education & Training Fund Electricity Charges Lift Maintenance Charges Maintenance Charges Repair Fund Sinking Fund Water Charges,BE 502,25-10-2025,Ch recd agsty bill 147 ch dt 15.10.25,973949,Indian Overseas bank, The Saraswat Co-op. Bank Ltd. - 152200100141861 ,101001,3323.00,,
ME-2025-0001677,305016 305010 301011 301003 301005 301002 303001 304003 304001 305007 301004,4W Stilt Parking Charges Building Development Fund Education & Training Fund Electricity Charges Lift Maintenance Charges Maintenance Charges Municipal Tax Repair Fund Sinking Fund Stillt Area Tax Water Charges,BE 503,25-10-2025,Ch recd agst bill 148 ch dt 25.10.25,036959,Union Bank of India, The Saraswat Co-op. Bank Ltd. - 152200100141861 ,101001,3687.00,,
ME-2025-0001678,305016 305010 301011 301003 301005 301002 303001 304003 304001 305007 301004,4W Stilt Parking Charges Building Development Fund Education & Training Fund Electricity Charges Lift Maintenance Charges Maintenance Charges Municipal Tax Repair Fund Sinking Fund Stillt Area Tax Water Charges,BE 701,25-10-2025,Ch recd agst bill 152 ch dt 25.10.25,000326,Bank Of Baroda, The Saraswat Co-op. Bank Ltd. - 152200100141861 ,101001,4972.00,,
ME-2025-0001904,301011 304001 305007 301005 305015 305016 304003 301004 301003 305010 303001 301002,Education & Training Fund Sinking Fund Stillt Area Tax Lift Maintenance Charges 2W Parking Charges 4W Stilt Parking Charges Repair Fund Water Charges Electricity Charges Building Development Fund Municipal Tax Maintenance Charges,BE 303,01-11-2025,UPI recd agst bill no. 164 dt 01.11.2025,530512877967,SBI Bank, The Saraswat Co-op. Bank Ltd. - 152200100141861 ,101001,4993.00,,
EE-2025-0000256,411002,Electricity Charges,Tata Power,01-11-2025,Being electricity bill paid for October 2025,134778,, The Saraswat Co-op. Bank Ltd. - 152200100141861 ,101001,,10453,
EE-2025-0000258,407001,Security Expenses,Singh Security Service,01-11-2025,Being salary paid for October 2025,134779,, The Saraswat Co-op. Bank Ltd. - 152200100141861 ,101001,,18000,
EE-2025-0000260,401001,Salary Expenses,Sweeper,01-11-2025,Being salary paid for October 2025,134780,, The Saraswat Co-op. Bank Ltd. - 152200100141861 ,101001,,5000,
BE-2025-0000009,0,Bank Transfer,,01-11-2025,Being cash withdrawn for petty cash,134781,, The Saraswat Co-op. Bank Ltd. - 152200100141861 ,101001,,5000,
ME-2025-0001905,206001,Advance Members,BE 402,02-11-2025,NEFT recd agst security deposit,HDFCH00585150390,HDFC Bank, The Saraswat Co-op. Bank Ltd. - 152200100141861 ,101001,10000.00,,
ME-2025-0001906,305016 305010 301011 301003 301005 301002 303001 304003 304001 305007 301004,4W Stilt Parking Charges Building Development Fund Education & Training Fund Electricity Charges Lift Maintenance Charges Maintenance Charges Municipal Tax Repair Fund Sinking Fund Stillt Area Tax Water Charges,BE 703,02-11-2025,NEFT recd agst bill 176 dt. 01.11.25,HDFCH00585375672,HDFC Bank, The Saraswat Co-op. Bank Ltd. - 152200100141861 ,101001,4972.00,,
ME-2025-0001907,305010 301011 301003 301005 301002 303001 304003 304001 301004,Building Development Fund Education & Training Fund Electricity Charges Lift Maintenance Charges Maintenance Charges Municipal Tax Repair Fund Sinking Fund Water Charges,BE 702,02-11-2025,NEFT recd agst bill 175 dt. 01.11.25,HDFCH00585375841,HDFC Bank, The Saraswat Co-op. Bank Ltd. - 152200100141861 ,101001,4071.00,,
ME-2025-0001931,305012 305013,Share Transfer Fees Entrance Fees Share Transfer Fees,BE 702,06-11-2025,NEFT recd agst Share Transfer Fees and Entrance Fees,HDFCH00594264680,HDFC BANK , The Saraswat Co-op. Bank Ltd. - 152200100141861 ,101001,1000.00,,
ME-2025-0001932,305013,Entrance Fees,BE 702,06-11-2025,NEFT recd agst Entrance Fees,HDFCH00594267268,HDFC BANK , The Saraswat Co-op. Bank Ltd. - 152200100141861 ,101001,200.00,,
ME-2025-0001933,305012 305013,Share Transfer Fees Entrance Fees Share Transfer Fees,BE 703,06-11-2025,NEFT recd agst Share Transfer Fees and Entrance Fees,HDFCH00594274695,HDFC BANK , The Saraswat Co-op. Bank Ltd. - 152200100141861 ,101001,1000.00,,
ME-2025-0001934,305012,Share Transfer Fees,BE 702,06-11-2025,NEFT recd agst bill,HDFCH00594272594,HDFC BANK , The Saraswat Co-op. Bank Ltd. - 152200100141861 ,101001,100.00,,
ME-2025-0001935,305012 305013,Share Transfer Fees Entrance Fees,BE 703,06-11-2025,NEFT recd agst bill,HDFCH00594272594,HDFC BANK , The Saraswat Co-op. Bank Ltd. - 152200100141861 ,101001,300.00,,
ME-2025-0001918,301011 304001 301005 304003 305017 301004 301003 305010 303001 301002,Education & Training Fund Sinking Fund Lift Maintenance Charges Repair Fund 4W Open Parking Charges Water Charges Electricity Charges Building Development Fund Municipal Tax Maintenance Charges,BE 301,07-11-2025,IMPS recd agst bill 162 dt 01.11.2025,531111066896,N.A., The Saraswat Co-op. Bank Ltd. - 152200100141861 ,101001,4894.00,,
ME-2025-0001908,301011 304001 304003 301005 301004 305010 301003 301002,Education & Training Fund Sinking Fund Repair Fund Lift Maintenance Charges Water Charges Building Development Fund Electricity Charges Maintenance Charges,BE 202,11-11-2025,IMPS recd agst bill 160 dt. 01.11.25,531519874524,South Indian Bank, The Saraswat Co-op. Bank Ltd. - 152200100141861 ,101001,3323.00,,
ME-2025-0001919,301011 304001 305015 301005 304003 305017 301004 301003 305010 303001 301002,Education & Training Fund Sinking Fund 2W Parking Charges Lift Maintenance Charges Repair Fund 4W Open Parking Charges Water Charges Electricity Charges Building Development Fund Municipal Tax Maintenance Charges,BE 101,13-11-2025,IMPS recd agst bill 156 dt 01.11.2025,531736977164,N.A., The Saraswat Co-op. Bank Ltd. - 152200100141861 ,101001,4944.00,,
ME-2025-0001920,206001,Advance Members,BE 103,20-11-2025,NEFT recd as advance,HDFCH00622922640,HDFC Bank, The Saraswat Co-op. Bank Ltd. - 152200100141861 ,101001,5353.00,,
EE-2025-0000262,406012,Repairs & Maintenance - CCTV ,Unassigned,22-11-2025,Being amt paid for CCTV camera wiring and service charges,134783,, The Saraswat Co-op. Bank Ltd. - 152200100141861 ,101001,,1160,
EE-2025-0000267,109001,Advance Payment to Vendors,Manoj S. Tandlekar,22-11-2025,Being 50% advance paid for electric meter reboard,134784,, The Saraswat Co-op. Bank Ltd. - 152200100141861 ,101001,,27550,
ME-2025-0001921,305016 305010 301011 301003 301005 301002 303001 304003 304001 305007 301004,4W Stilt Parking Charges Building Development Fund Education & Training Fund Electricity Charges Lift Maintenance Charges Maintenance Charges Municipal Tax Repair Fund Sinking Fund Stillt Area Tax Water Charges,BE 601,24-11-2025,NEFT recd agst bill 171 & 173 dt. 01.11.2025,IDFB532853444799,IDFC BANK , The Saraswat Co-op. Bank Ltd. - 152200100141861 ,101001,4972.00,,
ME-2025-0001922,305017 305010 301011 301003 301005 301002 303001 304003 304001 301004,4W Open Parking Charges Building Development Fund Education & Training Fund Electricity Charges Lift Maintenance Charges Maintenance Charges Municipal Tax Repair Fund Sinking Fund Water Charges,BE 603,24-11-2025,NEFT recd agst bill 171 & 173 dt. 01.11.2025,IDFB532853444799,IDFC BANK , The Saraswat Co-op. Bank Ltd. - 152200100141861 ,101001,4973.00,,
BE-2025-0000010,0,Bank Transfer,,24-11-2025,Being cash withdrawn for petty cash,134782,, The Saraswat Co-op. Bank Ltd. - 152200100141861 ,101001,,5000,
ME-2025-0001909,301011 304001 304003 301005 305017 301004 305010 301003 301002,Education & Training Fund Sinking Fund Repair Fund Lift Maintenance Charges 4W Open Parking Charges Water Charges Building Development Fund Electricity Charges Maintenance Charges,BE 102,25-11-2025,Chq recd dt 025.11.2025 agst bill 157 dt 01.11.2025,207391,Saraswat Bank, The Saraswat Co-op. Bank Ltd. - 152200100141861 ,101001,3473.00,,
ME-2025-0001910,301011 304001 304003 301005 301004 305010 301003 301002,Education & Training Fund Sinking Fund Repair Fund Lift Maintenance Charges Water Charges Building Development Fund Electricity Charges Maintenance Charges,BE 502,25-11-2025,Chq recd dt 15.11.2025 agst bill  169 dt 01.11.2025,973950,Indian Overseas bank, The Saraswat Co-op. Bank Ltd. - 152200100141861 ,101001,3323.00,,
ME-2025-0001911,301011 304001 305007 301005 305016 304003 301004 301003 305010 303001 301002,Education & Training Fund Sinking Fund Stillt Area Tax Lift Maintenance Charges 4W Stilt Parking Charges Repair Fund Water Charges Electricity Charges Building Development Fund Municipal Tax Maintenance Charges,BE 503,25-11-2025,CH recd agst  bill 170 dt. 01.11.2025,819101,Indian Overseas bank, The Saraswat Co-op. Bank Ltd. - 152200100141861 ,101001,4947.00,,
ME-2025-0001912,301011 304001 305007 301005 305016 304003 301004 301003 305010 303001 301002,Education & Training Fund Sinking Fund Stillt Area Tax Lift Maintenance Charges 4W Stilt Parking Charges Repair Fund Water Charges Electricity Charges Building Development Fund Municipal Tax Maintenance Charges,BE 701,25-11-2025,ch recd dt 25.11.2025 agst bill 174 dt 1.11.2025,000327,Bank Of Baroda, The Saraswat Co-op. Bank Ltd. - 152200100141861 ,101001,4972.00,,
ME-2025-0001913,301011 304001 305015 301005 304003 301004 301003 305010 303001 301002,Education & Training Fund Sinking Fund 2W Parking Charges Lift Maintenance Charges Repair Fund Water Charges Electricity Charges Building Development Fund Municipal Tax Maintenance Charges,BE 201,25-11-2025,Chq recd dt 25.11.25 agst bill  159 dt 01.11.2025,876724,Punjab National Bank , The Saraswat Co-op. Bank Ltd. - 152200100141861 ,101001,4794.00,,
ME-2025-0001914,301011 304001 301005 304003 305017 301004 301003 305010 303001 301002,Education & Training Fund Sinking Fund Lift Maintenance Charges Repair Fund 4W Open Parking Charges Water Charges Electricity Charges Building Development Fund Municipal Tax Maintenance Charges,BE 203,25-11-2025,Chq recd dt 24.11.25 agst bill 161  dt 01.11.2025,841343,Indian Overseas bank, The Saraswat Co-op. Bank Ltd. - 152200100141861 ,101001,4894.00,,
ME-2025-0001917,301011 304001 305015 301005 304003 305017 301004 301003 305010 303001 301002,Education & Training Fund Sinking Fund 2W Parking Charges Lift Maintenance Charges Repair Fund 4W Open Parking Charges Water Charges Electricity Charges Building Development Fund Municipal Tax Maintenance Charges,BE 403,25-11-2025,Chq recd dt 12.11.25 agst bill  167 dt 01.11.2025,000337,HDFC bank, The Saraswat Co-op. Bank Ltd. - 152200100141861 ,101001,4944.00,,
ME-2025-0002169,305010 301011 301003 301005 301002 304003 304001 301004,Building Development Fund Education & Training Fund Electricity Charges Lift Maintenance Charges Maintenance Charges Repair Fund Sinking Fund Water Charges,BE 202,04-12-2025,IMPS recd agst bill no.186 dt.01.12.25,533814605310,N.A., The Saraswat Co-op. Bank Ltd. - 152200100141861 ,101001,3323.00,,
ME-2025-0002157,301011 304001 305007 301005 305015 305016 304003 301004 301003 305010 303001 301002,Education & Training Fund Sinking Fund Stillt Area Tax Lift Maintenance Charges 2W Parking Charges 4W Stilt Parking Charges Repair Fund Water Charges Electricity Charges Building Development Fund Municipal Tax Maintenance Charges,BE 303,06-12-2025,UPI recd agst bill 6189 Dt 01.12.25,534014915019,State Bank Of India , The Saraswat Co-op. Bank Ltd. - 152200100141861 ,101001,4993.00,,
ME-2025-0002170,305016 305010 301011 301003 301005 301002 303001 304003 304001 305007 301004,4W Stilt Parking Charges Building Development Fund Education & Training Fund Electricity Charges Lift Maintenance Charges Maintenance Charges Municipal Tax Repair Fund Sinking Fund Stillt Area Tax Water Charges,BE 703,06-12-2025,NEFT recd agst bill no.201 dt.01.12.25,HDFCH00659314295,HDFC Bank, The Saraswat Co-op. Bank Ltd. - 152200100141861 ,101001,4972.00,,
ME-2025-0002171,305010 301011 301003 301005 301002 303001 304003 304001 301004,Building Development Fund Education & Training Fund Electricity Charges Lift Maintenance Charges Maintenance Charges Municipal Tax Repair Fund Sinking Fund Water Charges,BE 702,06-12-2025,NEFT recd agst bill no.200 dt.01.12.25,HDFCH00659320129,HDFC Bank, The Saraswat Co-op. Bank Ltd. - 152200100141861 ,101001,4071.00,,
BE-2025-0000014,0,Bank Transfer,,08-12-2025,Being cash withdrawn,134790,, The Saraswat Co-op. Bank Ltd. - 152200100141861 ,101001,,5000,
EE-2025-0000472,406007,Repair Maintenance - Electrical,Manoj S. Tandlekar,08-12-2025,Being bill paid for electric material purchase wires switches cement etc,134785,, The Saraswat Co-op. Bank Ltd. - 152200100141861 ,101001,,27550,
EE-2025-0000475,407011,Audit Fees,Statutory Auditor,08-12-2025,Being audit fees paid for FY 24-25,134786,, The Saraswat Co-op. Bank Ltd. - 152200100141861 ,101001,,3000,
EE-2025-0000483,411002,Electricity Charges,Tata Power,08-12-2025,Being elec bill paid for Nov 2025,134789,, The Saraswat Co-op. Bank Ltd. - 152200100141861 ,101001,,9455,
ME-2025-0002172,305017 305010 301011 301003 301005 301002 303001 304003 304001 301004,4W Open Parking Charges Building Development Fund Education & Training Fund Electricity Charges Lift Maintenance Charges Maintenance Charges Municipal Tax Repair Fund Sinking Fund Water Charges,BE 301,09-12-2025,IMPS recd agst bill no.188 dt.01.12.25,534314235301,N.A., The Saraswat Co-op. Bank Ltd. - 152200100141861 ,101001,4894.00,,
EE-2025-0000477,407001,Security Expenses,Bihar SecurityServices,09-12-2025,Being salary paid for Nov 2025,134791,, The Saraswat Co-op. Bank Ltd. - 152200100141861 ,101001,,6600,
EE-2025-0000479,401001,Salary Expenses,Sweeper,09-12-2025,Being salary paid for Nov 2025   Savita Tak,134788,, The Saraswat Co-op. Bank Ltd. - 152200100141861 ,101001,,5000,
ME-2025-0002173,305015 305017 305010 301011 301003 301005 301002 303001 304003 304001 301004,2W Parking Charges 4W Open Parking Charges Building Development Fund Education & Training Fund Electricity Charges Lift Maintenance Charges Maintenance Charges Municipal Tax Repair Fund Sinking Fund Water Charges,BE 101,17-12-2025,IMPS recd agst bill no.182 dt.01.12.25,535170099333,N.A., The Saraswat Co-op. Bank Ltd. - 152200100141861 ,101001,4944.00,,
BE-2025-0000015,0,Bank Transfer,,20-12-2025,Being cash withdrawn,134796,, The Saraswat Co-op. Bank Ltd. - 152200100141861 ,101001,,5000,
ME-2025-0002174,305016 305010 301011 301003 301005 301002 303001 304003 304001 305007 301004,4W Stilt Parking Charges Building Development Fund Education & Training Fund Electricity Charges Lift Maintenance Charges Maintenance Charges Municipal Tax Repair Fund Sinking Fund Stillt Area Tax Water Charges,BE 601,24-12-2025,NEFT recd agst bill no.196 and 198 dt.01.12.25,IDFBH25358820706,IDFB BANK , The Saraswat Co-op. Bank Ltd. - 152200100141861 ,101001,4972.00,,
ME-2025-0002175,305017 305010 301011 301003 301005 301002 303001 304003 304001 301004,4W Open Parking Charges Building Development Fund Education & Training Fund Electricity Charges Lift Maintenance Charges Maintenance Charges Municipal Tax Repair Fund Sinking Fund Water Charges,BE 603,24-12-2025,NEFT recd agst bill no.196 and 198 dt.01.12.25,IDFBH25358820706,IDFB BANK , The Saraswat Co-op. Bank Ltd. - 152200100141861 ,101001,4973.00,,
ME-2025-0002158,301011 304001 305007 301005 305016 304003 301004 301003 305010 303001 301002,Education & Training Fund Sinking Fund Stillt Area Tax Lift Maintenance Charges 4W Stilt Parking Charges Repair Fund Water Charges Electricity Charges Building Development Fund Municipal Tax Maintenance Charges,BE 701,25-12-2025,Chq recd dt 25.12.2025 agst bill  199 dt 01.12.2025,000328,Bank of Baroda`, The Saraswat Co-op. Bank Ltd. - 152200100141861 ,101001,4972.00,,
ME-2025-0002159,301011 304001 305007 301005 305016 304003 301004 301003 305010 303001 301002,Education & Training Fund Sinking Fund Stillt Area Tax Lift Maintenance Charges 4W Stilt Parking Charges Repair Fund Water Charges Electricity Charges Building Development Fund Municipal Tax Maintenance Charges,BE 503,25-12-2025,Chq recd dt 25.12.2025 agst bill  195 dt 01.12.2025,819102,Indian Overseas Bank, The Saraswat Co-op. Bank Ltd. - 152200100141861 ,101001,4947.00,,
ME-2025-0002160,301012 305015 305017 305016 305010 301011 301003 301005 301002 303001 304003 304001 305007 301004,Late Payment Interest 2W Parking Charges 4W Open Parking Charges 4W Stilt Parking Charges Building Development Fund Education & Training Fund Electricity Charges Lift Maintenance Charges Maintenance Charges Municipal Tax Repair Fund Sinking Fund Stillt Area Tax Water Charges 2W Parking Charges 4W Open Parking Charges 4W Stilt Parking Charges Building Development Fund Education & Training Fund Electricity Charges Lift Maintenance Charges Maintenance Charges Municipal Tax Repair Fund Sinking Fund Stillt Area Tax Water Charges,BE 501,25-12-2025,Chq recd dt 25.12.2025 agst bill  168 dt 01.12.2025,393540,Canara Bank, The Saraswat Co-op. Bank Ltd. - 152200100141861 ,101001,10500.00,,
ME-2025-0002161,301011 304001 305015 301005 304003 305017 301004 301003 305010 303001 301002,Education & Training Fund Sinking Fund 2W Parking Charges Lift Maintenance Charges Repair Fund 4W Open Parking Charges Water Charges Electricity Charges Building Development Fund Municipal Tax Maintenance Charges,BE 403,25-12-2025,Chq recd dt 5.12.2025 agst bill 192  dt 01.12.2025,000339,Hdfc bank, The Saraswat Co-op. Bank Ltd. - 152200100141861 ,101001,4944.00,,
ME-2025-0002162,301011 301002 301003 305010 301007 301004 301005 304003 304001 301012,Education & Training Fund Maintenance Charges Electricity Charges Building Development Fund Non Occupancy Charges Water Charges Lift Maintenance Charges Repair Fund Sinking Fund Late Payment Interest Education & Training Fund Maintenance Charges Electricity Charges Building Development Fund Non Occupancy Charges Water Charges Lift Maintenance Charges Repair Fund Sinking Fund,BE 302,25-12-2025,Chq recd dt 22.12.2025 agst bill 202  dt 01.12.2025,384921,Union Bank of India, The Saraswat Co-op. Bank Ltd. - 152200100141861 ,101001,7278.00,,
ME-2025-0002164,305005,Shifting Charges - Move In And Move Out,BE 302,25-12-2025,Chq recd agst bill,384922,Union Bank of India, The Saraswat Co-op. Bank Ltd. - 152200100141861 ,101001,5000.00,,
ME-2025-0002165,301011 304001 301005 304003 305017 301004 301003 305010 303001 301002,Education & Training Fund Sinking Fund Lift Maintenance Charges Repair Fund 4W Open Parking Charges Water Charges Electricity Charges Building Development Fund Municipal Tax Maintenance Charges,BE 203,25-12-2025,Chq recd dt 23.12.2025 agst bill 187 dt 01.12.2025,841344,Indian Overseas Bank, The Saraswat Co-op. Bank Ltd. - 152200100141861 ,101001,4894.00,,
ME-2025-0002166,301011 304001 305015 301005 304003 301004 301003 305010 303001 301002,Education & Training Fund Sinking Fund 2W Parking Charges Lift Maintenance Charges Repair Fund Water Charges Electricity Charges Building Development Fund Municipal Tax Maintenance Charges,BE 201,25-12-2025,Chq recd dt 25.12.2025 agst bill 185  dt 01.12.2025,876726,Punjab National bank, The Saraswat Co-op. Bank Ltd. - 152200100141861 ,101001,4794.00,,
ME-2025-0002167,301011 304001 304003 301005 305017 301004 305010 301003 301002,Education & Training Fund Sinking Fund Repair Fund Lift Maintenance Charges 4W Open Parking Charges Water Charges Building Development Fund Electricity Charges Maintenance Charges,BE 102,25-12-2025,Chq recd dt 08.12.2025 agst bill 183  dt 01.12.2025,931085,Citizen Bank, The Saraswat Co-op. Bank Ltd. - 152200100141861 ,101001,3473.00,,
ME-2025-0002168,301011 304001 304003 301005 301004 305010 301003 301002,Education & Training Fund Sinking Fund Repair Fund Lift Maintenance Charges Water Charges Building Development Fund Electricity Charges Maintenance Charges,BE 502,25-12-2025,NEFT recd agst bill   194 dt 01.12.025,IOBAN8202512261851505,Indian Overseas Bank, The Saraswat Co-op. Bank Ltd. - 152200100141861 ,101001,3323.00,,
ME-2025-0002176,206001,Advance Members,BE 502,26-12-2025,IMPS recd agst on advance,536010943399,NA , The Saraswat Co-op. Bank Ltd. - 152200100141861 ,101001,1.00,,
ME-2025-0002448,305010 301011 301003 301005 301002 303001 304003 304001 301004,Building Development Fund Education & Training Fund Electricity Charges Lift Maintenance Charges Maintenance Charges Municipal Tax Repair Fund Sinking Fund Water Charges,BE 702,02-01-2026,NEFT recd agst bill 226 dt 01.01.26,HDFCH00711657108,HDFC bank, The Saraswat Co-op. Bank Ltd. - 152200100141861 ,101001,4071.00,,
ME-2025-0002449,305016 305010 301011 301003 301005 301002 303001 304003 304001 305007 301004,4W Stilt Parking Charges Building Development Fund Education & Training Fund Electricity Charges Lift Maintenance Charges Maintenance Charges Municipal Tax Repair Fund Sinking Fund Stillt Area Tax Water Charges,BE 703,02-01-2026,NEFT recd agst bill 227 dt 01.01.26,HDFCH00711661237,HDFC bank, The Saraswat Co-op. Bank Ltd. - 152200100141861 ,101001,4972.00,,
EE-2025-0000485,411005,Pest Control Charges,Swift Pest Control,03-01-2026,Being pest control charges paid for the year 01.01.2026 to 31.12.2026,134797,, The Saraswat Co-op. Bank Ltd. - 152200100141861 ,101001,,39500,
EE-2025-0000487,408002,Accounting Charges,Irene Rosario,03-01-2026,Being ITR filed Fy 24-25 charges paid,134798,, The Saraswat Co-op. Bank Ltd. - 152200100141861 ,101001,,1500,
EE-2025-0000489,405001,Lift AMC Expenses,Om Classic Elevators,03-01-2026,Being Lift AMC for 01.01.2026 TO 31.12.2026,134799,, The Saraswat Co-op. Bank Ltd. - 152200100141861 ,101001,,17110,
ME-2025-0002450,301011 304001 305007 301005 305015 305016 304003 301004 301003 305010 303001 301002,Education & Training Fund Sinking Fund Stillt Area Tax Lift Maintenance Charges 2W Parking Charges 4W Stilt Parking Charges Repair Fund Water Charges Electricity Charges Building Development Fund Municipal Tax Maintenance Charges,BE 303,04-01-2026,UPI recd agst bill,600414723026,SBI BANK , The Saraswat Co-op. Bank Ltd. - 152200100141861 ,101001,4993.00,,
ME-2025-0002451,301011 304001 304003 301005 301004 305010 301003 305023 301002,Education & Training Fund Sinking Fund Repair Fund Lift Maintenance Charges Water Charges Building Development Fund Electricity Charges Penalty Maintenance Charges,BE 502,04-01-2026,IMPS recd agst bill,600409631805,Canara Bank, The Saraswat Co-op. Bank Ltd. - 152200100141861 ,101001,4322.00,,
EE-2025-0000499,401001,Salary Expenses,Sweeper,05-01-2026,Being salary paid for Dec 2026   Ram Prasad Mandal,163224,, The Saraswat Co-op. Bank Ltd. - 152200100141861 ,101001,,2000,
EE-2025-0000271,408011,Bank Charges,Unassigned,06-01-2026,Being SMS bank charges for Q3,N/A,, The Saraswat Co-op. Bank Ltd. - 152200100141861 ,101001,,16.28,
EE-2025-0000493,407001,Security Expenses,Bihar SecurityServices,06-01-2026,Being bill paid for Dec 2025,163221,, The Saraswat Co-op. Bank Ltd. - 152200100141861 ,101001,,18000,
EE-2025-0000495,411002,Electricity Charges,Tata Power,06-01-2026,Being elec bill paid Dec 2025,163222,, The Saraswat Co-op. Bank Ltd. - 152200100141861 ,101001,,7318,
EE-2025-0000501,404006,Water Pump Repair Charges,Struct well constructions,07-01-2026,Being advance paid,163225,, The Saraswat Co-op. Bank Ltd. - 152200100141861 ,101001,,50000,
EE-2025-0000502,404006,Water Pump Repair Charges,Struct well constructions,07-01-2026,Being advance paid,163227,, The Saraswat Co-op. Bank Ltd. - 152200100141861 ,101001,,50000,
ME-2025-0002460,301011 304001 304003 301005 301004 305010 301003 301002,Education & Training Fund Sinking Fund Repair Fund Lift Maintenance Charges Water Charges Building Development Fund Electricity Charges Maintenance Charges,BE 202,08-01-2026,IMPS recd agst bill 209 dt. 01.01.26,600810017755,N.A., The Saraswat Co-op. Bank Ltd. - 152200100141861 ,101001,3323.00,,
EE-2025-0000491,401001,Salary Expenses,Sweeper,08-01-2026,Being salary paid for Dec 2025,134800,, The Saraswat Co-op. Bank Ltd. - 152200100141861 ,101001,,5000,
BE-2025-0000011,0,Bank Transfer,,17-01-2026,Being cash withdrawn,163226,, The Saraswat Co-op. Bank Ltd. - 152200100141861 ,101001,,5000,
EE-2025-0000273,408011,Bank Charges,Unassigned,17-01-2026,Being SB Cheque book issue charges,N/A,, The Saraswat Co-op. Bank Ltd. - 152200100141861 ,101001,,295,
ME-2025-0002461,301011 304001 301005 304003 305017 301004 301003 305010 303001 301002,Education & Training Fund Sinking Fund Lift Maintenance Charges Repair Fund 4W Open Parking Charges Water Charges Electricity Charges Building Development Fund Municipal Tax Maintenance Charges,BE 301,18-01-2026,IMPS recd agst bill 211 dt. 01.01.26,601815442432,N.A., The Saraswat Co-op. Bank Ltd. - 152200100141861 ,101001,4894.00,,
EE-2025-0000511,404006,Water Pump Repair Charges,Struct well constructions,22-01-2026,Being bill paid pipeline replaacement,163228,, The Saraswat Co-op. Bank Ltd. - 152200100141861 ,101001,,70000,
ME-2025-0002462,305016 305010 301011 301003 301005 301002 303001 304003 304001 305007 301004,4W Stilt Parking Charges Building Development Fund Education & Training Fund Electricity Charges Lift Maintenance Charges Maintenance Charges Municipal Tax Repair Fund Sinking Fund Stillt Area Tax Water Charges,BE 601,24-01-2026,NEFT recd agst bill 220 & 222 dt. 01.01.26,IDFB602461337478,IDFC Bank, The Saraswat Co-op. Bank Ltd. - 152200100141861 ,101001,4972.00,,
ME-2025-0002463,305017 305010 301011 301003 301005 301002 303001 304003 304001 301004,4W Open Parking Charges Building Development Fund Education & Training Fund Electricity Charges Lift Maintenance Charges Maintenance Charges Municipal Tax Repair Fund Sinking Fund Water Charges,BE 603,24-01-2026,NEFT recd agst bill 220 & 222 dt. 01.01.26,IDFB602461337478,IDFC Bank, The Saraswat Co-op. Bank Ltd. - 152200100141861 ,101001,4973.00,,
ME-2025-0002452,305017 305010 301011 301003 301005 301002 304003 304001 301004,4W Open Parking Charges Building Development Fund Education & Training Fund Electricity Charges Lift Maintenance Charges Maintenance Charges Repair Fund Sinking Fund Water Charges,BE 102,25-01-2026,Ch dt 13.01.26 recd agst bill 206 dt 01.01.26,926785,Citizen Credit Bank , The Saraswat Co-op. Bank Ltd. - 152200100141861 ,101001,3473.00,,
ME-2025-0002453,305015 305010 301011 301003 301005 301002 303001 304003 304001 301004,2W Parking Charges Building Development Fund Education & Training Fund Electricity Charges Lift Maintenance Charges Maintenance Charges Municipal Tax Repair Fund Sinking Fund Water Charges,BE 201,25-01-2026,Ch dt 25.01.26 recd agst bill 208 dt 01.01.26,979738,State Bank Of India, The Saraswat Co-op. Bank Ltd. - 152200100141861 ,101001,4794.00,,
ME-2025-0002454,305017 305010 301011 301003 301005 301002 303001 304003 304001 301004,4W Open Parking Charges Building Development Fund Education & Training Fund Electricity Charges Lift Maintenance Charges Maintenance Charges Municipal Tax Repair Fund Sinking Fund Water Charges,BE 203,25-01-2026,Ch dt 23.01.26 recd agst bill 210 dt 01.01.26,841362,Indian Overseas Bank , The Saraswat Co-op. Bank Ltd. - 152200100141861 ,101001,4894.00,,
ME-2025-0002455,301012 305010 301011 301003 301005 301002 301007 304003 304001 301004,Late Payment Interest Building Development Fund Education & Training Fund Electricity Charges Lift Maintenance Charges Maintenance Charges Non Occupancy Charges Repair Fund Sinking Fund Water Charges,BE 302,25-01-2026,Ch dt 23.01.26 recd agst bill 212 dt 01.01.26,384924,Union bank, The Saraswat Co-op. Bank Ltd. - 152200100141861 ,101001,3683.00,,
ME-2025-0002456,305015 305017 305010 301011 301003 301005 301002 303001 304003 304001 301004,2W Parking Charges 4W Open Parking Charges Building Development Fund Education & Training Fund Electricity Charges Lift Maintenance Charges Maintenance Charges Municipal Tax Repair Fund Sinking Fund Water Charges,BE 403,25-01-2026,Ch dt 12.01.26 recd agst bill 216 dt 01.01.26,000342,HDFC Bank, The Saraswat Co-op. Bank Ltd. - 152200100141861 ,101001,4944.00,,
ME-2025-0002457,301012 305015 305017 305016 305010 301011 301003 301005 301002 303001 304003 304001 305007 301004,Late Payment Interest 2W Parking Charges 4W Open Parking Charges 4W Stilt Parking Charges Building Development Fund Education & Training Fund Electricity Charges Lift Maintenance Charges Maintenance Charges Municipal Tax Repair Fund Sinking Fund Stillt Area Tax Water Charges 2W Parking Charges 4W Open Parking Charges 4W Stilt Parking Charges Building Development Fund Education & Training Fund Electricity Charges Lift Maintenance Charges Maintenance Charges Municipal Tax Repair Fund Sinking Fund Stillt Area Tax Water Charges,BE 501,25-01-2026,Ch dt 24.01.26 recd agst bill 217 dt 01.01.26,393542,Canara Bank, The Saraswat Co-op. Bank Ltd. - 152200100141861 ,101001,5428.00,,
ME-2025-0002458,305016 305010 301011 301003 301005 301002 303001 304003 304001 305007 301004,4W Stilt Parking Charges Building Development Fund Education & Training Fund Electricity Charges Lift Maintenance Charges Maintenance Charges Municipal Tax Repair Fund Sinking Fund Stillt Area Tax Water Charges,BE 503,25-01-2026,Ch dt 25.01.26 recd agst bill 219 dt 01.01.26,819103,Indian Overseas Bank , The Saraswat Co-op. Bank Ltd. - 152200100141861 ,101001,4947.00,,
ME-2025-0002459,305016 305010 301011 301003 301005 301002 303001 304003 304001 305007 301004,4W Stilt Parking Charges Building Development Fund Education & Training Fund Electricity Charges Lift Maintenance Charges Maintenance Charges Municipal Tax Repair Fund Sinking Fund Stillt Area Tax Water Charges,BE 701,25-01-2026,Ch dt 25.01.26 recd agst bill 223 dt 01.01.26,000330,Bank Of Baroda, The Saraswat Co-op. Bank Ltd. - 152200100141861 ,101001,4972.00,,
EE-2025-0000497,408002,Accounting Charges,Irene Rosario,30-01-2026,Being accounting charges paid for Jan to Mar 2026,163223,, The Saraswat Co-op. Bank Ltd. - 152200100141861 ,101001,,3848,
EE-2025-0000513,404005,Water Tank Cleaning Expenses,Unassigned,31-01-2026,Janaki water services,163230,, The Saraswat Co-op. Bank Ltd. - 152200100141861 ,101001,,3500,
EE-2025-0000514,404006,Water Pump Repair Charges,Struct well constructions,31-01-2026,Being bill paid for pipeline,163231,, The Saraswat Co-op. Bank Ltd. - 152200100141861 ,101001,,50000,
ME-2025-0002683,301011 304001 304003 301005 301004 305010 301003 303001 301002,Education & Training Fund Sinking Fund Repair Fund Lift Maintenance Charges Water Charges Building Development Fund Electricity Charges Municipal Tax Maintenance Charges,BE 702,01-02-2026,.NEFT recd agst bill no. 248 dt.01.01.26,HDFCH00772550911,HDFC Bank, The Saraswat Co-op. Bank Ltd. - 152200100141861 ,101001,4071.00,,
ME-2025-0002684,301011 304001 305007 301005 305016 304003 301004 301003 305010 303001 301002,Education & Training Fund Sinking Fund Stillt Area Tax Lift Maintenance Charges 4W Stilt Parking Charges Repair Fund Water Charges Electricity Charges Building Development Fund Municipal Tax Maintenance Charges,BE 703,01-02-2026,.NEFT recd agst bill no. 249 dt.01.02.26,HDFCH00772550034,HDFC Bank, The Saraswat Co-op. Bank Ltd. - 152200100141861 ,101001,4972.00,,
EE-2025-0000522,401001,Salary Expenses,Sweeper,05-02-2026,Being salary paid for Jan 2026,163234,, The Saraswat Co-op. Bank Ltd. - 152200100141861 ,101001,,2000,
ME-2025-0002685,301011 304001 304003 301005 301004 305010 301003 301002,Education & Training Fund Sinking Fund Repair Fund Lift Maintenance Charges Water Charges Building Development Fund Electricity Charges Maintenance Charges,BE 502,06-02-2026,IMPS recd agst bill 242 dt. 01.01.26,603711864872,N.A., The Saraswat Co-op. Bank Ltd. - 152200100141861 ,101001,3323.00,,
ME-2025-0002699,301011 304001 301005 304003 305017 301004 301003 305010 303001 301002,Education & Training Fund Sinking Fund Lift Maintenance Charges Repair Fund 4W Open Parking Charges Water Charges Electricity Charges Building Development Fund Municipal Tax Maintenance Charges,BE 301,06-02-2026,IMPS recd agst bill 235 dt. 01.02.26,6037117458885,N.A., The Saraswat Co-op. Bank Ltd. - 152200100141861 ,101001,4894.00,,
EE-2025-0000518,411002,Electricity Charges,Tata Power,06-02-2026,Being elec bill paid Jan 2026,163232,, The Saraswat Co-op. Bank Ltd. - 152200100141861 ,101001,,10305,
EE-2025-0000520,407001,Security Expenses,Bihar SecurityServices,06-02-2026,Being salary paid for Feb 2026,163233,, The Saraswat Co-op. Bank Ltd. - 152200100141861 ,101001,,18000,
EE-2025-0000524,401001,Salary Expenses,Sweeper,06-02-2026,Being salary paid for Jan 2026,163235,, The Saraswat Co-op. Bank Ltd. - 152200100141861 ,101001,,5000,
ME-2025-0002686,301011 304001 305007 301005 305015 305016 304003 301004 301003 305010 303001 301002,Education & Training Fund Sinking Fund Stillt Area Tax Lift Maintenance Charges 2W Parking Charges 4W Stilt Parking Charges Repair Fund Water Charges Electricity Charges Building Development Fund Municipal Tax Maintenance Charges,BE 303,08-02-2026,UPI recd agst bill 237 dt. 01.02.2026,NA,N.A., The Saraswat Co-op. Bank Ltd. - 152200100141861 ,101001,4993.00,,
ME-2025-0002687,301011 304001 304003 301005 301004 305010 301003 301002,Education & Training Fund Sinking Fund Repair Fund Lift Maintenance Charges Water Charges Building Development Fund Electricity Charges Maintenance Charges,BE 202,08-02-2026,IMPS recd agst bill 233 dt 01.02.2026,603919820714,South Indian Bank, The Saraswat Co-op. Bank Ltd. - 152200100141861 ,101001,3323.00,,
ME-2025-0002688,305015 305017 305010 301011 301003 301005 301002 304003 304001 301004 206001,2W Parking Charges 4W Open Parking Charges Building Development Fund Education & Training Fund Electricity Charges Lift Maintenance Charges Maintenance Charges Repair Fund Sinking Fund Water Charges Advance Members Advance Members,BE 402,10-02-2026,.NEFT recd agst bill no. 239 dt.01.02.26,604111998804,HDFC Bank, The Saraswat Co-op. Bank Ltd. - 152200100141861 ,101001,167.00,,
BE-2025-0000012,0,Bank Transfer,,16-02-2026,Being cash withdrawn,163236,, The Saraswat Co-op. Bank Ltd. - 152200100141861 ,101001,,5000,
ME-2025-0002689,305016 305010 301011 301003 301005 301002 303001 304003 304001 305007 301004,4W Stilt Parking Charges Building Development Fund Education & Training Fund Electricity Charges Lift Maintenance Charges Maintenance Charges Municipal Tax Repair Fund Sinking Fund Stillt Area Tax Water Charges,BE 601,20-02-2026,.NEFT recd agst bill no. 246 244 dt.01.02.26,IDFB605166526819,IDFC First Bank, The Saraswat Co-op. Bank Ltd. - 152200100141861 ,101001,4972.00,,
ME-2025-0002690,305017 305010 301011 301003 301005 301002 303001 304003 304001 301004,4W Open Parking Charges Building Development Fund Education & Training Fund Electricity Charges Lift Maintenance Charges Maintenance Charges Municipal Tax Repair Fund Sinking Fund Water Charges,BE 603,20-02-2026,.NEFT recd agst bill no. 246 244 dt.01.02.26,IDFB605166526819,IDFC First Bank, The Saraswat Co-op. Bank Ltd. - 152200100141861 ,101001,4973.00,,
ME-2025-0002691,301011 304001 305007 301005 305016 304003 301004 301003 305010 303001 301002,Education & Training Fund Sinking Fund Stillt Area Tax Lift Maintenance Charges 4W Stilt Parking Charges Repair Fund Water Charges Electricity Charges Building Development Fund Municipal Tax Maintenance Charges,BE 701,25-02-2026,Ch. recd dt 25.02.26 agst bill no.247 dt 01.02.26,000331,Bank Of Baroda, The Saraswat Co-op. Bank Ltd. - 152200100141861 ,101001,4972.00,,
ME-2025-0002692,301011 304001 305007 301005 305016 304003 301004 301003 305010 303001 301002,Education & Training Fund Sinking Fund Stillt Area Tax Lift Maintenance Charges 4W Stilt Parking Charges Repair Fund Water Charges Electricity Charges Building Development Fund Municipal Tax Maintenance Charges,BE 503,25-02-2026,Ch. recd dt 25.02.26 agst bill no. 243 dt 01.02.26,819104,Indian Overseas Bank, The Saraswat Co-op. Bank Ltd. - 152200100141861 ,101001,4947.00,,
ME-2025-0002693,301011 304001 305007 301005 305015 305016 304003 301004 305017 301003 305010 303001 301002,Education & Training Fund Sinking Fund Stillt Area Tax Lift Maintenance Charges 2W Parking Charges 4W Stilt Parking Charges Repair Fund Water Charges 4W Open Parking Charges Electricity Charges Building Development Fund Municipal Tax Maintenance Charges,BE 501,25-02-2026,Ch. recd dt 24.02.26 agst bill no. 241 dt 01.02.26,393543,Canara Bank, The Saraswat Co-op. Bank Ltd. - 152200100141861 ,101001,5297.00,,
ME-2025-0002694,301011 304001 305015 301005 304003 305017 301004 301003 305010 303001 301002,Education & Training Fund Sinking Fund 2W Parking Charges Lift Maintenance Charges Repair Fund 4W Open Parking Charges Water Charges Electricity Charges Building Development Fund Municipal Tax Maintenance Charges,BE 403,25-02-2026,Ch. recd dt 22.02.26 agst bill no. 240 dt 01.02.26,000354,HDFC Bank, The Saraswat Co-op. Bank Ltd. - 152200100141861 ,101001,4944.00,,
ME-2025-0002695,305010 301011 301003 301005 301002 301007 304003 304001 301004 206001,Building Development Fund Education & Training Fund Electricity Charges Lift Maintenance Charges Maintenance Charges Non Occupancy Charges Repair Fund Sinking Fund Water Charges Advance Members Advance Members,BE 302,25-02-2026,Ch. recd dt 17.02.26 agst bill no.236 dt 01.02.26,384925,Union bank of India, The Saraswat Co-op. Bank Ltd. - 152200100141861 ,101001,7278.00,,
ME-2025-0002696,301011 304001 301005 304003 305017 301004 301003 305010 303001 301002,Education & Training Fund Sinking Fund Lift Maintenance Charges Repair Fund 4W Open Parking Charges Water Charges Electricity Charges Building Development Fund Municipal Tax Maintenance Charges,BE 203,25-02-2026,Ch. recd dt 22.02.26 agst bill no. 234 dt 01.02.26,841345,Indian Overseas Bank, The Saraswat Co-op. Bank Ltd. - 152200100141861 ,101001,4894.00,,
ME-2025-0002697,301011 304001 305015 301005 304003 301004 301003 305010 303001 301002,Education & Training Fund Sinking Fund 2W Parking Charges Lift Maintenance Charges Repair Fund Water Charges Electricity Charges Building Development Fund Municipal Tax Maintenance Charges,BE 201,25-02-2026,Ch. recd dt 25.02.26 agst bill no. 232 dt 01.02.26,876728,PNB Bank, The Saraswat Co-op. Bank Ltd. - 152200100141861 ,101001,4794.00,,
ME-2025-0002698,301011 304001 304003 301005 305017 301004 305010 301003 301002,Education & Training Fund Sinking Fund Repair Fund Lift Maintenance Charges 4W Open Parking Charges Water Charges Building Development Fund Electricity Charges Maintenance Charges,BE 102,25-02-2026,Ch. recd dt 22.02.26 agst bill no. 230 dt 01.02.26,926788,Citizencredit CO-OP Bank, The Saraswat Co-op. Bank Ltd. - 152200100141861 ,101001,3473.00,,
ME-2025-0002700,301011 301002 303001 305010 301003 301004 305017 304003 301005 305015 304001 301012,Education & Training Fund Maintenance Charges Municipal Tax Building Development Fund Electricity Charges Water Charges 4W Open Parking Charges Repair Fund Lift Maintenance Charges 2W Parking Charges Sinking Fund Late Payment Interest Education & Training Fund Maintenance Charges Municipal Tax Building Development Fund Electricity Charges Water Charges 4W Open Parking Charges Repair Fund Lift Maintenance Charges 2W Parking Charges Sinking Fund,BE 101,26-02-2026,IMPS recd agst bill 229 dt. 01.02.26,6057929066838,N.A., The Saraswat Co-op. Bank Ltd. - 152200100141861 ,101001,9905.00,,
EE-2025-0000526,401001,Salary Expenses,Sweeper,05-03-2026,Being salary paid for feb 2026,163237,, The Saraswat Co-op. Bank Ltd. - 152200100141861 ,101001,,2000,
ME-2025-0002920,301011 304001 304003 301005 301004 305010 301003 303001 301002,Education & Training Fund Sinking Fund Repair Fund Lift Maintenance Charges Water Charges Building Development Fund Electricity Charges Municipal Tax Maintenance Charges,BE 702,06-03-2026,.NEFT recd agst bill no. 270 dt.01.03.26,HDFCH00849042312,HDFC Bank, The Saraswat Co-op. Bank Ltd. - 152200100141861 ,101001,4071.00,,
ME-2025-0002921,301011 304001 305007 301005 305016 304003 301004 301003 305010 303001 301002,Education & Training Fund Sinking Fund Stillt Area Tax Lift Maintenance Charges 4W Stilt Parking Charges Repair Fund Water Charges Electricity Charges Building Development Fund Municipal Tax Maintenance Charges,BE 703,06-03-2026,.NEFT recd agst bill no. 271 dt.01.03.26,HDFCH00849035672,HDFC Bank, The Saraswat Co-op. Bank Ltd. - 152200100141861 ,101001,4972.00,,
EE-2025-0000533,411002,Electricity Charges,Tata Power,06-03-2026,Being elec bill paid Feb 2026,163240,, The Saraswat Co-op. Bank Ltd. - 152200100141861 ,101001,,4444,
ME-2025-0002923,301011 304001 304003 301005 301004 305010 301003 301002,Education & Training Fund Sinking Fund Repair Fund Lift Maintenance Charges Water Charges Building Development Fund Electricity Charges Maintenance Charges,BE 502,07-03-2026,IMPS recd agst bill no. 264 dt 01.03.2026,606618374995,N.A., The Saraswat Co-op. Bank Ltd. - 152200100141861 ,101001,3323.00,,
ME-2025-0002934,301011 304001 304003 301005 301004 305010 301003 301002,Education & Training Fund Sinking Fund Repair Fund Lift Maintenance Charges Water Charges Building Development Fund Electricity Charges Maintenance Charges,BE 202,07-03-2026,IMPS recd agst bill 255 dt. 01.03.26,606618196679,South Indian Bank, The Saraswat Co-op. Bank Ltd. - 152200100141861 ,101001,3323.00,,
EE-2025-0000530,401001,Salary Expenses,Sweeper,07-03-2026,Being salary paid for feb 2026,163239,, The Saraswat Co-op. Bank Ltd. - 152200100141861 ,101001,,6000,
ME-2025-0002922,301011 304001 305007 301005 305015 305016 304003 301004 301003 305010 303001 301002,Education & Training Fund Sinking Fund Stillt Area Tax Lift Maintenance Charges 2W Parking Charges 4W Stilt Parking Charges Repair Fund Water Charges Electricity Charges Building Development Fund Municipal Tax Maintenance Charges,BE 303,08-03-2026,UPI recd agst bill 259 dt. 01.03.26,NA,N.A., The Saraswat Co-op. Bank Ltd. - 152200100141861 ,101001,4993.00,,
ME-2025-0002935,301011 304001 305015 304003 301005 305017 301004 305010 301003 301002,Education & Training Fund Sinking Fund 2W Parking Charges Repair Fund Lift Maintenance Charges 4W Open Parking Charges Water Charges Building Development Fund Electricity Charges Maintenance Charges,BE 402,09-03-2026,NEFT recd agst bill 261 dt 01.03.26,HDFCH00854301739,HDFC Bank, The Saraswat Co-op. Bank Ltd. - 152200100141861 ,101001,3522.00,,
ME-2025-0002933,301012 301011 301002 301010 301009 305007 206001,Late Payment Interest Late Payment Interest Education & Training Fund Maintenance Charges Other charges Parking Charges Stillt Area Tax Education & Training Fund Maintenance Charges Parking Charges Stillt Area Tax Education & Training Fund Maintenance Charges Parking Charges Stillt Area Tax Advance Members Advance Members,BE 0B1,10-03-2026,Chq. recd agst bill no. 250 dt 01.03.2026,000093,BOB Bank, The Saraswat Co-op. Bank Ltd. - 152200100141861 ,101001,15000.00,,
EE-2025-0000528,407001,Security Expenses,Bihar SecurityServices,10-03-2026,Being salary paid for feb 2026,163268,, The Saraswat Co-op. Bank Ltd. - 152200100141861 ,101001,,18000,
EE-2025-0000535,407001,Security Expenses,Bihar SecurityServices,10-03-2026,Being bill paid for pending amount for Nov 2026,163242,, The Saraswat Co-op. Bank Ltd. - 152200100141861 ,101001,,6387,
ME-2025-0002936,301011 304001 301005 304003 305017 301004 301003 305010 303001 301002,Education & Training Fund Sinking Fund Lift Maintenance Charges Repair Fund 4W Open Parking Charges Water Charges Electricity Charges Building Development Fund Municipal Tax Maintenance Charges,BE 301,14-03-2026,IMPS recd agst bill 257 dt 01.03.26,607318479057,N.A., The Saraswat Co-op. Bank Ltd. - 152200100141861 ,101001,4894.00,,
ME-2025-0002924,305016 305010 301011 301003 301005 301002 303001 304003 304001 305007 301004,4W Stilt Parking Charges Building Development Fund Education & Training Fund Electricity Charges Lift Maintenance Charges Maintenance Charges Municipal Tax Repair Fund Sinking Fund Stillt Area Tax Water Charges,BE 601,24-03-2026,NEFT recd agst bill dt 01.03.26,IDFB608373283473,IDBI Bank, The Saraswat Co-op. Bank Ltd. - 152200100141861 ,101001,4972.00,,
ME-2025-0002925,305017 305010 301011 301003 301005 301002 303001 304003 304001 301004,4W Open Parking Charges Building Development Fund Education & Training Fund Electricity Charges Lift Maintenance Charges Maintenance Charges Municipal Tax Repair Fund Sinking Fund Water Charges,BE 603,24-03-2026,NEFT recd agst bill dt 01.03.26,IDFB608373283473,IDBI Bank, The Saraswat Co-op. Bank Ltd. - 152200100141861 ,101001,4973.00,,
BE-2025-0000013,0,Bank Transfer,,24-03-2026,Being cash withdrawn,163241,, The Saraswat Co-op. Bank Ltd. - 152200100141861 ,101001,,5000,
ME-2025-0002926,301011 304001 305007 301005 305016 304003 301004 301003 305010 303001 301002,Education & Training Fund Sinking Fund Stillt Area Tax Lift Maintenance Charges 4W Stilt Parking Charges Repair Fund Water Charges Electricity Charges Building Development Fund Municipal Tax Maintenance Charges,BE 701,25-03-2026,Chq. recd agst bill no. 269 dt 01.03.2026,000332,BOB Bank, The Saraswat Co-op. Bank Ltd. - 152200100141861 ,101001,4972.00,,
ME-2025-0002927,301011 304001 305007 301005 305016 304003 301004 301003 305010 303001 301002,Education & Training Fund Sinking Fund Stillt Area Tax Lift Maintenance Charges 4W Stilt Parking Charges Repair Fund Water Charges Electricity Charges Building Development Fund Municipal Tax Maintenance Charges,BE 503,25-03-2026,Chq. recd agst bill no. 265 dt 01.03.2026,819105,Indian Overseas Bank, The Saraswat Co-op. Bank Ltd. - 152200100141861 ,101001,4947.00,,
ME-2025-0002928,301011 304001 305007 301005 305015 305016 304003 301004 305017 301003 305010 303001 301002,Education & Training Fund Sinking Fund Stillt Area Tax Lift Maintenance Charges 2W Parking Charges 4W Stilt Parking Charges Repair Fund Water Charges 4W Open Parking Charges Electricity Charges Building Development Fund Municipal Tax Maintenance Charges,BE 501,25-03-2026,Chq. recd agst bill no. 263 dt 01.03.2026,393545,Canara Bank, The Saraswat Co-op. Bank Ltd. - 152200100141861 ,101001,5297.00,,
ME-2025-0002929,301011 304001 305015 301005 304003 305017 301004 301003 305010 303001 301002,Education & Training Fund Sinking Fund 2W Parking Charges Lift Maintenance Charges Repair Fund 4W Open Parking Charges Water Charges Electricity Charges Building Development Fund Municipal Tax Maintenance Charges,BE 403,25-03-2026,Chq. recd agst bill no. 262 dt 01.03.2026,000343,HDFC Bank, The Saraswat Co-op. Bank Ltd. - 152200100141861 ,101001,4944.00,,
ME-2025-0002930,301011 304001 301005 304003 305017 301004 301003 305010 303001 301002,Education & Training Fund Sinking Fund Lift Maintenance Charges Repair Fund 4W Open Parking Charges Water Charges Electricity Charges Building Development Fund Municipal Tax Maintenance Charges,BE 203,25-03-2026,Chq. recd agst bill no. 256 dt 01.03.2026,841349,Indian Overseas Bank, The Saraswat Co-op. Bank Ltd. - 152200100141861 ,101001,4894.00,,
ME-2025-0002931,301011 304001 305015 301005 304003 301004 301003 305010 303001 301002,Education & Training Fund Sinking Fund 2W Parking Charges Lift Maintenance Charges Repair Fund Water Charges Electricity Charges Building Development Fund Municipal Tax Maintenance Charges,BE 201,25-03-2026,Chq. recd agst bill no. 254 dt 01.03.2026,018001,Union bank of India, The Saraswat Co-op. Bank Ltd. - 152200100141861 ,101001,4794.00,,
ME-2025-0002932,301011 304001 304003 301005 305017 301004 305010 301003 301002,Education & Training Fund Sinking Fund Repair Fund Lift Maintenance Charges 4W Open Parking Charges Water Charges Building Development Fund Electricity Charges Maintenance Charges,BE 102,25-03-2026,Chq. recd agst bill no. 252 dt 01.03.2026,207392,Saraswat Bank, The Saraswat Co-op. Bank Ltd. - 152200100141861 ,101001,3473.00,,
EE-2025-0000539,402001,Property Tax,BMC,27-03-2026,Being water bill paid 09-05-2025 to 06-02-2026,163243,, The Saraswat Co-op. Bank Ltd. - 152200100141861 ,101001,,39108,
JE-2025-0000086,101001,The Saraswat Co-op. Bank Ltd. - 152200100141861,,08-04-2025,Being self assesment IT refunded for Fy 19-20,,, The Saraswat Co-op. Bank Ltd. - 152200100141861 ,101001,9530.00,,
JE-2025-0000087,101001,The Saraswat Co-op. Bank Ltd. - 152200100141861,,30-04-2025,Being IT refund for FY 22-23,,, The Saraswat Co-op. Bank Ltd. - 152200100141861 ,101001,8540.00,,
JE-2025-0000004,101001,The Saraswat Co-op. Bank Ltd. - 152200100141861,,30-06-2025,Being int on  fixed deposit -Td1000277973 - SCB,,, The Saraswat Co-op. Bank Ltd. - 152200100141861 ,101001,94.00,,
JE-2025-0000005,101001,The Saraswat Co-op. Bank Ltd. - 152200100141861,,30-06-2025,Int recd on saving account,,, The Saraswat Co-op. Bank Ltd. - 152200100141861 ,101001,5929.00,,
JE-2025-0000006,101001,The Saraswat Co-op. Bank Ltd. - 152200100141861,,30-09-2025,Being interest recd on FD   TD1000277973 SC SCB,,, The Saraswat Co-op. Bank Ltd. - 152200100141861 ,101001,92.00,,
JE-2025-0000007,101001,The Saraswat Co-op. Bank Ltd. - 152200100141861,,30-09-2025,int recd on Saving acc  01.07.25-30.09.25,,, The Saraswat Co-op. Bank Ltd. - 152200100141861 ,101001,4420.00,,
JE-2025-0000082,101001,The Saraswat Co-op. Bank Ltd. - 152200100141861,,10-12-2025,Being secu deposit Being security deposit of Tata 8450 paid vide Chq 134792,,, The Saraswat Co-op. Bank Ltd. - 152200100141861 ,101001,,2667.00,
JE-2025-0000083,101001,The Saraswat Co-op. Bank Ltd. - 152200100141861,,10-12-2025,Being security deposit of Tata 7984 paid vide Chq 134795,,, The Saraswat Co-op. Bank Ltd. - 152200100141861 ,101001,,580.00,
JE-2025-0000084,101001,The Saraswat Co-op. Bank Ltd. - 152200100141861,,10-12-2025,Being security deposit of Tata 1038 paid vide Chq 134794,,, The Saraswat Co-op. Bank Ltd. - 152200100141861 ,101001,,1330.00,
JE-2025-0000008,101001,The Saraswat Co-op. Bank Ltd. - 152200100141861,,31-12-2025,Being interest recd on FD TD1000277973 SC SCB,,, The Saraswat Co-op. Bank Ltd. - 152200100141861 ,101001,92.00,,
JE-2025-0000009,101001,The Saraswat Co-op. Bank Ltd. - 152200100141861,,31-12-2025,Being int recd from 01.10.25 to 31.12.25 - SCB,,, The Saraswat Co-op. Bank Ltd. - 152200100141861 ,101001,5233.00,,
JE-2025-0000085,101001,The Saraswat Co-op. Bank Ltd. - 152200100141861,,28-01-2026,Being security deposit of Tata 90047 paid vide Chq 163229,,, The Saraswat Co-op. Bank Ltd. - 152200100141861 ,101001,,2630.00,
JE-2025-0000010,101001,The Saraswat Co-op. Bank Ltd. - 152200100141861,,31-03-2026,Being int recd on FD  TD1000277973 - SC SCB,,, The Saraswat Co-op. Bank Ltd. - 152200100141861 ,101001,93.00,,
JE-2025-0000011,101001,The Saraswat Co-op. Bank Ltd. - 152200100141861,,31-03-2026,Being int recd on SB  for the period 01.01.26 to 31.03.26 - SCB,,, The Saraswat Co-op. Bank Ltd. - 152200100141861 ,101001,4056.00,,

"Balance : 599390.71(Debit)","","","","","","","","","","1874937.86","1275547.15",

"Assets > Cash in Hand ( 102001 ) ",
"Journal No","Other GL No.","Other Account","Subledger","Posted Date","Comments","Instrument No.","Instrument Bank","Account Name","GL Account No.","Debit","Credit",
"","","","","","Opening Balance","",""," Cash in Hand ","102001","2030","",
EE-2025-0000090,407002,House Keeping Expenses,Unassigned,01-04-2025,Being cash paid for cleaning and plants watering,N.A.,, Cash in Hand ,102001,,300,
EE-2025-0000092,408006,Conveyance Charges,Unassigned,01-04-2025,Being cash paid for conveyance for bill payments,N.A.,, Cash in Hand ,102001,,80,
EE-2025-0000094,411005,Pest Control Charges,Unassigned,02-04-2025,Being cash paid for fogging done in compound,N.A.,, Cash in Hand ,102001,,100,
EE-2025-0000096,406008,Repair Maintenance - Other,Unassigned,02-04-2025,Being cash paid for for purchase of M-2  36Watt  etc.,N.A.,, Cash in Hand ,102001,,490,
EE-2025-0000098,406007,Repair Maintenance - Electrical,Unassigned,02-04-2025,Being cash paid for electrical work done in society,N.A.,, Cash in Hand ,102001,,150,
EE-2025-0000100,406007,Repair Maintenance - Electrical,Unassigned,03-04-2025,Being cash paid for 2 Leds for lobby and watchman toilet,N.A.,, Cash in Hand ,102001,,100,
EE-2025-0000102,406012,Repairs & Maintenance - CCTV ,Unassigned,03-04-2025,Being cash paid for cleaning of all CCTV cameras,N.A.,, Cash in Hand ,102001,,250,
EE-2025-0000104,408014,Miscellaneous Expenses,Unassigned,07-04-2025,Being cash paid for 2 Stick brooms for compound cleaning,N.A.,, Cash in Hand ,102001,,110,
EE-2025-0000106,406007,Repair Maintenance - Electrical,Unassigned,22-04-2025,Being cash paid for cable wire for shot circuit in society cabin,N.A.,, Cash in Hand ,102001,,1200,
EE-2025-0000108,408014,Miscellaneous Expenses,Unassigned,23-04-2025,Being cash paid for tea for electrician,N.A.,, Cash in Hand ,102001,,50,
EE-2025-0000110,406007,Repair Maintenance - Electrical,Unassigned,23-04-2025,Being cash paid for electrical work done in society,N.A.,, Cash in Hand ,102001,,1450,
BE-2025-0000001,0,Bank Transfer,,24-04-2025,Being Cash Withdrawn,153518,, Cash in Hand ,102001,5000.00,,
EE-2025-0000112,408014,Miscellaneous Expenses,Unassigned,24-04-2025,Being cash paid for tea for electrician,N.A.,, Cash in Hand ,102001,,50,
EE-2025-0000114,408003,Printing & Stationary,Unassigned,25-04-2025,Being cash paid for printout  xerox  pen and file,N.A.,, Cash in Hand ,102001,,44,
EE-2025-0000116,406007,Repair Maintenance - Electrical,Unassigned,25-04-2025,Being cash paid for 2 Leds and lift repairs,N.A.,, Cash in Hand ,102001,,550,
EE-2025-0000118,407002,House Keeping Expenses,Unassigned,01-05-2025,Being cash paid for plants watering,N.A.,, Cash in Hand ,102001,,300,
EE-2025-0000120,408006,Conveyance Charges,Unassigned,01-05-2025,Being cash paid for conveyance to Tata Bill Payment,N.A.,, Cash in Hand ,102001,,80,
EE-2025-0000122,411005,Pest Control Charges,Unassigned,05-05-2025,Being cash paid for fogging done in compound,N.A.,, Cash in Hand ,102001,,100,
EE-2025-0000124,408014,Miscellaneous Expenses,Unassigned,05-05-2025,Being cash paid for 2 Stick broom for compound cleaning,N.A.,, Cash in Hand ,102001,,110,
EE-2025-0000126,411005,Pest Control Charges,Unassigned,19-05-2025,Being cash paid for PC done in office and compound areas,N.A.,, Cash in Hand ,102001,,100,
EE-2025-0000128,406007,Repair Maintenance - Electrical,Unassigned,24-05-2025,Being cash paid for LED light in electrical room,N.A.,, Cash in Hand ,102001,,180,
EE-2025-0000130,406007,Repair Maintenance - Electrical,Unassigned,24-05-2025,Being cash paid for 2 cans of acid for society and bathroom,N.A.,, Cash in Hand ,102001,,100,
EE-2025-0000132,406012,Repairs & Maintenance - CCTV ,Unassigned,26-05-2025,Being cash paid for camera work and light replacement,N.A.,, Cash in Hand ,102001,,350,
EE-2025-0000134,408006,Conveyance Charges,Unassigned,01-06-2025,Being cash paid for conveyance for electrical bill payment,N.A.,, Cash in Hand ,102001,,80,
EE-2025-0000136,407002,House Keeping Expenses,Unassigned,01-06-2025,Being cash paid for Grotto cleaning,N.A.,, Cash in Hand ,102001,,300,
EE-2025-0000138,408003,Printing & Stationary,Unassigned,01-06-2025,Being cash paid for purchase of 2box files  1 pad  1 stapler and 1pin box,N.A.,, Cash in Hand ,102001,,267,
EE-2025-0000140,411005,Pest Control Charges,Unassigned,05-06-2025,Being cash paid for PC done in office and compound area,N.A.,, Cash in Hand ,102001,,100,
EE-2025-0000142,407002,House Keeping Expenses,Unassigned,07-06-2025,Being cash paid for 2 stick groom for society purpose,N.A.,, Cash in Hand ,102001,,110,
EE-2025-0000144,407002,House Keeping Expenses,Unassigned,15-06-2025,Being cash paid for 2 cans of acid for society and bathroom,N.A.,, Cash in Hand ,102001,,100,
BE-2025-0000002,0,Bank Transfer,,17-06-2025,Being Cash withdrawn,134751,, Cash in Hand ,102001,5000.00,,
EE-2025-0000146,411005,Pest Control Charges,Unassigned,20-06-2025,Being cash paid for PC done in office and compound area,N.A.,, Cash in Hand ,102001,,100,
EE-2025-0000148,408006,Conveyance Charges,Unassigned,25-06-2025,Being cash paid for conveyance for water bill payment,N.A.,, Cash in Hand ,102001,,52,
EE-2025-0000150,408006,Conveyance Charges,Unassigned,25-06-2025,Being cash paid for conveyance for property tax payment,N.A.,, Cash in Hand ,102001,,52,
EE-2025-0000152,407002,House Keeping Expenses,Unassigned,01-07-2025,Being cash paid for Grotto cleaning and plant watering,N.A.,, Cash in Hand ,102001,,300,
EE-2025-0000154,408006,Conveyance Charges,Unassigned,01-07-2025,Being cash paid for conveyance for TATA bill payment,N.A.,, Cash in Hand ,102001,,80,
BE-2025-0000003,0,Bank Transfer,,05-07-2025,Being Cash Withdrawn,134757,, Cash in Hand ,102001,5000.00,,
EE-2025-0000156,411005,Pest Control Charges,Unassigned,05-07-2025,Being cash paid for PC done in office and compound area,N.A.,, Cash in Hand ,102001,,100,
EE-2025-0000158,406008,Repair Maintenance - Other,Unassigned,05-07-2025,Being cash paid for cleaning front gutter of the society,N.A.,, Cash in Hand ,102001,,1250,
EE-2025-0000160,406008,Repair Maintenance - Other,Unassigned,05-07-2025,Being cash paid for cleaning behind gutter of the society,N.A.,, Cash in Hand ,102001,,1250,
EE-2025-0000162,408014,Miscellaneous Expenses,Unassigned,05-07-2025,Being cash paid for tea and water for manoj and team for cleaning gutters,N.A.,, Cash in Hand ,102001,,50,
EE-2025-0000164,406012,Repairs & Maintenance - CCTV ,Unassigned,06-07-2025,Being cash paid for repair of camera no.10,N.A.,, Cash in Hand ,102001,,450,
EE-2025-0000168,407002,House Keeping Expenses,Unassigned,07-07-2025,Being cash paid for 2 Stick brooms for compound cleaning,N.A.,, Cash in Hand ,102001,,110,
EE-2025-0000170,406007,Repair Maintenance - Electrical,Unassigned,07-07-2025,Being cash paid for lights and bulbs for society,N.A.,, Cash in Hand ,102001,,1100,
EE-2025-0000172,407002,House Keeping Expenses,Unassigned,07-07-2025,Being cash paid for 2 cans of acid for society and bathroom,N.A.,, Cash in Hand ,102001,,160,
EE-2025-0000174,406007,Repair Maintenance - Electrical,Unassigned,10-07-2025,Being cash paid for electrical work done for the society,N.A.,, Cash in Hand ,102001,,600,
EE-2025-0000176,407002,House Keeping Expenses,Unassigned,11-07-2025,Being cash paid for qty2 of 1ltr floor liquid for passage cleaning,N.A.,, Cash in Hand ,102001,,460,
EE-2025-0000178,408003,Printing & Stationary,Unassigned,21-07-2025,Being cash paid for stationery for office use,N.A.,, Cash in Hand ,102001,,100,
EE-2025-0000180,411005,Pest Control Charges,Unassigned,21-07-2025,Being cash paid for PC done in office and compound area,N.A.,, Cash in Hand ,102001,,100,
EE-2025-0000166,408003,Printing & Stationary,Unassigned,26-07-2025,Being cash paid for xerox and files,N.A.,, Cash in Hand ,102001,,205,
BE-2025-0000006,0,Bank Transfer,,01-08-2025,Being Cash withdrawn for petty cash,134761,, Cash in Hand ,102001,5000.00,,
EE-2025-0000182,407002,House Keeping Expenses,Unassigned,01-08-2025,Being cash paid for Grotto cleaning and plant watering,N.A.,, Cash in Hand ,102001,,300,
EE-2025-0000184,408006,Conveyance Charges,Unassigned,01-08-2025,Being cash paid for conveyance for bills payment,N.A.,, Cash in Hand ,102001,,80,
EE-2025-0000186,406008,Repair Maintenance - Other,Unassigned,04-08-2025,Being cash paid for plumbing work done in the society,N.A.,, Cash in Hand ,102001,,700,
EE-2025-0000188,406008,Repair Maintenance - Other,Unassigned,04-08-2025,Being cash paid for purchase of PVC pipes,N.A.,, Cash in Hand ,102001,,1170,
EE-2025-0000190,411005,Pest Control Charges,Unassigned,05-08-2025,Being cash paid for PC done in office and compound area,N.A.,, Cash in Hand ,102001,,100,
EE-2025-0000192,406007,Repair Maintenance - Electrical,Unassigned,06-08-2025,Being cash paid for electrical work done in the society,N.A.,, Cash in Hand ,102001,,350,
EE-2025-0000194,407002,House Keeping Expenses,Unassigned,07-08-2025,Being cash paid for brooms for society purpose,N.A.,, Cash in Hand ,102001,,210,
EE-2025-0000196,406007,Repair Maintenance - Electrical,Unassigned,07-08-2025,Being cash paid for electrical work done in society,N.A.,, Cash in Hand ,102001,,1100,
EE-2025-0000198,408014,Miscellaneous Expenses,Unassigned,07-08-2025,Being cash paid for tea and water for electrician and watchman,N.A.,, Cash in Hand ,102001,,50,
EE-2025-0000200,407002,House Keeping Expenses,Unassigned,07-08-2025,Being cash paid for 2 acid cans for society purpose,N.A.,, Cash in Hand ,102001,,100,
EE-2025-0000202,406012,Repairs & Maintenance - CCTV ,Unassigned,08-08-2025,Being cash paid for repair of camera no.14,N.A.,, Cash in Hand ,102001,,550,
EE-2025-0000204,407002,House Keeping Expenses,Unassigned,08-08-2025,Being cash paid for bleaching powder for compound use,N.A.,, Cash in Hand ,102001,,1250,
EE-2025-0000206,407002,House Keeping Expenses,Unassigned,08-08-2025,Being cash paid for bleaching powder for compound use,N.A.,, Cash in Hand ,102001,,1250,
EE-2025-0000208,407002,House Keeping Expenses,Unassigned,10-08-2025,Being cash paid for one pair of gloves for putting bleaching powder,N.A.,, Cash in Hand ,102001,,60,
EE-2025-0000210,406012,Repairs & Maintenance - CCTV ,Unassigned,24-08-2025,Being cash paid for DVR checking and labelling of points,N.A.,, Cash in Hand ,102001,,750,
EE-2025-0000212,408014,Miscellaneous Expenses,Unassigned,24-08-2025,Being cash paid for water and tea for CCTV person and watchman,N.A.,, Cash in Hand ,102001,,50,
BE-2025-0000007,0,Bank Transfer,,29-08-2025,Being Cash withdrawn for petty cash,134765,, Cash in Hand ,102001,5000.00,,
EE-2025-0000214,407002,House Keeping Expenses,Unassigned,01-09-2025,Being cash paid for Grotto cleaning and spraying bleaching powder in the compound,N.A.,, Cash in Hand ,102001,,600,
EE-2025-0000216,408006,Conveyance Charges,Unassigned,01-09-2025,Being cash paid for conveyance for bill payments,N.A.,, Cash in Hand ,102001,,80,
EE-2025-0000218,406008,Repair Maintenance - Other,Unassigned,03-09-2025,Being cash paid for plumbing work done in the society,N.A.,, Cash in Hand ,102001,,675,
EE-2025-0000220,408006,Conveyance Charges,Unassigned,04-09-2025,Being cash paid for conveyance to kandivali for forms and change name on electricity bills,N.A.,, Cash in Hand ,102001,,150,
EE-2025-0000222,411005,Pest Control Charges,Unassigned,06-09-2025,Being cash paid for PC done in office and compound area,N.A.,, Cash in Hand ,102001,,100,
EE-2025-0000224,407002,House Keeping Expenses,Unassigned,08-09-2025,Being cash paid for purchase of housekeeping material for society,N.A.,, Cash in Hand ,102001,,199,
EE-2025-0000226,406007,Repair Maintenance - Electrical,Unassigned,08-09-2025,Being cash paid for electrical work done in pump room,N.A.,, Cash in Hand ,102001,,450,
EE-2025-0000508,406008,Repair Maintenance - Other,Unassigned,08-09-2025,Being cash paid for pur of brooms,N.A.,, Cash in Hand ,102001,,110,
EE-2025-0000510,406008,Repair Maintenance - Other,Unassigned,10-09-2025,Being cash paid for pur of bleeching,N.A.,, Cash in Hand ,102001,,300,
EE-2025-0000228,408003,Printing & Stationary,Unassigned,11-09-2025,Being cash paid for printout and xerox for office purpose,N.A.,, Cash in Hand ,102001,,132,
EE-2025-0000230,408003,Printing & Stationary,Unassigned,19-09-2025,Being cash paid for printout and xerox for AGM and C folder,N.A.,, Cash in Hand ,102001,,248,
EE-2025-0000232,406008,Repair Maintenance - Other,Unassigned,20-09-2025,Being cash paid for purchase of plumbing materials for terrace work,N.A.,, Cash in Hand ,102001,,1215,
EE-2025-0000234,408014,Miscellaneous Expenses,Unassigned,20-09-2025,Being cash paid for tea and water for plumber and watchman,N.A.,, Cash in Hand ,102001,,50,
EE-2025-0000242,407002,House Keeping Expenses,Unassigned,20-09-2025,Being cash paid for 2 cans of acid for society purpose,N.A.,, Cash in Hand ,102001,,100,
EE-2025-0000236,408014,Miscellaneous Expenses,Unassigned,21-09-2025,Being cash paid for tea and water for plumber and watchman,N.A.,, Cash in Hand ,102001,,50,
EE-2025-0000244,407002,House Keeping Expenses,Unassigned,25-09-2025,Being cash paid for cleaning of the office,N.A.,, Cash in Hand ,102001,,70,
BE-2025-0000008,0,Bank Transfer,,26-09-2025,Being Cash withdrawn for petty cash,134769,, Cash in Hand ,102001,5000.00,,
EE-2025-0000238,408005,Meeting Expenses,Unassigned,27-09-2025,Being cash paid for purchase of 23 snacks boxes for AGM,N.A.,, Cash in Hand ,102001,,3686,
EE-2025-0000240,408005,Meeting Expenses,Unassigned,27-09-2025,Being cash paid for apple juice and bisleri bottles for AGM,N.A.,, Cash in Hand ,102001,,470,
EE-2025-0000246,408005,Meeting Expenses,Unassigned,28-09-2025,Being cash paid for bringing snacks boxes and arranging the office for AGM,N.A.,, Cash in Hand ,102001,,70,
EE-2025-0000248,406007,Repair Maintenance - Electrical,Unassigned,30-09-2025,Being cash paid for repair of 2 street lights,N.A.,, Cash in Hand ,102001,,700,
EE-2025-0000275,406001,Garden Maintenance Expenses,Unassigned,01-10-2025,Being cash paid for cleaning of grotto & plant watering,N.A.,, Cash in Hand ,102001,,300,
EE-2025-0000277,408006,Conveyance Charges,Unassigned,01-10-2025,Being cash paid for Conveyance for bill payments,N.A.,, Cash in Hand ,102001,,80,
EE-2025-0000279,408006,Conveyance Charges,Unassigned,01-10-2025,Being cash paid for conveyance for Dmart for AGM wafer and Juice,N.A.,, Cash in Hand ,102001,,80,
EE-2025-0000281,411005,Pest Control Charges,Unassigned,01-10-2025,Being cash paid for pest control done in office & compound area,N.A.,, Cash in Hand ,102001,,100,
EE-2025-0000283,406007,Repair Maintenance - Electrical,Unassigned,01-10-2025,Being cash paid for Fixing street light near camera no. 10,N.A.,, Cash in Hand ,102001,,150,
EE-2025-0000285,407002,House Keeping Expenses,Unassigned,02-10-2025,Being cash paid for 2 kgs of bleaching powder,N.A.,, Cash in Hand ,102001,,140,
EE-2025-0000287,407002,House Keeping Expenses,Unassigned,02-10-2025,Being cash paid for 2 stick broom for compound cleaning,N.A.,, Cash in Hand ,102001,,110,
EE-2025-0000289,411005,Pest Control Charges,Unassigned,17-10-2025,Being cash paid for Pest control done in office & compound areas,N.A.,, Cash in Hand ,102001,,100,
EE-2025-0000291,408014,Miscellaneous Expenses,Unassigned,24-10-2025,Being cash paid for work done near main building entrance,N.A.,, Cash in Hand ,102001,,2460,
EE-2025-0000293,408014,Miscellaneous Expenses,Unassigned,24-10-2025,Being cash paid for Tea & Wafer for mason for building work,N.A.,, Cash in Hand ,102001,,30,
EE-2025-0000295,408014,Miscellaneous Expenses,Unassigned,25-10-2025,Being cash paid for work done near entrance of the society,N.A.,, Cash in Hand ,102001,,336,
EE-2025-0000297,408014,Miscellaneous Expenses,Unassigned,25-10-2025,Being cash paid for Mason work done near building entrance,N.A.,, Cash in Hand ,102001,,2000,
EE-2025-0000299,406008,Repair Maintenance - Other,Unassigned,25-10-2025,Being cash paid for matts for plumbing work near building entrance,N.A.,, Cash in Hand ,102001,,2085,
EE-2025-0000301,408014,Miscellaneous Expenses,Unassigned,25-10-2025,Being cash paid for tea & wafer for plumbing work done for society,N.A.,, Cash in Hand ,102001,,30,
EE-2025-0000303,406008,Repair Maintenance - Other,Unassigned,25-10-2025,Being cash paid for plumbing work done near to building entrance,N.A.,, Cash in Hand ,102001,,2000,
EE-2025-0000305,408014,Miscellaneous Expenses,Unassigned,26-10-2025,Being cash paid for removing coconuts from two trees from behind the building,N.A.,, Cash in Hand ,102001,,1200,
EE-2025-0000307,408014,Miscellaneous Expenses,Unassigned,26-10-2025,Being cash paid for cutting  clearing of 160 coconuts,N.A.,, Cash in Hand ,102001,,600,
EE-2025-0000309,408014,Miscellaneous Expenses,Unassigned,26-10-2025,Being cash paid for tea and wafer for Vijay & Watchman,N.A.,, Cash in Hand ,102001,,30,
EE-2026-0000006,406008,Repair Maintenance - Other,Unassigned,26-10-2025,Being cash paid for coconut remoeving,N.A.,31541, Cash in Hand ,102001,,600,
BE-2025-0000009,0,Bank Transfer,,01-11-2025,Being cash withdrawn for petty cash,134781,, Cash in Hand ,102001,5000.00,,
EE-2025-0000311,406001,Garden Maintenance Expenses,Unassigned,01-11-2025,Being cash paid for Grotto cleaning& plant watering,N.A.,, Cash in Hand ,102001,,300,
EE-2025-0000313,408006,Conveyance Charges,Unassigned,01-11-2025,Being cash paid for Conveyance for bill payment,N.A.,, Cash in Hand ,102001,,80,
EE-2025-0000315,407002,House Keeping Expenses,Unassigned,01-11-2025,Being cash paid for 2 stick broom & one broom for passage cleaning,N.A.,, Cash in Hand ,102001,,210,
EE-2025-0000317,411005,Pest Control Charges,Unassigned,03-11-2025,Being cash paid for pest control done in office & compound area,N.A.,, Cash in Hand ,102001,,100,
EE-2025-0000319,408005,Meeting Expenses,Unassigned,03-11-2025,Being cash paid for tea and wafer for meeting with Insurance agent,N.A.,, Cash in Hand ,102001,,50,
EE-2025-0000321,411005,Pest Control Charges,Unassigned,21-11-2025,Being cash paid for pest control done in office & compound area,N.A.,, Cash in Hand ,102001,,100,
EE-2025-0000323,408006,Conveyance Charges,Unassigned,21-11-2025,Being cash paid for Conveyance to Ekta Nagar tata off,N.A.,, Cash in Hand ,102001,,150,
BE-2025-0000010,0,Bank Transfer,,24-11-2025,Being cash withdrawn for petty cash,134782,, Cash in Hand ,102001,5000.00,,
EE-2025-0000325,407002,House Keeping Expenses,Unassigned,26-11-2025,Being cash paid for purchase of floor cleaning liquied,N.A.,, Cash in Hand ,102001,,460,
EE-2025-0000327,408014,Miscellaneous Expenses,Unassigned,26-11-2025,Being cash paid for tea and snacks for electriciaan,N.A.,, Cash in Hand ,102001,,80,
EE-2025-0000329,408006,Conveyance Charges,Unassigned,29-11-2025,Being cash paid for visit to advocate office,N.A.,, Cash in Hand ,102001,,100,
EE-2025-0000331,408014,Miscellaneous Expenses,Unassigned,01-12-2025,Being cash paid for cleaning of grotto & watering plants,N.A.,, Cash in Hand ,102001,,300,
EE-2025-0000333,408006,Conveyance Charges,Unassigned,01-12-2025,Being cash paid for tata bill payment,N.A.,, Cash in Hand ,102001,,80,
EE-2025-0000335,406008,Repair Maintenance - Other,Unassigned,01-12-2025,Being cash paid for purch of broom,N.A.,, Cash in Hand ,102001,,110,
EE-2025-0000337,411005,Pest Control Charges,Unassigned,06-12-2025,Being cash paid for pest control,N.A.,, Cash in Hand ,102001,,100,
EE-2025-0000339,408006,Conveyance Charges,Unassigned,06-12-2025,Being cash paid for conveyance,N.A.,, Cash in Hand ,102001,,150,
EE-2025-0000341,408003,Printing & Stationary,Unassigned,06-12-2025,Being cash paid for xerox,N.A.,, Cash in Hand ,102001,,100,
EE-2025-0000343,408006,Conveyance Charges,Unassigned,08-12-2025,Being cash paid for change of name on comman meter,N.A.,, Cash in Hand ,102001,,150,
EE-2025-0000345,408006,Conveyance Charges,Unassigned,08-12-2025,Being cash paid for collect original pan card,N.A.,, Cash in Hand ,102001,,150,
EE-2025-0000347,408006,Conveyance Charges,Unassigned,08-12-2025,Being cash paid for printing bills for name change of tata power,N.A.,, Cash in Hand ,102001,,26,
EE-2025-0000349,408003,Printing & Stationary,Unassigned,08-12-2025,Being cash paid for purchase of A4 size papers,N.A.,, Cash in Hand ,102001,,800,
EE-2025-0000351,401001,Salary Expenses,Unassigned,08-12-2025,Being cash paid for 7 days cleaning of passage area  2000 Nov 2025,N.A.,, Cash in Hand ,102001,,470,
BE-2025-0000014,0,Bank Transfer,,08-12-2025,Being cash withdrawn,134790,, Cash in Hand ,102001,5000.00,,
EE-2025-0000353,408014,Miscellaneous Expenses,Unassigned,15-12-2025,Being cash paid for tea and wefers,N.A.,, Cash in Hand ,102001,,50,
BE-2025-0000015,0,Bank Transfer,,20-12-2025,Being cash withdrawn,134796,, Cash in Hand ,102001,5000.00,,
EE-2025-0000355,406007,Repair Maintenance - Electrical,Unassigned,22-12-2025,Being cash paid for purch of lights,N.A.,, Cash in Hand ,102001,,1290,
EE-2025-0000357,408003,Printing & Stationary,Unassigned,22-12-2025,Being cash paid for dueal pan card,N.A.,, Cash in Hand ,102001,,100,
EE-2025-0000359,408014,Miscellaneous Expenses,Unassigned,22-12-2025,Being cash paid for purch of accid,N.A.,, Cash in Hand ,102001,,100,
EE-2025-0000361,406007,Repair Maintenance - Electrical,Unassigned,22-12-2025,Being cash paid for purch of bullbs for terrace,N.A.,, Cash in Hand ,102001,,100,
EE-2025-0000363,406007,Repair Maintenance - Electrical,Unassigned,22-12-2025,Being cash paidf for purchase of switch board,N.A.,, Cash in Hand ,102001,,640,
EE-2025-0000365,406008,Repair Maintenance - Other,Unassigned,22-12-2025,Being cash paid for electrician work,N.A.,, Cash in Hand ,102001,,450,
EE-2025-0000367,411005,Pest Control Charges,Unassigned,22-12-2025,Being cash paid for pest control,N.A.,, Cash in Hand ,102001,,200,
EE-2025-0000369,410001,Festival Expenses,Unassigned,25-12-2025,Being cash paid for christmas,N.A.,, Cash in Hand ,102001,,800,
EE-2025-0000371,410001,Festival Expenses,Unassigned,25-12-2025,Being cash paid to postman ramesh on the christmas,N.A.,, Cash in Hand ,102001,,200,
EE-2025-0000373,410001,Festival Expenses,Sweeper,25-12-2025,Being cash paid for cleaning on christmas,N.A.,, Cash in Hand ,102001,,200,
EE-2025-0000375,410001,Festival Expenses,Unassigned,27-12-2025,Being cash paid for tea & snacks on christmas,N.A.,, Cash in Hand ,102001,,150,
EE-2025-0000377,406008,Repair Maintenance - Other,Unassigned,27-12-2025,Being cash paid for plumbing work in duel area,N.A.,, Cash in Hand ,102001,,1450,
EE-2025-0000379,408014,Miscellaneous Expenses,Unassigned,01-01-2026,Being cash paid for cleaing of grotto and plants watering,N.A.,, Cash in Hand ,102001,,300,
EE-2025-0000381,408006,Conveyance Charges,Unassigned,01-01-2026,Being cash paid for electricity bill paid,N.A.,, Cash in Hand ,102001,,80,
EE-2025-0000383,406008,Repair Maintenance - Other,Unassigned,05-01-2026,Being cash paid for pur of broom for passage area,N.A.,, Cash in Hand ,102001,,210,
EE-2025-0000385,411005,Pest Control Charges,Unassigned,05-01-2026,Being cash paid for pest control,N.A.,, Cash in Hand ,102001,,100,
EE-2025-0000387,406008,Repair Maintenance - Other,Unassigned,05-01-2026,Being cash paid for pur od accide,N.A.,, Cash in Hand ,102001,,100,
EE-2025-0000389,408003,Printing & Stationary,Unassigned,09-01-2026,Being cash paid for xerox,N.A.,, Cash in Hand ,102001,,36,
BE-2025-0000011,0,Bank Transfer,,17-01-2026,Being cash withdrawn,163226,, Cash in Hand ,102001,5000.00,,
EE-2025-0000391,408003,Printing & Stationary,Unassigned,20-01-2026,Being cash paid for xerox,N.A.,, Cash in Hand ,102001,,28,
EE-2025-0000393,406008,Repair Maintenance - Other,Unassigned,21-01-2026,Being cash paid for monkey key,N.A.,, Cash in Hand ,102001,,200,
EE-2025-0000395,411005,Pest Control Charges,Unassigned,21-01-2026,Being cash paid for pest control,N.A.,, Cash in Hand ,102001,,100,
EE-2025-0000397,408003,Printing & Stationary,Unassigned,24-01-2026,Being cash paid for binding & scanning of docs,N.A.,, Cash in Hand ,102001,,245,
EE-2025-0000399,406008,Repair Maintenance - Other,Unassigned,27-01-2026,Being cash paid for plumbing work done,N.A.,, Cash in Hand ,102001,,450,
EE-2025-0000401,406007,Repair Maintenance - Electrical,Unassigned,27-01-2026,Being cash recd agst motor work done,N.A.,, Cash in Hand ,102001,,500,
EE-2025-0000403,408003,Printing & Stationary,Unassigned,31-01-2026,purchase of cashbook 7 xerox,N.A.,, Cash in Hand ,102001,,128,
EE-2025-0000405,408014,Miscellaneous Expenses,Unassigned,31-01-2026,Being cash paid for pur of thumsup for terrace workers,N.A.,, Cash in Hand ,102001,,100,
EE-2025-0000407,408014,Miscellaneous Expenses,Unassigned,31-01-2026,Being cash paid for wafer and tea for watchmen,N.A.,, Cash in Hand ,102001,,50,
EE-2025-0000409,408014,Miscellaneous Expenses,Unassigned,01-02-2026,Being cash paid for cleaning of grotto & watering plants,N.A.,, Cash in Hand ,102001,,300,
EE-2025-0000411,408006,Conveyance Charges,Unassigned,01-02-2026,Being cash paid for elec bill payment,N.A.,, Cash in Hand ,102001,,80,
EE-2025-0000413,408014,Miscellaneous Expenses,Unassigned,04-02-2026,Being cahs paid for wefers and tea,N.A.,, Cash in Hand ,102001,,50,
EE-2025-0000415,411005,Pest Control Charges,Unassigned,05-02-2026,Being cash paid for pest control,N.A.,, Cash in Hand ,102001,,100,
EE-2025-0000417,408006,Conveyance Charges,Unassigned,05-02-2026,Being cash paid for conv ekta naghar for name change,N.A.,, Cash in Hand ,102001,,150,
EE-2025-0000419,406008,Repair Maintenance - Other,Unassigned,05-02-2026,Being cahs paid for purch of mceal for water leakage,N.A.,, Cash in Hand ,102001,,50,
EE-2025-0000421,408014,Miscellaneous Expenses,Unassigned,05-02-2026,Being cash paid for wafer and tea for watchmen,N.A.,, Cash in Hand ,102001,,50,
EE-2025-0000423,406008,Repair Maintenance - Other,Unassigned,06-02-2026,Being cahs paid for purc of toilet cleaner,N.A.,, Cash in Hand ,102001,,100,
EE-2025-0000425,406008,Repair Maintenance - Other,Unassigned,06-02-2026,Being cash paid for pur of broom,N.A.,, Cash in Hand ,102001,,110,
EE-2025-0000429,406008,Repair Maintenance - Other,Unassigned,15-02-2026,Being cahs paid for cleaning & repair of board lettering near entrance gate,N.A.,, Cash in Hand ,102001,,1500,
EE-2025-0000431,406008,Repair Maintenance - Other,Unassigned,15-02-2026,Being cash paid for cleaning & repair board lettering,N.A.,, Cash in Hand ,102001,,1500,
BE-2025-0000012,0,Bank Transfer,,16-02-2026,Being cash withdrawn,163236,, Cash in Hand ,102001,5000.00,,
EE-2025-0000427,408005,Meeting Expenses,Unassigned,23-02-2026,Being cash paid for tea & water for meeting deemed convy,N.A.,, Cash in Hand ,102001,,50,
EE-2025-0000433,411005,Pest Control Charges,Unassigned,23-02-2026,Being cash paid for pest control,N.A.,, Cash in Hand ,102001,,100,
EE-2025-0000435,404006,Water Pump Repair Charges,Unassigned,23-02-2026,Being cahs paid for plumbing work in pump room,N.A.,, Cash in Hand ,102001,,1350,
EE-2025-0000437,406008,Repair Maintenance - Other,Unassigned,25-02-2026,Being cash paid for pur of mop,N.A.,, Cash in Hand ,102001,,150,
EE-2025-0000439,408014,Miscellaneous Expenses,Unassigned,01-03-2026,Being cash paid for cleaning of grotto & watering plants,N.A.,, Cash in Hand ,102001,,300,
EE-2025-0000441,408006,Conveyance Charges,Unassigned,01-03-2026,Being cash paid for elec bill payment,N.A.,, Cash in Hand ,102001,,80,
EE-2025-0000443,406008,Repair Maintenance - Other,Unassigned,02-03-2026,Being cash paid for pur of broom,N.A.,, Cash in Hand ,102001,,110,
EE-2025-0000445,411005,Pest Control Charges,Unassigned,05-03-2026,Being cash paid for pest control,N.A.,, Cash in Hand ,102001,,100,
EE-2025-0000447,406008,Repair Maintenance - Other,Unassigned,05-03-2026,Being cash paid for pur of aceed,N.A.,, Cash in Hand ,102001,,100,
EE-2025-0000449,408014,Miscellaneous Expenses,Unassigned,08-03-2026,Being cahs paid for removeing coconut & cutting tree branches,N.A.,, Cash in Hand ,102001,,1200,
EE-2025-0000451,408014,Miscellaneous Expenses,Unassigned,08-03-2026,Being cash paid for coconut remoeving,N.A.,, Cash in Hand ,102001,,600,
EE-2025-0000453,408014,Miscellaneous Expenses,Unassigned,08-03-2026,Being cash paid for coconut remoeving,N.A.,, Cash in Hand ,102001,,300,
EE-2025-0000506,406007,Repair Maintenance - Electrical,Unassigned,10-03-2026,Being cash paid for pur of 2 lights,N.A.,, Cash in Hand ,102001,,200,
EE-2025-0000457,408003,Printing & Stationary,Unassigned,12-03-2026,Being cash paid for xerox,N.A.,, Cash in Hand ,102001,,19,
EE-2025-0000459,408003,Printing & Stationary,Unassigned,18-03-2026,Being cash paid for xerox of all deemed cony documents,N.A.,, Cash in Hand ,102001,,1217,
EE-2025-0000461,408014,Miscellaneous Expenses,Unassigned,20-03-2026,Being cahs paid for liquied for cleaning,N.A.,, Cash in Hand ,102001,,354,
EE-2025-0000463,406008,Repair Maintenance - Other,Unassigned,21-03-2026,Being cahs paid for pur of mop,N.A.,, Cash in Hand ,102001,,260,
EE-2025-0000465,411005,Pest Control Charges,Unassigned,23-03-2026,Being cash paid for pest control,N.A.,, Cash in Hand ,102001,,100,
BE-2025-0000013,0,Bank Transfer,,24-03-2026,Being cash withdrawn,163241,, Cash in Hand ,102001,5000.00,,

"Balance : 351(Debit)","","","","","","","","","","67030","66679",

"Assets > MDCC Bank - 00061006001275 ( 102002 ) ",
"Journal No","Other GL No.","Other Account","Subledger","Posted Date","Comments","Instrument No.","Instrument Bank","Account Name","GL Account No.","Debit","Credit",
"","","","","","Opening Balance","",""," MDCC Bank - 00061006001275 ","102002","16235","",

"Balance : 16235(Debit)","","","","","","","","","","16235","0",

"Assets > Citizen Credit Co-op. Bank Ltd. -  2090102000012290 ( 102003 ) ",
"Journal No","Other GL No.","Other Account","Subledger","Posted Date","Comments","Instrument No.","Instrument Bank","Account Name","GL Account No.","Debit","Credit",
"","","","","","Opening Balance","",""," Citizen Credit Co-op. Bank Ltd. -  2090102000012290 ","102003","23690","",
JE-2025-0000088,102003,Citizen Credit Co-op. Bank Ltd. -  2090102000012290,,31-03-2026,Being int on FD 08344 CCB  SCF,,, Citizen Credit Co-op. Bank Ltd. -  2090102000012290 ,102003,304.00,,
JE-2025-0000089,102003,Citizen Credit Co-op. Bank Ltd. -  2090102000012290,,31-03-2026,Being int on saving account from April 2025 to March 2026,,, Citizen Credit Co-op. Bank Ltd. -  2090102000012290 ,102003,720.00,,

"Balance : 24714(Debit)","","","","","","","","","","24714","0",

"Assets > TDS - Receivables ( 109004 ) ",
"Journal No","Other GL No.","Other Account","Subledger","Posted Date","Comments","Instrument No.","Instrument Bank","Account Name","GL Account No.","Debit","Credit",
"","","","","","Opening Balance","",""," TDS - Receivables ","109004","55991","",
JE-2025-0000087,109004,TDS Receivable,,30-04-2025,Being IT refund for FY 22-23,,, TDS - Receivables ,109004,,14196.00,
JE-2025-0000004,109004,TDS Receivable,,30-06-2025,Being int on  fixed deposit -Td1000277973 - SCB,,, TDS - Receivables ,109004,10.00,,
JE-2025-0000042,109004,TDS Receivable,,07-09-2025,Being FD TD0000406346 renewed and remade SCB - SF,,, TDS - Receivables ,109004,252.00,,
JE-2025-0000006,109004,TDS Receivable,,30-09-2025,Being interest recd on FD   TD1000277973 SC SCB,,, TDS - Receivables ,109004,11.00,,
JE-2025-0000108,109004,TDS Receivable,,14-02-2026,Being FD TD0000414169 renewed and remade SCB - BRF,,, TDS - Receivables ,109004,291.00,,
JE-2025-0000107,109004,TDS Receivable,,14-02-2026,Being FD 414170 renewed and remade SCB - PDF,,, TDS - Receivables ,109004,2050.00,,
JE-2025-0000105,109004,TDS Receivable,,14-02-2026,Being FD TD0000414171 renewed and remade SCB - RF,,, TDS - Receivables ,109004,697.00,,
JE-2025-0000104,109004,TDS Receivable,,14-02-2026,Being FD TD0000414168 renewed and remade SCB - SF,,, TDS - Receivables ,109004,179.00,,
JE-2025-0000033,109004,TDS Receivable,,27-03-2026,Being FD TD0000403571 renewed and remade SCB - SF,,, TDS - Receivables ,109004,90.00,,
JE-2025-0000045,109004,TDS Receivable,,27-03-2026,Being int accu on FD TD0000414147- SF - SCB,,, TDS - Receivables ,109004,101.00,,
JE-2025-0000106,109004,TDS Receivable,,27-03-2026,Being FD TD0000406343 renewed and remade SCB - PDF,,, TDS - Receivables ,109004,1324.00,,
JE-2025-0000035,109004,TDS Receivable,,27-03-2026,Being FD TD0000403572 renewed and remade SCB - BRF,,, TDS - Receivables ,109004,273.00,,
JE-2025-0000078,109004,TDS Receivable,,31-03-2026,Being int accu on FD TD1001580367- GF - SCB,,, TDS - Receivables ,109004,2460.00,,
JE-2025-0000067,109004,TDS Receivable,,31-03-2026,Being int accu on FD TD1000277965- ETF - SCB,,, TDS - Receivables ,109004,24.00,,
JE-2025-0000068,109004,TDS Receivable,,31-03-2026,Being int accu on FD TD1000697037 - RF - SCB,,, TDS - Receivables ,109004,18.00,,
JE-2025-0000069,109004,TDS Receivable,,31-03-2026,Being int accu on FD TD1000697044 - SF - SCB,,, TDS - Receivables ,109004,24.00,,
JE-2025-0000070,109004,TDS Receivable,,31-03-2026,Being int accu on FD TD1000697074- BRF - SCB,,, TDS - Receivables ,109004,270.00,,
JE-2025-0000071,109004,TDS Receivable,,31-03-2026,Being int accu on FD TD1000697085- PDF - SCB,,, TDS - Receivables ,109004,1379.00,,
JE-2025-0000072,109004,TDS Receivable,,31-03-2026,Being int accu on FD TD1000697094 - ETF - SCB,,, TDS - Receivables ,109004,22.00,,
JE-2025-0000073,109004,TDS Receivable,,31-03-2026,Being int accu on FD TD1000909156 - GF - SCB,,, TDS - Receivables ,109004,3217.00,,
JE-2025-0000074,109004,TDS Receivable,,31-03-2026,Being int accu on FD TD1001128233 - SF - SCB,,, TDS - Receivables ,109004,78.00,,
JE-2025-0000075,109004,TDS Receivable,,31-03-2026,Being int accu on FD TD1001128295 - BRF - SCB,,, TDS - Receivables ,109004,374.00,,
JE-2025-0000076,109004,TDS Receivable,,31-03-2026,Being int accu on FD TD1001128298 - ETF - SCB,,, TDS - Receivables ,109004,22.00,,
JE-2025-0000077,109004,TDS Receivable,,31-03-2026,Being int accu on FD TD1001128304 - GF - SCB,,, TDS - Receivables ,109004,1552.00,,
JE-2025-0000065,109004,TDS Receivable,,31-03-2026,Being int accu on FD TD1000277852 - BRF - SCB,,, TDS - Receivables ,109004,253.00,,
JE-2025-0000079,109004,TDS Receivable,,31-03-2026,Being int accu on FD TD1001580377 - SF - SCB,,, TDS - Receivables ,109004,77.00,,
JE-2025-0000080,109004,TDS Receivable,,31-03-2026,Being int accu on FD TD1001580383 - BRF - SCB,,, TDS - Receivables ,109004,244.00,,
JE-2025-0000081,109004,TDS Receivable,,31-03-2026,Being int accu on FD TD1001580386 - ETF - SCB,,, TDS - Receivables ,109004,24.00,,
JE-2025-0000036,109004,TDS Receivable,,31-03-2026,Being int accu on FD TD0000403572 - BRF - SCB,,, TDS - Receivables ,109004,5.00,,
JE-2025-0000090,109004,TDS Receivable,,31-03-2026,Being interest recd on FD TD1000277973 SC SCB,,, TDS - Receivables ,109004,11.00,,
JE-2025-0000034,109004,TDS Receivable,,31-03-2026,Being int accu on FD  TD0000403571- SF - SCB,,, TDS - Receivables ,109004,2.00,,
JE-2025-0000010,109004,TDS Receivable,,31-03-2026,Being int recd on FD  TD1000277973 - SC SCB,,, TDS - Receivables ,109004,10.00,,
JE-2025-0000040,109004,TDS Receivable,,31-03-2026,Being int accu on FD TD0000406344 - PDF - SCB,,, TDS - Receivables ,109004,761.00,,
JE-2025-0000043,109004,TDS Receivable,,31-03-2026,Being int accu on FD TD0000406346 - CF - SCB,,, TDS - Receivables ,109004,329.00,,
JE-2025-0000044,109004,TDS Receivable,,31-03-2026,Being int accu on FD TD0000414146- BRF - SCB,,, TDS - Receivables ,109004,192.00,,
JE-2025-0000046,109004,TDS Receivable,,31-03-2026,Being int accu on FD TD0000414147- SF - SCB,,, TDS - Receivables ,109004,1.00,,
JE-2025-0000047,109004,TDS Receivable,,31-03-2026,Being int accu on FD TD0000414148- RF- SCB,,, TDS - Receivables ,109004,629.00,,
JE-2025-0000048,109004,TDS Receivable,,31-03-2026,Being int accu on FD TD0000414149- RDF - SCB,,, TDS - Receivables ,109004,222.00,,
JE-2025-0000049,109004,TDS Receivable,,31-03-2026,Being int accu on FD 414150- ETF - SCB,,, TDS - Receivables ,109004,119.00,,
JE-2025-0000050,109004,TDS Receivable,,31-03-2026,Being int accu on FD TD0000414152 - SF - SCB,,, TDS - Receivables ,109004,92.00,,
JE-2025-0000051,109004,TDS Receivable,,31-03-2026,Being int accu on FD TD0000414165- PDF - SCB,,, TDS - Receivables ,109004,1824.00,,
JE-2025-0000052,109004,TDS Receivable,,31-03-2026,Being int accu on FD TD0000414166 - BRF - SCB,,, TDS - Receivables ,109004,282.00,,
JE-2025-0000053,109004,TDS Receivable,,31-03-2026,Being int accu on FD TD0000414167 - RF - SCB,,, TDS - Receivables ,109004,1174.00,,
JE-2025-0000066,109004,TDS Receivable,,31-03-2026,Being int accu on FD TD1000277956 - BRF- SCB,,, TDS - Receivables ,109004,267.00,,
JE-2025-0000055,109004,TDS Receivable,,31-03-2026,Being int accu on FD TD0000414168 - SF - SCB,,, TDS - Receivables ,109004,26.00,,
JE-2025-0000039,109004,TDS Receivable,,31-03-2026,Being int accu on FD TD0000406343 - PDF - SCB,,, TDS - Receivables ,109004,18.00,,
JE-2025-0000057,109004,TDS Receivable,,31-03-2026,Being int accu on FD TD0000414169 - BRF - SCB,,, TDS - Receivables ,109004,42.00,,
JE-2025-0000059,109004,TDS Receivable,,31-03-2026,Being int accu on FD TD0000414170 - PDF - SCB,,, TDS - Receivables ,109004,299.00,,
JE-2025-0000037,109004,TDS Receivable,,31-03-2026,Being int accu on FD 406342- RDF - SCB,,, TDS - Receivables ,109004,717.00,,
JE-2025-0000061,109004,TDS Receivable,,31-03-2026,Being int accu on FD TD0000414171 - RF - SCB,,, TDS - Receivables ,109004,102.00,,
JE-2025-0000062,109004,TDS Receivable,,31-03-2026,Being int accu on FD 414172- PDF - SCB,,, TDS - Receivables ,109004,2939.00,,
JE-2025-0000063,109004,TDS Receivable,,31-03-2026,Being int accu on FD TD0000414173 - BRF - SCB,,, TDS - Receivables ,109004,3739.00,,
JE-2025-0000064,109004,TDS Receivable,,31-03-2026,Being int accu on FD 277843- RF - SCB,,, TDS - Receivables ,109004,315.00,,
JE-2025-0000041,109004,TDS Receivable,,31-03-2026,Being int accu on FD TD0000406345 - BRF - SCB,,, TDS - Receivables ,109004,490.00,,

"Balance : 71718(Debit)","","","","","","","","","","85914","14196",

"Assets > Advance Payment to Vendors ( 109001 ) ",
"Journal No","Other GL No.","Other Account","Subledger","Posted Date","Comments","Instrument No.","Instrument Bank","Account Name","GL Account No.","Debit","Credit",
"","","","","","Opening Balance","",""," Advance Payment to Vendors ","109001","","",
EE-2025-0000267,109001,Advance Payment to Vendors,Manoj S. Tandlekar,22-11-2025,Being 50% advance paid for electric meter reboard,134784,, Advance Payment to Vendors ,109001,27550,,
EE-2025-0000471,109001,Advance Payment to Vendors,Manoj S. Tandlekar,03-12-2025,Being advance allocated    Allocated by Shubham  Kharat   Soc123 from Advance Payment Voucher No 1833  and to Voucher 1938,,, Advance Payment to Vendors ,109001,,27550,

"","","","","","","","","","","27550","27550",

"Assets > 1 share of MDHF ( 103001 ) ",
"Journal No","Other GL No.","Other Account","Subledger","Posted Date","Comments","Instrument No.","Instrument Bank","Account Name","GL Account No.","Debit","Credit",
"","","","","","Opening Balance","",""," 1 share of MDHF ","103001","100","",

"Balance : 100(Debit)","","","","","","","","","","100","0",

"Assets > LED Monitor ( 108005 ) ",
"Journal No","Other GL No.","Other Account","Subledger","Posted Date","Comments","Instrument No.","Instrument Bank","Account Name","GL Account No.","Debit","Credit",
"","","","","","Opening Balance","",""," LED Monitor ","108005","10575","",
JE-2025-0000096,108005,LED Monitor,,31-03-2026,Being depreciation  15% on LED Monitor,,, LED Monitor ,108005,,1586.00,

"Balance : 8989(Debit)","","","","","","","","","","10575","1586",

"Assets > Fan ( 108006 ) ",
"Journal No","Other GL No.","Other Account","Subledger","Posted Date","Comments","Instrument No.","Instrument Bank","Account Name","GL Account No.","Debit","Credit",
"","","","","","Opening Balance","",""," Fan ","108006","1062","",
JE-2025-0000097,108006,Fan,,31-03-2026,Being depreciation  15% on Fan,,, Fan ,108006,,159.00,

"Balance : 903(Debit)","","","","","","","","","","1062","159",

"Assets > Prepaid Lift AMC ( 109006 ) ",
"Journal No","Other GL No.","Other Account","Subledger","Posted Date","Comments","Instrument No.","Instrument Bank","Account Name","GL Account No.","Debit","Credit",
"","","","","","Opening Balance","",""," Prepaid Lift AMC ","109006","12744","",
JE-2025-0000115,109006,Prepaid Lift AMC,,01-04-2025,Being prepaid exps from 1st Apr to 17th Jan 2026 reversed,,, Prepaid Lift AMC ,109006,,12744.00,
JE-2025-0000116,109006,Prepaid Lift AMC,,31-03-2026,Being prepaid exps from 01.04.2026 to 31.12.2026,,, Prepaid Lift AMC ,109006,12891.00,,

"Balance : 12891(Debit)","","","","","","","","","","25635","12744",

"Assets > 10 Share of MDCC Bank ( 109007 ) ",
"Journal No","Other GL No.","Other Account","Subledger","Posted Date","Comments","Instrument No.","Instrument Bank","Account Name","GL Account No.","Debit","Credit",
"","","","","","Opening Balance","",""," 10 Share of MDCC Bank ","109007","1000","",

"Balance : 1000(Debit)","","","","","","","","","","1000","0",

"Assets > Security Deposit [Tata Power] ( 109046 ) ",
"Journal No","Other GL No.","Other Account","Subledger","Posted Date","Comments","Instrument No.","Instrument Bank","Account Name","GL Account No.","Debit","Credit",
"","","","","","Opening Balance","",""," Security Deposit [Tata Power] ","109046","16690","",
JE-2025-0000082,109046,Security Deposit [Tata Power],,10-12-2025,Being secu deposit Being security deposit of Tata 8450 paid vide Chq 134792,,, Security Deposit [Tata Power] ,109046,2667.00,,
JE-2025-0000083,109046,Security Deposit [Tata Power],,10-12-2025,Being security deposit of Tata 7984 paid vide Chq 134795,,, Security Deposit [Tata Power] ,109046,580.00,,
JE-2025-0000084,109046,Security Deposit [Tata Power],,10-12-2025,Being security deposit of Tata 1038 paid vide Chq 134794,,, Security Deposit [Tata Power] ,109046,1330.00,,
JE-2025-0000085,109046,Security Deposit [Tata Power],,28-01-2026,Being security deposit of Tata 90047 paid vide Chq 163229,,, Security Deposit [Tata Power] ,109046,2630.00,,

"Balance : 23897(Debit)","","","","","","","","","","23897","0",

"Assets > Land and Building ( 109049 ) ",
"Journal No","Other GL No.","Other Account","Subledger","Posted Date","Comments","Instrument No.","Instrument Bank","Account Name","GL Account No.","Debit","Credit",
"","","","","","Opening Balance","",""," Land and Building ","109049","9718736","",

"Balance : 9718736(Debit)","","","","","","","","","","9718736","0",

"Assets > Furniture  and  Fixture ( 109050 ) ",
"Journal No","Other GL No.","Other Account","Subledger","Posted Date","Comments","Instrument No.","Instrument Bank","Account Name","GL Account No.","Debit","Credit",
"","","","","","Opening Balance","",""," Furniture  and  Fixture ","109050","389","",
JE-2025-0000092,109050,Furniture  and  Fixture,,31-03-2026,Being depreciation  10% on Furniture & Fixture,,, Furniture  and  Fixture ,109050,,39.00,

"Balance : 350(Debit)","","","","","","","","","","389","39",

"Assets > Water Pump Account ( 109051 ) ",
"Journal No","Other GL No.","Other Account","Subledger","Posted Date","Comments","Instrument No.","Instrument Bank","Account Name","GL Account No.","Debit","Credit",
"","","","","","Opening Balance","",""," Water Pump Account ","109051","28567","",
JE-2025-0000093,109051,Water Pump Account,,31-03-2026,Being depreciation  15% on water pump,,, Water Pump Account ,109051,,4285.00,

"Balance : 24282(Debit)","","","","","","","","","","28567","4285",

"Assets > Borewell Account ( 109052 ) ",
"Journal No","Other GL No.","Other Account","Subledger","Posted Date","Comments","Instrument No.","Instrument Bank","Account Name","GL Account No.","Debit","Credit",
"","","","","","Opening Balance","",""," Borewell Account ","109052","7593","",
JE-2025-0000094,109052,Borewell Account,,31-03-2026,Being depreciation  15% on borewell,,, Borewell Account ,109052,,1139.00,

"Balance : 6454(Debit)","","","","","","","","","","7593","1139",

"Assets > Accrued interest - Fixed deposit ( 109113 ) ",
"Journal No","Other GL No.","Other Account","Subledger","Posted Date","Comments","Instrument No.","Instrument Bank","Account Name","GL Account No.","Debit","Credit",
"","","","","","Opening Balance","",""," Accrued interest - Fixed deposit ","109113","204159","",
JE-2025-0000029,109113,Accrued interest - Fixed deposit,,17-04-2025,Being FD 587906 renewed and remade CCB - SF,,, Accrued interest - Fixed deposit ,109113,,178.00,
JE-2025-0000031,109113,Accrued interest - Fixed deposit,,27-04-2025,Being FD 548311 renewed and remade CCB - SF,,, Accrued interest - Fixed deposit ,109113,,168.00,
JE-2025-0000023,109113,Accrued interest - Fixed deposit,,06-05-2025,Being FD 003141 renewed and remade CCB - SF,,, Accrued interest - Fixed deposit ,109113,,119.00,
JE-2025-0000024,109113,Accrued interest - Fixed deposit,,06-05-2025,Being accrued previous years accrued int adgusted,,, Accrued interest - Fixed deposit ,109113,119.00,,
JE-2025-0000026,109113,Accrued interest - Fixed deposit,,18-05-2025,Being FD 477604 renewed and remade CCB - SF,,, Accrued interest - Fixed deposit ,109113,,125.00,
JE-2025-0000016,109113,Accrued interest - Fixed deposit,,28-05-2025,Being FD 476961 renewed and remade CCB - SF,,, Accrued interest - Fixed deposit ,109113,,102.00,
JE-2025-0000028,109113,Accrued interest - Fixed deposit,,29-06-2025,Being FD 625431 renewed and remade CCB - SF,,, Accrued interest - Fixed deposit ,109113,,15.00,
JE-2025-0000014,109113,Accrued interest - Fixed deposit,,04-08-2025,Being FD 551598 renewed and remade CCB - SF,,, Accrued interest - Fixed deposit ,109113,,2537.00,
JE-2025-0000042,109113,Accrued interest - Fixed deposit,,07-09-2025,Being FD TD0000406346 renewed and remade SCB - SF,,, Accrued interest - Fixed deposit ,109113,,7702.00,
JE-2025-0000108,109113,Accrued interest - Fixed deposit,,14-02-2026,Being FD TD0000414169 renewed and remade SCB - BRF,,, Accrued interest - Fixed deposit ,109113,,5840.00,
JE-2025-0000107,109113,Accrued interest - Fixed deposit,,14-02-2026,Being FD 414170 renewed and remade SCB - PDF,,, Accrued interest - Fixed deposit ,109113,,41282.00,
JE-2025-0000104,109113,Accrued interest - Fixed deposit,,14-02-2026,Being FD TD0000414168 renewed and remade SCB - SF,,, Accrued interest - Fixed deposit ,109113,,3633.00,
JE-2025-0000105,109113,Accrued interest - Fixed deposit,,14-02-2026,Being FD TD0000414171 renewed and remade SCB - RF,,, Accrued interest - Fixed deposit ,109113,,14030.00,
JE-2025-0000012,109113,Accrued interest - Fixed deposit,,19-03-2026,Being FD 384066 renewed and remade CCB - SF,,, Accrued interest - Fixed deposit ,109113,,189.00,
JE-2025-0000019,109113,Accrued interest - Fixed deposit,,21-03-2026,Being FD 476584-R15 renewed and remade CCB - SF,,, Accrued interest - Fixed deposit ,109113,,143.00,
JE-2025-0000045,109113,Accrued interest - Fixed deposit,,27-03-2026,Being int accu on FD TD0000414147- SF - SCB,,, Accrued interest - Fixed deposit ,109113,,875.00,
JE-2025-0000106,109113,Accrued interest - Fixed deposit,,27-03-2026,Being FD TD0000406343 renewed and remade SCB - PDF,,, Accrued interest - Fixed deposit ,109113,,22156.00,
JE-2025-0000033,109113,Accrued interest - Fixed deposit,,27-03-2026,Being FD TD0000403571 renewed and remade SCB - SF,,, Accrued interest - Fixed deposit ,109113,,12.00,
JE-2025-0000035,109113,Accrued interest - Fixed deposit,,27-03-2026,Being FD TD0000403572 renewed and remade SCB - BRF,,, Accrued interest - Fixed deposit ,109113,,35.00,
JE-2025-0000062,109113,Accrued interest - Fixed deposit,,31-03-2026,Being int accu on FD 414172- PDF - SCB,,, Accrued interest - Fixed deposit ,109113,26465.00,,
JE-2025-0000067,109113,Accrued interest - Fixed deposit,,31-03-2026,Being int accu on FD TD1000277965- ETF - SCB,,, Accrued interest - Fixed deposit ,109113,214.00,,
JE-2025-0000066,109113,Accrued interest - Fixed deposit,,31-03-2026,Being int accu on FD TD1000277956 - BRF- SCB,,, Accrued interest - Fixed deposit ,109113,2385.00,,
JE-2025-0000065,109113,Accrued interest - Fixed deposit,,31-03-2026,Being int accu on FD TD1000277852 - BRF - SCB,,, Accrued interest - Fixed deposit ,109113,2299.00,,
JE-2025-0000064,109113,Accrued interest - Fixed deposit,,31-03-2026,Being int accu on FD 277843- RF - SCB,,, Accrued interest - Fixed deposit ,109113,2843.00,,
JE-2025-0000063,109113,Accrued interest - Fixed deposit,,31-03-2026,Being int accu on FD TD0000414173 - BRF - SCB,,, Accrued interest - Fixed deposit ,109113,33651.00,,
JE-2025-0000070,109113,Accrued interest - Fixed deposit,,31-03-2026,Being int accu on FD TD1000697074- BRF - SCB,,, Accrued interest - Fixed deposit ,109113,2418.00,,
JE-2025-0000061,109113,Accrued interest - Fixed deposit,,31-03-2026,Being int accu on FD TD0000414171 - RF - SCB,,, Accrued interest - Fixed deposit ,109113,914.00,,
JE-2025-0000050,109113,Accrued interest - Fixed deposit,,31-03-2026,Being int accu on FD TD0000414152 - SF - SCB,,, Accrued interest - Fixed deposit ,109113,845.00,,
JE-2025-0000068,109113,Accrued interest - Fixed deposit,,31-03-2026,Being int accu on FD TD1000697037 - RF - SCB,,, Accrued interest - Fixed deposit ,109113,153.00,,
JE-2025-0000069,109113,Accrued interest - Fixed deposit,,31-03-2026,Being int accu on FD TD1000697044 - SF - SCB,,, Accrued interest - Fixed deposit ,109113,211.00,,
JE-2025-0000079,109113,Accrued interest - Fixed deposit,,31-03-2026,Being int accu on FD TD1001580377 - SF - SCB,,, Accrued interest - Fixed deposit ,109113,694.00,,
JE-2025-0000071,109113,Accrued interest - Fixed deposit,,31-03-2026,Being int accu on FD TD1000697085- PDF - SCB,,, Accrued interest - Fixed deposit ,109113,12406.00,,
JE-2025-0000072,109113,Accrued interest - Fixed deposit,,31-03-2026,Being int accu on FD TD1000697094 - ETF - SCB,,, Accrued interest - Fixed deposit ,109113,209.00,,
JE-2025-0000073,109113,Accrued interest - Fixed deposit,,31-03-2026,Being int accu on FD TD1000909156 - GF - SCB,,, Accrued interest - Fixed deposit ,109113,28954.00,,
JE-2025-0000074,109113,Accrued interest - Fixed deposit,,31-03-2026,Being int accu on FD TD1001128233 - SF - SCB,,, Accrued interest - Fixed deposit ,109113,688.00,,
JE-2025-0000075,109113,Accrued interest - Fixed deposit,,31-03-2026,Being int accu on FD TD1001128295 - BRF - SCB,,, Accrued interest - Fixed deposit ,109113,3369.00,,
JE-2025-0000076,109113,Accrued interest - Fixed deposit,,31-03-2026,Being int accu on FD TD1001128298 - ETF - SCB,,, Accrued interest - Fixed deposit ,109113,190.00,,
JE-2025-0000077,109113,Accrued interest - Fixed deposit,,31-03-2026,Being int accu on FD TD1001128304 - GF - SCB,,, Accrued interest - Fixed deposit ,109113,13976.00,,
JE-2025-0000078,109113,Accrued interest - Fixed deposit,,31-03-2026,Being int accu on FD TD1001580367- GF - SCB,,, Accrued interest - Fixed deposit ,109113,22143.00,,
JE-2025-0000081,109113,Accrued interest - Fixed deposit,,31-03-2026,Being int accu on FD TD1001580386 - ETF - SCB,,, Accrued interest - Fixed deposit ,109113,227.00,,
JE-2025-0000080,109113,Accrued interest - Fixed deposit,,31-03-2026,Being int accu on FD TD1001580383 - BRF - SCB,,, Accrued interest - Fixed deposit ,109113,2197.00,,
JE-2025-0000039,109113,Accrued interest - Fixed deposit,,31-03-2026,Being int accu on FD TD0000406343 - PDF - SCB,,, Accrued interest - Fixed deposit ,109113,156.00,,
JE-2025-0000013,109113,Accrued interest - Fixed deposit,,31-03-2026,Being int accu on FD 384066 - SF - CCB,,, Accrued interest - Fixed deposit ,109113,174.00,,
JE-2025-0000015,109113,Accrued interest - Fixed deposit,,31-03-2026,Being int accu on FD 551598 - SF - CCB,,, Accrued interest - Fixed deposit ,109113,2430.00,,
JE-2025-0000017,109113,Accrued interest - Fixed deposit,,31-03-2026,Being int accu on FD 476961 - SF - CCB,,, Accrued interest - Fixed deposit ,109113,113.00,,
JE-2025-0000018,109113,Accrued interest - Fixed deposit,,31-03-2026,Being int accu on FD 625431 - SF - CCB,,, Accrued interest - Fixed deposit ,109113,25.00,,
JE-2025-0000020,109113,Accrued interest - Fixed deposit,,31-03-2026,Being int accu on FD 476584-R15 - SF - CCB,,, Accrued interest - Fixed deposit ,109113,132.00,,
JE-2025-0000021,109113,Accrued interest - Fixed deposit,,31-03-2026,Being int accu on FD 608343 - RF - CCB,,, Accrued interest - Fixed deposit ,109113,947.00,,
JE-2025-0000025,109113,Accrued interest - Fixed deposit,,31-03-2026,Being int accu on FD 003141 - SF - CCB,,, Accrued interest - Fixed deposit ,109113,127.00,,
JE-2025-0000027,109113,Accrued interest - Fixed deposit,,31-03-2026,Being int accu on FD  477604 - SF - CCB,,, Accrued interest - Fixed deposit ,109113,136.00,,
JE-2025-0000030,109113,Accrued interest - Fixed deposit,,31-03-2026,Being int accu on FD 587906 - SF - CCB,,, Accrued interest - Fixed deposit ,109113,186.00,,
JE-2025-0000032,109113,Accrued interest - Fixed deposit,,31-03-2026,Being int accu on FD 548311 - SF - CCB,,, Accrued interest - Fixed deposit ,109113,177.00,,
JE-2025-0000034,109113,Accrued interest - Fixed deposit,,31-03-2026,Being int accu on FD  TD0000403571- SF - SCB,,, Accrued interest - Fixed deposit ,109113,14.00,,
JE-2025-0000036,109113,Accrued interest - Fixed deposit,,31-03-2026,Being int accu on FD TD0000403572 - BRF - SCB,,, Accrued interest - Fixed deposit ,109113,43.00,,
JE-2025-0000037,109113,Accrued interest - Fixed deposit,,31-03-2026,Being int accu on FD 406342- RDF - SCB,,, Accrued interest - Fixed deposit ,109113,6445.00,,
JE-2025-0000059,109113,Accrued interest - Fixed deposit,,31-03-2026,Being int accu on FD TD0000414170 - PDF - SCB,,, Accrued interest - Fixed deposit ,109113,2691.00,,
JE-2025-0000040,109113,Accrued interest - Fixed deposit,,31-03-2026,Being int accu on FD TD0000406344 - PDF - SCB,,, Accrued interest - Fixed deposit ,109113,6848.00,,
JE-2025-0000041,109113,Accrued interest - Fixed deposit,,31-03-2026,Being int accu on FD TD0000406345 - BRF - SCB,,, Accrued interest - Fixed deposit ,109113,4409.00,,
JE-2025-0000043,109113,Accrued interest - Fixed deposit,,31-03-2026,Being int accu on FD TD0000406346 - CF - SCB,,, Accrued interest - Fixed deposit ,109113,2965.00,,
JE-2025-0000044,109113,Accrued interest - Fixed deposit,,31-03-2026,Being int accu on FD TD0000414146- BRF - SCB,,, Accrued interest - Fixed deposit ,109113,1715.00,,
JE-2025-0000046,109113,Accrued interest - Fixed deposit,,31-03-2026,Being int accu on FD TD0000414147- SF - SCB,,, Accrued interest - Fixed deposit ,109113,13.00,,
JE-2025-0000047,109113,Accrued interest - Fixed deposit,,31-03-2026,Being int accu on FD TD0000414148- RF- SCB,,, Accrued interest - Fixed deposit ,109113,5671.00,,
JE-2025-0000048,109113,Accrued interest - Fixed deposit,,31-03-2026,Being int accu on FD TD0000414149- RDF - SCB,,, Accrued interest - Fixed deposit ,109113,1991.00,,
JE-2025-0000049,109113,Accrued interest - Fixed deposit,,31-03-2026,Being int accu on FD 414150- ETF - SCB,,, Accrued interest - Fixed deposit ,109113,1072.00,,
JE-2025-0000051,109113,Accrued interest - Fixed deposit,,31-03-2026,Being int accu on FD TD0000414165- PDF - SCB,,, Accrued interest - Fixed deposit ,109113,16411.00,,
JE-2025-0000052,109113,Accrued interest - Fixed deposit,,31-03-2026,Being int accu on FD TD0000414166 - BRF - SCB,,, Accrued interest - Fixed deposit ,109113,2542.00,,
JE-2025-0000053,109113,Accrued interest - Fixed deposit,,31-03-2026,Being int accu on FD TD0000414167 - RF - SCB,,, Accrued interest - Fixed deposit ,109113,10579.00,,
JE-2025-0000055,109113,Accrued interest - Fixed deposit,,31-03-2026,Being int accu on FD TD0000414168 - SF - SCB,,, Accrued interest - Fixed deposit ,109113,237.00,,
JE-2025-0000057,109113,Accrued interest - Fixed deposit,,31-03-2026,Being int accu on FD TD0000414169 - BRF - SCB,,, Accrued interest - Fixed deposit ,109113,381.00,,

"Balance : 331218(Debit)","","","","","","","","","","430359","99141",

"Assets > Prepaid Pest Control Exp ( 109319 ) ",
"Journal No","Other GL No.","Other Account","Subledger","Posted Date","Comments","Instrument No.","Instrument Bank","Account Name","GL Account No.","Debit","Credit",
"","","","","","Opening Balance","",""," Prepaid Pest Control Exp ","109319","29233","",
JE-2025-0000117,109319,Prepaid Pest Control Exp,,01-04-2025,Being prepaid exps from Apr to Dec 2025 reversed,,, Prepaid Pest Control Exp ,109319,,29233.00,
JE-2025-0000118,109319,Prepaid Pest Control Exp,,31-03-2026,Being prepaid exps from Apr to Dec 2026,,, Prepaid Pest Control Exp ,109319,29760.00,,

"Balance : 29760(Debit)","","","","","","","","","","58993","29233",

"Assets > CCTV ( 109383 ) ",
"Journal No","Other GL No.","Other Account","Subledger","Posted Date","Comments","Instrument No.","Instrument Bank","Account Name","GL Account No.","Debit","Credit",
"","","","","","Opening Balance","",""," CCTV ","109383","41042","",
JE-2025-0000095,109383,CCTV,,31-03-2026,Being depreciation  15% on CCTV,,, CCTV ,109383,,6156.00,

"Balance : 34886(Debit)","","","","","","","","","","41042","6156",

"Assets > Interest Receivables from TPCL  ( 109420 ) ",
"Journal No","Other GL No.","Other Account","Subledger","Posted Date","Comments","Instrument No.","Instrument Bank","Account Name","GL Account No.","Debit","Credit",
"","","","","","Opening Balance","",""," Interest Receivables from TPCL  ","109420","2019","",

"Balance : 2019(Debit)","","","","","","","","","","2019","0",

"Assets > TD0000414172_01 BDF SCB ( 109496 ) ",
"Journal No","Other GL No.","Other Account","Subledger","Posted Date","Comments","Instrument No.","Instrument Bank","Account Name","GL Account No.","Debit","Credit",
"","","","","","Opening Balance","",""," TD0000414172_01 BDF SCB ","109496","0.75","",

"Balance : 0.75(Debit)","","","","","","","","","","0.75","0",

"Assets > 608344_R02 SC ( 109537 ) ",
"Journal No","Other GL No.","Other Account","Subledger","Posted Date","Comments","Instrument No.","Instrument Bank","Account Name","GL Account No.","Debit","Credit",
"","","","","","Opening Balance","",""," 608344_R02 SC ","109537","5500","",

"Balance : 5500(Debit)","","","","","","","","","","5500","0",

"Assets > 608343-R02 RF CCB ( 109544 ) ",
"Journal No","Other GL No.","Other Account","Subledger","Posted Date","Comments","Instrument No.","Instrument Bank","Account Name","GL Account No.","Debit","Credit",
"","","","","","Opening Balance","",""," 608343-R02 RF CCB ","109544","14705","",

"Balance : 14705(Debit)","","","","","","","","","","14705","0",

"Assets > 414168 SF SCB ( 109547 ) ",
"Journal No","Other GL No.","Other Account","Subledger","Posted Date","Comments","Instrument No.","Instrument Bank","Account Name","GL Account No.","Debit","Credit",
"","","","","","Opening Balance","",""," 414168 SF SCB ","109547","25490","",
JE-2025-0000104,109547,414168 SF SCB,,14-02-2026,Being FD TD0000414168 renewed and remade SCB - SF,,, 414168 SF SCB ,109547,,25490.00,

"","","","","","","","","","","25490","25490",

"Assets > 414171 Res. Fund SCB ( 109548 ) ",
"Journal No","Other GL No.","Other Account","Subledger","Posted Date","Comments","Instrument No.","Instrument Bank","Account Name","GL Account No.","Debit","Credit",
"","","","","","Opening Balance","",""," 414171 Res. Fund SCB ","109548","98415","",
JE-2025-0000105,109548,414171 Res. Fund SCB,,14-02-2026,Being FD TD0000414171 renewed and remade SCB - RF,,, 414171 Res. Fund SCB ,109548,,98415.00,

"","","","","","","","","","","98415","98415",

"Assets > 406343 PDF SCB ( 109606 ) ",
"Journal No","Other GL No.","Other Account","Subledger","Posted Date","Comments","Instrument No.","Instrument Bank","Account Name","GL Account No.","Debit","Credit",
"","","","","","Opening Balance","",""," 406343 PDF SCB ","109606","165186","",
JE-2025-0000106,109606,406343 PDF SCB,,27-03-2026,Being FD TD0000406343 renewed and remade SCB - PDF,,, 406343 PDF SCB ,109606,,165186.00,

"","","","","","","","","","","165186","165186",

"Assets > 414170 PDF SCB ( 109608 ) ",
"Journal No","Other GL No.","Other Account","Subledger","Posted Date","Comments","Instrument No.","Instrument Bank","Account Name","GL Account No.","Debit","Credit",
"","","","","","Opening Balance","",""," 414170 PDF SCB ","109608","289544.75","",
JE-2025-0000107,109608,414170 PDF SCB,,14-02-2026,Being FD 414170 renewed and remade SCB - PDF,,, 414170 PDF SCB ,109608,,289544.75,

"","","","","","","","","","","289544.75","289544.75",

"Assets > 414169 BRF SCB ( 109610 ) ",
"Journal No","Other GL No.","Other Account","Subledger","Posted Date","Comments","Instrument No.","Instrument Bank","Account Name","GL Account No.","Debit","Credit",
"","","","","","Opening Balance","",""," 414169 BRF SCB ","109610","40960","",
JE-2025-0000108,109610,414169 BRF SCB,,14-02-2026,Being FD TD0000414169 renewed and remade SCB - BRF,,, 414169 BRF SCB ,109610,,40960.00,

"","","","","","","","","","","40960","40960",

"Assets > TD1000909156 GF SCB ( 109622 ) ",
"Journal No","Other GL No.","Other Account","Subledger","Posted Date","Comments","Instrument No.","Instrument Bank","Account Name","GL Account No.","Debit","Credit",
"","","","","","Opening Balance","",""," TD1000909156 GF SCB ","109622","400000","",

"Balance : 400000(Debit)","","","","","","","","","","400000","0",

"Assets > 406344_1 PDF SCB ( 109624 ) ",
"Journal No","Other GL No.","Other Account","Subledger","Posted Date","Comments","Instrument No.","Instrument Bank","Account Name","GL Account No.","Debit","Credit",
"","","","","","Opening Balance","",""," 406344_1 PDF SCB ","109624","94497","",

"Balance : 94497(Debit)","","","","","","","","","","94497","0",

"Assets > TD0000406346_02 SF SCB ( 109625 ) ",
"Journal No","Other GL No.","Other Account","Subledger","Posted Date","Comments","Instrument No.","Instrument Bank","Account Name","GL Account No.","Debit","Credit",
"","","","","","Opening Balance","",""," TD0000406346_02 SF SCB ","109625","72125","",
JE-2025-0000042,109625,TD0000406346_02 SF SCB,,07-09-2025,Being FD TD0000406346 renewed and remade SCB - SF,,, TD0000406346_02 SF SCB ,109625,,72125.00,

"","","","","","","","","","","72125","72125",

"Assets > 414146_1 BRF SCB ( 109626 ) ",
"Journal No","Other GL No.","Other Account","Subledger","Posted Date","Comments","Instrument No.","Instrument Bank","Account Name","GL Account No.","Debit","Credit",
"","","","","","Opening Balance","",""," 414146_1 BRF SCB ","109626","24357","",

"Balance : 24357(Debit)","","","","","","","","","","24357","0",

"Assets > TD0000414147_02 SF SCB ( 109627 ) ",
"Journal No","Other GL No.","Other Account","Subledger","Posted Date","Comments","Instrument No.","Instrument Bank","Account Name","GL Account No.","Debit","Credit",
"","","","","","Opening Balance","",""," TD0000414147_02 SF SCB ","109627","13177","",
JE-2025-0000045,109627,TD0000414147_02 SF SCB,,27-03-2026,Being int accu on FD TD0000414147- SF - SCB,,, TD0000414147_02 SF SCB ,109627,,13177.00,

"","","","","","","","","","","13177","13177",

"Assets > 414148_1 Res. Fund SCB ( 109628 ) ",
"Journal No","Other GL No.","Other Account","Subledger","Posted Date","Comments","Instrument No.","Instrument Bank","Account Name","GL Account No.","Debit","Credit",
"","","","","","Opening Balance","",""," 414148_1 Res. Fund SCB ","109628","80487","",

"Balance : 80487(Debit)","","","","","","","","","","80487","0",

"Assets > 414149_1 RDF SCB ( 109629 ) ",
"Journal No","Other GL No.","Other Account","Subledger","Posted Date","Comments","Instrument No.","Instrument Bank","Account Name","GL Account No.","Debit","Credit",
"","","","","","Opening Balance","",""," 414149_1 RDF SCB ","109629","28281","",

"Balance : 28281(Debit)","","","","","","","","","","28281","0",

"Assets > 414150 ETF SCB ( 109630 ) ",
"Journal No","Other GL No.","Other Account","Subledger","Posted Date","Comments","Instrument No.","Instrument Bank","Account Name","GL Account No.","Debit","Credit",
"","","","","","Opening Balance","",""," 414150 ETF SCB ","109630","15221","",

"Balance : 15221(Debit)","","","","","","","","","","15221","0",

"Assets > TD1001128233 SF SCB ( 109631 ) ",
"Journal No","Other GL No.","Other Account","Subledger","Posted Date","Comments","Instrument No.","Instrument Bank","Account Name","GL Account No.","Debit","Credit",
"","","","","","Opening Balance","",""," TD1001128233 SF SCB ","109631","9859","",

"Balance : 9859(Debit)","","","","","","","","","","9859","0",

"Assets > TD1001128295 RF SCB ( 109632 ) ",
"Journal No","Other GL No.","Other Account","Subledger","Posted Date","Comments","Instrument No.","Instrument Bank","Account Name","GL Account No.","Debit","Credit",
"","","","","","Opening Balance","",""," TD1001128295 RF SCB ","109632","48217","",

"Balance : 48217(Debit)","","","","","","","","","","48217","0",

"Assets > TD1001128298 ETF SCB ( 109633 ) ",
"Journal No","Other GL No.","Other Account","Subledger","Posted Date","Comments","Instrument No.","Instrument Bank","Account Name","GL Account No.","Debit","Credit",
"","","","","","Opening Balance","",""," TD1001128298 ETF SCB ","109633","2731","",

"Balance : 2731(Debit)","","","","","","","","","","2731","0",

"Assets > TD1001128304 GF SCB ( 109634 ) ",
"Journal No","Other GL No.","Other Account","Subledger","Posted Date","Comments","Instrument No.","Instrument Bank","Account Name","GL Account No.","Debit","Credit",
"","","","","","Opening Balance","",""," TD1001128304 GF SCB ","109634","200000","",

"Balance : 200000(Debit)","","","","","","","","","","200000","0",

"Assets > 384066-R14 ( 109645 ) ",
"Journal No","Other GL No.","Other Account","Subledger","Posted Date","Comments","Instrument No.","Instrument Bank","Account Name","GL Account No.","Debit","Credit",
"","","","","","Opening Balance","",""," 384066-R14 ","109645","80823","",
JE-2025-0000012,109645,384066-R14,,19-03-2026,Being FD 384066 renewed and remade CCB - SF,,, 384066-R14 ,109645,,80823.00,

"","","","","","","","","","","80823","80823",

"Assets > 476584-R14 ( 109646 ) ",
"Journal No","Other GL No.","Other Account","Subledger","Posted Date","Comments","Instrument No.","Instrument Bank","Account Name","GL Account No.","Debit","Credit",
"","","","","","Opening Balance","",""," 476584-R14 ","109646","73478","",
JE-2025-0000019,109646,476584-R14,,21-03-2026,Being FD 476584-R15 renewed and remade CCB - SF,,, 476584-R14 ,109646,,73478.00,

"","","","","","","","","","","73478","73478",

"Assets > 551598-R13 ( 109647 ) ",
"Journal No","Other GL No.","Other Account","Subledger","Posted Date","Comments","Instrument No.","Instrument Bank","Account Name","GL Account No.","Debit","Credit",
"","","","","","Opening Balance","",""," 551598-R13 ","109647","54599","",
JE-2025-0000014,109647,551598-R13,,04-08-2025,Being FD 551598 renewed and remade CCB - SF,,, 551598-R13 ,109647,,54599.00,

"","","","","","","","","","","54599","54599",

"Assets > 003141_2 ( 109648 ) ",
"Journal No","Other GL No.","Other Account","Subledger","Posted Date","Comments","Instrument No.","Instrument Bank","Account Name","GL Account No.","Debit","Credit",
"","","","","","Opening Balance","",""," 003141_2 ","109648","15639","",
JE-2025-0000023,109648,003141_2,,06-05-2025,Being FD 003141 renewed and remade CCB - SF,,, 003141_2 ,109648,,15639.00,

"","","","","","","","","","","15639","15639",

"Assets > 476961-R39 ( 109649 ) ",
"Journal No","Other GL No.","Other Account","Subledger","Posted Date","Comments","Instrument No.","Instrument Bank","Account Name","GL Account No.","Debit","Credit",
"","","","","","Opening Balance","",""," 476961-R39 ","109649","20552","",
JE-2025-0000016,109649,476961-R39,,28-05-2025,Being FD 476961 renewed and remade CCB - SF,,, 476961-R39 ,109649,,20552.00,

"","","","","","","","","","","20552","20552",

"Assets > 477604-R39 ( 109650 ) ",
"Journal No","Other GL No.","Other Account","Subledger","Posted Date","Comments","Instrument No.","Instrument Bank","Account Name","GL Account No.","Debit","Credit",
"","","","","","Opening Balance","",""," 477604-R39 ","109650","20188","",
JE-2025-0000026,109650,477604-R39,,18-05-2025,Being FD 477604 renewed and remade CCB - SF,,, 477604-R39 ,109650,,20188.00,

"","","","","","","","","","","20188","20188",

"Assets > 548311_R39 SF CCB ( 109651 ) ",
"Journal No","Other GL No.","Other Account","Subledger","Posted Date","Comments","Instrument No.","Instrument Bank","Account Name","GL Account No.","Debit","Credit",
"","","","","","Opening Balance","",""," 548311_R39 SF CCB ","109651","19182","",
JE-2025-0000031,109651,548311_R39 SF CCB,,27-04-2025,Being FD 548311 renewed and remade CCB - SF,,, 548311_R39 SF CCB ,109651,,19182.00,

"","","","","","","","","","","19182","19182",

"Assets > 587906-R38 SF CCB ( 109652 ) ",
"Journal No","Other GL No.","Other Account","Subledger","Posted Date","Comments","Instrument No.","Instrument Bank","Account Name","GL Account No.","Debit","Credit",
"","","","","","Opening Balance","",""," 587906-R38 SF CCB ","109652","17847","",
JE-2025-0000029,109652,587906-R38 SF CCB,,17-04-2025,Being FD 587906 renewed and remade CCB - SF,,, 587906-R38 SF CCB ,109652,,17847.00,

"","","","","","","","","","","17847","17847",

"Assets > 625431-R39 SF CCB ( 109653 ) ",
"Journal No","Other GL No.","Other Account","Subledger","Posted Date","Comments","Instrument No.","Instrument Bank","Account Name","GL Account No.","Debit","Credit",
"","","","","","Opening Balance","",""," 625431-R39 SF CCB ","109653","16871","",
JE-2025-0000028,109653,625431-R39 SF CCB,,29-06-2025,Being FD 625431 renewed and remade CCB - SF,,, 625431-R39 SF CCB ,109653,,16871.00,

"","","","","","","","","","","16871","16871",

"Assets > TD0000403571_2 SF SCB ( 109654 ) ",
"Journal No","Other GL No.","Other Account","Subledger","Posted Date","Comments","Instrument No.","Instrument Bank","Account Name","GL Account No.","Debit","Credit",
"","","","","","Opening Balance","",""," TD0000403571_2 SF SCB ","109654","15369","",
JE-2025-0000033,109654,TD0000403571_2 SF SCB,,27-03-2026,Being FD TD0000403571 renewed and remade SCB - SF,,, TD0000403571_2 SF SCB ,109654,,15369.00,

"","","","","","","","","","","15369","15369",

"Assets > TD0000406346_3 SF SCB ( 109655 ) ",
"Journal No","Other GL No.","Other Account","Subledger","Posted Date","Comments","Instrument No.","Instrument Bank","Account Name","GL Account No.","Debit","Credit",
"","","","","","Opening Balance","",""," TD0000406346_3 SF SCB ","109655","","",
JE-2025-0000042,109655,TD0000406346_3 SF SCB,,07-09-2025,Being FD TD0000406346 renewed and remade SCB - SF,,, TD0000406346_3 SF SCB ,109655,82092.00,,

"Balance : 82092(Debit)","","","","","","","","","","82092","0",

"Assets > TD0000414152_2 SF SCB ( 109656 ) ",
"Journal No","Other GL No.","Other Account","Subledger","Posted Date","Comments","Instrument No.","Instrument Bank","Account Name","GL Account No.","Debit","Credit",
"","","","","","Opening Balance","",""," TD0000414152_2 SF SCB ","109656","12933","",

"Balance : 12933(Debit)","","","","","","","","","","12933","0",

"Assets > TD0000414147_3 SF SCB ( 109658 ) ",
"Journal No","Other GL No.","Other Account","Subledger","Posted Date","Comments","Instrument No.","Instrument Bank","Account Name","GL Account No.","Debit","Credit",
"","","","","","Opening Balance","",""," TD0000414147_3 SF SCB ","109658","","",
JE-2025-0000045,109658,TD0000414147_3 SF SCB,,27-03-2026,Being int accu on FD TD0000414147- SF - SCB,,, TD0000414147_3 SF SCB ,109658,14958.00,,

"Balance : 14958(Debit)","","","","","","","","","","14958","0",

"Assets > TD1000697044_1 SF SCB ( 109659 ) ",
"Journal No","Other GL No.","Other Account","Subledger","Posted Date","Comments","Instrument No.","Instrument Bank","Account Name","GL Account No.","Debit","Credit",
"","","","","","Opening Balance","",""," TD1000697044_1 SF SCB ","109659","3151","",

"Balance : 3151(Debit)","","","","","","","","","","3151","0",

"Assets > TD0000414167_2 Res SCB ( 109662 ) ",
"Journal No","Other GL No.","Other Account","Subledger","Posted Date","Comments","Instrument No.","Instrument Bank","Account Name","GL Account No.","Debit","Credit",
"","","","","","Opening Balance","",""," TD0000414167_2 Res SCB ","109662","162273","",

"Balance : 162273(Debit)","","","","","","","","","","162273","0",

"Assets > TD1000277843_1 Res SCB ( 109665 ) ",
"Journal No","Other GL No.","Other Account","Subledger","Posted Date","Comments","Instrument No.","Instrument Bank","Account Name","GL Account No.","Debit","Credit",
"","","","","","Opening Balance","",""," TD1000277843_1 Res SCB ","109665","40950","",

"Balance : 40950(Debit)","","","","","","","","","","40950","0",

"Assets > TD1000697037_1 Res SCB ( 109666 ) ",
"Journal No","Other GL No.","Other Account","Subledger","Posted Date","Comments","Instrument No.","Instrument Bank","Account Name","GL Account No.","Debit","Credit",
"","","","","","Opening Balance","",""," TD1000697037_1 Res SCB ","109666","2293","",

"Balance : 2293(Debit)","","","","","","","","","","2293","0",

"Assets > TD1000277973_1 SC SCB ( 109668 ) ",
"Journal No","Other GL No.","Other Account","Subledger","Posted Date","Comments","Instrument No.","Instrument Bank","Account Name","GL Account No.","Debit","Credit",
"","","","","","Opening Balance","",""," TD1000277973_1 SC SCB ","109668","5500","",

"Balance : 5500(Debit)","","","","","","","","","","5500","0",

"Assets > TD0000414165_2 BRF SCB ( 109671 ) ",
"Journal No","Other GL No.","Other Account","Subledger","Posted Date","Comments","Instrument No.","Instrument Bank","Account Name","GL Account No.","Debit","Credit",
"","","","","","Opening Balance","",""," TD0000414165_2 BRF SCB ","109671","251777","",

"Balance : 251777(Debit)","","","","","","","","","","251777","0",

"Assets > TD0000414172_2 PDF SCB ( 109672 ) ",
"Journal No","Other GL No.","Other Account","Subledger","Posted Date","Comments","Instrument No.","Instrument Bank","Account Name","GL Account No.","Debit","Credit",
"","","","","","Opening Balance","",""," TD0000414172_2 PDF SCB ","109672","406004","",

"Balance : 406004(Debit)","","","","","","","","","","406004","0",

"Assets > TD1000697085_1 PDF  SCB ( 109674 ) ",
"Journal No","Other GL No.","Other Account","Subledger","Posted Date","Comments","Instrument No.","Instrument Bank","Account Name","GL Account No.","Debit","Credit",
"","","","","","Opening Balance","",""," TD1000697085_1 PDF  SCB ","109674","184844","",

"Balance : 184844(Debit)","","","","","","","","","","184844","0",

"Assets > TD0000403572_2 BRF SCB ( 109675 ) ",
"Journal No","Other GL No.","Other Account","Subledger","Posted Date","Comments","Instrument No.","Instrument Bank","Account Name","GL Account No.","Debit","Credit",
"","","","","","Opening Balance","",""," TD0000403572_2 BRF SCB ","109675","46335","",
JE-2025-0000035,109675,TD0000403572_2 BRF SCB,,27-03-2026,Being FD TD0000403572 renewed and remade SCB - BRF,,, TD0000403572_2 BRF SCB ,109675,,46335.00,

"","","","","","","","","","","46335","46335",

"Assets > TD0000406345_1 BRF SCB ( 109676 ) ",
"Journal No","Other GL No.","Other Account","Subledger","Posted Date","Comments","Instrument No.","Instrument Bank","Account Name","GL Account No.","Debit","Credit",
"","","","","","Opening Balance","",""," TD0000406345_1 BRF SCB ","109676","66161","",

"Balance : 66161(Debit)","","","","","","","","","","66161","0",

"Assets > TD0000414166_2 BRF SCB ( 109677 ) ",
"Journal No","Other GL No.","Other Account","Subledger","Posted Date","Comments","Instrument No.","Instrument Bank","Account Name","GL Account No.","Debit","Credit",
"","","","","","Opening Balance","",""," TD0000414166_2 BRF SCB ","109677","38991","",

"Balance : 38991(Debit)","","","","","","","","","","38991","0",

"Assets > TD0000414173_2 BRF SCB ( 109678 ) ",
"Journal No","Other GL No.","Other Account","Subledger","Posted Date","Comments","Instrument No.","Instrument Bank","Account Name","GL Account No.","Debit","Credit",
"","","","","","Opening Balance","",""," TD0000414173_2 BRF SCB ","109678","516271","",

"Balance : 516271(Debit)","","","","","","","","","","516271","0",

"Assets > TD1000277852_1 BRF SCB ( 109681 ) ",
"Journal No","Other GL No.","Other Account","Subledger","Posted Date","Comments","Instrument No.","Instrument Bank","Account Name","GL Account No.","Debit","Credit",
"","","","","","Opening Balance","",""," TD1000277852_1 BRF SCB ","109681","35524","",

"Balance : 35524(Debit)","","","","","","","","","","35524","0",

"Assets > TD1000697074_1 BRF SCB ( 109682 ) ",
"Journal No","Other GL No.","Other Account","Subledger","Posted Date","Comments","Instrument No.","Instrument Bank","Account Name","GL Account No.","Debit","Credit",
"","","","","","Opening Balance","",""," TD1000697074_1 BRF SCB ","109682","36043","",

"Balance : 36043(Debit)","","","","","","","","","","36043","0",

"Assets > TD0000406342_1 Ref SCB ( 109684 ) ",
"Journal No","Other GL No.","Other Account","Subledger","Posted Date","Comments","Instrument No.","Instrument Bank","Account Name","GL Account No.","Debit","Credit",
"","","","","","Opening Balance","",""," TD0000406342_1 Ref SCB ","109684","96723","",

"Balance : 96723(Debit)","","","","","","","","","","96723","0",

"Assets > TD1000277956 _1  BRF SCB ( 109686 ) ",
"Journal No","Other GL No.","Other Account","Subledger","Posted Date","Comments","Instrument No.","Instrument Bank","Account Name","GL Account No.","Debit","Credit",
"","","","","","Opening Balance","",""," TD1000277956 _1  BRF SCB ","109686","34401","",

"Balance : 34401(Debit)","","","","","","","","","","34401","0",

"Assets > TD1000277965_1 ETF SCB ( 109688 ) ",
"Journal No","Other GL No.","Other Account","Subledger","Posted Date","Comments","Instrument No.","Instrument Bank","Account Name","GL Account No.","Debit","Credit",
"","","","","","Opening Balance","",""," TD1000277965_1 ETF SCB ","109688","3092","",

"Balance : 3092(Debit)","","","","","","","","","","3092","0",

"Assets > TD1000697094_1 ETF SCB ( 109689 ) ",
"Journal No","Other GL No.","Other Account","Subledger","Posted Date","Comments","Instrument No.","Instrument Bank","Account Name","GL Account No.","Debit","Credit",
"","","","","","Opening Balance","",""," TD1000697094_1 ETF SCB ","109689","3087","",

"Balance : 3087(Debit)","","","","","","","","","","3087","0",

"Assets > TD1001580377 SF SCB ( 109693 ) ",
"Journal No","Other GL No.","Other Account","Subledger","Posted Date","Comments","Instrument No.","Instrument Bank","Account Name","GL Account No.","Debit","Credit",
"","","","","","Opening Balance","",""," TD1001580377 SF SCB ","109693","10012","",

"Balance : 10012(Debit)","","","","","","","","","","10012","0",

"Assets > TD1001580383 BRF SCB ( 109694 ) ",
"Journal No","Other GL No.","Other Account","Subledger","Posted Date","Comments","Instrument No.","Instrument Bank","Account Name","GL Account No.","Debit","Credit",
"","","","","","Opening Balance","",""," TD1001580383 BRF SCB ","109694","31702","",

"Balance : 31702(Debit)","","","","","","","","","","31702","0",

"Assets > TD1001580386 ETF SCB ( 109695 ) ",
"Journal No","Other GL No.","Other Account","Subledger","Posted Date","Comments","Instrument No.","Instrument Bank","Account Name","GL Account No.","Debit","Credit",
"","","","","","Opening Balance","",""," TD1001580386 ETF SCB ","109695","3253","",

"Balance : 3253(Debit)","","","","","","","","","","3253","0",

"Assets > TD1001580367 GF SCB ( 109696 ) ",
"Journal No","Other GL No.","Other Account","Subledger","Posted Date","Comments","Instrument No.","Instrument Bank","Account Name","GL Account No.","Debit","Credit",
"","","","","","Opening Balance","",""," TD1001580367 GF SCB ","109696","319558","",

"Balance : 319558(Debit)","","","","","","","","","","319558","0",

"Assets > 384066-R15 ( 109697 ) ",
"Journal No","Other GL No.","Other Account","Subledger","Posted Date","Comments","Instrument No.","Instrument Bank","Account Name","GL Account No.","Debit","Credit",
"","","","","","Opening Balance","",""," 384066-R15 ","109697","","",
JE-2025-0000012,109697,384066-R15,,19-03-2026,Being FD 384066 renewed and remade CCB - SF,,, 384066-R15 ,109697,86561.00,,

"Balance : 86561(Debit)","","","","","","","","","","86561","0",

"Assets > 551598-R14 ( 109698 ) ",
"Journal No","Other GL No.","Other Account","Subledger","Posted Date","Comments","Instrument No.","Instrument Bank","Account Name","GL Account No.","Debit","Credit",
"","","","","","Opening Balance","",""," 551598-R14 ","109698","","",
JE-2025-0000014,109698,551598-R14,,04-08-2025,Being FD 551598 renewed and remade CCB - SF,,, 551598-R14 ,109698,58476.00,,

"Balance : 58476(Debit)","","","","","","","","","","58476","0",

"Assets > 476961-R40 ( 109699 ) ",
"Journal No","Other GL No.","Other Account","Subledger","Posted Date","Comments","Instrument No.","Instrument Bank","Account Name","GL Account No.","Debit","Credit",
"","","","","","Opening Balance","",""," 476961-R40 ","109699","","",
JE-2025-0000016,109699,476961-R40,,28-05-2025,Being FD 476961 renewed and remade CCB - SF,,, 476961-R40 ,109699,21453.00,,

"Balance : 21453(Debit)","","","","","","","","","","21453","0",

"Assets > 625431-R40 SF CCB ( 109700 ) ",
"Journal No","Other GL No.","Other Account","Subledger","Posted Date","Comments","Instrument No.","Instrument Bank","Account Name","GL Account No.","Debit","Credit",
"","","","","","Opening Balance","",""," 625431-R40 SF CCB ","109700","","",
JE-2025-0000028,109700,625431-R40 SF CCB,,29-06-2025,Being FD 625431 renewed and remade CCB - SF,,, 625431-R40 SF CCB ,109700,17611.00,,

"Balance : 17611(Debit)","","","","","","","","","","17611","0",

"Assets > 476584-R15 ( 109701 ) ",
"Journal No","Other GL No.","Other Account","Subledger","Posted Date","Comments","Instrument No.","Instrument Bank","Account Name","GL Account No.","Debit","Credit",
"","","","","","Opening Balance","",""," 476584-R15 ","109701","","",
JE-2025-0000019,109701,476584-R15,,21-03-2026,Being FD 476584-R15 renewed and remade CCB - SF,,, 476584-R15 ,109701,78695.00,,

"Balance : 78695(Debit)","","","","","","","","","","78695","0",

"Assets > 003141_3 ( 109702 ) ",
"Journal No","Other GL No.","Other Account","Subledger","Posted Date","Comments","Instrument No.","Instrument Bank","Account Name","GL Account No.","Debit","Credit",
"","","","","","Opening Balance","",""," 003141_3 ","109702","","",
JE-2025-0000023,109702,003141_3,,06-05-2025,Being FD 003141 renewed and remade CCB - SF,,, 003141_3 ,109702,16325.00,,

"Balance : 16325(Debit)","","","","","","","","","","16325","0",

"Assets >  477604-R40 ( 109703 ) ",
"Journal No","Other GL No.","Other Account","Subledger","Posted Date","Comments","Instrument No.","Instrument Bank","Account Name","GL Account No.","Debit","Credit",
"","","","","","Opening Balance","","","  477604-R40 ","109703","","",
JE-2025-0000026,109703, 477604-R40,,18-05-2025,Being FD 477604 renewed and remade CCB - SF,,,  477604-R40 ,109703,21073.00,,

"Balance : 21073(Debit)","","","","","","","","","","21073","0",

"Assets > 587906-R39 SF CCB ( 109704 ) ",
"Journal No","Other GL No.","Other Account","Subledger","Posted Date","Comments","Instrument No.","Instrument Bank","Account Name","GL Account No.","Debit","Credit",
"","","","","","Opening Balance","",""," 587906-R39 SF CCB ","109704","","",
JE-2025-0000029,109704,587906-R39 SF CCB,,17-04-2025,Being FD 587906 renewed and remade CCB - SF,,, 587906-R39 SF CCB ,109704,18629.00,,

"Balance : 18629(Debit)","","","","","","","","","","18629","0",

"Assets > 548311_R40 SF CCB ( 109705 ) ",
"Journal No","Other GL No.","Other Account","Subledger","Posted Date","Comments","Instrument No.","Instrument Bank","Account Name","GL Account No.","Debit","Credit",
"","","","","","Opening Balance","",""," 548311_R40 SF CCB ","109705","","",
JE-2025-0000031,109705,548311_R40 SF CCB,,27-04-2025,Being FD 548311 renewed and remade CCB - SF,,, 548311_R40 SF CCB ,109705,20024.00,,

"Balance : 20024(Debit)","","","","","","","","","","20024","0",

"Assets > TD0000403571_3 SF SCB ( 109706 ) ",
"Journal No","Other GL No.","Other Account","Subledger","Posted Date","Comments","Instrument No.","Instrument Bank","Account Name","GL Account No.","Debit","Credit",
"","","","","","Opening Balance","",""," TD0000403571_3 SF SCB ","109706","","",
JE-2025-0000033,109706,TD0000403571_3 SF SCB,,27-03-2026,Being FD TD0000403571 renewed and remade SCB - SF,,, TD0000403571_3 SF SCB ,109706,16198.00,,

"Balance : 16198(Debit)","","","","","","","","","","16198","0",

"Assets > TD0000403572_3 BRF SCB ( 109707 ) ",
"Journal No","Other GL No.","Other Account","Subledger","Posted Date","Comments","Instrument No.","Instrument Bank","Account Name","GL Account No.","Debit","Credit",
"","","","","","Opening Balance","",""," TD0000403572_3 BRF SCB ","109707","","",
JE-2025-0000035,109707,TD0000403572_3 BRF SCB,,27-03-2026,Being FD TD0000403572 renewed and remade SCB - BRF,,, TD0000403572_3 BRF SCB ,109707,48831.00,,

"Balance : 48831(Debit)","","","","","","","","","","48831","0",

"Assets > TD0000406343_2 PDF SCB ( 109708 ) ",
"Journal No","Other GL No.","Other Account","Subledger","Posted Date","Comments","Instrument No.","Instrument Bank","Account Name","GL Account No.","Debit","Credit",
"","","","","","Opening Balance","",""," TD0000406343_2 PDF SCB ","109708","","",
JE-2025-0000106,109708,TD0000406343_2 PDF SCB,,27-03-2026,Being FD TD0000406343 renewed and remade SCB - PDF,,, TD0000406343_2 PDF SCB ,109708,199257.00,,

"Balance : 199257(Debit)","","","","","","","","","","199257","0",

"Assets > TD0000414168_2 SF SCB ( 109709 ) ",
"Journal No","Other GL No.","Other Account","Subledger","Posted Date","Comments","Instrument No.","Instrument Bank","Account Name","GL Account No.","Debit","Credit",
"","","","","","Opening Balance","",""," TD0000414168_2 SF SCB ","109709","","",
JE-2025-0000104,109709,TD0000414168_2 SF SCB,,14-02-2026,Being FD TD0000414168 renewed and remade SCB - SF,,, TD0000414168_2 SF SCB ,109709,30747.00,,

"Balance : 30747(Debit)","","","","","","","","","","30747","0",

"Assets > TD0000414169_2 BRF SCB ( 109710 ) ",
"Journal No","Other GL No.","Other Account","Subledger","Posted Date","Comments","Instrument No.","Instrument Bank","Account Name","GL Account No.","Debit","Credit",
"","","","","","Opening Balance","",""," TD0000414169_2 BRF SCB ","109710","","",
JE-2025-0000108,109710,TD0000414169_2 BRF SCB,,14-02-2026,Being FD TD0000414169 renewed and remade SCB - BRF,,, TD0000414169_2 BRF SCB ,109710,49407.00,,

"Balance : 49407(Debit)","","","","","","","","","","49407","0",

"Assets > TD0000414170_2 PDF SCB ( 109711 ) ",
"Journal No","Other GL No.","Other Account","Subledger","Posted Date","Comments","Instrument No.","Instrument Bank","Account Name","GL Account No.","Debit","Credit",
"","","","","","Opening Balance","",""," TD0000414170_2 PDF SCB ","109711","","",
JE-2025-0000107,109711,TD0000414170_2 PDF SCB,,14-02-2026,Being FD 414170 renewed and remade SCB - PDF,,, TD0000414170_2 PDF SCB ,109711,349263.75,,

"Balance : 349263.75(Debit)","","","","","","","","","","349263.75","0",

"Assets > TD0000414171_2 RF SCB ( 109712 ) ",
"Journal No","Other GL No.","Other Account","Subledger","Posted Date","Comments","Instrument No.","Instrument Bank","Account Name","GL Account No.","Debit","Credit",
"","","","","","Opening Balance","",""," TD0000414171_2 RF SCB ","109712","","",
JE-2025-0000105,109712,TD0000414171_2 RF SCB,,14-02-2026,Being FD TD0000414171 renewed and remade SCB - RF,,, TD0000414171_2 RF SCB ,109712,118712.00,,

"Balance : 118712(Debit)","","","","","","","","","","118712","0",

"Assets > New Pipeline ( 109713 ) ",
"Journal No","Other GL No.","Other Account","Subledger","Posted Date","Comments","Instrument No.","Instrument Bank","Account Name","GL Account No.","Debit","Credit",
"","","","","","Opening Balance","",""," New Pipeline ","109713","","",
JE-2025-0000091,109713,New Pipeline,,31-03-2026,Being exp for new pipeline trf to assest Fy 25-26,,, New Pipeline ,109713,220000.00,,
JE-2025-0000098,109713,New Pipeline,,31-03-2026,Being depreciation  15% on Pipeline,,, New Pipeline ,109713,,33000.00,

"Balance : 187000(Debit)","","","","","","","","","","220000","33000",

