"Income - Members > Maintenance Charges ( 301002 ) ",
"Journal No","Other GL No.","Other Account","Subledger","Posted Date","Comments","Instrument No.","Instrument Bank","Account Name","GL Account No.","Debit","Credit",
"","","","","","Opening Balance","",""," Maintenance Charges ","301002","","",
ME-2025-0000002,301002,Maintenance Charges,BE 0B1,01-04-2025,,,, Maintenance Charges ,301002,,911,
ME-2025-0000011,301002,Maintenance Charges,BE 101,01-04-2025,,,, Maintenance Charges ,301002,,1875,
ME-2025-0000021,301002,Maintenance Charges,BE 102,01-04-2025,,,, Maintenance Charges ,301002,,1875,
ME-2025-0000031,301002,Maintenance Charges,BE 103,01-04-2025,,,, Maintenance Charges ,301002,,1875,
ME-2025-0000041,301002,Maintenance Charges,BE 201,01-04-2025,,,, Maintenance Charges ,301002,,1875,
ME-2025-0000050,301002,Maintenance Charges,BE 202,01-04-2025,,,, Maintenance Charges ,301002,,1875,
ME-2025-0000059,301002,Maintenance Charges,BE 203,01-04-2025,,,, Maintenance Charges ,301002,,1875,
ME-2025-0000069,301002,Maintenance Charges,BE 301,01-04-2025,,,, Maintenance Charges ,301002,,1875,
ME-2025-0000078,301002,Maintenance Charges,BE 302,01-04-2025,,,, Maintenance Charges ,301002,,1875,
ME-2025-0000090,301002,Maintenance Charges,BE 303,01-04-2025,,,, Maintenance Charges ,301002,,1875,
ME-2025-0000099,301002,Maintenance Charges,BE 401,01-04-2025,,,, Maintenance Charges ,301002,,1875,
ME-2025-0000110,301002,Maintenance Charges,BE 402,01-04-2025,,,, Maintenance Charges ,301002,,1875,
ME-2025-0000121,301002,Maintenance Charges,BE 403,01-04-2025,,,, Maintenance Charges ,301002,,1875,
ME-2025-0000134,301002,Maintenance Charges,BE 501,01-04-2025,,,, Maintenance Charges ,301002,,1875,
ME-2025-0000143,301002,Maintenance Charges,BE 502,01-04-2025,,,, Maintenance Charges ,301002,,1875,
ME-2025-0000153,301002,Maintenance Charges,BE 503,01-04-2025,,,, Maintenance Charges ,301002,,1875,
ME-2025-0000164,301002,Maintenance Charges,BE 601,01-04-2025,,,, Maintenance Charges ,301002,,1875,
ME-2025-0000173,301002,Maintenance Charges,BE 602,01-04-2025,,,, Maintenance Charges ,301002,,1875,
ME-2025-0000183,301002,Maintenance Charges,BE 603,01-04-2025,,,, Maintenance Charges ,301002,,1875,
ME-2025-0000194,301002,Maintenance Charges,BE 701,01-04-2025,,,, Maintenance Charges ,301002,,1875,
ME-2025-0000203,301002,Maintenance Charges,BE 702,01-04-2025,,,, Maintenance Charges ,301002,,1875,
ME-2025-0000214,301002,Maintenance Charges,BE 703,01-04-2025,,,, Maintenance Charges ,301002,,1875,
ME-2025-0000241,301002,Maintenance Charges,BE 0B1,01-05-2025,,,, Maintenance Charges ,301002,,911,
ME-2025-0000250,301002,Maintenance Charges,BE 101,01-05-2025,,,, Maintenance Charges ,301002,,1875,
ME-2025-0000260,301002,Maintenance Charges,BE 102,01-05-2025,,,, Maintenance Charges ,301002,,1875,
ME-2025-0000270,301002,Maintenance Charges,BE 103,01-05-2025,,,, Maintenance Charges ,301002,,1875,
ME-2025-0000280,301002,Maintenance Charges,BE 201,01-05-2025,,,, Maintenance Charges ,301002,,1875,
ME-2025-0000289,301002,Maintenance Charges,BE 202,01-05-2025,,,, Maintenance Charges ,301002,,1875,
ME-2025-0000298,301002,Maintenance Charges,BE 203,01-05-2025,,,, Maintenance Charges ,301002,,1875,
ME-2025-0000308,301002,Maintenance Charges,BE 301,01-05-2025,,,, Maintenance Charges ,301002,,1875,
ME-2025-0000317,301002,Maintenance Charges,BE 302,01-05-2025,,,, Maintenance Charges ,301002,,1875,
ME-2025-0000329,301002,Maintenance Charges,BE 303,01-05-2025,,,, Maintenance Charges ,301002,,1875,
ME-2025-0000338,301002,Maintenance Charges,BE 401,01-05-2025,,,, Maintenance Charges ,301002,,1875,
ME-2025-0000349,301002,Maintenance Charges,BE 402,01-05-2025,,,, Maintenance Charges ,301002,,1875,
ME-2025-0000360,301002,Maintenance Charges,BE 403,01-05-2025,,,, Maintenance Charges ,301002,,1875,
ME-2025-0000374,301002,Maintenance Charges,BE 501,01-05-2025,,,, Maintenance Charges ,301002,,1875,
ME-2025-0000383,301002,Maintenance Charges,BE 502,01-05-2025,,,, Maintenance Charges ,301002,,1875,
ME-2025-0000393,301002,Maintenance Charges,BE 503,01-05-2025,,,, Maintenance Charges ,301002,,1875,
ME-2025-0000404,301002,Maintenance Charges,BE 601,01-05-2025,,,, Maintenance Charges ,301002,,1875,
ME-2025-0000413,301002,Maintenance Charges,BE 602,01-05-2025,,,, Maintenance Charges ,301002,,1875,
ME-2025-0000424,301002,Maintenance Charges,BE 603,01-05-2025,,,, Maintenance Charges ,301002,,1875,
ME-2025-0000435,301002,Maintenance Charges,BE 701,01-05-2025,,,, Maintenance Charges ,301002,,1875,
ME-2025-0000444,301002,Maintenance Charges,BE 702,01-05-2025,,,, Maintenance Charges ,301002,,1875,
ME-2025-0000455,301002,Maintenance Charges,BE 703,01-05-2025,,,, Maintenance Charges ,301002,,1875,
ME-2025-0000479,301002,Maintenance Charges,BE 0B1,01-06-2025,,,, Maintenance Charges ,301002,,911,
ME-2025-0000488,301002,Maintenance Charges,BE 101,01-06-2025,,,, Maintenance Charges ,301002,,1875,
ME-2025-0000498,301002,Maintenance Charges,BE 102,01-06-2025,,,, Maintenance Charges ,301002,,1875,
ME-2025-0000508,301002,Maintenance Charges,BE 103,01-06-2025,,,, Maintenance Charges ,301002,,1875,
ME-2025-0000518,301002,Maintenance Charges,BE 201,01-06-2025,,,, Maintenance Charges ,301002,,1875,
ME-2025-0000527,301002,Maintenance Charges,BE 202,01-06-2025,,,, Maintenance Charges ,301002,,1875,
ME-2025-0000536,301002,Maintenance Charges,BE 203,01-06-2025,,,, Maintenance Charges ,301002,,1875,
ME-2025-0000546,301002,Maintenance Charges,BE 301,01-06-2025,,,, Maintenance Charges ,301002,,1875,
ME-2025-0000555,301002,Maintenance Charges,BE 302,01-06-2025,,,, Maintenance Charges ,301002,,1875,
ME-2025-0000567,301002,Maintenance Charges,BE 303,01-06-2025,,,, Maintenance Charges ,301002,,1875,
ME-2025-0000576,301002,Maintenance Charges,BE 401,01-06-2025,,,, Maintenance Charges ,301002,,1875,
ME-2025-0000587,301002,Maintenance Charges,BE 402,01-06-2025,,,, Maintenance Charges ,301002,,1875,
ME-2025-0000597,301002,Maintenance Charges,BE 403,01-06-2025,,,, Maintenance Charges ,301002,,1875,
ME-2025-0000611,301002,Maintenance Charges,BE 501,01-06-2025,,,, Maintenance Charges ,301002,,1875,
ME-2025-0000620,301002,Maintenance Charges,BE 502,01-06-2025,,,, Maintenance Charges ,301002,,1875,
ME-2025-0000630,301002,Maintenance Charges,BE 503,01-06-2025,,,, Maintenance Charges ,301002,,1875,
ME-2025-0000641,301002,Maintenance Charges,BE 601,01-06-2025,,,, Maintenance Charges ,301002,,1875,
ME-2025-0000650,301002,Maintenance Charges,BE 602,01-06-2025,,,, Maintenance Charges ,301002,,1875,
ME-2025-0000661,301002,Maintenance Charges,BE 603,01-06-2025,,,, Maintenance Charges ,301002,,1875,
ME-2025-0000672,301002,Maintenance Charges,BE 701,01-06-2025,,,, Maintenance Charges ,301002,,1875,
ME-2025-0000681,301002,Maintenance Charges,BE 702,01-06-2025,,,, Maintenance Charges ,301002,,1875,
ME-2025-0000692,301002,Maintenance Charges,BE 703,01-06-2025,,,, Maintenance Charges ,301002,,1875,
ME-2025-0000717,301002,Maintenance Charges,BE 0B1,01-07-2025,,,, Maintenance Charges ,301002,,911,
ME-2025-0000726,301002,Maintenance Charges,BE 101,01-07-2025,,,, Maintenance Charges ,301002,,1875,
ME-2025-0000736,301002,Maintenance Charges,BE 102,01-07-2025,,,, Maintenance Charges ,301002,,1875,
ME-2025-0000746,301002,Maintenance Charges,BE 103,01-07-2025,,,, Maintenance Charges ,301002,,1875,
ME-2025-0000756,301002,Maintenance Charges,BE 201,01-07-2025,,,, Maintenance Charges ,301002,,1875,
ME-2025-0000765,301002,Maintenance Charges,BE 202,01-07-2025,,,, Maintenance Charges ,301002,,1875,
ME-2025-0000774,301002,Maintenance Charges,BE 203,01-07-2025,,,, Maintenance Charges ,301002,,1875,
ME-2025-0000784,301002,Maintenance Charges,BE 301,01-07-2025,,,, Maintenance Charges ,301002,,1875,
ME-2025-0000793,301002,Maintenance Charges,BE 302,01-07-2025,,,, Maintenance Charges ,301002,,1875,
ME-2025-0000805,301002,Maintenance Charges,BE 303,01-07-2025,,,, Maintenance Charges ,301002,,1875,
ME-2025-0000814,301002,Maintenance Charges,BE 401,01-07-2025,,,, Maintenance Charges ,301002,,1875,
ME-2025-0000825,301002,Maintenance Charges,BE 402,01-07-2025,,,, Maintenance Charges ,301002,,1875,
ME-2025-0000835,301002,Maintenance Charges,BE 403,01-07-2025,,,, Maintenance Charges ,301002,,1875,
ME-2025-0000848,301002,Maintenance Charges,BE 501,01-07-2025,,,, Maintenance Charges ,301002,,1875,
ME-2025-0000857,301002,Maintenance Charges,BE 502,01-07-2025,,,, Maintenance Charges ,301002,,1875,
ME-2025-0000867,301002,Maintenance Charges,BE 503,01-07-2025,,,, Maintenance Charges ,301002,,1875,
ME-2025-0000878,301002,Maintenance Charges,BE 601,01-07-2025,,,, Maintenance Charges ,301002,,1875,
ME-2025-0000887,301002,Maintenance Charges,BE 602,01-07-2025,,,, Maintenance Charges ,301002,,1875,
ME-2025-0000898,301002,Maintenance Charges,BE 603,01-07-2025,,,, Maintenance Charges ,301002,,1875,
ME-2025-0000909,301002,Maintenance Charges,BE 701,01-07-2025,,,, Maintenance Charges ,301002,,1875,
ME-2025-0000918,301002,Maintenance Charges,BE 702,01-07-2025,,,, Maintenance Charges ,301002,,1875,
ME-2025-0000929,301002,Maintenance Charges,BE 703,01-07-2025,,,, Maintenance Charges ,301002,,1875,
ME-2025-0000955,301002,Maintenance Charges,BE 0B1,01-08-2025,,,, Maintenance Charges ,301002,,911,
ME-2025-0000965,301002,Maintenance Charges,BE 101,01-08-2025,,,, Maintenance Charges ,301002,,1875,
ME-2025-0000975,301002,Maintenance Charges,BE 102,01-08-2025,,,, Maintenance Charges ,301002,,1875,
ME-2025-0000985,301002,Maintenance Charges,BE 103,01-08-2025,,,, Maintenance Charges ,301002,,1875,
ME-2025-0000997,301002,Maintenance Charges,BE 201,01-08-2025,,,, Maintenance Charges ,301002,,1875,
ME-2025-0001006,301002,Maintenance Charges,BE 202,01-08-2025,,,, Maintenance Charges ,301002,,1875,
ME-2025-0001016,301002,Maintenance Charges,BE 203,01-08-2025,,,, Maintenance Charges ,301002,,1875,
ME-2025-0001027,301002,Maintenance Charges,BE 301,01-08-2025,,,, Maintenance Charges ,301002,,1875,
ME-2025-0001036,301002,Maintenance Charges,BE 302,01-08-2025,,,, Maintenance Charges ,301002,,1875,
ME-2025-0001048,301002,Maintenance Charges,BE 303,01-08-2025,,,, Maintenance Charges ,301002,,1875,
ME-2025-0001059,301002,Maintenance Charges,BE 401,01-08-2025,,,, Maintenance Charges ,301002,,1875,
ME-2025-0001070,301002,Maintenance Charges,BE 402,01-08-2025,,,, Maintenance Charges ,301002,,1875,
ME-2025-0001081,301002,Maintenance Charges,BE 403,01-08-2025,,,, Maintenance Charges ,301002,,1875,
ME-2025-0001094,301002,Maintenance Charges,BE 501,01-08-2025,,,, Maintenance Charges ,301002,,1875,
ME-2025-0001104,301002,Maintenance Charges,BE 502,01-08-2025,,,, Maintenance Charges ,301002,,1875,
ME-2025-0001114,301002,Maintenance Charges,BE 503,01-08-2025,,,, Maintenance Charges ,301002,,1875,
ME-2025-0001126,301002,Maintenance Charges,BE 601,01-08-2025,,,, Maintenance Charges ,301002,,1875,
ME-2025-0001136,301002,Maintenance Charges,BE 602,01-08-2025,,,, Maintenance Charges ,301002,,1875,
ME-2025-0001148,301002,Maintenance Charges,BE 603,01-08-2025,,,, Maintenance Charges ,301002,,1875,
ME-2025-0001159,301002,Maintenance Charges,BE 701,01-08-2025,,,, Maintenance Charges ,301002,,1875,
ME-2025-0001170,301002,Maintenance Charges,BE 702,01-08-2025,,,, Maintenance Charges ,301002,,1875,
ME-2025-0001181,301002,Maintenance Charges,BE 703,01-08-2025,,,, Maintenance Charges ,301002,,1875,
ME-2025-0001206,301002,Maintenance Charges,BE 0B1,01-09-2025,,,, Maintenance Charges ,301002,,911,
ME-2025-0001215,301002,Maintenance Charges,BE 101,01-09-2025,,,, Maintenance Charges ,301002,,1875,
ME-2025-0001225,301002,Maintenance Charges,BE 102,01-09-2025,,,, Maintenance Charges ,301002,,1875,
ME-2025-0001234,301002,Maintenance Charges,BE 103,01-09-2025,,,, Maintenance Charges ,301002,,1875,
ME-2025-0001245,301002,Maintenance Charges,BE 201,01-09-2025,,,, Maintenance Charges ,301002,,1875,
ME-2025-0001254,301002,Maintenance Charges,BE 202,01-09-2025,,,, Maintenance Charges ,301002,,1875,
ME-2025-0001263,301002,Maintenance Charges,BE 203,01-09-2025,,,, Maintenance Charges ,301002,,1875,
ME-2025-0001273,301002,Maintenance Charges,BE 301,01-09-2025,,,, Maintenance Charges ,301002,,1875,
ME-2025-0001282,301002,Maintenance Charges,BE 302,01-09-2025,,,, Maintenance Charges ,301002,,1875,
ME-2025-0001293,301002,Maintenance Charges,BE 303,01-09-2025,,,, Maintenance Charges ,301002,,1875,
ME-2025-0001303,301002,Maintenance Charges,BE 401,01-09-2025,,,, Maintenance Charges ,301002,,1875,
ME-2025-0001314,301002,Maintenance Charges,BE 402,01-09-2025,,,, Maintenance Charges ,301002,,1875,
ME-2025-0001324,301002,Maintenance Charges,BE 403,01-09-2025,,,, Maintenance Charges ,301002,,1875,
ME-2025-0001336,301002,Maintenance Charges,BE 501,01-09-2025,,,, Maintenance Charges ,301002,,1875,
ME-2025-0001346,301002,Maintenance Charges,BE 502,01-09-2025,,,, Maintenance Charges ,301002,,1875,
ME-2025-0001355,301002,Maintenance Charges,BE 503,01-09-2025,,,, Maintenance Charges ,301002,,1875,
ME-2025-0001366,301002,Maintenance Charges,BE 601,01-09-2025,,,, Maintenance Charges ,301002,,1875,
ME-2025-0001376,301002,Maintenance Charges,BE 602,01-09-2025,,,, Maintenance Charges ,301002,,1875,
ME-2025-0001387,301002,Maintenance Charges,BE 603,01-09-2025,,,, Maintenance Charges ,301002,,1875,
ME-2025-0001397,301002,Maintenance Charges,BE 701,01-09-2025,,,, Maintenance Charges ,301002,,1875,
ME-2025-0001407,301002,Maintenance Charges,BE 702,01-09-2025,,,, Maintenance Charges ,301002,,1875,
ME-2025-0001417,301002,Maintenance Charges,BE 703,01-09-2025,,,, Maintenance Charges ,301002,,1875,
ME-2025-0001444,301002,Maintenance Charges,BE 0B1,01-10-2025,,,, Maintenance Charges ,301002,,911,
ME-2025-0001454,301002,Maintenance Charges,BE 101,01-10-2025,,,, Maintenance Charges ,301002,,1875,
ME-2025-0001464,301002,Maintenance Charges,BE 102,01-10-2025,,,, Maintenance Charges ,301002,,1875,
ME-2025-0001473,301002,Maintenance Charges,BE 103,01-10-2025,,,, Maintenance Charges ,301002,,1875,
ME-2025-0001484,301002,Maintenance Charges,BE 201,01-10-2025,,,, Maintenance Charges ,301002,,1875,
ME-2025-0001493,301002,Maintenance Charges,BE 202,01-10-2025,,,, Maintenance Charges ,301002,,1875,
ME-2025-0001502,301002,Maintenance Charges,BE 203,01-10-2025,,,, Maintenance Charges ,301002,,1875,
ME-2025-0001512,301002,Maintenance Charges,BE 301,01-10-2025,,,, Maintenance Charges ,301002,,1875,
ME-2025-0001521,301002,Maintenance Charges,BE 302,01-10-2025,,,, Maintenance Charges ,301002,,1875,
ME-2025-0001532,301002,Maintenance Charges,BE 303,01-10-2025,,,, Maintenance Charges ,301002,,1875,
ME-2025-0001542,301002,Maintenance Charges,BE 401,01-10-2025,,,, Maintenance Charges ,301002,,1875,
ME-2025-0001553,301002,Maintenance Charges,BE 402,01-10-2025,,,, Maintenance Charges ,301002,,1875,
ME-2025-0001564,301002,Maintenance Charges,BE 403,01-10-2025,,,, Maintenance Charges ,301002,,1875,
ME-2025-0001576,301002,Maintenance Charges,BE 501,01-10-2025,,,, Maintenance Charges ,301002,,1875,
ME-2025-0001586,301002,Maintenance Charges,BE 502,01-10-2025,,,, Maintenance Charges ,301002,,1875,
ME-2025-0001595,301002,Maintenance Charges,BE 503,01-10-2025,,,, Maintenance Charges ,301002,,1875,
ME-2025-0001606,301002,Maintenance Charges,BE 601,01-10-2025,,,, Maintenance Charges ,301002,,1875,
ME-2025-0001616,301002,Maintenance Charges,BE 602,01-10-2025,,,, Maintenance Charges ,301002,,1875,
ME-2025-0001627,301002,Maintenance Charges,BE 603,01-10-2025,,,, Maintenance Charges ,301002,,1875,
ME-2025-0001637,301002,Maintenance Charges,BE 701,01-10-2025,,,, Maintenance Charges ,301002,,1875,
ME-2025-0001647,301002,Maintenance Charges,BE 702,01-10-2025,,,, Maintenance Charges ,301002,,1875,
ME-2025-0001657,301002,Maintenance Charges,BE 703,01-10-2025,,,, Maintenance Charges ,301002,,1875,
ME-2025-0001685,301002,Maintenance Charges,BE 0B1,01-11-2025,,,, Maintenance Charges ,301002,,911,
ME-2025-0001695,301002,Maintenance Charges,BE 101,01-11-2025,,,, Maintenance Charges ,301002,,1875,
ME-2025-0001705,301002,Maintenance Charges,BE 102,01-11-2025,,,, Maintenance Charges ,301002,,1875,
ME-2025-0001714,301002,Maintenance Charges,BE 103,01-11-2025,,,, Maintenance Charges ,301002,,1875,
ME-2025-0001725,301002,Maintenance Charges,BE 201,01-11-2025,,,, Maintenance Charges ,301002,,1875,
ME-2025-0001734,301002,Maintenance Charges,BE 202,01-11-2025,,,, Maintenance Charges ,301002,,1875,
ME-2025-0001743,301002,Maintenance Charges,BE 203,01-11-2025,,,, Maintenance Charges ,301002,,1875,
ME-2025-0001753,301002,Maintenance Charges,BE 301,01-11-2025,,,, Maintenance Charges ,301002,,1875,
ME-2025-0001762,301002,Maintenance Charges,BE 302,01-11-2025,,,, Maintenance Charges ,301002,,1875,
ME-2025-0001773,301002,Maintenance Charges,BE 303,01-11-2025,,,, Maintenance Charges ,301002,,1875,
ME-2025-0001783,301002,Maintenance Charges,BE 401,01-11-2025,,,, Maintenance Charges ,301002,,1875,
ME-2025-0001794,301002,Maintenance Charges,BE 402,01-11-2025,,,, Maintenance Charges ,301002,,1875,
ME-2025-0001805,301002,Maintenance Charges,BE 403,01-11-2025,,,, Maintenance Charges ,301002,,1875,
ME-2025-0001817,301002,Maintenance Charges,BE 501,01-11-2025,,,, Maintenance Charges ,301002,,1875,
ME-2025-0001827,301002,Maintenance Charges,BE 502,01-11-2025,,,, Maintenance Charges ,301002,,1875,
ME-2025-0001836,301002,Maintenance Charges,BE 503,01-11-2025,,,, Maintenance Charges ,301002,,1875,
ME-2025-0001847,301002,Maintenance Charges,BE 601,01-11-2025,,,, Maintenance Charges ,301002,,1875,
ME-2025-0001857,301002,Maintenance Charges,BE 602,01-11-2025,,,, Maintenance Charges ,301002,,1875,
ME-2025-0001868,301002,Maintenance Charges,BE 603,01-11-2025,,,, Maintenance Charges ,301002,,1875,
ME-2025-0001878,301002,Maintenance Charges,BE 701,01-11-2025,,,, Maintenance Charges ,301002,,1875,
ME-2025-0001888,301002,Maintenance Charges,BE 702,01-11-2025,,,, Maintenance Charges ,301002,,1875,
ME-2025-0001898,301002,Maintenance Charges,BE 703,01-11-2025,,,, Maintenance Charges ,301002,,1875,
ME-2025-0001938,301002,Maintenance Charges,BE 0B1,01-12-2025,,,, Maintenance Charges ,301002,,911,
ME-2025-0001947,301002,Maintenance Charges,BE 101,01-12-2025,,,, Maintenance Charges ,301002,,1875,
ME-2025-0001957,301002,Maintenance Charges,BE 102,01-12-2025,,,, Maintenance Charges ,301002,,1875,
ME-2025-0001966,301002,Maintenance Charges,BE 103,01-12-2025,,,, Maintenance Charges ,301002,,1875,
ME-2025-0001977,301002,Maintenance Charges,BE 201,01-12-2025,,,, Maintenance Charges ,301002,,1875,
ME-2025-0001986,301002,Maintenance Charges,BE 202,01-12-2025,,,, Maintenance Charges ,301002,,1875,
ME-2025-0001995,301002,Maintenance Charges,BE 203,01-12-2025,,,, Maintenance Charges ,301002,,1875,
ME-2025-0002005,301002,Maintenance Charges,BE 301,01-12-2025,,,, Maintenance Charges ,301002,,1875,
ME-2025-0002016,301002,Maintenance Charges,BE 303,01-12-2025,,,, Maintenance Charges ,301002,,1875,
ME-2025-0002026,301002,Maintenance Charges,BE 401,01-12-2025,,,, Maintenance Charges ,301002,,1875,
ME-2025-0002037,301002,Maintenance Charges,BE 402,01-12-2025,,,, Maintenance Charges ,301002,,1875,
ME-2025-0002047,301002,Maintenance Charges,BE 403,01-12-2025,,,, Maintenance Charges ,301002,,1875,
ME-2025-0002059,301002,Maintenance Charges,BE 501,01-12-2025,,,, Maintenance Charges ,301002,,1875,
ME-2025-0002070,301002,Maintenance Charges,BE 502,01-12-2025,,,, Maintenance Charges ,301002,,1875,
ME-2025-0002079,301002,Maintenance Charges,BE 503,01-12-2025,,,, Maintenance Charges ,301002,,1875,
ME-2025-0002090,301002,Maintenance Charges,BE 601,01-12-2025,,,, Maintenance Charges ,301002,,1875,
ME-2025-0002100,301002,Maintenance Charges,BE 602,01-12-2025,,,, Maintenance Charges ,301002,,1875,
ME-2025-0002110,301002,Maintenance Charges,BE 603,01-12-2025,,,, Maintenance Charges ,301002,,1875,
ME-2025-0002120,301002,Maintenance Charges,BE 701,01-12-2025,,,, Maintenance Charges ,301002,,1875,
ME-2025-0002130,301002,Maintenance Charges,BE 702,01-12-2025,,,, Maintenance Charges ,301002,,1875,
ME-2025-0002140,301002,Maintenance Charges,BE 703,01-12-2025,,,, Maintenance Charges ,301002,,1875,
ME-2025-0002151,301002,Maintenance Charges,BE 302,01-12-2025,,,, Maintenance Charges ,301002,,1875,
ME-2025-0002178,301002,Maintenance Charges,BE 0B1,01-01-2026,,,, Maintenance Charges ,301002,,911,
ME-2025-0002188,301002,Maintenance Charges,BE 101,01-01-2026,,,, Maintenance Charges ,301002,,1875,
ME-2025-0002198,301002,Maintenance Charges,BE 102,01-01-2026,,,, Maintenance Charges ,301002,,1875,
ME-2025-0002207,301002,Maintenance Charges,BE 103,01-01-2026,,,, Maintenance Charges ,301002,,1875,
ME-2025-0002218,301002,Maintenance Charges,BE 201,01-01-2026,,,, Maintenance Charges ,301002,,1875,
ME-2025-0002227,301002,Maintenance Charges,BE 202,01-01-2026,,,, Maintenance Charges ,301002,,1875,
ME-2025-0002236,301002,Maintenance Charges,BE 203,01-01-2026,,,, Maintenance Charges ,301002,,1875,
ME-2025-0002246,301002,Maintenance Charges,BE 301,01-01-2026,,,, Maintenance Charges ,301002,,1875,
ME-2025-0002255,301002,Maintenance Charges,BE 302,01-01-2026,,,, Maintenance Charges ,301002,,1875,
ME-2025-0002267,301002,Maintenance Charges,BE 303,01-01-2026,,,, Maintenance Charges ,301002,,1875,
ME-2025-0002277,301002,Maintenance Charges,BE 401,01-01-2026,,,, Maintenance Charges ,301002,,1875,
ME-2025-0002289,301002,Maintenance Charges,BE 402,01-01-2026,,,, Maintenance Charges ,301002,,1875,
ME-2025-0002299,301002,Maintenance Charges,BE 403,01-01-2026,,,, Maintenance Charges ,301002,,1875,
ME-2025-0002311,301002,Maintenance Charges,BE 501,01-01-2026,,,, Maintenance Charges ,301002,,1875,
ME-2025-0002322,301002,Maintenance Charges,BE 502,01-01-2026,,,, Maintenance Charges ,301002,,1875,
ME-2025-0002332,301002,Maintenance Charges,BE 503,01-01-2026,,,, Maintenance Charges ,301002,,1875,
ME-2025-0002343,301002,Maintenance Charges,BE 601,01-01-2026,,,, Maintenance Charges ,301002,,1875,
ME-2025-0002353,301002,Maintenance Charges,BE 602,01-01-2026,,,, Maintenance Charges ,301002,,1875,
ME-2025-0002364,301002,Maintenance Charges,BE 603,01-01-2026,,,, Maintenance Charges ,301002,,1875,
ME-2025-0002374,301002,Maintenance Charges,BE 701,01-01-2026,,,, Maintenance Charges ,301002,,1875,
ME-2025-0002432,301002,Maintenance Charges,BE 702,01-01-2026,,,, Maintenance Charges ,301002,,1875,
ME-2025-0002442,301002,Maintenance Charges,BE 703,01-01-2026,,,, Maintenance Charges ,301002,,1875,
ME-2025-0002465,301002,Maintenance Charges,BE 0B1,01-02-2026,,,, Maintenance Charges ,301002,,911,
ME-2025-0002475,301002,Maintenance Charges,BE 101,01-02-2026,,,, Maintenance Charges ,301002,,1875,
ME-2025-0002486,301002,Maintenance Charges,BE 102,01-02-2026,,,, Maintenance Charges ,301002,,1875,
ME-2025-0002495,301002,Maintenance Charges,BE 103,01-02-2026,,,, Maintenance Charges ,301002,,1875,
ME-2025-0002506,301002,Maintenance Charges,BE 201,01-02-2026,,,, Maintenance Charges ,301002,,1875,
ME-2025-0002515,301002,Maintenance Charges,BE 202,01-02-2026,,,, Maintenance Charges ,301002,,1875,
ME-2025-0002524,301002,Maintenance Charges,BE 203,01-02-2026,,,, Maintenance Charges ,301002,,1875,
ME-2025-0002534,301002,Maintenance Charges,BE 301,01-02-2026,,,, Maintenance Charges ,301002,,1875,
ME-2025-0002543,301002,Maintenance Charges,BE 302,01-02-2026,,,, Maintenance Charges ,301002,,1875,
ME-2025-0002554,301002,Maintenance Charges,BE 303,01-02-2026,,,, Maintenance Charges ,301002,,1875,
ME-2025-0002564,301002,Maintenance Charges,BE 401,01-02-2026,,,, Maintenance Charges ,301002,,1875,
ME-2025-0002575,301002,Maintenance Charges,BE 402,01-02-2026,,,, Maintenance Charges ,301002,,1875,
ME-2025-0002585,301002,Maintenance Charges,BE 403,01-02-2026,,,, Maintenance Charges ,301002,,1875,
ME-2025-0002597,301002,Maintenance Charges,BE 501,01-02-2026,,,, Maintenance Charges ,301002,,1875,
ME-2025-0002607,301002,Maintenance Charges,BE 502,01-02-2026,,,, Maintenance Charges ,301002,,1875,
ME-2025-0002616,301002,Maintenance Charges,BE 503,01-02-2026,,,, Maintenance Charges ,301002,,1875,
ME-2025-0002627,301002,Maintenance Charges,BE 601,01-02-2026,,,, Maintenance Charges ,301002,,1875,
ME-2025-0002637,301002,Maintenance Charges,BE 602,01-02-2026,,,, Maintenance Charges ,301002,,1875,
ME-2025-0002647,301002,Maintenance Charges,BE 603,01-02-2026,,,, Maintenance Charges ,301002,,1875,
ME-2025-0002657,301002,Maintenance Charges,BE 701,01-02-2026,,,, Maintenance Charges ,301002,,1875,
ME-2025-0002667,301002,Maintenance Charges,BE 702,01-02-2026,,,, Maintenance Charges ,301002,,1875,
ME-2025-0002677,301002,Maintenance Charges,BE 703,01-02-2026,,,, Maintenance Charges ,301002,,1875,
ME-2025-0002702,301002,Maintenance Charges,BE 0B1,01-03-2026,,,, Maintenance Charges ,301002,,911,
ME-2025-0002712,301002,Maintenance Charges,BE 101,01-03-2026,,,, Maintenance Charges ,301002,,1875,
ME-2025-0002723,301002,Maintenance Charges,BE 102,01-03-2026,,,, Maintenance Charges ,301002,,1875,
ME-2025-0002732,301002,Maintenance Charges,BE 103,01-03-2026,,,, Maintenance Charges ,301002,,1875,
ME-2025-0002743,301002,Maintenance Charges,BE 201,01-03-2026,,,, Maintenance Charges ,301002,,1875,
ME-2025-0002752,301002,Maintenance Charges,BE 202,01-03-2026,,,, Maintenance Charges ,301002,,1875,
ME-2025-0002761,301002,Maintenance Charges,BE 203,01-03-2026,,,, Maintenance Charges ,301002,,1875,
ME-2025-0002771,301002,Maintenance Charges,BE 301,01-03-2026,,,, Maintenance Charges ,301002,,1875,
ME-2025-0002780,301002,Maintenance Charges,BE 302,01-03-2026,,,, Maintenance Charges ,301002,,1875,
ME-2025-0002791,301002,Maintenance Charges,BE 303,01-03-2026,,,, Maintenance Charges ,301002,,1875,
ME-2025-0002801,301002,Maintenance Charges,BE 401,01-03-2026,,,, Maintenance Charges ,301002,,1875,
ME-2025-0002812,301002,Maintenance Charges,BE 402,01-03-2026,,,, Maintenance Charges ,301002,,1875,
ME-2025-0002822,301002,Maintenance Charges,BE 403,01-03-2026,,,, Maintenance Charges ,301002,,1875,
ME-2025-0002834,301002,Maintenance Charges,BE 501,01-03-2026,,,, Maintenance Charges ,301002,,1875,
ME-2025-0002844,301002,Maintenance Charges,BE 502,01-03-2026,,,, Maintenance Charges ,301002,,1875,
ME-2025-0002853,301002,Maintenance Charges,BE 503,01-03-2026,,,, Maintenance Charges ,301002,,1875,
ME-2025-0002864,301002,Maintenance Charges,BE 601,01-03-2026,,,, Maintenance Charges ,301002,,1875,
ME-2025-0002874,301002,Maintenance Charges,BE 602,01-03-2026,,,, Maintenance Charges ,301002,,1875,
ME-2025-0002884,301002,Maintenance Charges,BE 603,01-03-2026,,,, Maintenance Charges ,301002,,1875,
ME-2025-0002894,301002,Maintenance Charges,BE 701,01-03-2026,,,, Maintenance Charges ,301002,,1875,
ME-2025-0002904,301002,Maintenance Charges,BE 702,01-03-2026,,,, Maintenance Charges ,301002,,1875,
ME-2025-0002914,301002,Maintenance Charges,BE 703,01-03-2026,,,, Maintenance Charges ,301002,,1875,

"Balance : 483432(Credit)","","","","","","","","","","0","483432",

"Income - Members > Electricity Charges ( 301003 ) ",
"Journal No","Other GL No.","Other Account","Subledger","Posted Date","Comments","Instrument No.","Instrument Bank","Account Name","GL Account No.","Debit","Credit",
"","","","","","Opening Balance","",""," Electricity Charges ","301003","","",
ME-2025-0000009,301003,Electricity Charges,BE 101,01-04-2025,,,, Electricity Charges ,301003,,542,
ME-2025-0000019,301003,Electricity Charges,BE 102,01-04-2025,,,, Electricity Charges ,301003,,542,
ME-2025-0000028,301003,Electricity Charges,BE 103,01-04-2025,,,, Electricity Charges ,301003,,542,
ME-2025-0000039,301003,Electricity Charges,BE 201,01-04-2025,,,, Electricity Charges ,301003,,542,
ME-2025-0000048,301003,Electricity Charges,BE 202,01-04-2025,,,, Electricity Charges ,301003,,542,
ME-2025-0000057,301003,Electricity Charges,BE 203,01-04-2025,,,, Electricity Charges ,301003,,542,
ME-2025-0000067,301003,Electricity Charges,BE 301,01-04-2025,,,, Electricity Charges ,301003,,542,
ME-2025-0000076,301003,Electricity Charges,BE 302,01-04-2025,,,, Electricity Charges ,301003,,542,
ME-2025-0000087,301003,Electricity Charges,BE 303,01-04-2025,,,, Electricity Charges ,301003,,542,
ME-2025-0000097,301003,Electricity Charges,BE 401,01-04-2025,,,, Electricity Charges ,301003,,542,
ME-2025-0000108,301003,Electricity Charges,BE 402,01-04-2025,,,, Electricity Charges ,301003,,542,
ME-2025-0000119,301003,Electricity Charges,BE 403,01-04-2025,,,, Electricity Charges ,301003,,542,
ME-2025-0000131,301003,Electricity Charges,BE 501,01-04-2025,,,, Electricity Charges ,301003,,542,
ME-2025-0000141,301003,Electricity Charges,BE 502,01-04-2025,,,, Electricity Charges ,301003,,542,
ME-2025-0000150,301003,Electricity Charges,BE 503,01-04-2025,,,, Electricity Charges ,301003,,542,
ME-2025-0000161,301003,Electricity Charges,BE 601,01-04-2025,,,, Electricity Charges ,301003,,542,
ME-2025-0000171,301003,Electricity Charges,BE 602,01-04-2025,,,, Electricity Charges ,301003,,542,
ME-2025-0000181,301003,Electricity Charges,BE 603,01-04-2025,,,, Electricity Charges ,301003,,542,
ME-2025-0000191,301003,Electricity Charges,BE 701,01-04-2025,,,, Electricity Charges ,301003,,542,
ME-2025-0000201,301003,Electricity Charges,BE 702,01-04-2025,,,, Electricity Charges ,301003,,542,
ME-2025-0000211,301003,Electricity Charges,BE 703,01-04-2025,,,, Electricity Charges ,301003,,542,
ME-2025-0000248,301003,Electricity Charges,BE 101,01-05-2025,,,, Electricity Charges ,301003,,542,
ME-2025-0000258,301003,Electricity Charges,BE 102,01-05-2025,,,, Electricity Charges ,301003,,542,
ME-2025-0000267,301003,Electricity Charges,BE 103,01-05-2025,,,, Electricity Charges ,301003,,542,
ME-2025-0000278,301003,Electricity Charges,BE 201,01-05-2025,,,, Electricity Charges ,301003,,542,
ME-2025-0000287,301003,Electricity Charges,BE 202,01-05-2025,,,, Electricity Charges ,301003,,542,
ME-2025-0000296,301003,Electricity Charges,BE 203,01-05-2025,,,, Electricity Charges ,301003,,542,
ME-2025-0000306,301003,Electricity Charges,BE 301,01-05-2025,,,, Electricity Charges ,301003,,542,
ME-2025-0000315,301003,Electricity Charges,BE 302,01-05-2025,,,, Electricity Charges ,301003,,542,
ME-2025-0000326,301003,Electricity Charges,BE 303,01-05-2025,,,, Electricity Charges ,301003,,542,
ME-2025-0000336,301003,Electricity Charges,BE 401,01-05-2025,,,, Electricity Charges ,301003,,542,
ME-2025-0000347,301003,Electricity Charges,BE 402,01-05-2025,,,, Electricity Charges ,301003,,542,
ME-2025-0000358,301003,Electricity Charges,BE 403,01-05-2025,,,, Electricity Charges ,301003,,542,
ME-2025-0000371,301003,Electricity Charges,BE 501,01-05-2025,,,, Electricity Charges ,301003,,542,
ME-2025-0000381,301003,Electricity Charges,BE 502,01-05-2025,,,, Electricity Charges ,301003,,542,
ME-2025-0000390,301003,Electricity Charges,BE 503,01-05-2025,,,, Electricity Charges ,301003,,542,
ME-2025-0000401,301003,Electricity Charges,BE 601,01-05-2025,,,, Electricity Charges ,301003,,542,
ME-2025-0000411,301003,Electricity Charges,BE 602,01-05-2025,,,, Electricity Charges ,301003,,542,
ME-2025-0000422,301003,Electricity Charges,BE 603,01-05-2025,,,, Electricity Charges ,301003,,542,
ME-2025-0000432,301003,Electricity Charges,BE 701,01-05-2025,,,, Electricity Charges ,301003,,542,
ME-2025-0000442,301003,Electricity Charges,BE 702,01-05-2025,,,, Electricity Charges ,301003,,542,
ME-2025-0000452,301003,Electricity Charges,BE 703,01-05-2025,,,, Electricity Charges ,301003,,542,
ME-2025-0000486,301003,Electricity Charges,BE 101,01-06-2025,,,, Electricity Charges ,301003,,542,
ME-2025-0000496,301003,Electricity Charges,BE 102,01-06-2025,,,, Electricity Charges ,301003,,542,
ME-2025-0000505,301003,Electricity Charges,BE 103,01-06-2025,,,, Electricity Charges ,301003,,542,
ME-2025-0000516,301003,Electricity Charges,BE 201,01-06-2025,,,, Electricity Charges ,301003,,542,
ME-2025-0000525,301003,Electricity Charges,BE 202,01-06-2025,,,, Electricity Charges ,301003,,542,
ME-2025-0000534,301003,Electricity Charges,BE 203,01-06-2025,,,, Electricity Charges ,301003,,542,
ME-2025-0000544,301003,Electricity Charges,BE 301,01-06-2025,,,, Electricity Charges ,301003,,542,
ME-2025-0000553,301003,Electricity Charges,BE 302,01-06-2025,,,, Electricity Charges ,301003,,542,
ME-2025-0000564,301003,Electricity Charges,BE 303,01-06-2025,,,, Electricity Charges ,301003,,542,
ME-2025-0000574,301003,Electricity Charges,BE 401,01-06-2025,,,, Electricity Charges ,301003,,542,
ME-2025-0000585,301003,Electricity Charges,BE 402,01-06-2025,,,, Electricity Charges ,301003,,542,
ME-2025-0000595,301003,Electricity Charges,BE 403,01-06-2025,,,, Electricity Charges ,301003,,542,
ME-2025-0000608,301003,Electricity Charges,BE 501,01-06-2025,,,, Electricity Charges ,301003,,542,
ME-2025-0000618,301003,Electricity Charges,BE 502,01-06-2025,,,, Electricity Charges ,301003,,542,
ME-2025-0000627,301003,Electricity Charges,BE 503,01-06-2025,,,, Electricity Charges ,301003,,542,
ME-2025-0000638,301003,Electricity Charges,BE 601,01-06-2025,,,, Electricity Charges ,301003,,542,
ME-2025-0000648,301003,Electricity Charges,BE 602,01-06-2025,,,, Electricity Charges ,301003,,542,
ME-2025-0000659,301003,Electricity Charges,BE 603,01-06-2025,,,, Electricity Charges ,301003,,542,
ME-2025-0000669,301003,Electricity Charges,BE 701,01-06-2025,,,, Electricity Charges ,301003,,542,
ME-2025-0000679,301003,Electricity Charges,BE 702,01-06-2025,,,, Electricity Charges ,301003,,542,
ME-2025-0000689,301003,Electricity Charges,BE 703,01-06-2025,,,, Electricity Charges ,301003,,542,
ME-2025-0000724,301003,Electricity Charges,BE 101,01-07-2025,,,, Electricity Charges ,301003,,542,
ME-2025-0000734,301003,Electricity Charges,BE 102,01-07-2025,,,, Electricity Charges ,301003,,542,
ME-2025-0000743,301003,Electricity Charges,BE 103,01-07-2025,,,, Electricity Charges ,301003,,542,
ME-2025-0000754,301003,Electricity Charges,BE 201,01-07-2025,,,, Electricity Charges ,301003,,542,
ME-2025-0000763,301003,Electricity Charges,BE 202,01-07-2025,,,, Electricity Charges ,301003,,542,
ME-2025-0000772,301003,Electricity Charges,BE 203,01-07-2025,,,, Electricity Charges ,301003,,542,
ME-2025-0000782,301003,Electricity Charges,BE 301,01-07-2025,,,, Electricity Charges ,301003,,542,
ME-2025-0000791,301003,Electricity Charges,BE 302,01-07-2025,,,, Electricity Charges ,301003,,542,
ME-2025-0000802,301003,Electricity Charges,BE 303,01-07-2025,,,, Electricity Charges ,301003,,542,
ME-2025-0000812,301003,Electricity Charges,BE 401,01-07-2025,,,, Electricity Charges ,301003,,542,
ME-2025-0000823,301003,Electricity Charges,BE 402,01-07-2025,,,, Electricity Charges ,301003,,542,
ME-2025-0000833,301003,Electricity Charges,BE 403,01-07-2025,,,, Electricity Charges ,301003,,542,
ME-2025-0000845,301003,Electricity Charges,BE 501,01-07-2025,,,, Electricity Charges ,301003,,542,
ME-2025-0000855,301003,Electricity Charges,BE 502,01-07-2025,,,, Electricity Charges ,301003,,542,
ME-2025-0000864,301003,Electricity Charges,BE 503,01-07-2025,,,, Electricity Charges ,301003,,542,
ME-2025-0000875,301003,Electricity Charges,BE 601,01-07-2025,,,, Electricity Charges ,301003,,542,
ME-2025-0000885,301003,Electricity Charges,BE 602,01-07-2025,,,, Electricity Charges ,301003,,542,
ME-2025-0000896,301003,Electricity Charges,BE 603,01-07-2025,,,, Electricity Charges ,301003,,542,
ME-2025-0000906,301003,Electricity Charges,BE 701,01-07-2025,,,, Electricity Charges ,301003,,542,
ME-2025-0000916,301003,Electricity Charges,BE 702,01-07-2025,,,, Electricity Charges ,301003,,542,
ME-2025-0000926,301003,Electricity Charges,BE 703,01-07-2025,,,, Electricity Charges ,301003,,542,
ME-2025-0000963,301003,Electricity Charges,BE 101,01-08-2025,,,, Electricity Charges ,301003,,542,
ME-2025-0000973,301003,Electricity Charges,BE 102,01-08-2025,,,, Electricity Charges ,301003,,542,
ME-2025-0000983,301003,Electricity Charges,BE 103,01-08-2025,,,, Electricity Charges ,301003,,542,
ME-2025-0000995,301003,Electricity Charges,BE 201,01-08-2025,,,, Electricity Charges ,301003,,542,
ME-2025-0001004,301003,Electricity Charges,BE 202,01-08-2025,,,, Electricity Charges ,301003,,542,
ME-2025-0001014,301003,Electricity Charges,BE 203,01-08-2025,,,, Electricity Charges ,301003,,542,
ME-2025-0001025,301003,Electricity Charges,BE 301,01-08-2025,,,, Electricity Charges ,301003,,542,
ME-2025-0001034,301003,Electricity Charges,BE 302,01-08-2025,,,, Electricity Charges ,301003,,542,
ME-2025-0001046,301003,Electricity Charges,BE 303,01-08-2025,,,, Electricity Charges ,301003,,542,
ME-2025-0001057,301003,Electricity Charges,BE 401,01-08-2025,,,, Electricity Charges ,301003,,542,
ME-2025-0001068,301003,Electricity Charges,BE 402,01-08-2025,,,, Electricity Charges ,301003,,542,
ME-2025-0001079,301003,Electricity Charges,BE 403,01-08-2025,,,, Electricity Charges ,301003,,542,
ME-2025-0001092,301003,Electricity Charges,BE 501,01-08-2025,,,, Electricity Charges ,301003,,542,
ME-2025-0001102,301003,Electricity Charges,BE 502,01-08-2025,,,, Electricity Charges ,301003,,542,
ME-2025-0001112,301003,Electricity Charges,BE 503,01-08-2025,,,, Electricity Charges ,301003,,542,
ME-2025-0001124,301003,Electricity Charges,BE 601,01-08-2025,,,, Electricity Charges ,301003,,542,
ME-2025-0001134,301003,Electricity Charges,BE 602,01-08-2025,,,, Electricity Charges ,301003,,542,
ME-2025-0001146,301003,Electricity Charges,BE 603,01-08-2025,,,, Electricity Charges ,301003,,542,
ME-2025-0001157,301003,Electricity Charges,BE 701,01-08-2025,,,, Electricity Charges ,301003,,542,
ME-2025-0001168,301003,Electricity Charges,BE 702,01-08-2025,,,, Electricity Charges ,301003,,542,
ME-2025-0001179,301003,Electricity Charges,BE 703,01-08-2025,,,, Electricity Charges ,301003,,542,
ME-2025-0001213,301003,Electricity Charges,BE 101,01-09-2025,,,, Electricity Charges ,301003,,542,
ME-2025-0001223,301003,Electricity Charges,BE 102,01-09-2025,,,, Electricity Charges ,301003,,542,
ME-2025-0001232,301003,Electricity Charges,BE 103,01-09-2025,,,, Electricity Charges ,301003,,542,
ME-2025-0001243,301003,Electricity Charges,BE 201,01-09-2025,,,, Electricity Charges ,301003,,542,
ME-2025-0001252,301003,Electricity Charges,BE 202,01-09-2025,,,, Electricity Charges ,301003,,542,
ME-2025-0001261,301003,Electricity Charges,BE 203,01-09-2025,,,, Electricity Charges ,301003,,542,
ME-2025-0001271,301003,Electricity Charges,BE 301,01-09-2025,,,, Electricity Charges ,301003,,542,
ME-2025-0001280,301003,Electricity Charges,BE 302,01-09-2025,,,, Electricity Charges ,301003,,542,
ME-2025-0001291,301003,Electricity Charges,BE 303,01-09-2025,,,, Electricity Charges ,301003,,542,
ME-2025-0001301,301003,Electricity Charges,BE 401,01-09-2025,,,, Electricity Charges ,301003,,542,
ME-2025-0001312,301003,Electricity Charges,BE 402,01-09-2025,,,, Electricity Charges ,301003,,542,
ME-2025-0001322,301003,Electricity Charges,BE 403,01-09-2025,,,, Electricity Charges ,301003,,542,
ME-2025-0001334,301003,Electricity Charges,BE 501,01-09-2025,,,, Electricity Charges ,301003,,542,
ME-2025-0001344,301003,Electricity Charges,BE 502,01-09-2025,,,, Electricity Charges ,301003,,542,
ME-2025-0001353,301003,Electricity Charges,BE 503,01-09-2025,,,, Electricity Charges ,301003,,542,
ME-2025-0001364,301003,Electricity Charges,BE 601,01-09-2025,,,, Electricity Charges ,301003,,542,
ME-2025-0001374,301003,Electricity Charges,BE 602,01-09-2025,,,, Electricity Charges ,301003,,542,
ME-2025-0001385,301003,Electricity Charges,BE 603,01-09-2025,,,, Electricity Charges ,301003,,542,
ME-2025-0001395,301003,Electricity Charges,BE 701,01-09-2025,,,, Electricity Charges ,301003,,542,
ME-2025-0001405,301003,Electricity Charges,BE 702,01-09-2025,,,, Electricity Charges ,301003,,542,
ME-2025-0001415,301003,Electricity Charges,BE 703,01-09-2025,,,, Electricity Charges ,301003,,542,
ME-2025-0001452,301003,Electricity Charges,BE 101,01-10-2025,,,, Electricity Charges ,301003,,542,
ME-2025-0001462,301003,Electricity Charges,BE 102,01-10-2025,,,, Electricity Charges ,301003,,542,
ME-2025-0001471,301003,Electricity Charges,BE 103,01-10-2025,,,, Electricity Charges ,301003,,542,
ME-2025-0001482,301003,Electricity Charges,BE 201,01-10-2025,,,, Electricity Charges ,301003,,542,
ME-2025-0001491,301003,Electricity Charges,BE 202,01-10-2025,,,, Electricity Charges ,301003,,542,
ME-2025-0001500,301003,Electricity Charges,BE 203,01-10-2025,,,, Electricity Charges ,301003,,542,
ME-2025-0001510,301003,Electricity Charges,BE 301,01-10-2025,,,, Electricity Charges ,301003,,542,
ME-2025-0001519,301003,Electricity Charges,BE 302,01-10-2025,,,, Electricity Charges ,301003,,542,
ME-2025-0001530,301003,Electricity Charges,BE 303,01-10-2025,,,, Electricity Charges ,301003,,542,
ME-2025-0001540,301003,Electricity Charges,BE 401,01-10-2025,,,, Electricity Charges ,301003,,542,
ME-2025-0001551,301003,Electricity Charges,BE 402,01-10-2025,,,, Electricity Charges ,301003,,542,
ME-2025-0001562,301003,Electricity Charges,BE 403,01-10-2025,,,, Electricity Charges ,301003,,542,
ME-2025-0001574,301003,Electricity Charges,BE 501,01-10-2025,,,, Electricity Charges ,301003,,542,
ME-2025-0001584,301003,Electricity Charges,BE 502,01-10-2025,,,, Electricity Charges ,301003,,542,
ME-2025-0001593,301003,Electricity Charges,BE 503,01-10-2025,,,, Electricity Charges ,301003,,542,
ME-2025-0001604,301003,Electricity Charges,BE 601,01-10-2025,,,, Electricity Charges ,301003,,542,
ME-2025-0001614,301003,Electricity Charges,BE 602,01-10-2025,,,, Electricity Charges ,301003,,542,
ME-2025-0001625,301003,Electricity Charges,BE 603,01-10-2025,,,, Electricity Charges ,301003,,542,
ME-2025-0001635,301003,Electricity Charges,BE 701,01-10-2025,,,, Electricity Charges ,301003,,542,
ME-2025-0001645,301003,Electricity Charges,BE 702,01-10-2025,,,, Electricity Charges ,301003,,542,
ME-2025-0001655,301003,Electricity Charges,BE 703,01-10-2025,,,, Electricity Charges ,301003,,542,
ME-2025-0001693,301003,Electricity Charges,BE 101,01-11-2025,,,, Electricity Charges ,301003,,542,
ME-2025-0001703,301003,Electricity Charges,BE 102,01-11-2025,,,, Electricity Charges ,301003,,542,
ME-2025-0001712,301003,Electricity Charges,BE 103,01-11-2025,,,, Electricity Charges ,301003,,542,
ME-2025-0001723,301003,Electricity Charges,BE 201,01-11-2025,,,, Electricity Charges ,301003,,542,
ME-2025-0001732,301003,Electricity Charges,BE 202,01-11-2025,,,, Electricity Charges ,301003,,542,
ME-2025-0001741,301003,Electricity Charges,BE 203,01-11-2025,,,, Electricity Charges ,301003,,542,
ME-2025-0001751,301003,Electricity Charges,BE 301,01-11-2025,,,, Electricity Charges ,301003,,542,
ME-2025-0001760,301003,Electricity Charges,BE 302,01-11-2025,,,, Electricity Charges ,301003,,542,
ME-2025-0001771,301003,Electricity Charges,BE 303,01-11-2025,,,, Electricity Charges ,301003,,542,
ME-2025-0001781,301003,Electricity Charges,BE 401,01-11-2025,,,, Electricity Charges ,301003,,542,
ME-2025-0001792,301003,Electricity Charges,BE 402,01-11-2025,,,, Electricity Charges ,301003,,542,
ME-2025-0001803,301003,Electricity Charges,BE 403,01-11-2025,,,, Electricity Charges ,301003,,542,
ME-2025-0001815,301003,Electricity Charges,BE 501,01-11-2025,,,, Electricity Charges ,301003,,542,
ME-2025-0001825,301003,Electricity Charges,BE 502,01-11-2025,,,, Electricity Charges ,301003,,542,
ME-2025-0001834,301003,Electricity Charges,BE 503,01-11-2025,,,, Electricity Charges ,301003,,542,
ME-2025-0001845,301003,Electricity Charges,BE 601,01-11-2025,,,, Electricity Charges ,301003,,542,
ME-2025-0001855,301003,Electricity Charges,BE 602,01-11-2025,,,, Electricity Charges ,301003,,542,
ME-2025-0001866,301003,Electricity Charges,BE 603,01-11-2025,,,, Electricity Charges ,301003,,542,
ME-2025-0001876,301003,Electricity Charges,BE 701,01-11-2025,,,, Electricity Charges ,301003,,542,
ME-2025-0001886,301003,Electricity Charges,BE 702,01-11-2025,,,, Electricity Charges ,301003,,542,
ME-2025-0001896,301003,Electricity Charges,BE 703,01-11-2025,,,, Electricity Charges ,301003,,542,
ME-2025-0001945,301003,Electricity Charges,BE 101,01-12-2025,,,, Electricity Charges ,301003,,542,
ME-2025-0001955,301003,Electricity Charges,BE 102,01-12-2025,,,, Electricity Charges ,301003,,542,
ME-2025-0001964,301003,Electricity Charges,BE 103,01-12-2025,,,, Electricity Charges ,301003,,542,
ME-2025-0001975,301003,Electricity Charges,BE 201,01-12-2025,,,, Electricity Charges ,301003,,542,
ME-2025-0001984,301003,Electricity Charges,BE 202,01-12-2025,,,, Electricity Charges ,301003,,542,
ME-2025-0001993,301003,Electricity Charges,BE 203,01-12-2025,,,, Electricity Charges ,301003,,542,
ME-2025-0002003,301003,Electricity Charges,BE 301,01-12-2025,,,, Electricity Charges ,301003,,542,
ME-2025-0002014,301003,Electricity Charges,BE 303,01-12-2025,,,, Electricity Charges ,301003,,542,
ME-2025-0002024,301003,Electricity Charges,BE 401,01-12-2025,,,, Electricity Charges ,301003,,542,
ME-2025-0002035,301003,Electricity Charges,BE 402,01-12-2025,,,, Electricity Charges ,301003,,542,
ME-2025-0002045,301003,Electricity Charges,BE 403,01-12-2025,,,, Electricity Charges ,301003,,542,
ME-2025-0002057,301003,Electricity Charges,BE 501,01-12-2025,,,, Electricity Charges ,301003,,542,
ME-2025-0002068,301003,Electricity Charges,BE 502,01-12-2025,,,, Electricity Charges ,301003,,542,
ME-2025-0002077,301003,Electricity Charges,BE 503,01-12-2025,,,, Electricity Charges ,301003,,542,
ME-2025-0002088,301003,Electricity Charges,BE 601,01-12-2025,,,, Electricity Charges ,301003,,542,
ME-2025-0002098,301003,Electricity Charges,BE 602,01-12-2025,,,, Electricity Charges ,301003,,542,
ME-2025-0002108,301003,Electricity Charges,BE 603,01-12-2025,,,, Electricity Charges ,301003,,542,
ME-2025-0002118,301003,Electricity Charges,BE 701,01-12-2025,,,, Electricity Charges ,301003,,542,
ME-2025-0002128,301003,Electricity Charges,BE 702,01-12-2025,,,, Electricity Charges ,301003,,542,
ME-2025-0002138,301003,Electricity Charges,BE 703,01-12-2025,,,, Electricity Charges ,301003,,542,
ME-2025-0002149,301003,Electricity Charges,BE 302,01-12-2025,,,, Electricity Charges ,301003,,542,
ME-2025-0002186,301003,Electricity Charges,BE 101,01-01-2026,,,, Electricity Charges ,301003,,542,
ME-2025-0002196,301003,Electricity Charges,BE 102,01-01-2026,,,, Electricity Charges ,301003,,542,
ME-2025-0002205,301003,Electricity Charges,BE 103,01-01-2026,,,, Electricity Charges ,301003,,542,
ME-2025-0002216,301003,Electricity Charges,BE 201,01-01-2026,,,, Electricity Charges ,301003,,542,
ME-2025-0002225,301003,Electricity Charges,BE 202,01-01-2026,,,, Electricity Charges ,301003,,542,
ME-2025-0002234,301003,Electricity Charges,BE 203,01-01-2026,,,, Electricity Charges ,301003,,542,
ME-2025-0002244,301003,Electricity Charges,BE 301,01-01-2026,,,, Electricity Charges ,301003,,542,
ME-2025-0002253,301003,Electricity Charges,BE 302,01-01-2026,,,, Electricity Charges ,301003,,542,
ME-2025-0002265,301003,Electricity Charges,BE 303,01-01-2026,,,, Electricity Charges ,301003,,542,
ME-2025-0002275,301003,Electricity Charges,BE 401,01-01-2026,,,, Electricity Charges ,301003,,542,
ME-2025-0002287,301003,Electricity Charges,BE 402,01-01-2026,,,, Electricity Charges ,301003,,542,
ME-2025-0002297,301003,Electricity Charges,BE 403,01-01-2026,,,, Electricity Charges ,301003,,542,
ME-2025-0002309,301003,Electricity Charges,BE 501,01-01-2026,,,, Electricity Charges ,301003,,542,
ME-2025-0002320,301003,Electricity Charges,BE 502,01-01-2026,,,, Electricity Charges ,301003,,542,
ME-2025-0002330,301003,Electricity Charges,BE 503,01-01-2026,,,, Electricity Charges ,301003,,542,
ME-2025-0002341,301003,Electricity Charges,BE 601,01-01-2026,,,, Electricity Charges ,301003,,542,
ME-2025-0002351,301003,Electricity Charges,BE 602,01-01-2026,,,, Electricity Charges ,301003,,542,
ME-2025-0002362,301003,Electricity Charges,BE 603,01-01-2026,,,, Electricity Charges ,301003,,542,
ME-2025-0002372,301003,Electricity Charges,BE 701,01-01-2026,,,, Electricity Charges ,301003,,542,
ME-2025-0002430,301003,Electricity Charges,BE 702,01-01-2026,,,, Electricity Charges ,301003,,542,
ME-2025-0002440,301003,Electricity Charges,BE 703,01-01-2026,,,, Electricity Charges ,301003,,542,
ME-2025-0002473,301003,Electricity Charges,BE 101,01-02-2026,,,, Electricity Charges ,301003,,542,
ME-2025-0002484,301003,Electricity Charges,BE 102,01-02-2026,,,, Electricity Charges ,301003,,542,
ME-2025-0002493,301003,Electricity Charges,BE 103,01-02-2026,,,, Electricity Charges ,301003,,542,
ME-2025-0002504,301003,Electricity Charges,BE 201,01-02-2026,,,, Electricity Charges ,301003,,542,
ME-2025-0002513,301003,Electricity Charges,BE 202,01-02-2026,,,, Electricity Charges ,301003,,542,
ME-2025-0002522,301003,Electricity Charges,BE 203,01-02-2026,,,, Electricity Charges ,301003,,542,
ME-2025-0002532,301003,Electricity Charges,BE 301,01-02-2026,,,, Electricity Charges ,301003,,542,
ME-2025-0002541,301003,Electricity Charges,BE 302,01-02-2026,,,, Electricity Charges ,301003,,542,
ME-2025-0002552,301003,Electricity Charges,BE 303,01-02-2026,,,, Electricity Charges ,301003,,542,
ME-2025-0002562,301003,Electricity Charges,BE 401,01-02-2026,,,, Electricity Charges ,301003,,542,
ME-2025-0002573,301003,Electricity Charges,BE 402,01-02-2026,,,, Electricity Charges ,301003,,542,
ME-2025-0002583,301003,Electricity Charges,BE 403,01-02-2026,,,, Electricity Charges ,301003,,542,
ME-2025-0002595,301003,Electricity Charges,BE 501,01-02-2026,,,, Electricity Charges ,301003,,542,
ME-2025-0002605,301003,Electricity Charges,BE 502,01-02-2026,,,, Electricity Charges ,301003,,542,
ME-2025-0002614,301003,Electricity Charges,BE 503,01-02-2026,,,, Electricity Charges ,301003,,542,
ME-2025-0002625,301003,Electricity Charges,BE 601,01-02-2026,,,, Electricity Charges ,301003,,542,
ME-2025-0002635,301003,Electricity Charges,BE 602,01-02-2026,,,, Electricity Charges ,301003,,542,
ME-2025-0002645,301003,Electricity Charges,BE 603,01-02-2026,,,, Electricity Charges ,301003,,542,
ME-2025-0002655,301003,Electricity Charges,BE 701,01-02-2026,,,, Electricity Charges ,301003,,542,
ME-2025-0002665,301003,Electricity Charges,BE 702,01-02-2026,,,, Electricity Charges ,301003,,542,
ME-2025-0002675,301003,Electricity Charges,BE 703,01-02-2026,,,, Electricity Charges ,301003,,542,
ME-2025-0002710,301003,Electricity Charges,BE 101,01-03-2026,,,, Electricity Charges ,301003,,542,
ME-2025-0002721,301003,Electricity Charges,BE 102,01-03-2026,,,, Electricity Charges ,301003,,542,
ME-2025-0002730,301003,Electricity Charges,BE 103,01-03-2026,,,, Electricity Charges ,301003,,542,
ME-2025-0002741,301003,Electricity Charges,BE 201,01-03-2026,,,, Electricity Charges ,301003,,542,
ME-2025-0002750,301003,Electricity Charges,BE 202,01-03-2026,,,, Electricity Charges ,301003,,542,
ME-2025-0002759,301003,Electricity Charges,BE 203,01-03-2026,,,, Electricity Charges ,301003,,542,
ME-2025-0002769,301003,Electricity Charges,BE 301,01-03-2026,,,, Electricity Charges ,301003,,542,
ME-2025-0002778,301003,Electricity Charges,BE 302,01-03-2026,,,, Electricity Charges ,301003,,542,
ME-2025-0002789,301003,Electricity Charges,BE 303,01-03-2026,,,, Electricity Charges ,301003,,542,
ME-2025-0002799,301003,Electricity Charges,BE 401,01-03-2026,,,, Electricity Charges ,301003,,542,
ME-2025-0002810,301003,Electricity Charges,BE 402,01-03-2026,,,, Electricity Charges ,301003,,542,
ME-2025-0002820,301003,Electricity Charges,BE 403,01-03-2026,,,, Electricity Charges ,301003,,542,
ME-2025-0002832,301003,Electricity Charges,BE 501,01-03-2026,,,, Electricity Charges ,301003,,542,
ME-2025-0002842,301003,Electricity Charges,BE 502,01-03-2026,,,, Electricity Charges ,301003,,542,
ME-2025-0002851,301003,Electricity Charges,BE 503,01-03-2026,,,, Electricity Charges ,301003,,542,
ME-2025-0002862,301003,Electricity Charges,BE 601,01-03-2026,,,, Electricity Charges ,301003,,542,
ME-2025-0002872,301003,Electricity Charges,BE 602,01-03-2026,,,, Electricity Charges ,301003,,542,
ME-2025-0002882,301003,Electricity Charges,BE 603,01-03-2026,,,, Electricity Charges ,301003,,542,
ME-2025-0002892,301003,Electricity Charges,BE 701,01-03-2026,,,, Electricity Charges ,301003,,542,
ME-2025-0002902,301003,Electricity Charges,BE 702,01-03-2026,,,, Electricity Charges ,301003,,542,
ME-2025-0002912,301003,Electricity Charges,BE 703,01-03-2026,,,, Electricity Charges ,301003,,542,

"Balance : 136584(Credit)","","","","","","","","","","0","136584",

"Income - Members > Water Charges ( 301004 ) ",
"Journal No","Other GL No.","Other Account","Subledger","Posted Date","Comments","Instrument No.","Instrument Bank","Account Name","GL Account No.","Debit","Credit",
"","","","","","Opening Balance","",""," Water Charges ","301004","","",
ME-2025-0000015,301004,Water Charges,BE 101,01-04-2025,,,, Water Charges ,301004,,196,
ME-2025-0000024,301004,Water Charges,BE 102,01-04-2025,,,, Water Charges ,301004,,196,
ME-2025-0000035,301004,Water Charges,BE 103,01-04-2025,,,, Water Charges ,301004,,196,
ME-2025-0000045,301004,Water Charges,BE 201,01-04-2025,,,, Water Charges ,301004,,196,
ME-2025-0000053,301004,Water Charges,BE 202,01-04-2025,,,, Water Charges ,301004,,196,
ME-2025-0000063,301004,Water Charges,BE 203,01-04-2025,,,, Water Charges ,301004,,196,
ME-2025-0000073,301004,Water Charges,BE 301,01-04-2025,,,, Water Charges ,301004,,196,
ME-2025-0000082,301004,Water Charges,BE 302,01-04-2025,,,, Water Charges ,301004,,196,
ME-2025-0000094,301004,Water Charges,BE 303,01-04-2025,,,, Water Charges ,301004,,196,
ME-2025-0000103,301004,Water Charges,BE 401,01-04-2025,,,, Water Charges ,301004,,196,
ME-2025-0000113,301004,Water Charges,BE 402,01-04-2025,,,, Water Charges ,301004,,196,
ME-2025-0000125,301004,Water Charges,BE 403,01-04-2025,,,, Water Charges ,301004,,196,
ME-2025-0000138,301004,Water Charges,BE 501,01-04-2025,,,, Water Charges ,301004,,196,
ME-2025-0000146,301004,Water Charges,BE 502,01-04-2025,,,, Water Charges ,301004,,196,
ME-2025-0000157,301004,Water Charges,BE 503,01-04-2025,,,, Water Charges ,301004,,196,
ME-2025-0000168,301004,Water Charges,BE 601,01-04-2025,,,, Water Charges ,301004,,196,
ME-2025-0000177,301004,Water Charges,BE 602,01-04-2025,,,, Water Charges ,301004,,196,
ME-2025-0000187,301004,Water Charges,BE 603,01-04-2025,,,, Water Charges ,301004,,196,
ME-2025-0000198,301004,Water Charges,BE 701,01-04-2025,,,, Water Charges ,301004,,196,
ME-2025-0000207,301004,Water Charges,BE 702,01-04-2025,,,, Water Charges ,301004,,196,
ME-2025-0000218,301004,Water Charges,BE 703,01-04-2025,,,, Water Charges ,301004,,196,
ME-2025-0000254,301004,Water Charges,BE 101,01-05-2025,,,, Water Charges ,301004,,196,
ME-2025-0000263,301004,Water Charges,BE 102,01-05-2025,,,, Water Charges ,301004,,196,
ME-2025-0000274,301004,Water Charges,BE 103,01-05-2025,,,, Water Charges ,301004,,196,
ME-2025-0000284,301004,Water Charges,BE 201,01-05-2025,,,, Water Charges ,301004,,196,
ME-2025-0000292,301004,Water Charges,BE 202,01-05-2025,,,, Water Charges ,301004,,196,
ME-2025-0000302,301004,Water Charges,BE 203,01-05-2025,,,, Water Charges ,301004,,196,
ME-2025-0000312,301004,Water Charges,BE 301,01-05-2025,,,, Water Charges ,301004,,196,
ME-2025-0000321,301004,Water Charges,BE 302,01-05-2025,,,, Water Charges ,301004,,196,
ME-2025-0000333,301004,Water Charges,BE 303,01-05-2025,,,, Water Charges ,301004,,196,
ME-2025-0000342,301004,Water Charges,BE 401,01-05-2025,,,, Water Charges ,301004,,196,
ME-2025-0000352,301004,Water Charges,BE 402,01-05-2025,,,, Water Charges ,301004,,196,
ME-2025-0000364,301004,Water Charges,BE 403,01-05-2025,,,, Water Charges ,301004,,196,
ME-2025-0000378,301004,Water Charges,BE 501,01-05-2025,,,, Water Charges ,301004,,196,
ME-2025-0000386,301004,Water Charges,BE 502,01-05-2025,,,, Water Charges ,301004,,196,
ME-2025-0000397,301004,Water Charges,BE 503,01-05-2025,,,, Water Charges ,301004,,196,
ME-2025-0000408,301004,Water Charges,BE 601,01-05-2025,,,, Water Charges ,301004,,196,
ME-2025-0000417,301004,Water Charges,BE 602,01-05-2025,,,, Water Charges ,301004,,196,
ME-2025-0000428,301004,Water Charges,BE 603,01-05-2025,,,, Water Charges ,301004,,196,
ME-2025-0000439,301004,Water Charges,BE 701,01-05-2025,,,, Water Charges ,301004,,196,
ME-2025-0000448,301004,Water Charges,BE 702,01-05-2025,,,, Water Charges ,301004,,196,
ME-2025-0000459,301004,Water Charges,BE 703,01-05-2025,,,, Water Charges ,301004,,196,
ME-2025-0000492,301004,Water Charges,BE 101,01-06-2025,,,, Water Charges ,301004,,196,
ME-2025-0000501,301004,Water Charges,BE 102,01-06-2025,,,, Water Charges ,301004,,196,
ME-2025-0000512,301004,Water Charges,BE 103,01-06-2025,,,, Water Charges ,301004,,196,
ME-2025-0000522,301004,Water Charges,BE 201,01-06-2025,,,, Water Charges ,301004,,196,
ME-2025-0000530,301004,Water Charges,BE 202,01-06-2025,,,, Water Charges ,301004,,196,
ME-2025-0000540,301004,Water Charges,BE 203,01-06-2025,,,, Water Charges ,301004,,196,
ME-2025-0000550,301004,Water Charges,BE 301,01-06-2025,,,, Water Charges ,301004,,196,
ME-2025-0000559,301004,Water Charges,BE 302,01-06-2025,,,, Water Charges ,301004,,196,
ME-2025-0000571,301004,Water Charges,BE 303,01-06-2025,,,, Water Charges ,301004,,196,
ME-2025-0000580,301004,Water Charges,BE 401,01-06-2025,,,, Water Charges ,301004,,196,
ME-2025-0000590,301004,Water Charges,BE 402,01-06-2025,,,, Water Charges ,301004,,196,
ME-2025-0000601,301004,Water Charges,BE 403,01-06-2025,,,, Water Charges ,301004,,196,
ME-2025-0000615,301004,Water Charges,BE 501,01-06-2025,,,, Water Charges ,301004,,196,
ME-2025-0000623,301004,Water Charges,BE 502,01-06-2025,,,, Water Charges ,301004,,196,
ME-2025-0000634,301004,Water Charges,BE 503,01-06-2025,,,, Water Charges ,301004,,196,
ME-2025-0000645,301004,Water Charges,BE 601,01-06-2025,,,, Water Charges ,301004,,196,
ME-2025-0000654,301004,Water Charges,BE 602,01-06-2025,,,, Water Charges ,301004,,196,
ME-2025-0000665,301004,Water Charges,BE 603,01-06-2025,,,, Water Charges ,301004,,196,
ME-2025-0000676,301004,Water Charges,BE 701,01-06-2025,,,, Water Charges ,301004,,196,
ME-2025-0000685,301004,Water Charges,BE 702,01-06-2025,,,, Water Charges ,301004,,196,
ME-2025-0000696,301004,Water Charges,BE 703,01-06-2025,,,, Water Charges ,301004,,196,
ME-2025-0000730,301004,Water Charges,BE 101,01-07-2025,,,, Water Charges ,301004,,196,
ME-2025-0000739,301004,Water Charges,BE 102,01-07-2025,,,, Water Charges ,301004,,196,
ME-2025-0000750,301004,Water Charges,BE 103,01-07-2025,,,, Water Charges ,301004,,196,
ME-2025-0000760,301004,Water Charges,BE 201,01-07-2025,,,, Water Charges ,301004,,196,
ME-2025-0000768,301004,Water Charges,BE 202,01-07-2025,,,, Water Charges ,301004,,196,
ME-2025-0000778,301004,Water Charges,BE 203,01-07-2025,,,, Water Charges ,301004,,196,
ME-2025-0000788,301004,Water Charges,BE 301,01-07-2025,,,, Water Charges ,301004,,196,
ME-2025-0000797,301004,Water Charges,BE 302,01-07-2025,,,, Water Charges ,301004,,196,
ME-2025-0000809,301004,Water Charges,BE 303,01-07-2025,,,, Water Charges ,301004,,196,
ME-2025-0000818,301004,Water Charges,BE 401,01-07-2025,,,, Water Charges ,301004,,196,
ME-2025-0000828,301004,Water Charges,BE 402,01-07-2025,,,, Water Charges ,301004,,196,
ME-2025-0000839,301004,Water Charges,BE 403,01-07-2025,,,, Water Charges ,301004,,196,
ME-2025-0000852,301004,Water Charges,BE 501,01-07-2025,,,, Water Charges ,301004,,196,
ME-2025-0000860,301004,Water Charges,BE 502,01-07-2025,,,, Water Charges ,301004,,196,
ME-2025-0000871,301004,Water Charges,BE 503,01-07-2025,,,, Water Charges ,301004,,196,
ME-2025-0000882,301004,Water Charges,BE 601,01-07-2025,,,, Water Charges ,301004,,196,
ME-2025-0000891,301004,Water Charges,BE 602,01-07-2025,,,, Water Charges ,301004,,196,
ME-2025-0000902,301004,Water Charges,BE 603,01-07-2025,,,, Water Charges ,301004,,196,
ME-2025-0000913,301004,Water Charges,BE 701,01-07-2025,,,, Water Charges ,301004,,196,
ME-2025-0000922,301004,Water Charges,BE 702,01-07-2025,,,, Water Charges ,301004,,196,
ME-2025-0000933,301004,Water Charges,BE 703,01-07-2025,,,, Water Charges ,301004,,196,
ME-2025-0000969,301004,Water Charges,BE 101,01-08-2025,,,, Water Charges ,301004,,196,
ME-2025-0000978,301004,Water Charges,BE 102,01-08-2025,,,, Water Charges ,301004,,196,
ME-2025-0000990,301004,Water Charges,BE 103,01-08-2025,,,, Water Charges ,301004,,196,
ME-2025-0001001,301004,Water Charges,BE 201,01-08-2025,,,, Water Charges ,301004,,196,
ME-2025-0001009,301004,Water Charges,BE 202,01-08-2025,,,, Water Charges ,301004,,196,
ME-2025-0001020,301004,Water Charges,BE 203,01-08-2025,,,, Water Charges ,301004,,196,
ME-2025-0001031,301004,Water Charges,BE 301,01-08-2025,,,, Water Charges ,301004,,196,
ME-2025-0001040,301004,Water Charges,BE 302,01-08-2025,,,, Water Charges ,301004,,196,
ME-2025-0001053,301004,Water Charges,BE 303,01-08-2025,,,, Water Charges ,301004,,196,
ME-2025-0001063,301004,Water Charges,BE 401,01-08-2025,,,, Water Charges ,301004,,196,
ME-2025-0001073,301004,Water Charges,BE 402,01-08-2025,,,, Water Charges ,301004,,196,
ME-2025-0001085,301004,Water Charges,BE 403,01-08-2025,,,, Water Charges ,301004,,196,
ME-2025-0001099,301004,Water Charges,BE 501,01-08-2025,,,, Water Charges ,301004,,196,
ME-2025-0001107,301004,Water Charges,BE 502,01-08-2025,,,, Water Charges ,301004,,196,
ME-2025-0001119,301004,Water Charges,BE 503,01-08-2025,,,, Water Charges ,301004,,196,
ME-2025-0001131,301004,Water Charges,BE 601,01-08-2025,,,, Water Charges ,301004,,196,
ME-2025-0001140,301004,Water Charges,BE 602,01-08-2025,,,, Water Charges ,301004,,196,
ME-2025-0001152,301004,Water Charges,BE 603,01-08-2025,,,, Water Charges ,301004,,196,
ME-2025-0001164,301004,Water Charges,BE 701,01-08-2025,,,, Water Charges ,301004,,196,
ME-2025-0001174,301004,Water Charges,BE 702,01-08-2025,,,, Water Charges ,301004,,196,
ME-2025-0001186,301004,Water Charges,BE 703,01-08-2025,,,, Water Charges ,301004,,196,
ME-2025-0001219,301004,Water Charges,BE 101,01-09-2025,,,, Water Charges ,301004,,196,
ME-2025-0001228,301004,Water Charges,BE 102,01-09-2025,,,, Water Charges ,301004,,196,
ME-2025-0001239,301004,Water Charges,BE 103,01-09-2025,,,, Water Charges ,301004,,196,
ME-2025-0001249,301004,Water Charges,BE 201,01-09-2025,,,, Water Charges ,301004,,196,
ME-2025-0001257,301004,Water Charges,BE 202,01-09-2025,,,, Water Charges ,301004,,196,
ME-2025-0001267,301004,Water Charges,BE 203,01-09-2025,,,, Water Charges ,301004,,196,
ME-2025-0001277,301004,Water Charges,BE 301,01-09-2025,,,, Water Charges ,301004,,196,
ME-2025-0001286,301004,Water Charges,BE 302,01-09-2025,,,, Water Charges ,301004,,196,
ME-2025-0001298,301004,Water Charges,BE 303,01-09-2025,,,, Water Charges ,301004,,196,
ME-2025-0001307,301004,Water Charges,BE 401,01-09-2025,,,, Water Charges ,301004,,196,
ME-2025-0001317,301004,Water Charges,BE 402,01-09-2025,,,, Water Charges ,301004,,196,
ME-2025-0001328,301004,Water Charges,BE 403,01-09-2025,,,, Water Charges ,301004,,196,
ME-2025-0001341,301004,Water Charges,BE 501,01-09-2025,,,, Water Charges ,301004,,196,
ME-2025-0001349,301004,Water Charges,BE 502,01-09-2025,,,, Water Charges ,301004,,196,
ME-2025-0001360,301004,Water Charges,BE 503,01-09-2025,,,, Water Charges ,301004,,196,
ME-2025-0001371,301004,Water Charges,BE 601,01-09-2025,,,, Water Charges ,301004,,196,
ME-2025-0001380,301004,Water Charges,BE 602,01-09-2025,,,, Water Charges ,301004,,196,
ME-2025-0001391,301004,Water Charges,BE 603,01-09-2025,,,, Water Charges ,301004,,196,
ME-2025-0001402,301004,Water Charges,BE 701,01-09-2025,,,, Water Charges ,301004,,196,
ME-2025-0001411,301004,Water Charges,BE 702,01-09-2025,,,, Water Charges ,301004,,196,
ME-2025-0001422,301004,Water Charges,BE 703,01-09-2025,,,, Water Charges ,301004,,196,
ME-2025-0001458,301004,Water Charges,BE 101,01-10-2025,,,, Water Charges ,301004,,196,
ME-2025-0001467,301004,Water Charges,BE 102,01-10-2025,,,, Water Charges ,301004,,196,
ME-2025-0001478,301004,Water Charges,BE 103,01-10-2025,,,, Water Charges ,301004,,196,
ME-2025-0001488,301004,Water Charges,BE 201,01-10-2025,,,, Water Charges ,301004,,196,
ME-2025-0001496,301004,Water Charges,BE 202,01-10-2025,,,, Water Charges ,301004,,196,
ME-2025-0001506,301004,Water Charges,BE 203,01-10-2025,,,, Water Charges ,301004,,196,
ME-2025-0001516,301004,Water Charges,BE 301,01-10-2025,,,, Water Charges ,301004,,196,
ME-2025-0001525,301004,Water Charges,BE 302,01-10-2025,,,, Water Charges ,301004,,196,
ME-2025-0001537,301004,Water Charges,BE 303,01-10-2025,,,, Water Charges ,301004,,196,
ME-2025-0001546,301004,Water Charges,BE 401,01-10-2025,,,, Water Charges ,301004,,196,
ME-2025-0001556,301004,Water Charges,BE 402,01-10-2025,,,, Water Charges ,301004,,196,
ME-2025-0001568,301004,Water Charges,BE 403,01-10-2025,,,, Water Charges ,301004,,196,
ME-2025-0001581,301004,Water Charges,BE 501,01-10-2025,,,, Water Charges ,301004,,196,
ME-2025-0001589,301004,Water Charges,BE 502,01-10-2025,,,, Water Charges ,301004,,196,
ME-2025-0001600,301004,Water Charges,BE 503,01-10-2025,,,, Water Charges ,301004,,196,
ME-2025-0001611,301004,Water Charges,BE 601,01-10-2025,,,, Water Charges ,301004,,196,
ME-2025-0001620,301004,Water Charges,BE 602,01-10-2025,,,, Water Charges ,301004,,196,
ME-2025-0001631,301004,Water Charges,BE 603,01-10-2025,,,, Water Charges ,301004,,196,
ME-2025-0001642,301004,Water Charges,BE 701,01-10-2025,,,, Water Charges ,301004,,196,
ME-2025-0001651,301004,Water Charges,BE 702,01-10-2025,,,, Water Charges ,301004,,196,
ME-2025-0001662,301004,Water Charges,BE 703,01-10-2025,,,, Water Charges ,301004,,196,
ME-2025-0001699,301004,Water Charges,BE 101,01-11-2025,,,, Water Charges ,301004,,196,
ME-2025-0001708,301004,Water Charges,BE 102,01-11-2025,,,, Water Charges ,301004,,196,
ME-2025-0001719,301004,Water Charges,BE 103,01-11-2025,,,, Water Charges ,301004,,196,
ME-2025-0001729,301004,Water Charges,BE 201,01-11-2025,,,, Water Charges ,301004,,196,
ME-2025-0001737,301004,Water Charges,BE 202,01-11-2025,,,, Water Charges ,301004,,196,
ME-2025-0001747,301004,Water Charges,BE 203,01-11-2025,,,, Water Charges ,301004,,196,
ME-2025-0001757,301004,Water Charges,BE 301,01-11-2025,,,, Water Charges ,301004,,196,
ME-2025-0001766,301004,Water Charges,BE 302,01-11-2025,,,, Water Charges ,301004,,196,
ME-2025-0001778,301004,Water Charges,BE 303,01-11-2025,,,, Water Charges ,301004,,196,
ME-2025-0001787,301004,Water Charges,BE 401,01-11-2025,,,, Water Charges ,301004,,196,
ME-2025-0001797,301004,Water Charges,BE 402,01-11-2025,,,, Water Charges ,301004,,196,
ME-2025-0001809,301004,Water Charges,BE 403,01-11-2025,,,, Water Charges ,301004,,196,
ME-2025-0001822,301004,Water Charges,BE 501,01-11-2025,,,, Water Charges ,301004,,196,
ME-2025-0001830,301004,Water Charges,BE 502,01-11-2025,,,, Water Charges ,301004,,196,
ME-2025-0001841,301004,Water Charges,BE 503,01-11-2025,,,, Water Charges ,301004,,196,
ME-2025-0001852,301004,Water Charges,BE 601,01-11-2025,,,, Water Charges ,301004,,196,
ME-2025-0001861,301004,Water Charges,BE 602,01-11-2025,,,, Water Charges ,301004,,196,
ME-2025-0001872,301004,Water Charges,BE 603,01-11-2025,,,, Water Charges ,301004,,196,
ME-2025-0001883,301004,Water Charges,BE 701,01-11-2025,,,, Water Charges ,301004,,196,
ME-2025-0001892,301004,Water Charges,BE 702,01-11-2025,,,, Water Charges ,301004,,196,
ME-2025-0001903,301004,Water Charges,BE 703,01-11-2025,,,, Water Charges ,301004,,196,
ME-2025-0001951,301004,Water Charges,BE 101,01-12-2025,,,, Water Charges ,301004,,196,
ME-2025-0001960,301004,Water Charges,BE 102,01-12-2025,,,, Water Charges ,301004,,196,
ME-2025-0001971,301004,Water Charges,BE 103,01-12-2025,,,, Water Charges ,301004,,196,
ME-2025-0001981,301004,Water Charges,BE 201,01-12-2025,,,, Water Charges ,301004,,196,
ME-2025-0001989,301004,Water Charges,BE 202,01-12-2025,,,, Water Charges ,301004,,196,
ME-2025-0001999,301004,Water Charges,BE 203,01-12-2025,,,, Water Charges ,301004,,196,
ME-2025-0002009,301004,Water Charges,BE 301,01-12-2025,,,, Water Charges ,301004,,196,
ME-2025-0002021,301004,Water Charges,BE 303,01-12-2025,,,, Water Charges ,301004,,196,
ME-2025-0002030,301004,Water Charges,BE 401,01-12-2025,,,, Water Charges ,301004,,196,
ME-2025-0002040,301004,Water Charges,BE 402,01-12-2025,,,, Water Charges ,301004,,196,
ME-2025-0002051,301004,Water Charges,BE 403,01-12-2025,,,, Water Charges ,301004,,196,
ME-2025-0002064,301004,Water Charges,BE 501,01-12-2025,,,, Water Charges ,301004,,196,
ME-2025-0002073,301004,Water Charges,BE 502,01-12-2025,,,, Water Charges ,301004,,196,
ME-2025-0002084,301004,Water Charges,BE 503,01-12-2025,,,, Water Charges ,301004,,196,
ME-2025-0002095,301004,Water Charges,BE 601,01-12-2025,,,, Water Charges ,301004,,196,
ME-2025-0002103,301004,Water Charges,BE 602,01-12-2025,,,, Water Charges ,301004,,196,
ME-2025-0002114,301004,Water Charges,BE 603,01-12-2025,,,, Water Charges ,301004,,196,
ME-2025-0002125,301004,Water Charges,BE 701,01-12-2025,,,, Water Charges ,301004,,196,
ME-2025-0002134,301004,Water Charges,BE 702,01-12-2025,,,, Water Charges ,301004,,196,
ME-2025-0002145,301004,Water Charges,BE 703,01-12-2025,,,, Water Charges ,301004,,196,
ME-2025-0002155,301004,Water Charges,BE 302,01-12-2025,,,, Water Charges ,301004,,196,
ME-2025-0002192,301004,Water Charges,BE 101,01-01-2026,,,, Water Charges ,301004,,196,
ME-2025-0002201,301004,Water Charges,BE 102,01-01-2026,,,, Water Charges ,301004,,196,
ME-2025-0002212,301004,Water Charges,BE 103,01-01-2026,,,, Water Charges ,301004,,196,
ME-2025-0002222,301004,Water Charges,BE 201,01-01-2026,,,, Water Charges ,301004,,196,
ME-2025-0002230,301004,Water Charges,BE 202,01-01-2026,,,, Water Charges ,301004,,196,
ME-2025-0002240,301004,Water Charges,BE 203,01-01-2026,,,, Water Charges ,301004,,196,
ME-2025-0002250,301004,Water Charges,BE 301,01-01-2026,,,, Water Charges ,301004,,196,
ME-2025-0002259,301004,Water Charges,BE 302,01-01-2026,,,, Water Charges ,301004,,196,
ME-2025-0002272,301004,Water Charges,BE 303,01-01-2026,,,, Water Charges ,301004,,196,
ME-2025-0002282,301004,Water Charges,BE 401,01-01-2026,,,, Water Charges ,301004,,196,
ME-2025-0002292,301004,Water Charges,BE 402,01-01-2026,,,, Water Charges ,301004,,196,
ME-2025-0002303,301004,Water Charges,BE 403,01-01-2026,,,, Water Charges ,301004,,196,
ME-2025-0002316,301004,Water Charges,BE 501,01-01-2026,,,, Water Charges ,301004,,196,
ME-2025-0002326,301004,Water Charges,BE 502,01-01-2026,,,, Water Charges ,301004,,196,
ME-2025-0002337,301004,Water Charges,BE 503,01-01-2026,,,, Water Charges ,301004,,196,
ME-2025-0002348,301004,Water Charges,BE 601,01-01-2026,,,, Water Charges ,301004,,196,
ME-2025-0002357,301004,Water Charges,BE 602,01-01-2026,,,, Water Charges ,301004,,196,
ME-2025-0002368,301004,Water Charges,BE 603,01-01-2026,,,, Water Charges ,301004,,196,
ME-2025-0002379,301004,Water Charges,BE 701,01-01-2026,,,, Water Charges ,301004,,196,
ME-2025-0002436,301004,Water Charges,BE 702,01-01-2026,,,, Water Charges ,301004,,196,
ME-2025-0002447,301004,Water Charges,BE 703,01-01-2026,,,, Water Charges ,301004,,196,
ME-2025-0002479,301004,Water Charges,BE 101,01-02-2026,,,, Water Charges ,301004,,196,
ME-2025-0002489,301004,Water Charges,BE 102,01-02-2026,,,, Water Charges ,301004,,196,
ME-2025-0002500,301004,Water Charges,BE 103,01-02-2026,,,, Water Charges ,301004,,196,
ME-2025-0002510,301004,Water Charges,BE 201,01-02-2026,,,, Water Charges ,301004,,196,
ME-2025-0002518,301004,Water Charges,BE 202,01-02-2026,,,, Water Charges ,301004,,196,
ME-2025-0002528,301004,Water Charges,BE 203,01-02-2026,,,, Water Charges ,301004,,196,
ME-2025-0002538,301004,Water Charges,BE 301,01-02-2026,,,, Water Charges ,301004,,196,
ME-2025-0002547,301004,Water Charges,BE 302,01-02-2026,,,, Water Charges ,301004,,196,
ME-2025-0002559,301004,Water Charges,BE 303,01-02-2026,,,, Water Charges ,301004,,196,
ME-2025-0002568,301004,Water Charges,BE 401,01-02-2026,,,, Water Charges ,301004,,196,
ME-2025-0002578,301004,Water Charges,BE 402,01-02-2026,,,, Water Charges ,301004,,196,
ME-2025-0002589,301004,Water Charges,BE 403,01-02-2026,,,, Water Charges ,301004,,196,
ME-2025-0002602,301004,Water Charges,BE 501,01-02-2026,,,, Water Charges ,301004,,196,
ME-2025-0002610,301004,Water Charges,BE 502,01-02-2026,,,, Water Charges ,301004,,196,
ME-2025-0002621,301004,Water Charges,BE 503,01-02-2026,,,, Water Charges ,301004,,196,
ME-2025-0002632,301004,Water Charges,BE 601,01-02-2026,,,, Water Charges ,301004,,196,
ME-2025-0002640,301004,Water Charges,BE 602,01-02-2026,,,, Water Charges ,301004,,196,
ME-2025-0002651,301004,Water Charges,BE 603,01-02-2026,,,, Water Charges ,301004,,196,
ME-2025-0002662,301004,Water Charges,BE 701,01-02-2026,,,, Water Charges ,301004,,196,
ME-2025-0002671,301004,Water Charges,BE 702,01-02-2026,,,, Water Charges ,301004,,196,
ME-2025-0002682,301004,Water Charges,BE 703,01-02-2026,,,, Water Charges ,301004,,196,
ME-2025-0002716,301004,Water Charges,BE 101,01-03-2026,,,, Water Charges ,301004,,196,
ME-2025-0002726,301004,Water Charges,BE 102,01-03-2026,,,, Water Charges ,301004,,196,
ME-2025-0002737,301004,Water Charges,BE 103,01-03-2026,,,, Water Charges ,301004,,196,
ME-2025-0002747,301004,Water Charges,BE 201,01-03-2026,,,, Water Charges ,301004,,196,
ME-2025-0002755,301004,Water Charges,BE 202,01-03-2026,,,, Water Charges ,301004,,196,
ME-2025-0002765,301004,Water Charges,BE 203,01-03-2026,,,, Water Charges ,301004,,196,
ME-2025-0002775,301004,Water Charges,BE 301,01-03-2026,,,, Water Charges ,301004,,196,
ME-2025-0002784,301004,Water Charges,BE 302,01-03-2026,,,, Water Charges ,301004,,196,
ME-2025-0002796,301004,Water Charges,BE 303,01-03-2026,,,, Water Charges ,301004,,196,
ME-2025-0002805,301004,Water Charges,BE 401,01-03-2026,,,, Water Charges ,301004,,196,
ME-2025-0002815,301004,Water Charges,BE 402,01-03-2026,,,, Water Charges ,301004,,196,
ME-2025-0002826,301004,Water Charges,BE 403,01-03-2026,,,, Water Charges ,301004,,196,
ME-2025-0002839,301004,Water Charges,BE 501,01-03-2026,,,, Water Charges ,301004,,196,
ME-2025-0002847,301004,Water Charges,BE 502,01-03-2026,,,, Water Charges ,301004,,196,
ME-2025-0002858,301004,Water Charges,BE 503,01-03-2026,,,, Water Charges ,301004,,196,
ME-2025-0002869,301004,Water Charges,BE 601,01-03-2026,,,, Water Charges ,301004,,196,
ME-2025-0002877,301004,Water Charges,BE 602,01-03-2026,,,, Water Charges ,301004,,196,
ME-2025-0002888,301004,Water Charges,BE 603,01-03-2026,,,, Water Charges ,301004,,196,
ME-2025-0002899,301004,Water Charges,BE 701,01-03-2026,,,, Water Charges ,301004,,196,
ME-2025-0002908,301004,Water Charges,BE 702,01-03-2026,,,, Water Charges ,301004,,196,
ME-2025-0002919,301004,Water Charges,BE 703,01-03-2026,,,, Water Charges ,301004,,196,

"Balance : 49392(Credit)","","","","","","","","","","0","49392",

"Income - Members > Lift Maintenance Charges ( 301005 ) ",
"Journal No","Other GL No.","Other Account","Subledger","Posted Date","Comments","Instrument No.","Instrument Bank","Account Name","GL Account No.","Debit","Credit",
"","","","","","Opening Balance","",""," Lift Maintenance Charges ","301005","","",
ME-2025-0000010,301005,Lift Maintenance Charges,BE 101,01-04-2025,,,, Lift Maintenance Charges ,301005,,83,
ME-2025-0000020,301005,Lift Maintenance Charges,BE 102,01-04-2025,,,, Lift Maintenance Charges ,301005,,83,
ME-2025-0000030,301005,Lift Maintenance Charges,BE 103,01-04-2025,,,, Lift Maintenance Charges ,301005,,83,
ME-2025-0000040,301005,Lift Maintenance Charges,BE 201,01-04-2025,,,, Lift Maintenance Charges ,301005,,83,
ME-2025-0000049,301005,Lift Maintenance Charges,BE 202,01-04-2025,,,, Lift Maintenance Charges ,301005,,83,
ME-2025-0000058,301005,Lift Maintenance Charges,BE 203,01-04-2025,,,, Lift Maintenance Charges ,301005,,83,
ME-2025-0000068,301005,Lift Maintenance Charges,BE 301,01-04-2025,,,, Lift Maintenance Charges ,301005,,83,
ME-2025-0000077,301005,Lift Maintenance Charges,BE 302,01-04-2025,,,, Lift Maintenance Charges ,301005,,83,
ME-2025-0000089,301005,Lift Maintenance Charges,BE 303,01-04-2025,,,, Lift Maintenance Charges ,301005,,83,
ME-2025-0000098,301005,Lift Maintenance Charges,BE 401,01-04-2025,,,, Lift Maintenance Charges ,301005,,83,
ME-2025-0000109,301005,Lift Maintenance Charges,BE 402,01-04-2025,,,, Lift Maintenance Charges ,301005,,83,
ME-2025-0000120,301005,Lift Maintenance Charges,BE 403,01-04-2025,,,, Lift Maintenance Charges ,301005,,83,
ME-2025-0000133,301005,Lift Maintenance Charges,BE 501,01-04-2025,,,, Lift Maintenance Charges ,301005,,83,
ME-2025-0000142,301005,Lift Maintenance Charges,BE 502,01-04-2025,,,, Lift Maintenance Charges ,301005,,83,
ME-2025-0000152,301005,Lift Maintenance Charges,BE 503,01-04-2025,,,, Lift Maintenance Charges ,301005,,83,
ME-2025-0000163,301005,Lift Maintenance Charges,BE 601,01-04-2025,,,, Lift Maintenance Charges ,301005,,83,
ME-2025-0000172,301005,Lift Maintenance Charges,BE 602,01-04-2025,,,, Lift Maintenance Charges ,301005,,83,
ME-2025-0000182,301005,Lift Maintenance Charges,BE 603,01-04-2025,,,, Lift Maintenance Charges ,301005,,83,
ME-2025-0000193,301005,Lift Maintenance Charges,BE 701,01-04-2025,,,, Lift Maintenance Charges ,301005,,83,
ME-2025-0000202,301005,Lift Maintenance Charges,BE 702,01-04-2025,,,, Lift Maintenance Charges ,301005,,83,
ME-2025-0000213,301005,Lift Maintenance Charges,BE 703,01-04-2025,,,, Lift Maintenance Charges ,301005,,83,
ME-2025-0000249,301005,Lift Maintenance Charges,BE 101,01-05-2025,,,, Lift Maintenance Charges ,301005,,83,
ME-2025-0000259,301005,Lift Maintenance Charges,BE 102,01-05-2025,,,, Lift Maintenance Charges ,301005,,83,
ME-2025-0000269,301005,Lift Maintenance Charges,BE 103,01-05-2025,,,, Lift Maintenance Charges ,301005,,83,
ME-2025-0000279,301005,Lift Maintenance Charges,BE 201,01-05-2025,,,, Lift Maintenance Charges ,301005,,83,
ME-2025-0000288,301005,Lift Maintenance Charges,BE 202,01-05-2025,,,, Lift Maintenance Charges ,301005,,83,
ME-2025-0000297,301005,Lift Maintenance Charges,BE 203,01-05-2025,,,, Lift Maintenance Charges ,301005,,83,
ME-2025-0000307,301005,Lift Maintenance Charges,BE 301,01-05-2025,,,, Lift Maintenance Charges ,301005,,83,
ME-2025-0000316,301005,Lift Maintenance Charges,BE 302,01-05-2025,,,, Lift Maintenance Charges ,301005,,83,
ME-2025-0000328,301005,Lift Maintenance Charges,BE 303,01-05-2025,,,, Lift Maintenance Charges ,301005,,83,
ME-2025-0000337,301005,Lift Maintenance Charges,BE 401,01-05-2025,,,, Lift Maintenance Charges ,301005,,83,
ME-2025-0000348,301005,Lift Maintenance Charges,BE 402,01-05-2025,,,, Lift Maintenance Charges ,301005,,83,
ME-2025-0000359,301005,Lift Maintenance Charges,BE 403,01-05-2025,,,, Lift Maintenance Charges ,301005,,83,
ME-2025-0000373,301005,Lift Maintenance Charges,BE 501,01-05-2025,,,, Lift Maintenance Charges ,301005,,83,
ME-2025-0000382,301005,Lift Maintenance Charges,BE 502,01-05-2025,,,, Lift Maintenance Charges ,301005,,83,
ME-2025-0000392,301005,Lift Maintenance Charges,BE 503,01-05-2025,,,, Lift Maintenance Charges ,301005,,83,
ME-2025-0000403,301005,Lift Maintenance Charges,BE 601,01-05-2025,,,, Lift Maintenance Charges ,301005,,83,
ME-2025-0000412,301005,Lift Maintenance Charges,BE 602,01-05-2025,,,, Lift Maintenance Charges ,301005,,83,
ME-2025-0000423,301005,Lift Maintenance Charges,BE 603,01-05-2025,,,, Lift Maintenance Charges ,301005,,83,
ME-2025-0000434,301005,Lift Maintenance Charges,BE 701,01-05-2025,,,, Lift Maintenance Charges ,301005,,83,
ME-2025-0000443,301005,Lift Maintenance Charges,BE 702,01-05-2025,,,, Lift Maintenance Charges ,301005,,83,
ME-2025-0000454,301005,Lift Maintenance Charges,BE 703,01-05-2025,,,, Lift Maintenance Charges ,301005,,83,
ME-2025-0000487,301005,Lift Maintenance Charges,BE 101,01-06-2025,,,, Lift Maintenance Charges ,301005,,83,
ME-2025-0000497,301005,Lift Maintenance Charges,BE 102,01-06-2025,,,, Lift Maintenance Charges ,301005,,83,
ME-2025-0000507,301005,Lift Maintenance Charges,BE 103,01-06-2025,,,, Lift Maintenance Charges ,301005,,83,
ME-2025-0000517,301005,Lift Maintenance Charges,BE 201,01-06-2025,,,, Lift Maintenance Charges ,301005,,83,
ME-2025-0000526,301005,Lift Maintenance Charges,BE 202,01-06-2025,,,, Lift Maintenance Charges ,301005,,83,
ME-2025-0000535,301005,Lift Maintenance Charges,BE 203,01-06-2025,,,, Lift Maintenance Charges ,301005,,83,
ME-2025-0000545,301005,Lift Maintenance Charges,BE 301,01-06-2025,,,, Lift Maintenance Charges ,301005,,83,
ME-2025-0000554,301005,Lift Maintenance Charges,BE 302,01-06-2025,,,, Lift Maintenance Charges ,301005,,83,
ME-2025-0000566,301005,Lift Maintenance Charges,BE 303,01-06-2025,,,, Lift Maintenance Charges ,301005,,83,
ME-2025-0000575,301005,Lift Maintenance Charges,BE 401,01-06-2025,,,, Lift Maintenance Charges ,301005,,83,
ME-2025-0000586,301005,Lift Maintenance Charges,BE 402,01-06-2025,,,, Lift Maintenance Charges ,301005,,83,
ME-2025-0000596,301005,Lift Maintenance Charges,BE 403,01-06-2025,,,, Lift Maintenance Charges ,301005,,83,
ME-2025-0000610,301005,Lift Maintenance Charges,BE 501,01-06-2025,,,, Lift Maintenance Charges ,301005,,83,
ME-2025-0000619,301005,Lift Maintenance Charges,BE 502,01-06-2025,,,, Lift Maintenance Charges ,301005,,83,
ME-2025-0000629,301005,Lift Maintenance Charges,BE 503,01-06-2025,,,, Lift Maintenance Charges ,301005,,83,
ME-2025-0000640,301005,Lift Maintenance Charges,BE 601,01-06-2025,,,, Lift Maintenance Charges ,301005,,83,
ME-2025-0000649,301005,Lift Maintenance Charges,BE 602,01-06-2025,,,, Lift Maintenance Charges ,301005,,83,
ME-2025-0000660,301005,Lift Maintenance Charges,BE 603,01-06-2025,,,, Lift Maintenance Charges ,301005,,83,
ME-2025-0000671,301005,Lift Maintenance Charges,BE 701,01-06-2025,,,, Lift Maintenance Charges ,301005,,83,
ME-2025-0000680,301005,Lift Maintenance Charges,BE 702,01-06-2025,,,, Lift Maintenance Charges ,301005,,83,
ME-2025-0000691,301005,Lift Maintenance Charges,BE 703,01-06-2025,,,, Lift Maintenance Charges ,301005,,83,
ME-2025-0000725,301005,Lift Maintenance Charges,BE 101,01-07-2025,,,, Lift Maintenance Charges ,301005,,83,
ME-2025-0000735,301005,Lift Maintenance Charges,BE 102,01-07-2025,,,, Lift Maintenance Charges ,301005,,83,
ME-2025-0000745,301005,Lift Maintenance Charges,BE 103,01-07-2025,,,, Lift Maintenance Charges ,301005,,83,
ME-2025-0000755,301005,Lift Maintenance Charges,BE 201,01-07-2025,,,, Lift Maintenance Charges ,301005,,83,
ME-2025-0000764,301005,Lift Maintenance Charges,BE 202,01-07-2025,,,, Lift Maintenance Charges ,301005,,83,
ME-2025-0000773,301005,Lift Maintenance Charges,BE 203,01-07-2025,,,, Lift Maintenance Charges ,301005,,83,
ME-2025-0000783,301005,Lift Maintenance Charges,BE 301,01-07-2025,,,, Lift Maintenance Charges ,301005,,83,
ME-2025-0000792,301005,Lift Maintenance Charges,BE 302,01-07-2025,,,, Lift Maintenance Charges ,301005,,83,
ME-2025-0000804,301005,Lift Maintenance Charges,BE 303,01-07-2025,,,, Lift Maintenance Charges ,301005,,83,
ME-2025-0000813,301005,Lift Maintenance Charges,BE 401,01-07-2025,,,, Lift Maintenance Charges ,301005,,83,
ME-2025-0000824,301005,Lift Maintenance Charges,BE 402,01-07-2025,,,, Lift Maintenance Charges ,301005,,83,
ME-2025-0000834,301005,Lift Maintenance Charges,BE 403,01-07-2025,,,, Lift Maintenance Charges ,301005,,83,
ME-2025-0000847,301005,Lift Maintenance Charges,BE 501,01-07-2025,,,, Lift Maintenance Charges ,301005,,83,
ME-2025-0000856,301005,Lift Maintenance Charges,BE 502,01-07-2025,,,, Lift Maintenance Charges ,301005,,83,
ME-2025-0000866,301005,Lift Maintenance Charges,BE 503,01-07-2025,,,, Lift Maintenance Charges ,301005,,83,
ME-2025-0000877,301005,Lift Maintenance Charges,BE 601,01-07-2025,,,, Lift Maintenance Charges ,301005,,83,
ME-2025-0000886,301005,Lift Maintenance Charges,BE 602,01-07-2025,,,, Lift Maintenance Charges ,301005,,83,
ME-2025-0000897,301005,Lift Maintenance Charges,BE 603,01-07-2025,,,, Lift Maintenance Charges ,301005,,83,
ME-2025-0000908,301005,Lift Maintenance Charges,BE 701,01-07-2025,,,, Lift Maintenance Charges ,301005,,83,
ME-2025-0000917,301005,Lift Maintenance Charges,BE 702,01-07-2025,,,, Lift Maintenance Charges ,301005,,83,
ME-2025-0000928,301005,Lift Maintenance Charges,BE 703,01-07-2025,,,, Lift Maintenance Charges ,301005,,83,
ME-2025-0000964,301005,Lift Maintenance Charges,BE 101,01-08-2025,,,, Lift Maintenance Charges ,301005,,83,
ME-2025-0000974,301005,Lift Maintenance Charges,BE 102,01-08-2025,,,, Lift Maintenance Charges ,301005,,83,
ME-2025-0000984,301005,Lift Maintenance Charges,BE 103,01-08-2025,,,, Lift Maintenance Charges ,301005,,83,
ME-2025-0000996,301005,Lift Maintenance Charges,BE 201,01-08-2025,,,, Lift Maintenance Charges ,301005,,83,
ME-2025-0001005,301005,Lift Maintenance Charges,BE 202,01-08-2025,,,, Lift Maintenance Charges ,301005,,83,
ME-2025-0001015,301005,Lift Maintenance Charges,BE 203,01-08-2025,,,, Lift Maintenance Charges ,301005,,83,
ME-2025-0001026,301005,Lift Maintenance Charges,BE 301,01-08-2025,,,, Lift Maintenance Charges ,301005,,83,
ME-2025-0001035,301005,Lift Maintenance Charges,BE 302,01-08-2025,,,, Lift Maintenance Charges ,301005,,83,
ME-2025-0001047,301005,Lift Maintenance Charges,BE 303,01-08-2025,,,, Lift Maintenance Charges ,301005,,83,
ME-2025-0001058,301005,Lift Maintenance Charges,BE 401,01-08-2025,,,, Lift Maintenance Charges ,301005,,83,
ME-2025-0001069,301005,Lift Maintenance Charges,BE 402,01-08-2025,,,, Lift Maintenance Charges ,301005,,83,
ME-2025-0001080,301005,Lift Maintenance Charges,BE 403,01-08-2025,,,, Lift Maintenance Charges ,301005,,83,
ME-2025-0001093,301005,Lift Maintenance Charges,BE 501,01-08-2025,,,, Lift Maintenance Charges ,301005,,83,
ME-2025-0001103,301005,Lift Maintenance Charges,BE 502,01-08-2025,,,, Lift Maintenance Charges ,301005,,83,
ME-2025-0001113,301005,Lift Maintenance Charges,BE 503,01-08-2025,,,, Lift Maintenance Charges ,301005,,83,
ME-2025-0001125,301005,Lift Maintenance Charges,BE 601,01-08-2025,,,, Lift Maintenance Charges ,301005,,83,
ME-2025-0001135,301005,Lift Maintenance Charges,BE 602,01-08-2025,,,, Lift Maintenance Charges ,301005,,83,
ME-2025-0001147,301005,Lift Maintenance Charges,BE 603,01-08-2025,,,, Lift Maintenance Charges ,301005,,83,
ME-2025-0001158,301005,Lift Maintenance Charges,BE 701,01-08-2025,,,, Lift Maintenance Charges ,301005,,83,
ME-2025-0001169,301005,Lift Maintenance Charges,BE 702,01-08-2025,,,, Lift Maintenance Charges ,301005,,83,
ME-2025-0001180,301005,Lift Maintenance Charges,BE 703,01-08-2025,,,, Lift Maintenance Charges ,301005,,83,
ME-2025-0001214,301005,Lift Maintenance Charges,BE 101,01-09-2025,,,, Lift Maintenance Charges ,301005,,83,
ME-2025-0001224,301005,Lift Maintenance Charges,BE 102,01-09-2025,,,, Lift Maintenance Charges ,301005,,83,
ME-2025-0001233,301005,Lift Maintenance Charges,BE 103,01-09-2025,,,, Lift Maintenance Charges ,301005,,83,
ME-2025-0001244,301005,Lift Maintenance Charges,BE 201,01-09-2025,,,, Lift Maintenance Charges ,301005,,83,
ME-2025-0001253,301005,Lift Maintenance Charges,BE 202,01-09-2025,,,, Lift Maintenance Charges ,301005,,83,
ME-2025-0001262,301005,Lift Maintenance Charges,BE 203,01-09-2025,,,, Lift Maintenance Charges ,301005,,83,
ME-2025-0001272,301005,Lift Maintenance Charges,BE 301,01-09-2025,,,, Lift Maintenance Charges ,301005,,83,
ME-2025-0001281,301005,Lift Maintenance Charges,BE 302,01-09-2025,,,, Lift Maintenance Charges ,301005,,83,
ME-2025-0001292,301005,Lift Maintenance Charges,BE 303,01-09-2025,,,, Lift Maintenance Charges ,301005,,83,
ME-2025-0001302,301005,Lift Maintenance Charges,BE 401,01-09-2025,,,, Lift Maintenance Charges ,301005,,83,
ME-2025-0001313,301005,Lift Maintenance Charges,BE 402,01-09-2025,,,, Lift Maintenance Charges ,301005,,83,
ME-2025-0001323,301005,Lift Maintenance Charges,BE 403,01-09-2025,,,, Lift Maintenance Charges ,301005,,83,
ME-2025-0001335,301005,Lift Maintenance Charges,BE 501,01-09-2025,,,, Lift Maintenance Charges ,301005,,83,
ME-2025-0001345,301005,Lift Maintenance Charges,BE 502,01-09-2025,,,, Lift Maintenance Charges ,301005,,83,
ME-2025-0001354,301005,Lift Maintenance Charges,BE 503,01-09-2025,,,, Lift Maintenance Charges ,301005,,83,
ME-2025-0001365,301005,Lift Maintenance Charges,BE 601,01-09-2025,,,, Lift Maintenance Charges ,301005,,83,
ME-2025-0001375,301005,Lift Maintenance Charges,BE 602,01-09-2025,,,, Lift Maintenance Charges ,301005,,83,
ME-2025-0001386,301005,Lift Maintenance Charges,BE 603,01-09-2025,,,, Lift Maintenance Charges ,301005,,83,
ME-2025-0001396,301005,Lift Maintenance Charges,BE 701,01-09-2025,,,, Lift Maintenance Charges ,301005,,83,
ME-2025-0001406,301005,Lift Maintenance Charges,BE 702,01-09-2025,,,, Lift Maintenance Charges ,301005,,83,
ME-2025-0001416,301005,Lift Maintenance Charges,BE 703,01-09-2025,,,, Lift Maintenance Charges ,301005,,83,
ME-2025-0001453,301005,Lift Maintenance Charges,BE 101,01-10-2025,,,, Lift Maintenance Charges ,301005,,83,
ME-2025-0001463,301005,Lift Maintenance Charges,BE 102,01-10-2025,,,, Lift Maintenance Charges ,301005,,83,
ME-2025-0001472,301005,Lift Maintenance Charges,BE 103,01-10-2025,,,, Lift Maintenance Charges ,301005,,83,
ME-2025-0001483,301005,Lift Maintenance Charges,BE 201,01-10-2025,,,, Lift Maintenance Charges ,301005,,83,
ME-2025-0001492,301005,Lift Maintenance Charges,BE 202,01-10-2025,,,, Lift Maintenance Charges ,301005,,83,
ME-2025-0001501,301005,Lift Maintenance Charges,BE 203,01-10-2025,,,, Lift Maintenance Charges ,301005,,83,
ME-2025-0001511,301005,Lift Maintenance Charges,BE 301,01-10-2025,,,, Lift Maintenance Charges ,301005,,83,
ME-2025-0001520,301005,Lift Maintenance Charges,BE 302,01-10-2025,,,, Lift Maintenance Charges ,301005,,83,
ME-2025-0001531,301005,Lift Maintenance Charges,BE 303,01-10-2025,,,, Lift Maintenance Charges ,301005,,83,
ME-2025-0001541,301005,Lift Maintenance Charges,BE 401,01-10-2025,,,, Lift Maintenance Charges ,301005,,83,
ME-2025-0001552,301005,Lift Maintenance Charges,BE 402,01-10-2025,,,, Lift Maintenance Charges ,301005,,83,
ME-2025-0001563,301005,Lift Maintenance Charges,BE 403,01-10-2025,,,, Lift Maintenance Charges ,301005,,83,
ME-2025-0001575,301005,Lift Maintenance Charges,BE 501,01-10-2025,,,, Lift Maintenance Charges ,301005,,83,
ME-2025-0001585,301005,Lift Maintenance Charges,BE 502,01-10-2025,,,, Lift Maintenance Charges ,301005,,83,
ME-2025-0001594,301005,Lift Maintenance Charges,BE 503,01-10-2025,,,, Lift Maintenance Charges ,301005,,83,
ME-2025-0001605,301005,Lift Maintenance Charges,BE 601,01-10-2025,,,, Lift Maintenance Charges ,301005,,83,
ME-2025-0001615,301005,Lift Maintenance Charges,BE 602,01-10-2025,,,, Lift Maintenance Charges ,301005,,83,
ME-2025-0001626,301005,Lift Maintenance Charges,BE 603,01-10-2025,,,, Lift Maintenance Charges ,301005,,83,
ME-2025-0001636,301005,Lift Maintenance Charges,BE 701,01-10-2025,,,, Lift Maintenance Charges ,301005,,83,
ME-2025-0001646,301005,Lift Maintenance Charges,BE 702,01-10-2025,,,, Lift Maintenance Charges ,301005,,83,
ME-2025-0001656,301005,Lift Maintenance Charges,BE 703,01-10-2025,,,, Lift Maintenance Charges ,301005,,83,
ME-2025-0001694,301005,Lift Maintenance Charges,BE 101,01-11-2025,,,, Lift Maintenance Charges ,301005,,83,
ME-2025-0001704,301005,Lift Maintenance Charges,BE 102,01-11-2025,,,, Lift Maintenance Charges ,301005,,83,
ME-2025-0001713,301005,Lift Maintenance Charges,BE 103,01-11-2025,,,, Lift Maintenance Charges ,301005,,83,
ME-2025-0001724,301005,Lift Maintenance Charges,BE 201,01-11-2025,,,, Lift Maintenance Charges ,301005,,83,
ME-2025-0001733,301005,Lift Maintenance Charges,BE 202,01-11-2025,,,, Lift Maintenance Charges ,301005,,83,
ME-2025-0001742,301005,Lift Maintenance Charges,BE 203,01-11-2025,,,, Lift Maintenance Charges ,301005,,83,
ME-2025-0001752,301005,Lift Maintenance Charges,BE 301,01-11-2025,,,, Lift Maintenance Charges ,301005,,83,
ME-2025-0001761,301005,Lift Maintenance Charges,BE 302,01-11-2025,,,, Lift Maintenance Charges ,301005,,83,
ME-2025-0001772,301005,Lift Maintenance Charges,BE 303,01-11-2025,,,, Lift Maintenance Charges ,301005,,83,
ME-2025-0001782,301005,Lift Maintenance Charges,BE 401,01-11-2025,,,, Lift Maintenance Charges ,301005,,83,
ME-2025-0001793,301005,Lift Maintenance Charges,BE 402,01-11-2025,,,, Lift Maintenance Charges ,301005,,83,
ME-2025-0001804,301005,Lift Maintenance Charges,BE 403,01-11-2025,,,, Lift Maintenance Charges ,301005,,83,
ME-2025-0001816,301005,Lift Maintenance Charges,BE 501,01-11-2025,,,, Lift Maintenance Charges ,301005,,83,
ME-2025-0001826,301005,Lift Maintenance Charges,BE 502,01-11-2025,,,, Lift Maintenance Charges ,301005,,83,
ME-2025-0001835,301005,Lift Maintenance Charges,BE 503,01-11-2025,,,, Lift Maintenance Charges ,301005,,83,
ME-2025-0001846,301005,Lift Maintenance Charges,BE 601,01-11-2025,,,, Lift Maintenance Charges ,301005,,83,
ME-2025-0001856,301005,Lift Maintenance Charges,BE 602,01-11-2025,,,, Lift Maintenance Charges ,301005,,83,
ME-2025-0001867,301005,Lift Maintenance Charges,BE 603,01-11-2025,,,, Lift Maintenance Charges ,301005,,83,
ME-2025-0001877,301005,Lift Maintenance Charges,BE 701,01-11-2025,,,, Lift Maintenance Charges ,301005,,83,
ME-2025-0001887,301005,Lift Maintenance Charges,BE 702,01-11-2025,,,, Lift Maintenance Charges ,301005,,83,
ME-2025-0001897,301005,Lift Maintenance Charges,BE 703,01-11-2025,,,, Lift Maintenance Charges ,301005,,83,
ME-2025-0001946,301005,Lift Maintenance Charges,BE 101,01-12-2025,,,, Lift Maintenance Charges ,301005,,83,
ME-2025-0001956,301005,Lift Maintenance Charges,BE 102,01-12-2025,,,, Lift Maintenance Charges ,301005,,83,
ME-2025-0001965,301005,Lift Maintenance Charges,BE 103,01-12-2025,,,, Lift Maintenance Charges ,301005,,83,
ME-2025-0001976,301005,Lift Maintenance Charges,BE 201,01-12-2025,,,, Lift Maintenance Charges ,301005,,83,
ME-2025-0001985,301005,Lift Maintenance Charges,BE 202,01-12-2025,,,, Lift Maintenance Charges ,301005,,83,
ME-2025-0001994,301005,Lift Maintenance Charges,BE 203,01-12-2025,,,, Lift Maintenance Charges ,301005,,83,
ME-2025-0002004,301005,Lift Maintenance Charges,BE 301,01-12-2025,,,, Lift Maintenance Charges ,301005,,83,
ME-2025-0002015,301005,Lift Maintenance Charges,BE 303,01-12-2025,,,, Lift Maintenance Charges ,301005,,83,
ME-2025-0002025,301005,Lift Maintenance Charges,BE 401,01-12-2025,,,, Lift Maintenance Charges ,301005,,83,
ME-2025-0002036,301005,Lift Maintenance Charges,BE 402,01-12-2025,,,, Lift Maintenance Charges ,301005,,83,
ME-2025-0002046,301005,Lift Maintenance Charges,BE 403,01-12-2025,,,, Lift Maintenance Charges ,301005,,83,
ME-2025-0002058,301005,Lift Maintenance Charges,BE 501,01-12-2025,,,, Lift Maintenance Charges ,301005,,83,
ME-2025-0002069,301005,Lift Maintenance Charges,BE 502,01-12-2025,,,, Lift Maintenance Charges ,301005,,83,
ME-2025-0002078,301005,Lift Maintenance Charges,BE 503,01-12-2025,,,, Lift Maintenance Charges ,301005,,83,
ME-2025-0002089,301005,Lift Maintenance Charges,BE 601,01-12-2025,,,, Lift Maintenance Charges ,301005,,83,
ME-2025-0002099,301005,Lift Maintenance Charges,BE 602,01-12-2025,,,, Lift Maintenance Charges ,301005,,83,
ME-2025-0002109,301005,Lift Maintenance Charges,BE 603,01-12-2025,,,, Lift Maintenance Charges ,301005,,83,
ME-2025-0002119,301005,Lift Maintenance Charges,BE 701,01-12-2025,,,, Lift Maintenance Charges ,301005,,83,
ME-2025-0002129,301005,Lift Maintenance Charges,BE 702,01-12-2025,,,, Lift Maintenance Charges ,301005,,83,
ME-2025-0002139,301005,Lift Maintenance Charges,BE 703,01-12-2025,,,, Lift Maintenance Charges ,301005,,83,
ME-2025-0002150,301005,Lift Maintenance Charges,BE 302,01-12-2025,,,, Lift Maintenance Charges ,301005,,83,
ME-2025-0002187,301005,Lift Maintenance Charges,BE 101,01-01-2026,,,, Lift Maintenance Charges ,301005,,83,
ME-2025-0002197,301005,Lift Maintenance Charges,BE 102,01-01-2026,,,, Lift Maintenance Charges ,301005,,83,
ME-2025-0002206,301005,Lift Maintenance Charges,BE 103,01-01-2026,,,, Lift Maintenance Charges ,301005,,83,
ME-2025-0002217,301005,Lift Maintenance Charges,BE 201,01-01-2026,,,, Lift Maintenance Charges ,301005,,83,
ME-2025-0002226,301005,Lift Maintenance Charges,BE 202,01-01-2026,,,, Lift Maintenance Charges ,301005,,83,
ME-2025-0002235,301005,Lift Maintenance Charges,BE 203,01-01-2026,,,, Lift Maintenance Charges ,301005,,83,
ME-2025-0002245,301005,Lift Maintenance Charges,BE 301,01-01-2026,,,, Lift Maintenance Charges ,301005,,83,
ME-2025-0002254,301005,Lift Maintenance Charges,BE 302,01-01-2026,,,, Lift Maintenance Charges ,301005,,83,
ME-2025-0002266,301005,Lift Maintenance Charges,BE 303,01-01-2026,,,, Lift Maintenance Charges ,301005,,83,
ME-2025-0002276,301005,Lift Maintenance Charges,BE 401,01-01-2026,,,, Lift Maintenance Charges ,301005,,83,
ME-2025-0002288,301005,Lift Maintenance Charges,BE 402,01-01-2026,,,, Lift Maintenance Charges ,301005,,83,
ME-2025-0002298,301005,Lift Maintenance Charges,BE 403,01-01-2026,,,, Lift Maintenance Charges ,301005,,83,
ME-2025-0002310,301005,Lift Maintenance Charges,BE 501,01-01-2026,,,, Lift Maintenance Charges ,301005,,83,
ME-2025-0002321,301005,Lift Maintenance Charges,BE 502,01-01-2026,,,, Lift Maintenance Charges ,301005,,83,
ME-2025-0002331,301005,Lift Maintenance Charges,BE 503,01-01-2026,,,, Lift Maintenance Charges ,301005,,83,
ME-2025-0002342,301005,Lift Maintenance Charges,BE 601,01-01-2026,,,, Lift Maintenance Charges ,301005,,83,
ME-2025-0002352,301005,Lift Maintenance Charges,BE 602,01-01-2026,,,, Lift Maintenance Charges ,301005,,83,
ME-2025-0002363,301005,Lift Maintenance Charges,BE 603,01-01-2026,,,, Lift Maintenance Charges ,301005,,83,
ME-2025-0002373,301005,Lift Maintenance Charges,BE 701,01-01-2026,,,, Lift Maintenance Charges ,301005,,83,
ME-2025-0002431,301005,Lift Maintenance Charges,BE 702,01-01-2026,,,, Lift Maintenance Charges ,301005,,83,
ME-2025-0002441,301005,Lift Maintenance Charges,BE 703,01-01-2026,,,, Lift Maintenance Charges ,301005,,83,
ME-2025-0002474,301005,Lift Maintenance Charges,BE 101,01-02-2026,,,, Lift Maintenance Charges ,301005,,83,
ME-2025-0002485,301005,Lift Maintenance Charges,BE 102,01-02-2026,,,, Lift Maintenance Charges ,301005,,83,
ME-2025-0002494,301005,Lift Maintenance Charges,BE 103,01-02-2026,,,, Lift Maintenance Charges ,301005,,83,
ME-2025-0002505,301005,Lift Maintenance Charges,BE 201,01-02-2026,,,, Lift Maintenance Charges ,301005,,83,
ME-2025-0002514,301005,Lift Maintenance Charges,BE 202,01-02-2026,,,, Lift Maintenance Charges ,301005,,83,
ME-2025-0002523,301005,Lift Maintenance Charges,BE 203,01-02-2026,,,, Lift Maintenance Charges ,301005,,83,
ME-2025-0002533,301005,Lift Maintenance Charges,BE 301,01-02-2026,,,, Lift Maintenance Charges ,301005,,83,
ME-2025-0002542,301005,Lift Maintenance Charges,BE 302,01-02-2026,,,, Lift Maintenance Charges ,301005,,83,
ME-2025-0002553,301005,Lift Maintenance Charges,BE 303,01-02-2026,,,, Lift Maintenance Charges ,301005,,83,
ME-2025-0002563,301005,Lift Maintenance Charges,BE 401,01-02-2026,,,, Lift Maintenance Charges ,301005,,83,
ME-2025-0002574,301005,Lift Maintenance Charges,BE 402,01-02-2026,,,, Lift Maintenance Charges ,301005,,83,
ME-2025-0002584,301005,Lift Maintenance Charges,BE 403,01-02-2026,,,, Lift Maintenance Charges ,301005,,83,
ME-2025-0002596,301005,Lift Maintenance Charges,BE 501,01-02-2026,,,, Lift Maintenance Charges ,301005,,83,
ME-2025-0002606,301005,Lift Maintenance Charges,BE 502,01-02-2026,,,, Lift Maintenance Charges ,301005,,83,
ME-2025-0002615,301005,Lift Maintenance Charges,BE 503,01-02-2026,,,, Lift Maintenance Charges ,301005,,83,
ME-2025-0002626,301005,Lift Maintenance Charges,BE 601,01-02-2026,,,, Lift Maintenance Charges ,301005,,83,
ME-2025-0002636,301005,Lift Maintenance Charges,BE 602,01-02-2026,,,, Lift Maintenance Charges ,301005,,83,
ME-2025-0002646,301005,Lift Maintenance Charges,BE 603,01-02-2026,,,, Lift Maintenance Charges ,301005,,83,
ME-2025-0002656,301005,Lift Maintenance Charges,BE 701,01-02-2026,,,, Lift Maintenance Charges ,301005,,83,
ME-2025-0002666,301005,Lift Maintenance Charges,BE 702,01-02-2026,,,, Lift Maintenance Charges ,301005,,83,
ME-2025-0002676,301005,Lift Maintenance Charges,BE 703,01-02-2026,,,, Lift Maintenance Charges ,301005,,83,
ME-2025-0002711,301005,Lift Maintenance Charges,BE 101,01-03-2026,,,, Lift Maintenance Charges ,301005,,83,
ME-2025-0002722,301005,Lift Maintenance Charges,BE 102,01-03-2026,,,, Lift Maintenance Charges ,301005,,83,
ME-2025-0002731,301005,Lift Maintenance Charges,BE 103,01-03-2026,,,, Lift Maintenance Charges ,301005,,83,
ME-2025-0002742,301005,Lift Maintenance Charges,BE 201,01-03-2026,,,, Lift Maintenance Charges ,301005,,83,
ME-2025-0002751,301005,Lift Maintenance Charges,BE 202,01-03-2026,,,, Lift Maintenance Charges ,301005,,83,
ME-2025-0002760,301005,Lift Maintenance Charges,BE 203,01-03-2026,,,, Lift Maintenance Charges ,301005,,83,
ME-2025-0002770,301005,Lift Maintenance Charges,BE 301,01-03-2026,,,, Lift Maintenance Charges ,301005,,83,
ME-2025-0002779,301005,Lift Maintenance Charges,BE 302,01-03-2026,,,, Lift Maintenance Charges ,301005,,83,
ME-2025-0002790,301005,Lift Maintenance Charges,BE 303,01-03-2026,,,, Lift Maintenance Charges ,301005,,83,
ME-2025-0002800,301005,Lift Maintenance Charges,BE 401,01-03-2026,,,, Lift Maintenance Charges ,301005,,83,
ME-2025-0002811,301005,Lift Maintenance Charges,BE 402,01-03-2026,,,, Lift Maintenance Charges ,301005,,83,
ME-2025-0002821,301005,Lift Maintenance Charges,BE 403,01-03-2026,,,, Lift Maintenance Charges ,301005,,83,
ME-2025-0002833,301005,Lift Maintenance Charges,BE 501,01-03-2026,,,, Lift Maintenance Charges ,301005,,83,
ME-2025-0002843,301005,Lift Maintenance Charges,BE 502,01-03-2026,,,, Lift Maintenance Charges ,301005,,83,
ME-2025-0002852,301005,Lift Maintenance Charges,BE 503,01-03-2026,,,, Lift Maintenance Charges ,301005,,83,
ME-2025-0002863,301005,Lift Maintenance Charges,BE 601,01-03-2026,,,, Lift Maintenance Charges ,301005,,83,
ME-2025-0002873,301005,Lift Maintenance Charges,BE 602,01-03-2026,,,, Lift Maintenance Charges ,301005,,83,
ME-2025-0002883,301005,Lift Maintenance Charges,BE 603,01-03-2026,,,, Lift Maintenance Charges ,301005,,83,
ME-2025-0002893,301005,Lift Maintenance Charges,BE 701,01-03-2026,,,, Lift Maintenance Charges ,301005,,83,
ME-2025-0002903,301005,Lift Maintenance Charges,BE 702,01-03-2026,,,, Lift Maintenance Charges ,301005,,83,
ME-2025-0002913,301005,Lift Maintenance Charges,BE 703,01-03-2026,,,, Lift Maintenance Charges ,301005,,83,

"Balance : 20916(Credit)","","","","","","","","","","0","20916",

"Income - Members > Non Occupancy Charges ( 301007 ) ",
"Journal No","Other GL No.","Other Account","Subledger","Posted Date","Comments","Instrument No.","Instrument Bank","Account Name","GL Account No.","Debit","Credit",
"","","","","","Opening Balance","",""," Non Occupancy Charges ","301007","","",
ME-2025-0000079,301007,Non Occupancy Charges,BE 302,01-04-2025,,,, Non Occupancy Charges ,301007,,311,
ME-2025-0000174,301007,Non Occupancy Charges,BE 602,01-04-2025,,,, Non Occupancy Charges ,301007,,311,
ME-2025-0000318,301007,Non Occupancy Charges,BE 302,01-05-2025,,,, Non Occupancy Charges ,301007,,311,
ME-2025-0000414,301007,Non Occupancy Charges,BE 602,01-05-2025,,,, Non Occupancy Charges ,301007,,311,
ME-2025-0000556,301007,Non Occupancy Charges,BE 302,01-06-2025,,,, Non Occupancy Charges ,301007,,311,
ME-2025-0000651,301007,Non Occupancy Charges,BE 602,01-06-2025,,,, Non Occupancy Charges ,301007,,311,
ME-2025-0000794,301007,Non Occupancy Charges,BE 302,01-07-2025,,,, Non Occupancy Charges ,301007,,311,
ME-2025-0000888,301007,Non Occupancy Charges,BE 602,01-07-2025,,,, Non Occupancy Charges ,301007,,311,
ME-2025-0001037,301007,Non Occupancy Charges,BE 302,01-08-2025,,,, Non Occupancy Charges ,301007,,311,
ME-2025-0001137,301007,Non Occupancy Charges,BE 602,01-08-2025,,,, Non Occupancy Charges ,301007,,311,
ME-2025-0001283,301007,Non Occupancy Charges,BE 302,01-09-2025,,,, Non Occupancy Charges ,301007,,311,
ME-2025-0001377,301007,Non Occupancy Charges,BE 602,01-09-2025,,,, Non Occupancy Charges ,301007,,311,
ME-2025-0001522,301007,Non Occupancy Charges,BE 302,01-10-2025,,,, Non Occupancy Charges ,301007,,311,
ME-2025-0001617,301007,Non Occupancy Charges,BE 602,01-10-2025,,,, Non Occupancy Charges ,301007,,311,
ME-2025-0001763,301007,Non Occupancy Charges,BE 302,01-11-2025,,,, Non Occupancy Charges ,301007,,311,
ME-2025-0001858,301007,Non Occupancy Charges,BE 602,01-11-2025,,,, Non Occupancy Charges ,301007,,311,
ME-2025-0002152,301007,Non Occupancy Charges,BE 302,01-12-2025,,,, Non Occupancy Charges ,301007,,311,
ME-2025-0002256,301007,Non Occupancy Charges,BE 302,01-01-2026,,,, Non Occupancy Charges ,301007,,311,
ME-2025-0002544,301007,Non Occupancy Charges,BE 302,01-02-2026,,,, Non Occupancy Charges ,301007,,311,
ME-2025-0002781,301007,Non Occupancy Charges,BE 302,01-03-2026,,,, Non Occupancy Charges ,301007,,311,

"Balance : 6220(Credit)","","","","","","","","","","0","6220",

"Income - Members > Parking Charges ( 301009 ) ",
"Journal No","Other GL No.","Other Account","Subledger","Posted Date","Comments","Instrument No.","Instrument Bank","Account Name","GL Account No.","Debit","Credit",
"","","","","","Opening Balance","",""," Parking Charges ","301009","","",
ME-2025-0000003,301009,Parking Charges,BE 0B1,01-04-2025,,,, Parking Charges ,301009,,1600,
ME-2025-0000242,301009,Parking Charges,BE 0B1,01-05-2025,,,, Parking Charges ,301009,,1600,
ME-2025-0000480,301009,Parking Charges,BE 0B1,01-06-2025,,,, Parking Charges ,301009,,1600,
ME-2025-0000718,301009,Parking Charges,BE 0B1,01-07-2025,,,, Parking Charges ,301009,,1600,
ME-2025-0000956,301009,Parking Charges,BE 0B1,01-08-2025,,,, Parking Charges ,301009,,1600,
ME-2025-0001207,301009,Parking Charges,BE 0B1,01-09-2025,,,, Parking Charges ,301009,,1600,
ME-2025-0001445,301009,Parking Charges,BE 0B1,01-10-2025,,,, Parking Charges ,301009,,1600,
ME-2025-0001686,301009,Parking Charges,BE 0B1,01-11-2025,,,, Parking Charges ,301009,,1600,
ME-2025-0001939,301009,Parking Charges,BE 0B1,01-12-2025,,,, Parking Charges ,301009,,1600,
ME-2025-0002180,301009,Parking Charges,BE 0B1,01-01-2026,,,, Parking Charges ,301009,,1600,
ME-2025-0002466,301009,Parking Charges,BE 0B1,01-02-2026,,,, Parking Charges ,301009,,1600,
ME-2025-0002703,301009,Parking Charges,BE 0B1,01-03-2026,,,, Parking Charges ,301009,,1600,

"Balance : 19200(Credit)","","","","","","","","","","0","19200",

"Income - Members > Other charges ( 301010 ) ",
"Journal No","Other GL No.","Other Account","Subledger","Posted Date","Comments","Instrument No.","Instrument Bank","Account Name","GL Account No.","Debit","Credit",
"","","","","","Opening Balance","",""," Other charges ","301010","","",
ME-2025-0002179,301010,Other charges,BE 0B1,01-01-2026,Electricity Renovation charges,,, Other charges ,301010,,4286,

"Balance : 4286(Credit)","","","","","","","","","","0","4286",

"Income - Members > Education & Training Fund ( 301011 ) ",
"Journal No","Other GL No.","Other Account","Subledger","Posted Date","Comments","Instrument No.","Instrument Bank","Account Name","GL Account No.","Debit","Credit",
"","","","","","Opening Balance","",""," Education & Training Fund ","301011","","",
ME-2025-0000001,301011,Education & Training Fund,BE 0B1,01-04-2025,,,, Education & Training Fund ,301011,,10,
ME-2025-0000008,301011,Education & Training Fund,BE 101,01-04-2025,,,, Education & Training Fund ,301011,,10,
ME-2025-0000018,301011,Education & Training Fund,BE 102,01-04-2025,,,, Education & Training Fund ,301011,,10,
ME-2025-0000027,301011,Education & Training Fund,BE 103,01-04-2025,,,, Education & Training Fund ,301011,,10,
ME-2025-0000038,301011,Education & Training Fund,BE 201,01-04-2025,,,, Education & Training Fund ,301011,,10,
ME-2025-0000047,301011,Education & Training Fund,BE 202,01-04-2025,,,, Education & Training Fund ,301011,,10,
ME-2025-0000056,301011,Education & Training Fund,BE 203,01-04-2025,,,, Education & Training Fund ,301011,,10,
ME-2025-0000066,301011,Education & Training Fund,BE 301,01-04-2025,,,, Education & Training Fund ,301011,,10,
ME-2025-0000075,301011,Education & Training Fund,BE 302,01-04-2025,,,, Education & Training Fund ,301011,,10,
ME-2025-0000086,301011,Education & Training Fund,BE 303,01-04-2025,,,, Education & Training Fund ,301011,,10,
ME-2025-0000096,301011,Education & Training Fund,BE 401,01-04-2025,,,, Education & Training Fund ,301011,,10,
ME-2025-0000107,301011,Education & Training Fund,BE 402,01-04-2025,,,, Education & Training Fund ,301011,,10,
ME-2025-0000118,301011,Education & Training Fund,BE 403,01-04-2025,,,, Education & Training Fund ,301011,,10,
ME-2025-0000130,301011,Education & Training Fund,BE 501,01-04-2025,,,, Education & Training Fund ,301011,,10,
ME-2025-0000140,301011,Education & Training Fund,BE 502,01-04-2025,,,, Education & Training Fund ,301011,,10,
ME-2025-0000149,301011,Education & Training Fund,BE 503,01-04-2025,,,, Education & Training Fund ,301011,,10,
ME-2025-0000160,301011,Education & Training Fund,BE 601,01-04-2025,,,, Education & Training Fund ,301011,,10,
ME-2025-0000170,301011,Education & Training Fund,BE 602,01-04-2025,,,, Education & Training Fund ,301011,,10,
ME-2025-0000180,301011,Education & Training Fund,BE 603,01-04-2025,,,, Education & Training Fund ,301011,,10,
ME-2025-0000190,301011,Education & Training Fund,BE 701,01-04-2025,,,, Education & Training Fund ,301011,,10,
ME-2025-0000200,301011,Education & Training Fund,BE 702,01-04-2025,,,, Education & Training Fund ,301011,,10,
ME-2025-0000210,301011,Education & Training Fund,BE 703,01-04-2025,,,, Education & Training Fund ,301011,,10,
ME-2025-0000240,301011,Education & Training Fund,BE 0B1,01-05-2025,,,, Education & Training Fund ,301011,,10,
ME-2025-0000247,301011,Education & Training Fund,BE 101,01-05-2025,,,, Education & Training Fund ,301011,,10,
ME-2025-0000257,301011,Education & Training Fund,BE 102,01-05-2025,,,, Education & Training Fund ,301011,,10,
ME-2025-0000266,301011,Education & Training Fund,BE 103,01-05-2025,,,, Education & Training Fund ,301011,,10,
ME-2025-0000277,301011,Education & Training Fund,BE 201,01-05-2025,,,, Education & Training Fund ,301011,,10,
ME-2025-0000286,301011,Education & Training Fund,BE 202,01-05-2025,,,, Education & Training Fund ,301011,,10,
ME-2025-0000295,301011,Education & Training Fund,BE 203,01-05-2025,,,, Education & Training Fund ,301011,,10,
ME-2025-0000305,301011,Education & Training Fund,BE 301,01-05-2025,,,, Education & Training Fund ,301011,,10,
ME-2025-0000314,301011,Education & Training Fund,BE 302,01-05-2025,,,, Education & Training Fund ,301011,,10,
ME-2025-0000325,301011,Education & Training Fund,BE 303,01-05-2025,,,, Education & Training Fund ,301011,,10,
ME-2025-0000335,301011,Education & Training Fund,BE 401,01-05-2025,,,, Education & Training Fund ,301011,,10,
ME-2025-0000346,301011,Education & Training Fund,BE 402,01-05-2025,,,, Education & Training Fund ,301011,,10,
ME-2025-0000357,301011,Education & Training Fund,BE 403,01-05-2025,,,, Education & Training Fund ,301011,,10,
ME-2025-0000370,301011,Education & Training Fund,BE 501,01-05-2025,,,, Education & Training Fund ,301011,,10,
ME-2025-0000380,301011,Education & Training Fund,BE 502,01-05-2025,,,, Education & Training Fund ,301011,,10,
ME-2025-0000389,301011,Education & Training Fund,BE 503,01-05-2025,,,, Education & Training Fund ,301011,,10,
ME-2025-0000400,301011,Education & Training Fund,BE 601,01-05-2025,,,, Education & Training Fund ,301011,,10,
ME-2025-0000410,301011,Education & Training Fund,BE 602,01-05-2025,,,, Education & Training Fund ,301011,,10,
ME-2025-0000421,301011,Education & Training Fund,BE 603,01-05-2025,,,, Education & Training Fund ,301011,,10,
ME-2025-0000431,301011,Education & Training Fund,BE 701,01-05-2025,,,, Education & Training Fund ,301011,,10,
ME-2025-0000441,301011,Education & Training Fund,BE 702,01-05-2025,,,, Education & Training Fund ,301011,,10,
ME-2025-0000451,301011,Education & Training Fund,BE 703,01-05-2025,,,, Education & Training Fund ,301011,,10,
ME-2025-0000478,301011,Education & Training Fund,BE 0B1,01-06-2025,,,, Education & Training Fund ,301011,,10,
ME-2025-0000485,301011,Education & Training Fund,BE 101,01-06-2025,,,, Education & Training Fund ,301011,,10,
ME-2025-0000495,301011,Education & Training Fund,BE 102,01-06-2025,,,, Education & Training Fund ,301011,,10,
ME-2025-0000504,301011,Education & Training Fund,BE 103,01-06-2025,,,, Education & Training Fund ,301011,,10,
ME-2025-0000515,301011,Education & Training Fund,BE 201,01-06-2025,,,, Education & Training Fund ,301011,,10,
ME-2025-0000524,301011,Education & Training Fund,BE 202,01-06-2025,,,, Education & Training Fund ,301011,,10,
ME-2025-0000533,301011,Education & Training Fund,BE 203,01-06-2025,,,, Education & Training Fund ,301011,,10,
ME-2025-0000543,301011,Education & Training Fund,BE 301,01-06-2025,,,, Education & Training Fund ,301011,,10,
ME-2025-0000552,301011,Education & Training Fund,BE 302,01-06-2025,,,, Education & Training Fund ,301011,,10,
ME-2025-0000563,301011,Education & Training Fund,BE 303,01-06-2025,,,, Education & Training Fund ,301011,,10,
ME-2025-0000573,301011,Education & Training Fund,BE 401,01-06-2025,,,, Education & Training Fund ,301011,,10,
ME-2025-0000584,301011,Education & Training Fund,BE 402,01-06-2025,,,, Education & Training Fund ,301011,,10,
ME-2025-0000594,301011,Education & Training Fund,BE 403,01-06-2025,,,, Education & Training Fund ,301011,,10,
ME-2025-0000607,301011,Education & Training Fund,BE 501,01-06-2025,,,, Education & Training Fund ,301011,,10,
ME-2025-0000617,301011,Education & Training Fund,BE 502,01-06-2025,,,, Education & Training Fund ,301011,,10,
ME-2025-0000626,301011,Education & Training Fund,BE 503,01-06-2025,,,, Education & Training Fund ,301011,,10,
ME-2025-0000637,301011,Education & Training Fund,BE 601,01-06-2025,,,, Education & Training Fund ,301011,,10,
ME-2025-0000647,301011,Education & Training Fund,BE 602,01-06-2025,,,, Education & Training Fund ,301011,,10,
ME-2025-0000658,301011,Education & Training Fund,BE 603,01-06-2025,,,, Education & Training Fund ,301011,,10,
ME-2025-0000668,301011,Education & Training Fund,BE 701,01-06-2025,,,, Education & Training Fund ,301011,,10,
ME-2025-0000678,301011,Education & Training Fund,BE 702,01-06-2025,,,, Education & Training Fund ,301011,,10,
ME-2025-0000688,301011,Education & Training Fund,BE 703,01-06-2025,,,, Education & Training Fund ,301011,,10,
ME-2025-0000716,301011,Education & Training Fund,BE 0B1,01-07-2025,,,, Education & Training Fund ,301011,,10,
ME-2025-0000723,301011,Education & Training Fund,BE 101,01-07-2025,,,, Education & Training Fund ,301011,,10,
ME-2025-0000733,301011,Education & Training Fund,BE 102,01-07-2025,,,, Education & Training Fund ,301011,,10,
ME-2025-0000742,301011,Education & Training Fund,BE 103,01-07-2025,,,, Education & Training Fund ,301011,,10,
ME-2025-0000753,301011,Education & Training Fund,BE 201,01-07-2025,,,, Education & Training Fund ,301011,,10,
ME-2025-0000762,301011,Education & Training Fund,BE 202,01-07-2025,,,, Education & Training Fund ,301011,,10,
ME-2025-0000771,301011,Education & Training Fund,BE 203,01-07-2025,,,, Education & Training Fund ,301011,,10,
ME-2025-0000781,301011,Education & Training Fund,BE 301,01-07-2025,,,, Education & Training Fund ,301011,,10,
ME-2025-0000790,301011,Education & Training Fund,BE 302,01-07-2025,,,, Education & Training Fund ,301011,,10,
ME-2025-0000801,301011,Education & Training Fund,BE 303,01-07-2025,,,, Education & Training Fund ,301011,,10,
ME-2025-0000811,301011,Education & Training Fund,BE 401,01-07-2025,,,, Education & Training Fund ,301011,,10,
ME-2025-0000822,301011,Education & Training Fund,BE 402,01-07-2025,,,, Education & Training Fund ,301011,,10,
ME-2025-0000832,301011,Education & Training Fund,BE 403,01-07-2025,,,, Education & Training Fund ,301011,,10,
ME-2025-0000844,301011,Education & Training Fund,BE 501,01-07-2025,,,, Education & Training Fund ,301011,,10,
ME-2025-0000854,301011,Education & Training Fund,BE 502,01-07-2025,,,, Education & Training Fund ,301011,,10,
ME-2025-0000863,301011,Education & Training Fund,BE 503,01-07-2025,,,, Education & Training Fund ,301011,,10,
ME-2025-0000874,301011,Education & Training Fund,BE 601,01-07-2025,,,, Education & Training Fund ,301011,,10,
ME-2025-0000884,301011,Education & Training Fund,BE 602,01-07-2025,,,, Education & Training Fund ,301011,,10,
ME-2025-0000895,301011,Education & Training Fund,BE 603,01-07-2025,,,, Education & Training Fund ,301011,,10,
ME-2025-0000905,301011,Education & Training Fund,BE 701,01-07-2025,,,, Education & Training Fund ,301011,,10,
ME-2025-0000915,301011,Education & Training Fund,BE 702,01-07-2025,,,, Education & Training Fund ,301011,,10,
ME-2025-0000925,301011,Education & Training Fund,BE 703,01-07-2025,,,, Education & Training Fund ,301011,,10,
ME-2025-0000954,301011,Education & Training Fund,BE 0B1,01-08-2025,,,, Education & Training Fund ,301011,,10,
ME-2025-0000962,301011,Education & Training Fund,BE 101,01-08-2025,,,, Education & Training Fund ,301011,,10,
ME-2025-0000972,301011,Education & Training Fund,BE 102,01-08-2025,,,, Education & Training Fund ,301011,,10,
ME-2025-0000982,301011,Education & Training Fund,BE 103,01-08-2025,,,, Education & Training Fund ,301011,,10,
ME-2025-0000994,301011,Education & Training Fund,BE 201,01-08-2025,,,, Education & Training Fund ,301011,,10,
ME-2025-0001003,301011,Education & Training Fund,BE 202,01-08-2025,,,, Education & Training Fund ,301011,,10,
ME-2025-0001013,301011,Education & Training Fund,BE 203,01-08-2025,,,, Education & Training Fund ,301011,,10,
ME-2025-0001024,301011,Education & Training Fund,BE 301,01-08-2025,,,, Education & Training Fund ,301011,,10,
ME-2025-0001033,301011,Education & Training Fund,BE 302,01-08-2025,,,, Education & Training Fund ,301011,,10,
ME-2025-0001045,301011,Education & Training Fund,BE 303,01-08-2025,,,, Education & Training Fund ,301011,,10,
ME-2025-0001056,301011,Education & Training Fund,BE 401,01-08-2025,,,, Education & Training Fund ,301011,,10,
ME-2025-0001067,301011,Education & Training Fund,BE 402,01-08-2025,,,, Education & Training Fund ,301011,,10,
ME-2025-0001078,301011,Education & Training Fund,BE 403,01-08-2025,,,, Education & Training Fund ,301011,,10,
ME-2025-0001091,301011,Education & Training Fund,BE 501,01-08-2025,,,, Education & Training Fund ,301011,,10,
ME-2025-0001101,301011,Education & Training Fund,BE 502,01-08-2025,,,, Education & Training Fund ,301011,,10,
ME-2025-0001111,301011,Education & Training Fund,BE 503,01-08-2025,,,, Education & Training Fund ,301011,,10,
ME-2025-0001123,301011,Education & Training Fund,BE 601,01-08-2025,,,, Education & Training Fund ,301011,,10,
ME-2025-0001133,301011,Education & Training Fund,BE 602,01-08-2025,,,, Education & Training Fund ,301011,,10,
ME-2025-0001145,301011,Education & Training Fund,BE 603,01-08-2025,,,, Education & Training Fund ,301011,,10,
ME-2025-0001156,301011,Education & Training Fund,BE 701,01-08-2025,,,, Education & Training Fund ,301011,,10,
ME-2025-0001167,301011,Education & Training Fund,BE 702,01-08-2025,,,, Education & Training Fund ,301011,,10,
ME-2025-0001178,301011,Education & Training Fund,BE 703,01-08-2025,,,, Education & Training Fund ,301011,,10,
ME-2025-0001205,301011,Education & Training Fund,BE 0B1,01-09-2025,,,, Education & Training Fund ,301011,,10,
ME-2025-0001212,301011,Education & Training Fund,BE 101,01-09-2025,,,, Education & Training Fund ,301011,,10,
ME-2025-0001222,301011,Education & Training Fund,BE 102,01-09-2025,,,, Education & Training Fund ,301011,,10,
ME-2025-0001231,301011,Education & Training Fund,BE 103,01-09-2025,,,, Education & Training Fund ,301011,,10,
ME-2025-0001242,301011,Education & Training Fund,BE 201,01-09-2025,,,, Education & Training Fund ,301011,,10,
ME-2025-0001251,301011,Education & Training Fund,BE 202,01-09-2025,,,, Education & Training Fund ,301011,,10,
ME-2025-0001260,301011,Education & Training Fund,BE 203,01-09-2025,,,, Education & Training Fund ,301011,,10,
ME-2025-0001270,301011,Education & Training Fund,BE 301,01-09-2025,,,, Education & Training Fund ,301011,,10,
ME-2025-0001279,301011,Education & Training Fund,BE 302,01-09-2025,,,, Education & Training Fund ,301011,,10,
ME-2025-0001290,301011,Education & Training Fund,BE 303,01-09-2025,,,, Education & Training Fund ,301011,,10,
ME-2025-0001300,301011,Education & Training Fund,BE 401,01-09-2025,,,, Education & Training Fund ,301011,,10,
ME-2025-0001311,301011,Education & Training Fund,BE 402,01-09-2025,,,, Education & Training Fund ,301011,,10,
ME-2025-0001321,301011,Education & Training Fund,BE 403,01-09-2025,,,, Education & Training Fund ,301011,,10,
ME-2025-0001333,301011,Education & Training Fund,BE 501,01-09-2025,,,, Education & Training Fund ,301011,,10,
ME-2025-0001343,301011,Education & Training Fund,BE 502,01-09-2025,,,, Education & Training Fund ,301011,,10,
ME-2025-0001352,301011,Education & Training Fund,BE 503,01-09-2025,,,, Education & Training Fund ,301011,,10,
ME-2025-0001363,301011,Education & Training Fund,BE 601,01-09-2025,,,, Education & Training Fund ,301011,,10,
ME-2025-0001373,301011,Education & Training Fund,BE 602,01-09-2025,,,, Education & Training Fund ,301011,,10,
ME-2025-0001384,301011,Education & Training Fund,BE 603,01-09-2025,,,, Education & Training Fund ,301011,,10,
ME-2025-0001394,301011,Education & Training Fund,BE 701,01-09-2025,,,, Education & Training Fund ,301011,,10,
ME-2025-0001404,301011,Education & Training Fund,BE 702,01-09-2025,,,, Education & Training Fund ,301011,,10,
ME-2025-0001414,301011,Education & Training Fund,BE 703,01-09-2025,,,, Education & Training Fund ,301011,,10,
ME-2025-0001443,301011,Education & Training Fund,BE 0B1,01-10-2025,,,, Education & Training Fund ,301011,,10,
ME-2025-0001451,301011,Education & Training Fund,BE 101,01-10-2025,,,, Education & Training Fund ,301011,,10,
ME-2025-0001461,301011,Education & Training Fund,BE 102,01-10-2025,,,, Education & Training Fund ,301011,,10,
ME-2025-0001470,301011,Education & Training Fund,BE 103,01-10-2025,,,, Education & Training Fund ,301011,,10,
ME-2025-0001481,301011,Education & Training Fund,BE 201,01-10-2025,,,, Education & Training Fund ,301011,,10,
ME-2025-0001490,301011,Education & Training Fund,BE 202,01-10-2025,,,, Education & Training Fund ,301011,,10,
ME-2025-0001499,301011,Education & Training Fund,BE 203,01-10-2025,,,, Education & Training Fund ,301011,,10,
ME-2025-0001509,301011,Education & Training Fund,BE 301,01-10-2025,,,, Education & Training Fund ,301011,,10,
ME-2025-0001518,301011,Education & Training Fund,BE 302,01-10-2025,,,, Education & Training Fund ,301011,,10,
ME-2025-0001529,301011,Education & Training Fund,BE 303,01-10-2025,,,, Education & Training Fund ,301011,,10,
ME-2025-0001539,301011,Education & Training Fund,BE 401,01-10-2025,,,, Education & Training Fund ,301011,,10,
ME-2025-0001550,301011,Education & Training Fund,BE 402,01-10-2025,,,, Education & Training Fund ,301011,,10,
ME-2025-0001561,301011,Education & Training Fund,BE 403,01-10-2025,,,, Education & Training Fund ,301011,,10,
ME-2025-0001573,301011,Education & Training Fund,BE 501,01-10-2025,,,, Education & Training Fund ,301011,,10,
ME-2025-0001583,301011,Education & Training Fund,BE 502,01-10-2025,,,, Education & Training Fund ,301011,,10,
ME-2025-0001592,301011,Education & Training Fund,BE 503,01-10-2025,,,, Education & Training Fund ,301011,,10,
ME-2025-0001603,301011,Education & Training Fund,BE 601,01-10-2025,,,, Education & Training Fund ,301011,,10,
ME-2025-0001613,301011,Education & Training Fund,BE 602,01-10-2025,,,, Education & Training Fund ,301011,,10,
ME-2025-0001624,301011,Education & Training Fund,BE 603,01-10-2025,,,, Education & Training Fund ,301011,,10,
ME-2025-0001634,301011,Education & Training Fund,BE 701,01-10-2025,,,, Education & Training Fund ,301011,,10,
ME-2025-0001644,301011,Education & Training Fund,BE 702,01-10-2025,,,, Education & Training Fund ,301011,,10,
ME-2025-0001654,301011,Education & Training Fund,BE 703,01-10-2025,,,, Education & Training Fund ,301011,,10,
ME-2025-0001684,301011,Education & Training Fund,BE 0B1,01-11-2025,,,, Education & Training Fund ,301011,,10,
ME-2025-0001692,301011,Education & Training Fund,BE 101,01-11-2025,,,, Education & Training Fund ,301011,,10,
ME-2025-0001702,301011,Education & Training Fund,BE 102,01-11-2025,,,, Education & Training Fund ,301011,,10,
ME-2025-0001711,301011,Education & Training Fund,BE 103,01-11-2025,,,, Education & Training Fund ,301011,,10,
ME-2025-0001722,301011,Education & Training Fund,BE 201,01-11-2025,,,, Education & Training Fund ,301011,,10,
ME-2025-0001731,301011,Education & Training Fund,BE 202,01-11-2025,,,, Education & Training Fund ,301011,,10,
ME-2025-0001740,301011,Education & Training Fund,BE 203,01-11-2025,,,, Education & Training Fund ,301011,,10,
ME-2025-0001750,301011,Education & Training Fund,BE 301,01-11-2025,,,, Education & Training Fund ,301011,,10,
ME-2025-0001759,301011,Education & Training Fund,BE 302,01-11-2025,,,, Education & Training Fund ,301011,,10,
ME-2025-0001770,301011,Education & Training Fund,BE 303,01-11-2025,,,, Education & Training Fund ,301011,,10,
ME-2025-0001780,301011,Education & Training Fund,BE 401,01-11-2025,,,, Education & Training Fund ,301011,,10,
ME-2025-0001791,301011,Education & Training Fund,BE 402,01-11-2025,,,, Education & Training Fund ,301011,,10,
ME-2025-0001802,301011,Education & Training Fund,BE 403,01-11-2025,,,, Education & Training Fund ,301011,,10,
ME-2025-0001814,301011,Education & Training Fund,BE 501,01-11-2025,,,, Education & Training Fund ,301011,,10,
ME-2025-0001824,301011,Education & Training Fund,BE 502,01-11-2025,,,, Education & Training Fund ,301011,,10,
ME-2025-0001833,301011,Education & Training Fund,BE 503,01-11-2025,,,, Education & Training Fund ,301011,,10,
ME-2025-0001844,301011,Education & Training Fund,BE 601,01-11-2025,,,, Education & Training Fund ,301011,,10,
ME-2025-0001854,301011,Education & Training Fund,BE 602,01-11-2025,,,, Education & Training Fund ,301011,,10,
ME-2025-0001865,301011,Education & Training Fund,BE 603,01-11-2025,,,, Education & Training Fund ,301011,,10,
ME-2025-0001875,301011,Education & Training Fund,BE 701,01-11-2025,,,, Education & Training Fund ,301011,,10,
ME-2025-0001885,301011,Education & Training Fund,BE 702,01-11-2025,,,, Education & Training Fund ,301011,,10,
ME-2025-0001895,301011,Education & Training Fund,BE 703,01-11-2025,,,, Education & Training Fund ,301011,,10,
ME-2025-0001937,301011,Education & Training Fund,BE 0B1,01-12-2025,,,, Education & Training Fund ,301011,,10,
ME-2025-0001944,301011,Education & Training Fund,BE 101,01-12-2025,,,, Education & Training Fund ,301011,,10,
ME-2025-0001954,301011,Education & Training Fund,BE 102,01-12-2025,,,, Education & Training Fund ,301011,,10,
ME-2025-0001963,301011,Education & Training Fund,BE 103,01-12-2025,,,, Education & Training Fund ,301011,,10,
ME-2025-0001974,301011,Education & Training Fund,BE 201,01-12-2025,,,, Education & Training Fund ,301011,,10,
ME-2025-0001983,301011,Education & Training Fund,BE 202,01-12-2025,,,, Education & Training Fund ,301011,,10,
ME-2025-0001992,301011,Education & Training Fund,BE 203,01-12-2025,,,, Education & Training Fund ,301011,,10,
ME-2025-0002002,301011,Education & Training Fund,BE 301,01-12-2025,,,, Education & Training Fund ,301011,,10,
ME-2025-0002013,301011,Education & Training Fund,BE 303,01-12-2025,,,, Education & Training Fund ,301011,,10,
ME-2025-0002023,301011,Education & Training Fund,BE 401,01-12-2025,,,, Education & Training Fund ,301011,,10,
ME-2025-0002034,301011,Education & Training Fund,BE 402,01-12-2025,,,, Education & Training Fund ,301011,,10,
ME-2025-0002044,301011,Education & Training Fund,BE 403,01-12-2025,,,, Education & Training Fund ,301011,,10,
ME-2025-0002056,301011,Education & Training Fund,BE 501,01-12-2025,,,, Education & Training Fund ,301011,,10,
ME-2025-0002067,301011,Education & Training Fund,BE 502,01-12-2025,,,, Education & Training Fund ,301011,,10,
ME-2025-0002076,301011,Education & Training Fund,BE 503,01-12-2025,,,, Education & Training Fund ,301011,,10,
ME-2025-0002087,301011,Education & Training Fund,BE 601,01-12-2025,,,, Education & Training Fund ,301011,,10,
ME-2025-0002097,301011,Education & Training Fund,BE 602,01-12-2025,,,, Education & Training Fund ,301011,,10,
ME-2025-0002107,301011,Education & Training Fund,BE 603,01-12-2025,,,, Education & Training Fund ,301011,,10,
ME-2025-0002117,301011,Education & Training Fund,BE 701,01-12-2025,,,, Education & Training Fund ,301011,,10,
ME-2025-0002127,301011,Education & Training Fund,BE 702,01-12-2025,,,, Education & Training Fund ,301011,,10,
ME-2025-0002137,301011,Education & Training Fund,BE 703,01-12-2025,,,, Education & Training Fund ,301011,,10,
ME-2025-0002148,301011,Education & Training Fund,BE 302,01-12-2025,,,, Education & Training Fund ,301011,,10,
ME-2025-0002177,301011,Education & Training Fund,BE 0B1,01-01-2026,,,, Education & Training Fund ,301011,,10,
ME-2025-0002185,301011,Education & Training Fund,BE 101,01-01-2026,,,, Education & Training Fund ,301011,,10,
ME-2025-0002195,301011,Education & Training Fund,BE 102,01-01-2026,,,, Education & Training Fund ,301011,,10,
ME-2025-0002204,301011,Education & Training Fund,BE 103,01-01-2026,,,, Education & Training Fund ,301011,,10,
ME-2025-0002215,301011,Education & Training Fund,BE 201,01-01-2026,,,, Education & Training Fund ,301011,,10,
ME-2025-0002224,301011,Education & Training Fund,BE 202,01-01-2026,,,, Education & Training Fund ,301011,,10,
ME-2025-0002233,301011,Education & Training Fund,BE 203,01-01-2026,,,, Education & Training Fund ,301011,,10,
ME-2025-0002243,301011,Education & Training Fund,BE 301,01-01-2026,,,, Education & Training Fund ,301011,,10,
ME-2025-0002252,301011,Education & Training Fund,BE 302,01-01-2026,,,, Education & Training Fund ,301011,,10,
ME-2025-0002264,301011,Education & Training Fund,BE 303,01-01-2026,,,, Education & Training Fund ,301011,,10,
ME-2025-0002274,301011,Education & Training Fund,BE 401,01-01-2026,,,, Education & Training Fund ,301011,,10,
ME-2025-0002286,301011,Education & Training Fund,BE 402,01-01-2026,,,, Education & Training Fund ,301011,,10,
ME-2025-0002296,301011,Education & Training Fund,BE 403,01-01-2026,,,, Education & Training Fund ,301011,,10,
ME-2025-0002308,301011,Education & Training Fund,BE 501,01-01-2026,,,, Education & Training Fund ,301011,,10,
ME-2025-0002319,301011,Education & Training Fund,BE 502,01-01-2026,,,, Education & Training Fund ,301011,,10,
ME-2025-0002329,301011,Education & Training Fund,BE 503,01-01-2026,,,, Education & Training Fund ,301011,,10,
ME-2025-0002340,301011,Education & Training Fund,BE 601,01-01-2026,,,, Education & Training Fund ,301011,,10,
ME-2025-0002350,301011,Education & Training Fund,BE 602,01-01-2026,,,, Education & Training Fund ,301011,,10,
ME-2025-0002361,301011,Education & Training Fund,BE 603,01-01-2026,,,, Education & Training Fund ,301011,,10,
ME-2025-0002371,301011,Education & Training Fund,BE 701,01-01-2026,,,, Education & Training Fund ,301011,,10,
ME-2025-0002429,301011,Education & Training Fund,BE 702,01-01-2026,,,, Education & Training Fund ,301011,,10,
ME-2025-0002439,301011,Education & Training Fund,BE 703,01-01-2026,,,, Education & Training Fund ,301011,,10,
ME-2025-0002464,301011,Education & Training Fund,BE 0B1,01-02-2026,,,, Education & Training Fund ,301011,,10,
ME-2025-0002472,301011,Education & Training Fund,BE 101,01-02-2026,,,, Education & Training Fund ,301011,,10,
ME-2025-0002483,301011,Education & Training Fund,BE 102,01-02-2026,,,, Education & Training Fund ,301011,,10,
ME-2025-0002492,301011,Education & Training Fund,BE 103,01-02-2026,,,, Education & Training Fund ,301011,,10,
ME-2025-0002503,301011,Education & Training Fund,BE 201,01-02-2026,,,, Education & Training Fund ,301011,,10,
ME-2025-0002512,301011,Education & Training Fund,BE 202,01-02-2026,,,, Education & Training Fund ,301011,,10,
ME-2025-0002521,301011,Education & Training Fund,BE 203,01-02-2026,,,, Education & Training Fund ,301011,,10,
ME-2025-0002531,301011,Education & Training Fund,BE 301,01-02-2026,,,, Education & Training Fund ,301011,,10,
ME-2025-0002540,301011,Education & Training Fund,BE 302,01-02-2026,,,, Education & Training Fund ,301011,,10,
ME-2025-0002551,301011,Education & Training Fund,BE 303,01-02-2026,,,, Education & Training Fund ,301011,,10,
ME-2025-0002561,301011,Education & Training Fund,BE 401,01-02-2026,,,, Education & Training Fund ,301011,,10,
ME-2025-0002572,301011,Education & Training Fund,BE 402,01-02-2026,,,, Education & Training Fund ,301011,,10,
ME-2025-0002582,301011,Education & Training Fund,BE 403,01-02-2026,,,, Education & Training Fund ,301011,,10,
ME-2025-0002594,301011,Education & Training Fund,BE 501,01-02-2026,,,, Education & Training Fund ,301011,,10,
ME-2025-0002604,301011,Education & Training Fund,BE 502,01-02-2026,,,, Education & Training Fund ,301011,,10,
ME-2025-0002613,301011,Education & Training Fund,BE 503,01-02-2026,,,, Education & Training Fund ,301011,,10,
ME-2025-0002624,301011,Education & Training Fund,BE 601,01-02-2026,,,, Education & Training Fund ,301011,,10,
ME-2025-0002634,301011,Education & Training Fund,BE 602,01-02-2026,,,, Education & Training Fund ,301011,,10,
ME-2025-0002644,301011,Education & Training Fund,BE 603,01-02-2026,,,, Education & Training Fund ,301011,,10,
ME-2025-0002654,301011,Education & Training Fund,BE 701,01-02-2026,,,, Education & Training Fund ,301011,,10,
ME-2025-0002664,301011,Education & Training Fund,BE 702,01-02-2026,,,, Education & Training Fund ,301011,,10,
ME-2025-0002674,301011,Education & Training Fund,BE 703,01-02-2026,,,, Education & Training Fund ,301011,,10,
ME-2025-0002701,301011,Education & Training Fund,BE 0B1,01-03-2026,,,, Education & Training Fund ,301011,,10,
ME-2025-0002709,301011,Education & Training Fund,BE 101,01-03-2026,,,, Education & Training Fund ,301011,,10,
ME-2025-0002720,301011,Education & Training Fund,BE 102,01-03-2026,,,, Education & Training Fund ,301011,,10,
ME-2025-0002729,301011,Education & Training Fund,BE 103,01-03-2026,,,, Education & Training Fund ,301011,,10,
ME-2025-0002740,301011,Education & Training Fund,BE 201,01-03-2026,,,, Education & Training Fund ,301011,,10,
ME-2025-0002749,301011,Education & Training Fund,BE 202,01-03-2026,,,, Education & Training Fund ,301011,,10,
ME-2025-0002758,301011,Education & Training Fund,BE 203,01-03-2026,,,, Education & Training Fund ,301011,,10,
ME-2025-0002768,301011,Education & Training Fund,BE 301,01-03-2026,,,, Education & Training Fund ,301011,,10,
ME-2025-0002777,301011,Education & Training Fund,BE 302,01-03-2026,,,, Education & Training Fund ,301011,,10,
ME-2025-0002788,301011,Education & Training Fund,BE 303,01-03-2026,,,, Education & Training Fund ,301011,,10,
ME-2025-0002798,301011,Education & Training Fund,BE 401,01-03-2026,,,, Education & Training Fund ,301011,,10,
ME-2025-0002809,301011,Education & Training Fund,BE 402,01-03-2026,,,, Education & Training Fund ,301011,,10,
ME-2025-0002819,301011,Education & Training Fund,BE 403,01-03-2026,,,, Education & Training Fund ,301011,,10,
ME-2025-0002831,301011,Education & Training Fund,BE 501,01-03-2026,,,, Education & Training Fund ,301011,,10,
ME-2025-0002841,301011,Education & Training Fund,BE 502,01-03-2026,,,, Education & Training Fund ,301011,,10,
ME-2025-0002850,301011,Education & Training Fund,BE 503,01-03-2026,,,, Education & Training Fund ,301011,,10,
ME-2025-0002861,301011,Education & Training Fund,BE 601,01-03-2026,,,, Education & Training Fund ,301011,,10,
ME-2025-0002871,301011,Education & Training Fund,BE 602,01-03-2026,,,, Education & Training Fund ,301011,,10,
ME-2025-0002881,301011,Education & Training Fund,BE 603,01-03-2026,,,, Education & Training Fund ,301011,,10,
ME-2025-0002891,301011,Education & Training Fund,BE 701,01-03-2026,,,, Education & Training Fund ,301011,,10,
ME-2025-0002901,301011,Education & Training Fund,BE 702,01-03-2026,,,, Education & Training Fund ,301011,,10,
ME-2025-0002911,301011,Education & Training Fund,BE 703,01-03-2026,,,, Education & Training Fund ,301011,,10,
JE-2025-0000099,301011,Education & Training Fund,,31-03-2026,Being members contribution toward fund trf to liab FY 25-26,,, Education & Training Fund ,301011,2640.00,,

"","","","","","","","","","","2640","2640",

"Income - Members > Late Payment Interest ( 301012 ) ",
"Journal No","Other GL No.","Other Account","Subledger","Posted Date","Comments","Instrument No.","Instrument Bank","Account Name","GL Account No.","Debit","Credit",
"","","","","","Opening Balance","",""," Late Payment Interest ","301012","","",
ME-2025-0000004,301012,Late Payment Interest,BE 0B1,01-04-2025,,,, Late Payment Interest ,301012,,1,
ME-2025-0000114,301012,Late Payment Interest,BE 402,01-04-2025,,,, Late Payment Interest ,301012,,62,
ME-2025-0000243,301012,Late Payment Interest,BE 0B1,01-05-2025,,,, Late Payment Interest ,301012,,13,
ME-2025-0000353,301012,Late Payment Interest,BE 402,01-05-2025,,,, Late Payment Interest ,301012,,11,
ME-2025-0000365,301012,Late Payment Interest,BE 403,01-05-2025,,,, Late Payment Interest ,301012,,12,
ME-2025-0000418,301012,Late Payment Interest,BE 602,01-05-2025,,,, Late Payment Interest ,301012,,10,
ME-2025-0000481,301012,Late Payment Interest,BE 0B1,01-06-2025,,,, Late Payment Interest ,301012,,59,
ME-2025-0000602,301012,Late Payment Interest,BE 403,01-06-2025,,,, Late Payment Interest ,301012,,65,
ME-2025-0000655,301012,Late Payment Interest,BE 602,01-06-2025,,,, Late Payment Interest ,301012,,75,
ME-2025-0000719,301012,Late Payment Interest,BE 0B1,01-07-2025,,,, Late Payment Interest ,301012,,12,
ME-2025-0000892,301012,Late Payment Interest,BE 602,01-07-2025,,,, Late Payment Interest ,301012,,130,
ME-2025-0001141,301012,Late Payment Interest,BE 602,01-08-2025,,,, Late Payment Interest ,301012,,160,
ME-2025-0001381,301012,Late Payment Interest,BE 602,01-09-2025,,,, Late Payment Interest ,301012,,142,
ME-2025-0001447,301012,Late Payment Interest,BE 0B1,01-10-2025,,,, Late Payment Interest ,301012,,2,
ME-2025-0001557,301012,Late Payment Interest,BE 402,01-10-2025,,,, Late Payment Interest ,301012,,6,
ME-2025-0001621,301012,Late Payment Interest,BE 602,01-10-2025,,,, Late Payment Interest ,301012,,194,
ME-2025-0001688,301012,Late Payment Interest,BE 0B1,01-11-2025,,,, Late Payment Interest ,301012,,12,
ME-2025-0001798,301012,Late Payment Interest,BE 402,01-11-2025,,,, Late Payment Interest ,301012,,1,
ME-2025-0001862,301012,Late Payment Interest,BE 602,01-11-2025,,,, Late Payment Interest ,301012,,268,
ME-2025-0002065,301012,Late Payment Interest,BE 501,01-12-2025,,,, Late Payment Interest ,301012,,14,
ME-2025-0002104,301012,Late Payment Interest,BE 602,01-12-2025,,,, Late Payment Interest ,301012,,314,
ME-2025-0002156,301012,Late Payment Interest,BE 302,01-12-2025,,,, Late Payment Interest ,301012,,10,
ME-2025-0002260,301012,Late Payment Interest,BE 302,01-01-2026,,,, Late Payment Interest ,301012,,49,
ME-2025-0002317,301012,Late Payment Interest,BE 501,01-01-2026,,,, Late Payment Interest ,301012,,73,
ME-2025-0002358,301012,Late Payment Interest,BE 602,01-01-2026,,,, Late Payment Interest ,301012,,393,
ME-2025-0002468,301012,Late Payment Interest,BE 0B1,01-02-2026,,,, Late Payment Interest ,301012,,1,
ME-2025-0002480,301012,Late Payment Interest,BE 101,01-02-2026,,,, Late Payment Interest ,301012,,17,
ME-2025-0002641,301012,Late Payment Interest,BE 602,01-02-2026,,,, Late Payment Interest ,301012,,453,
ME-2025-0002705,301012,Late Payment Interest,BE 0B1,01-03-2026,,,, Late Payment Interest ,301012,,10,
ME-2025-0002717,301012,Late Payment Interest,BE 101,01-03-2026,,,, Late Payment Interest ,301012,,74,
ME-2025-0002878,301012,Late Payment Interest,BE 602,01-03-2026,,,, Late Payment Interest ,301012,,470,

"Balance : 3113(Credit)","","","","","","","","","","0","3113",

"Income - Members > Municipal Tax ( 303001 ) ",
"Journal No","Other GL No.","Other Account","Subledger","Posted Date","Comments","Instrument No.","Instrument Bank","Account Name","GL Account No.","Debit","Credit",
"","","","","","Opening Balance","",""," Municipal Tax ","303001","","",
ME-2025-0000012,303001,Municipal Tax,BE 101,01-04-2025,,,, Municipal Tax ,303001,,792,
ME-2025-0000032,303001,Municipal Tax,BE 103,01-04-2025,,,, Municipal Tax ,303001,,792,
ME-2025-0000042,303001,Municipal Tax,BE 201,01-04-2025,,,, Municipal Tax ,303001,,792,
ME-2025-0000060,303001,Municipal Tax,BE 203,01-04-2025,,,, Municipal Tax ,303001,,792,
ME-2025-0000070,303001,Municipal Tax,BE 301,01-04-2025,,,, Municipal Tax ,303001,,792,
ME-2025-0000091,303001,Municipal Tax,BE 303,01-04-2025,,,, Municipal Tax ,303001,,792,
ME-2025-0000100,303001,Municipal Tax,BE 401,01-04-2025,,,, Municipal Tax ,303001,,792,
ME-2025-0000122,303001,Municipal Tax,BE 403,01-04-2025,,,, Municipal Tax ,303001,,792,
ME-2025-0000135,303001,Municipal Tax,BE 501,01-04-2025,,,, Municipal Tax ,303001,,831,
ME-2025-0000154,303001,Municipal Tax,BE 503,01-04-2025,,,, Municipal Tax ,303001,,831,
ME-2025-0000165,303001,Municipal Tax,BE 601,01-04-2025,,,, Municipal Tax ,303001,,831,
ME-2025-0000184,303001,Municipal Tax,BE 603,01-04-2025,,,, Municipal Tax ,303001,,831,
ME-2025-0000195,303001,Municipal Tax,BE 701,01-04-2025,,,, Municipal Tax ,303001,,831,
ME-2025-0000204,303001,Municipal Tax,BE 702,01-04-2025,,,, Municipal Tax ,303001,,512,
ME-2025-0000215,303001,Municipal Tax,BE 703,01-04-2025,,,, Municipal Tax ,303001,,831,
ME-2025-0000251,303001,Municipal Tax,BE 101,01-05-2025,,,, Municipal Tax ,303001,,792,
ME-2025-0000271,303001,Municipal Tax,BE 103,01-05-2025,,,, Municipal Tax ,303001,,792,
ME-2025-0000281,303001,Municipal Tax,BE 201,01-05-2025,,,, Municipal Tax ,303001,,792,
ME-2025-0000299,303001,Municipal Tax,BE 203,01-05-2025,,,, Municipal Tax ,303001,,792,
ME-2025-0000309,303001,Municipal Tax,BE 301,01-05-2025,,,, Municipal Tax ,303001,,792,
ME-2025-0000330,303001,Municipal Tax,BE 303,01-05-2025,,,, Municipal Tax ,303001,,792,
ME-2025-0000339,303001,Municipal Tax,BE 401,01-05-2025,,,, Municipal Tax ,303001,,792,
ME-2025-0000361,303001,Municipal Tax,BE 403,01-05-2025,,,, Municipal Tax ,303001,,792,
ME-2025-0000375,303001,Municipal Tax,BE 501,01-05-2025,,,, Municipal Tax ,303001,,831,
ME-2025-0000394,303001,Municipal Tax,BE 503,01-05-2025,,,, Municipal Tax ,303001,,831,
ME-2025-0000405,303001,Municipal Tax,BE 601,01-05-2025,,,, Municipal Tax ,303001,,831,
ME-2025-0000425,303001,Municipal Tax,BE 603,01-05-2025,,,, Municipal Tax ,303001,,831,
ME-2025-0000436,303001,Municipal Tax,BE 701,01-05-2025,,,, Municipal Tax ,303001,,831,
ME-2025-0000445,303001,Municipal Tax,BE 702,01-05-2025,,,, Municipal Tax ,303001,,512,
ME-2025-0000456,303001,Municipal Tax,BE 703,01-05-2025,,,, Municipal Tax ,303001,,831,
ME-2025-0000489,303001,Municipal Tax,BE 101,01-06-2025,,,, Municipal Tax ,303001,,792,
ME-2025-0000509,303001,Municipal Tax,BE 103,01-06-2025,,,, Municipal Tax ,303001,,792,
ME-2025-0000519,303001,Municipal Tax,BE 201,01-06-2025,,,, Municipal Tax ,303001,,792,
ME-2025-0000537,303001,Municipal Tax,BE 203,01-06-2025,,,, Municipal Tax ,303001,,792,
ME-2025-0000547,303001,Municipal Tax,BE 301,01-06-2025,,,, Municipal Tax ,303001,,792,
ME-2025-0000568,303001,Municipal Tax,BE 303,01-06-2025,,,, Municipal Tax ,303001,,792,
ME-2025-0000577,303001,Municipal Tax,BE 401,01-06-2025,,,, Municipal Tax ,303001,,792,
ME-2025-0000598,303001,Municipal Tax,BE 403,01-06-2025,,,, Municipal Tax ,303001,,792,
ME-2025-0000612,303001,Municipal Tax,BE 501,01-06-2025,,,, Municipal Tax ,303001,,831,
ME-2025-0000631,303001,Municipal Tax,BE 503,01-06-2025,,,, Municipal Tax ,303001,,831,
ME-2025-0000642,303001,Municipal Tax,BE 601,01-06-2025,,,, Municipal Tax ,303001,,831,
ME-2025-0000662,303001,Municipal Tax,BE 603,01-06-2025,,,, Municipal Tax ,303001,,831,
ME-2025-0000673,303001,Municipal Tax,BE 701,01-06-2025,,,, Municipal Tax ,303001,,831,
ME-2025-0000682,303001,Municipal Tax,BE 702,01-06-2025,,,, Municipal Tax ,303001,,512,
ME-2025-0000693,303001,Municipal Tax,BE 703,01-06-2025,,,, Municipal Tax ,303001,,831,
ME-2025-0000727,303001,Municipal Tax,BE 101,01-07-2025,,,, Municipal Tax ,303001,,792,
ME-2025-0000747,303001,Municipal Tax,BE 103,01-07-2025,,,, Municipal Tax ,303001,,792,
ME-2025-0000757,303001,Municipal Tax,BE 201,01-07-2025,,,, Municipal Tax ,303001,,792,
ME-2025-0000775,303001,Municipal Tax,BE 203,01-07-2025,,,, Municipal Tax ,303001,,792,
ME-2025-0000785,303001,Municipal Tax,BE 301,01-07-2025,,,, Municipal Tax ,303001,,792,
ME-2025-0000806,303001,Municipal Tax,BE 303,01-07-2025,,,, Municipal Tax ,303001,,792,
ME-2025-0000815,303001,Municipal Tax,BE 401,01-07-2025,,,, Municipal Tax ,303001,,792,
ME-2025-0000836,303001,Municipal Tax,BE 403,01-07-2025,,,, Municipal Tax ,303001,,792,
ME-2025-0000849,303001,Municipal Tax,BE 501,01-07-2025,,,, Municipal Tax ,303001,,831,
ME-2025-0000868,303001,Municipal Tax,BE 503,01-07-2025,,,, Municipal Tax ,303001,,831,
ME-2025-0000879,303001,Municipal Tax,BE 601,01-07-2025,,,, Municipal Tax ,303001,,831,
ME-2025-0000899,303001,Municipal Tax,BE 603,01-07-2025,,,, Municipal Tax ,303001,,831,
ME-2025-0000910,303001,Municipal Tax,BE 701,01-07-2025,,,, Municipal Tax ,303001,,831,
ME-2025-0000919,303001,Municipal Tax,BE 702,01-07-2025,,,, Municipal Tax ,303001,,512,
ME-2025-0000930,303001,Municipal Tax,BE 703,01-07-2025,,,, Municipal Tax ,303001,,831,
ME-2025-0000966,303001,Municipal Tax,BE 101,01-08-2025,,,, Municipal Tax ,303001,,1079,
ME-2025-0000986,303001,Municipal Tax,BE 103,01-08-2025,,,, Municipal Tax ,303001,,1079,
ME-2025-0000998,303001,Municipal Tax,BE 201,01-08-2025,,,, Municipal Tax ,303001,,1079,
ME-2025-0001017,303001,Municipal Tax,BE 203,01-08-2025,,,, Municipal Tax ,303001,,1079,
ME-2025-0001028,303001,Municipal Tax,BE 301,01-08-2025,,,, Municipal Tax ,303001,,1079,
ME-2025-0001049,303001,Municipal Tax,BE 303,01-08-2025,,,, Municipal Tax ,303001,,1079,
ME-2025-0001060,303001,Municipal Tax,BE 401,01-08-2025,,,, Municipal Tax ,303001,,1079,
ME-2025-0001082,303001,Municipal Tax,BE 403,01-08-2025,,,, Municipal Tax ,303001,,1079,
ME-2025-0001095,303001,Municipal Tax,BE 501,01-08-2025,,,, Municipal Tax ,303001,,1133,
ME-2025-0001115,303001,Municipal Tax,BE 503,01-08-2025,,,, Municipal Tax ,303001,,1133,
ME-2025-0001127,303001,Municipal Tax,BE 601,01-08-2025,,,, Municipal Tax ,303001,,1133,
ME-2025-0001149,303001,Municipal Tax,BE 603,01-08-2025,,,, Municipal Tax ,303001,,1133,
ME-2025-0001160,303001,Municipal Tax,BE 701,01-08-2025,,,, Municipal Tax ,303001,,1133,
ME-2025-0001171,303001,Municipal Tax,BE 702,01-08-2025,,,, Municipal Tax ,303001,,748,
ME-2025-0001182,303001,Municipal Tax,BE 703,01-08-2025,,,, Municipal Tax ,303001,,1133,
ME-2025-0001216,303001,Municipal Tax,BE 101,01-09-2025,,,, Municipal Tax ,303001,,1079,
ME-2025-0001235,303001,Municipal Tax,BE 103,01-09-2025,,,, Municipal Tax ,303001,,1079,
ME-2025-0001246,303001,Municipal Tax,BE 201,01-09-2025,,,, Municipal Tax ,303001,,1079,
ME-2025-0001264,303001,Municipal Tax,BE 203,01-09-2025,,,, Municipal Tax ,303001,,1079,
ME-2025-0001274,303001,Municipal Tax,BE 301,01-09-2025,,,, Municipal Tax ,303001,,1079,
ME-2025-0001294,303001,Municipal Tax,BE 303,01-09-2025,,,, Municipal Tax ,303001,,1079,
ME-2025-0001304,303001,Municipal Tax,BE 401,01-09-2025,,,, Municipal Tax ,303001,,1079,
ME-2025-0001325,303001,Municipal Tax,BE 403,01-09-2025,,,, Municipal Tax ,303001,,1079,
ME-2025-0001337,303001,Municipal Tax,BE 501,01-09-2025,,,, Municipal Tax ,303001,,1133,
ME-2025-0001356,303001,Municipal Tax,BE 503,01-09-2025,,,, Municipal Tax ,303001,,1133,
ME-2025-0001367,303001,Municipal Tax,BE 601,01-09-2025,,,, Municipal Tax ,303001,,1133,
ME-2025-0001388,303001,Municipal Tax,BE 603,01-09-2025,,,, Municipal Tax ,303001,,1133,
ME-2025-0001398,303001,Municipal Tax,BE 701,01-09-2025,,,, Municipal Tax ,303001,,1133,
ME-2025-0001408,303001,Municipal Tax,BE 702,01-09-2025,,,, Municipal Tax ,303001,,748,
ME-2025-0001418,303001,Municipal Tax,BE 703,01-09-2025,,,, Municipal Tax ,303001,,1133,
ME-2025-0001455,303001,Municipal Tax,BE 101,01-10-2025,,,, Municipal Tax ,303001,,1079,
ME-2025-0001474,303001,Municipal Tax,BE 103,01-10-2025,,,, Municipal Tax ,303001,,1079,
ME-2025-0001485,303001,Municipal Tax,BE 201,01-10-2025,,,, Municipal Tax ,303001,,1079,
ME-2025-0001503,303001,Municipal Tax,BE 203,01-10-2025,,,, Municipal Tax ,303001,,1079,
ME-2025-0001513,303001,Municipal Tax,BE 301,01-10-2025,,,, Municipal Tax ,303001,,1079,
ME-2025-0001533,303001,Municipal Tax,BE 303,01-10-2025,,,, Municipal Tax ,303001,,1079,
ME-2025-0001543,303001,Municipal Tax,BE 401,01-10-2025,,,, Municipal Tax ,303001,,1079,
ME-2025-0001565,303001,Municipal Tax,BE 403,01-10-2025,,,, Municipal Tax ,303001,,1079,
ME-2025-0001577,303001,Municipal Tax,BE 501,01-10-2025,,,, Municipal Tax ,303001,,1133,
ME-2025-0001596,303001,Municipal Tax,BE 503,01-10-2025,,,, Municipal Tax ,303001,,1133,
ME-2025-0001607,303001,Municipal Tax,BE 601,01-10-2025,,,, Municipal Tax ,303001,,1133,
ME-2025-0001628,303001,Municipal Tax,BE 603,01-10-2025,,,, Municipal Tax ,303001,,1133,
ME-2025-0001638,303001,Municipal Tax,BE 701,01-10-2025,,,, Municipal Tax ,303001,,1133,
ME-2025-0001648,303001,Municipal Tax,BE 702,01-10-2025,,,, Municipal Tax ,303001,,748,
ME-2025-0001658,303001,Municipal Tax,BE 703,01-10-2025,,,, Municipal Tax ,303001,,1133,
ME-2025-0001696,303001,Municipal Tax,BE 101,01-11-2025,,,, Municipal Tax ,303001,,1079,
ME-2025-0001715,303001,Municipal Tax,BE 103,01-11-2025,,,, Municipal Tax ,303001,,1079,
ME-2025-0001726,303001,Municipal Tax,BE 201,01-11-2025,,,, Municipal Tax ,303001,,1079,
ME-2025-0001744,303001,Municipal Tax,BE 203,01-11-2025,,,, Municipal Tax ,303001,,1079,
ME-2025-0001754,303001,Municipal Tax,BE 301,01-11-2025,,,, Municipal Tax ,303001,,1079,
ME-2025-0001774,303001,Municipal Tax,BE 303,01-11-2025,,,, Municipal Tax ,303001,,1079,
ME-2025-0001784,303001,Municipal Tax,BE 401,01-11-2025,,,, Municipal Tax ,303001,,1079,
ME-2025-0001806,303001,Municipal Tax,BE 403,01-11-2025,,,, Municipal Tax ,303001,,1079,
ME-2025-0001818,303001,Municipal Tax,BE 501,01-11-2025,,,, Municipal Tax ,303001,,1133,
ME-2025-0001837,303001,Municipal Tax,BE 503,01-11-2025,,,, Municipal Tax ,303001,,1133,
ME-2025-0001848,303001,Municipal Tax,BE 601,01-11-2025,,,, Municipal Tax ,303001,,1133,
ME-2025-0001869,303001,Municipal Tax,BE 603,01-11-2025,,,, Municipal Tax ,303001,,1133,
ME-2025-0001879,303001,Municipal Tax,BE 701,01-11-2025,,,, Municipal Tax ,303001,,1133,
ME-2025-0001889,303001,Municipal Tax,BE 702,01-11-2025,,,, Municipal Tax ,303001,,748,
ME-2025-0001899,303001,Municipal Tax,BE 703,01-11-2025,,,, Municipal Tax ,303001,,1133,
ME-2025-0001948,303001,Municipal Tax,BE 101,01-12-2025,,,, Municipal Tax ,303001,,1079,
ME-2025-0001967,303001,Municipal Tax,BE 103,01-12-2025,,,, Municipal Tax ,303001,,1079,
ME-2025-0001978,303001,Municipal Tax,BE 201,01-12-2025,,,, Municipal Tax ,303001,,1079,
ME-2025-0001996,303001,Municipal Tax,BE 203,01-12-2025,,,, Municipal Tax ,303001,,1079,
ME-2025-0002006,303001,Municipal Tax,BE 301,01-12-2025,,,, Municipal Tax ,303001,,1079,
ME-2025-0002017,303001,Municipal Tax,BE 303,01-12-2025,,,, Municipal Tax ,303001,,1079,
ME-2025-0002027,303001,Municipal Tax,BE 401,01-12-2025,,,, Municipal Tax ,303001,,1079,
ME-2025-0002048,303001,Municipal Tax,BE 403,01-12-2025,,,, Municipal Tax ,303001,,1079,
ME-2025-0002060,303001,Municipal Tax,BE 501,01-12-2025,,,, Municipal Tax ,303001,,1133,
ME-2025-0002080,303001,Municipal Tax,BE 503,01-12-2025,,,, Municipal Tax ,303001,,1133,
ME-2025-0002091,303001,Municipal Tax,BE 601,01-12-2025,,,, Municipal Tax ,303001,,1133,
ME-2025-0002111,303001,Municipal Tax,BE 603,01-12-2025,,,, Municipal Tax ,303001,,1133,
ME-2025-0002121,303001,Municipal Tax,BE 701,01-12-2025,,,, Municipal Tax ,303001,,1133,
ME-2025-0002131,303001,Municipal Tax,BE 702,01-12-2025,,,, Municipal Tax ,303001,,748,
ME-2025-0002141,303001,Municipal Tax,BE 703,01-12-2025,,,, Municipal Tax ,303001,,1133,
ME-2025-0002189,303001,Municipal Tax,BE 101,01-01-2026,,,, Municipal Tax ,303001,,1079,
ME-2025-0002208,303001,Municipal Tax,BE 103,01-01-2026,,,, Municipal Tax ,303001,,1079,
ME-2025-0002219,303001,Municipal Tax,BE 201,01-01-2026,,,, Municipal Tax ,303001,,1079,
ME-2025-0002237,303001,Municipal Tax,BE 203,01-01-2026,,,, Municipal Tax ,303001,,1079,
ME-2025-0002247,303001,Municipal Tax,BE 301,01-01-2026,,,, Municipal Tax ,303001,,1079,
ME-2025-0002268,303001,Municipal Tax,BE 303,01-01-2026,,,, Municipal Tax ,303001,,1079,
ME-2025-0002278,303001,Municipal Tax,BE 401,01-01-2026,,,, Municipal Tax ,303001,,1079,
ME-2025-0002300,303001,Municipal Tax,BE 403,01-01-2026,,,, Municipal Tax ,303001,,1079,
ME-2025-0002312,303001,Municipal Tax,BE 501,01-01-2026,,,, Municipal Tax ,303001,,1133,
ME-2025-0002333,303001,Municipal Tax,BE 503,01-01-2026,,,, Municipal Tax ,303001,,1133,
ME-2025-0002344,303001,Municipal Tax,BE 601,01-01-2026,,,, Municipal Tax ,303001,,1133,
ME-2025-0002365,303001,Municipal Tax,BE 603,01-01-2026,,,, Municipal Tax ,303001,,1133,
ME-2025-0002375,303001,Municipal Tax,BE 701,01-01-2026,,,, Municipal Tax ,303001,,1133,
ME-2025-0002433,303001,Municipal Tax,BE 702,01-01-2026,,,, Municipal Tax ,303001,,748,
ME-2025-0002443,303001,Municipal Tax,BE 703,01-01-2026,,,, Municipal Tax ,303001,,1133,
ME-2025-0002476,303001,Municipal Tax,BE 101,01-02-2026,,,, Municipal Tax ,303001,,1079,
ME-2025-0002496,303001,Municipal Tax,BE 103,01-02-2026,,,, Municipal Tax ,303001,,1079,
ME-2025-0002507,303001,Municipal Tax,BE 201,01-02-2026,,,, Municipal Tax ,303001,,1079,
ME-2025-0002525,303001,Municipal Tax,BE 203,01-02-2026,,,, Municipal Tax ,303001,,1079,
ME-2025-0002535,303001,Municipal Tax,BE 301,01-02-2026,,,, Municipal Tax ,303001,,1079,
ME-2025-0002555,303001,Municipal Tax,BE 303,01-02-2026,,,, Municipal Tax ,303001,,1079,
ME-2025-0002565,303001,Municipal Tax,BE 401,01-02-2026,,,, Municipal Tax ,303001,,1079,
ME-2025-0002586,303001,Municipal Tax,BE 403,01-02-2026,,,, Municipal Tax ,303001,,1079,
ME-2025-0002598,303001,Municipal Tax,BE 501,01-02-2026,,,, Municipal Tax ,303001,,1133,
ME-2025-0002617,303001,Municipal Tax,BE 503,01-02-2026,,,, Municipal Tax ,303001,,1133,
ME-2025-0002628,303001,Municipal Tax,BE 601,01-02-2026,,,, Municipal Tax ,303001,,1133,
ME-2025-0002648,303001,Municipal Tax,BE 603,01-02-2026,,,, Municipal Tax ,303001,,1133,
ME-2025-0002658,303001,Municipal Tax,BE 701,01-02-2026,,,, Municipal Tax ,303001,,1133,
ME-2025-0002668,303001,Municipal Tax,BE 702,01-02-2026,,,, Municipal Tax ,303001,,748,
ME-2025-0002678,303001,Municipal Tax,BE 703,01-02-2026,,,, Municipal Tax ,303001,,1133,
ME-2025-0002713,303001,Municipal Tax,BE 101,01-03-2026,,,, Municipal Tax ,303001,,1079,
ME-2025-0002733,303001,Municipal Tax,BE 103,01-03-2026,,,, Municipal Tax ,303001,,1079,
ME-2025-0002744,303001,Municipal Tax,BE 201,01-03-2026,,,, Municipal Tax ,303001,,1079,
ME-2025-0002762,303001,Municipal Tax,BE 203,01-03-2026,,,, Municipal Tax ,303001,,1079,
ME-2025-0002772,303001,Municipal Tax,BE 301,01-03-2026,,,, Municipal Tax ,303001,,1079,
ME-2025-0002792,303001,Municipal Tax,BE 303,01-03-2026,,,, Municipal Tax ,303001,,1079,
ME-2025-0002802,303001,Municipal Tax,BE 401,01-03-2026,,,, Municipal Tax ,303001,,1079,
ME-2025-0002823,303001,Municipal Tax,BE 403,01-03-2026,,,, Municipal Tax ,303001,,1079,
ME-2025-0002835,303001,Municipal Tax,BE 501,01-03-2026,,,, Municipal Tax ,303001,,1133,
ME-2025-0002854,303001,Municipal Tax,BE 503,01-03-2026,,,, Municipal Tax ,303001,,1133,
ME-2025-0002865,303001,Municipal Tax,BE 601,01-03-2026,,,, Municipal Tax ,303001,,1133,
ME-2025-0002885,303001,Municipal Tax,BE 603,01-03-2026,,,, Municipal Tax ,303001,,1133,
ME-2025-0002895,303001,Municipal Tax,BE 701,01-03-2026,,,, Municipal Tax ,303001,,1133,
ME-2025-0002905,303001,Municipal Tax,BE 702,01-03-2026,,,, Municipal Tax ,303001,,748,
ME-2025-0002915,303001,Municipal Tax,BE 703,01-03-2026,,,, Municipal Tax ,303001,,1133,

"Balance : 176760(Credit)","","","","","","","","","","0","176760",

"Income - Members > Arrears Munciple Tax ( 303002 ) ",
"Journal No","Other GL No.","Other Account","Subledger","Posted Date","Comments","Instrument No.","Instrument Bank","Account Name","GL Account No.","Debit","Credit",
"","","","","","Opening Balance","",""," Arrears Munciple Tax ","303002","","",
ME-2025-0000960,303002,Arrears Munciple Tax,BE 101,01-08-2025,,,, Arrears Munciple Tax ,303002,,1148,
ME-2025-0000980,303002,Arrears Munciple Tax,BE 103,01-08-2025,,,, Arrears Munciple Tax ,303002,,1200,
ME-2025-0000992,303002,Arrears Munciple Tax,BE 201,01-08-2025,,,, Arrears Munciple Tax ,303002,,1148,
ME-2025-0001011,303002,Arrears Munciple Tax,BE 203,01-08-2025,,,, Arrears Munciple Tax ,303002,,1148,
ME-2025-0001022,303002,Arrears Munciple Tax,BE 301,01-08-2025,,,, Arrears Munciple Tax ,303002,,1148,
ME-2025-0001043,303002,Arrears Munciple Tax,BE 303,01-08-2025,,,, Arrears Munciple Tax ,303002,,1200,
ME-2025-0001054,303002,Arrears Munciple Tax,BE 401,01-08-2025,,,, Arrears Munciple Tax ,303002,,1148,
ME-2025-0001076,303002,Arrears Munciple Tax,BE 403,01-08-2025,,,, Arrears Munciple Tax ,303002,,1148,
ME-2025-0001089,303002,Arrears Munciple Tax,BE 501,01-08-2025,,,, Arrears Munciple Tax ,303002,,1260,
ME-2025-0001109,303002,Arrears Munciple Tax,BE 503,01-08-2025,,,, Arrears Munciple Tax ,303002,,1260,
ME-2025-0001121,303002,Arrears Munciple Tax,BE 601,01-08-2025,,,, Arrears Munciple Tax ,303002,,1260,
ME-2025-0001143,303002,Arrears Munciple Tax,BE 603,01-08-2025,,,, Arrears Munciple Tax ,303002,,1208,
ME-2025-0001154,303002,Arrears Munciple Tax,BE 701,01-08-2025,,,, Arrears Munciple Tax ,303002,,1260,
ME-2025-0001165,303002,Arrears Munciple Tax,BE 702,01-08-2025,,,, Arrears Munciple Tax ,303002,,944,
ME-2025-0001176,303002,Arrears Munciple Tax,BE 703,01-08-2025,,,, Arrears Munciple Tax ,303002,,1260,

"Balance : 17740(Credit)","","","","","","","","","","0","17740",

"Income - Members > Sinking Fund ( 304001 ) ",
"Journal No","Other GL No.","Other Account","Subledger","Posted Date","Comments","Instrument No.","Instrument Bank","Account Name","GL Account No.","Debit","Credit",
"","","","","","Opening Balance","",""," Sinking Fund ","304001","","",
ME-2025-0000014,304001,Sinking Fund,BE 101,01-04-2025,,,, Sinking Fund ,304001,,41,
ME-2025-0000023,304001,Sinking Fund,BE 102,01-04-2025,,,, Sinking Fund ,304001,,26,
ME-2025-0000034,304001,Sinking Fund,BE 103,01-04-2025,,,, Sinking Fund ,304001,,41,
ME-2025-0000044,304001,Sinking Fund,BE 201,01-04-2025,,,, Sinking Fund ,304001,,41,
ME-2025-0000052,304001,Sinking Fund,BE 202,01-04-2025,,,, Sinking Fund ,304001,,26,
ME-2025-0000062,304001,Sinking Fund,BE 203,01-04-2025,,,, Sinking Fund ,304001,,41,
ME-2025-0000072,304001,Sinking Fund,BE 301,01-04-2025,,,, Sinking Fund ,304001,,41,
ME-2025-0000081,304001,Sinking Fund,BE 302,01-04-2025,,,, Sinking Fund ,304001,,26,
ME-2025-0000093,304001,Sinking Fund,BE 303,01-04-2025,,,, Sinking Fund ,304001,,41,
ME-2025-0000102,304001,Sinking Fund,BE 401,01-04-2025,,,, Sinking Fund ,304001,,41,
ME-2025-0000112,304001,Sinking Fund,BE 402,01-04-2025,,,, Sinking Fund ,304001,,26,
ME-2025-0000124,304001,Sinking Fund,BE 403,01-04-2025,,,, Sinking Fund ,304001,,41,
ME-2025-0000137,304001,Sinking Fund,BE 501,01-04-2025,,,, Sinking Fund ,304001,,41,
ME-2025-0000145,304001,Sinking Fund,BE 502,01-04-2025,,,, Sinking Fund ,304001,,26,
ME-2025-0000156,304001,Sinking Fund,BE 503,01-04-2025,,,, Sinking Fund ,304001,,41,
ME-2025-0000167,304001,Sinking Fund,BE 601,01-04-2025,,,, Sinking Fund ,304001,,42,
ME-2025-0000176,304001,Sinking Fund,BE 602,01-04-2025,,,, Sinking Fund ,304001,,26,
ME-2025-0000186,304001,Sinking Fund,BE 603,01-04-2025,,,, Sinking Fund ,304001,,42,
ME-2025-0000197,304001,Sinking Fund,BE 701,01-04-2025,,,, Sinking Fund ,304001,,42,
ME-2025-0000206,304001,Sinking Fund,BE 702,01-04-2025,,,, Sinking Fund ,304001,,26,
ME-2025-0000217,304001,Sinking Fund,BE 703,01-04-2025,,,, Sinking Fund ,304001,,42,
ME-2025-0000253,304001,Sinking Fund,BE 101,01-05-2025,,,, Sinking Fund ,304001,,41,
ME-2025-0000262,304001,Sinking Fund,BE 102,01-05-2025,,,, Sinking Fund ,304001,,26,
ME-2025-0000273,304001,Sinking Fund,BE 103,01-05-2025,,,, Sinking Fund ,304001,,41,
ME-2025-0000283,304001,Sinking Fund,BE 201,01-05-2025,,,, Sinking Fund ,304001,,41,
ME-2025-0000291,304001,Sinking Fund,BE 202,01-05-2025,,,, Sinking Fund ,304001,,26,
ME-2025-0000301,304001,Sinking Fund,BE 203,01-05-2025,,,, Sinking Fund ,304001,,41,
ME-2025-0000311,304001,Sinking Fund,BE 301,01-05-2025,,,, Sinking Fund ,304001,,41,
ME-2025-0000320,304001,Sinking Fund,BE 302,01-05-2025,,,, Sinking Fund ,304001,,26,
ME-2025-0000332,304001,Sinking Fund,BE 303,01-05-2025,,,, Sinking Fund ,304001,,41,
ME-2025-0000341,304001,Sinking Fund,BE 401,01-05-2025,,,, Sinking Fund ,304001,,41,
ME-2025-0000351,304001,Sinking Fund,BE 402,01-05-2025,,,, Sinking Fund ,304001,,26,
ME-2025-0000363,304001,Sinking Fund,BE 403,01-05-2025,,,, Sinking Fund ,304001,,41,
ME-2025-0000377,304001,Sinking Fund,BE 501,01-05-2025,,,, Sinking Fund ,304001,,41,
ME-2025-0000385,304001,Sinking Fund,BE 502,01-05-2025,,,, Sinking Fund ,304001,,26,
ME-2025-0000396,304001,Sinking Fund,BE 503,01-05-2025,,,, Sinking Fund ,304001,,41,
ME-2025-0000407,304001,Sinking Fund,BE 601,01-05-2025,,,, Sinking Fund ,304001,,42,
ME-2025-0000416,304001,Sinking Fund,BE 602,01-05-2025,,,, Sinking Fund ,304001,,26,
ME-2025-0000427,304001,Sinking Fund,BE 603,01-05-2025,,,, Sinking Fund ,304001,,42,
ME-2025-0000438,304001,Sinking Fund,BE 701,01-05-2025,,,, Sinking Fund ,304001,,42,
ME-2025-0000447,304001,Sinking Fund,BE 702,01-05-2025,,,, Sinking Fund ,304001,,26,
ME-2025-0000458,304001,Sinking Fund,BE 703,01-05-2025,,,, Sinking Fund ,304001,,42,
ME-2025-0000491,304001,Sinking Fund,BE 101,01-06-2025,,,, Sinking Fund ,304001,,41,
ME-2025-0000500,304001,Sinking Fund,BE 102,01-06-2025,,,, Sinking Fund ,304001,,26,
ME-2025-0000511,304001,Sinking Fund,BE 103,01-06-2025,,,, Sinking Fund ,304001,,41,
ME-2025-0000521,304001,Sinking Fund,BE 201,01-06-2025,,,, Sinking Fund ,304001,,41,
ME-2025-0000529,304001,Sinking Fund,BE 202,01-06-2025,,,, Sinking Fund ,304001,,26,
ME-2025-0000539,304001,Sinking Fund,BE 203,01-06-2025,,,, Sinking Fund ,304001,,41,
ME-2025-0000549,304001,Sinking Fund,BE 301,01-06-2025,,,, Sinking Fund ,304001,,41,
ME-2025-0000558,304001,Sinking Fund,BE 302,01-06-2025,,,, Sinking Fund ,304001,,26,
ME-2025-0000570,304001,Sinking Fund,BE 303,01-06-2025,,,, Sinking Fund ,304001,,41,
ME-2025-0000579,304001,Sinking Fund,BE 401,01-06-2025,,,, Sinking Fund ,304001,,41,
ME-2025-0000589,304001,Sinking Fund,BE 402,01-06-2025,,,, Sinking Fund ,304001,,26,
ME-2025-0000600,304001,Sinking Fund,BE 403,01-06-2025,,,, Sinking Fund ,304001,,41,
ME-2025-0000614,304001,Sinking Fund,BE 501,01-06-2025,,,, Sinking Fund ,304001,,41,
ME-2025-0000622,304001,Sinking Fund,BE 502,01-06-2025,,,, Sinking Fund ,304001,,26,
ME-2025-0000633,304001,Sinking Fund,BE 503,01-06-2025,,,, Sinking Fund ,304001,,41,
ME-2025-0000644,304001,Sinking Fund,BE 601,01-06-2025,,,, Sinking Fund ,304001,,42,
ME-2025-0000653,304001,Sinking Fund,BE 602,01-06-2025,,,, Sinking Fund ,304001,,26,
ME-2025-0000664,304001,Sinking Fund,BE 603,01-06-2025,,,, Sinking Fund ,304001,,42,
ME-2025-0000675,304001,Sinking Fund,BE 701,01-06-2025,,,, Sinking Fund ,304001,,42,
ME-2025-0000684,304001,Sinking Fund,BE 702,01-06-2025,,,, Sinking Fund ,304001,,26,
ME-2025-0000695,304001,Sinking Fund,BE 703,01-06-2025,,,, Sinking Fund ,304001,,42,
ME-2025-0000729,304001,Sinking Fund,BE 101,01-07-2025,,,, Sinking Fund ,304001,,41,
ME-2025-0000738,304001,Sinking Fund,BE 102,01-07-2025,,,, Sinking Fund ,304001,,26,
ME-2025-0000749,304001,Sinking Fund,BE 103,01-07-2025,,,, Sinking Fund ,304001,,41,
ME-2025-0000759,304001,Sinking Fund,BE 201,01-07-2025,,,, Sinking Fund ,304001,,41,
ME-2025-0000767,304001,Sinking Fund,BE 202,01-07-2025,,,, Sinking Fund ,304001,,26,
ME-2025-0000777,304001,Sinking Fund,BE 203,01-07-2025,,,, Sinking Fund ,304001,,41,
ME-2025-0000787,304001,Sinking Fund,BE 301,01-07-2025,,,, Sinking Fund ,304001,,41,
ME-2025-0000796,304001,Sinking Fund,BE 302,01-07-2025,,,, Sinking Fund ,304001,,26,
ME-2025-0000808,304001,Sinking Fund,BE 303,01-07-2025,,,, Sinking Fund ,304001,,41,
ME-2025-0000817,304001,Sinking Fund,BE 401,01-07-2025,,,, Sinking Fund ,304001,,41,
ME-2025-0000827,304001,Sinking Fund,BE 402,01-07-2025,,,, Sinking Fund ,304001,,26,
ME-2025-0000838,304001,Sinking Fund,BE 403,01-07-2025,,,, Sinking Fund ,304001,,41,
ME-2025-0000851,304001,Sinking Fund,BE 501,01-07-2025,,,, Sinking Fund ,304001,,41,
ME-2025-0000859,304001,Sinking Fund,BE 502,01-07-2025,,,, Sinking Fund ,304001,,26,
ME-2025-0000870,304001,Sinking Fund,BE 503,01-07-2025,,,, Sinking Fund ,304001,,41,
ME-2025-0000881,304001,Sinking Fund,BE 601,01-07-2025,,,, Sinking Fund ,304001,,42,
ME-2025-0000890,304001,Sinking Fund,BE 602,01-07-2025,,,, Sinking Fund ,304001,,26,
ME-2025-0000901,304001,Sinking Fund,BE 603,01-07-2025,,,, Sinking Fund ,304001,,42,
ME-2025-0000912,304001,Sinking Fund,BE 701,01-07-2025,,,, Sinking Fund ,304001,,42,
ME-2025-0000921,304001,Sinking Fund,BE 702,01-07-2025,,,, Sinking Fund ,304001,,26,
ME-2025-0000932,304001,Sinking Fund,BE 703,01-07-2025,,,, Sinking Fund ,304001,,42,
ME-2025-0000968,304001,Sinking Fund,BE 101,01-08-2025,,,, Sinking Fund ,304001,,41,
ME-2025-0000977,304001,Sinking Fund,BE 102,01-08-2025,,,, Sinking Fund ,304001,,26,
ME-2025-0000988,304001,Sinking Fund,BE 103,01-08-2025,,,, Sinking Fund ,304001,,41,
ME-2025-0001000,304001,Sinking Fund,BE 201,01-08-2025,,,, Sinking Fund ,304001,,41,
ME-2025-0001008,304001,Sinking Fund,BE 202,01-08-2025,,,, Sinking Fund ,304001,,26,
ME-2025-0001019,304001,Sinking Fund,BE 203,01-08-2025,,,, Sinking Fund ,304001,,41,
ME-2025-0001030,304001,Sinking Fund,BE 301,01-08-2025,,,, Sinking Fund ,304001,,41,
ME-2025-0001039,304001,Sinking Fund,BE 302,01-08-2025,,,, Sinking Fund ,304001,,26,
ME-2025-0001051,304001,Sinking Fund,BE 303,01-08-2025,,,, Sinking Fund ,304001,,41,
ME-2025-0001062,304001,Sinking Fund,BE 401,01-08-2025,,,, Sinking Fund ,304001,,41,
ME-2025-0001072,304001,Sinking Fund,BE 402,01-08-2025,,,, Sinking Fund ,304001,,26,
ME-2025-0001084,304001,Sinking Fund,BE 403,01-08-2025,,,, Sinking Fund ,304001,,41,
ME-2025-0001097,304001,Sinking Fund,BE 501,01-08-2025,,,, Sinking Fund ,304001,,41,
ME-2025-0001106,304001,Sinking Fund,BE 502,01-08-2025,,,, Sinking Fund ,304001,,26,
ME-2025-0001117,304001,Sinking Fund,BE 503,01-08-2025,,,, Sinking Fund ,304001,,41,
ME-2025-0001129,304001,Sinking Fund,BE 601,01-08-2025,,,, Sinking Fund ,304001,,42,
ME-2025-0001139,304001,Sinking Fund,BE 602,01-08-2025,,,, Sinking Fund ,304001,,26,
ME-2025-0001151,304001,Sinking Fund,BE 603,01-08-2025,,,, Sinking Fund ,304001,,42,
ME-2025-0001162,304001,Sinking Fund,BE 701,01-08-2025,,,, Sinking Fund ,304001,,42,
ME-2025-0001173,304001,Sinking Fund,BE 702,01-08-2025,,,, Sinking Fund ,304001,,26,
ME-2025-0001184,304001,Sinking Fund,BE 703,01-08-2025,,,, Sinking Fund ,304001,,42,
ME-2025-0001218,304001,Sinking Fund,BE 101,01-09-2025,,,, Sinking Fund ,304001,,41,
ME-2025-0001227,304001,Sinking Fund,BE 102,01-09-2025,,,, Sinking Fund ,304001,,26,
ME-2025-0001237,304001,Sinking Fund,BE 103,01-09-2025,,,, Sinking Fund ,304001,,41,
ME-2025-0001248,304001,Sinking Fund,BE 201,01-09-2025,,,, Sinking Fund ,304001,,41,
ME-2025-0001256,304001,Sinking Fund,BE 202,01-09-2025,,,, Sinking Fund ,304001,,26,
ME-2025-0001266,304001,Sinking Fund,BE 203,01-09-2025,,,, Sinking Fund ,304001,,41,
ME-2025-0001276,304001,Sinking Fund,BE 301,01-09-2025,,,, Sinking Fund ,304001,,41,
ME-2025-0001285,304001,Sinking Fund,BE 302,01-09-2025,,,, Sinking Fund ,304001,,26,
ME-2025-0001296,304001,Sinking Fund,BE 303,01-09-2025,,,, Sinking Fund ,304001,,41,
ME-2025-0001306,304001,Sinking Fund,BE 401,01-09-2025,,,, Sinking Fund ,304001,,41,
ME-2025-0001316,304001,Sinking Fund,BE 402,01-09-2025,,,, Sinking Fund ,304001,,26,
ME-2025-0001327,304001,Sinking Fund,BE 403,01-09-2025,,,, Sinking Fund ,304001,,41,
ME-2025-0001339,304001,Sinking Fund,BE 501,01-09-2025,,,, Sinking Fund ,304001,,41,
ME-2025-0001348,304001,Sinking Fund,BE 502,01-09-2025,,,, Sinking Fund ,304001,,26,
ME-2025-0001358,304001,Sinking Fund,BE 503,01-09-2025,,,, Sinking Fund ,304001,,41,
ME-2025-0001369,304001,Sinking Fund,BE 601,01-09-2025,,,, Sinking Fund ,304001,,42,
ME-2025-0001379,304001,Sinking Fund,BE 602,01-09-2025,,,, Sinking Fund ,304001,,26,
ME-2025-0001390,304001,Sinking Fund,BE 603,01-09-2025,,,, Sinking Fund ,304001,,42,
ME-2025-0001400,304001,Sinking Fund,BE 701,01-09-2025,,,, Sinking Fund ,304001,,42,
ME-2025-0001410,304001,Sinking Fund,BE 702,01-09-2025,,,, Sinking Fund ,304001,,26,
ME-2025-0001420,304001,Sinking Fund,BE 703,01-09-2025,,,, Sinking Fund ,304001,,42,
ME-2025-0001457,304001,Sinking Fund,BE 101,01-10-2025,,,, Sinking Fund ,304001,,41,
ME-2025-0001466,304001,Sinking Fund,BE 102,01-10-2025,,,, Sinking Fund ,304001,,26,
ME-2025-0001476,304001,Sinking Fund,BE 103,01-10-2025,,,, Sinking Fund ,304001,,41,
ME-2025-0001487,304001,Sinking Fund,BE 201,01-10-2025,,,, Sinking Fund ,304001,,41,
ME-2025-0001495,304001,Sinking Fund,BE 202,01-10-2025,,,, Sinking Fund ,304001,,26,
ME-2025-0001505,304001,Sinking Fund,BE 203,01-10-2025,,,, Sinking Fund ,304001,,41,
ME-2025-0001515,304001,Sinking Fund,BE 301,01-10-2025,,,, Sinking Fund ,304001,,41,
ME-2025-0001524,304001,Sinking Fund,BE 302,01-10-2025,,,, Sinking Fund ,304001,,26,
ME-2025-0001535,304001,Sinking Fund,BE 303,01-10-2025,,,, Sinking Fund ,304001,,41,
ME-2025-0001545,304001,Sinking Fund,BE 401,01-10-2025,,,, Sinking Fund ,304001,,41,
ME-2025-0001555,304001,Sinking Fund,BE 402,01-10-2025,,,, Sinking Fund ,304001,,26,
ME-2025-0001567,304001,Sinking Fund,BE 403,01-10-2025,,,, Sinking Fund ,304001,,41,
ME-2025-0001579,304001,Sinking Fund,BE 501,01-10-2025,,,, Sinking Fund ,304001,,41,
ME-2025-0001588,304001,Sinking Fund,BE 502,01-10-2025,,,, Sinking Fund ,304001,,26,
ME-2025-0001598,304001,Sinking Fund,BE 503,01-10-2025,,,, Sinking Fund ,304001,,41,
ME-2025-0001609,304001,Sinking Fund,BE 601,01-10-2025,,,, Sinking Fund ,304001,,42,
ME-2025-0001619,304001,Sinking Fund,BE 602,01-10-2025,,,, Sinking Fund ,304001,,26,
ME-2025-0001630,304001,Sinking Fund,BE 603,01-10-2025,,,, Sinking Fund ,304001,,42,
ME-2025-0001640,304001,Sinking Fund,BE 701,01-10-2025,,,, Sinking Fund ,304001,,42,
ME-2025-0001650,304001,Sinking Fund,BE 702,01-10-2025,,,, Sinking Fund ,304001,,26,
ME-2025-0001660,304001,Sinking Fund,BE 703,01-10-2025,,,, Sinking Fund ,304001,,42,
ME-2025-0001698,304001,Sinking Fund,BE 101,01-11-2025,,,, Sinking Fund ,304001,,41,
ME-2025-0001707,304001,Sinking Fund,BE 102,01-11-2025,,,, Sinking Fund ,304001,,26,
ME-2025-0001717,304001,Sinking Fund,BE 103,01-11-2025,,,, Sinking Fund ,304001,,41,
ME-2025-0001728,304001,Sinking Fund,BE 201,01-11-2025,,,, Sinking Fund ,304001,,41,
ME-2025-0001736,304001,Sinking Fund,BE 202,01-11-2025,,,, Sinking Fund ,304001,,26,
ME-2025-0001746,304001,Sinking Fund,BE 203,01-11-2025,,,, Sinking Fund ,304001,,41,
ME-2025-0001756,304001,Sinking Fund,BE 301,01-11-2025,,,, Sinking Fund ,304001,,41,
ME-2025-0001765,304001,Sinking Fund,BE 302,01-11-2025,,,, Sinking Fund ,304001,,26,
ME-2025-0001776,304001,Sinking Fund,BE 303,01-11-2025,,,, Sinking Fund ,304001,,41,
ME-2025-0001786,304001,Sinking Fund,BE 401,01-11-2025,,,, Sinking Fund ,304001,,41,
ME-2025-0001796,304001,Sinking Fund,BE 402,01-11-2025,,,, Sinking Fund ,304001,,26,
ME-2025-0001808,304001,Sinking Fund,BE 403,01-11-2025,,,, Sinking Fund ,304001,,41,
ME-2025-0001820,304001,Sinking Fund,BE 501,01-11-2025,,,, Sinking Fund ,304001,,41,
ME-2025-0001829,304001,Sinking Fund,BE 502,01-11-2025,,,, Sinking Fund ,304001,,26,
ME-2025-0001839,304001,Sinking Fund,BE 503,01-11-2025,,,, Sinking Fund ,304001,,41,
ME-2025-0001850,304001,Sinking Fund,BE 601,01-11-2025,,,, Sinking Fund ,304001,,42,
ME-2025-0001860,304001,Sinking Fund,BE 602,01-11-2025,,,, Sinking Fund ,304001,,26,
ME-2025-0001871,304001,Sinking Fund,BE 603,01-11-2025,,,, Sinking Fund ,304001,,42,
ME-2025-0001881,304001,Sinking Fund,BE 701,01-11-2025,,,, Sinking Fund ,304001,,42,
ME-2025-0001891,304001,Sinking Fund,BE 702,01-11-2025,,,, Sinking Fund ,304001,,26,
ME-2025-0001901,304001,Sinking Fund,BE 703,01-11-2025,,,, Sinking Fund ,304001,,42,
ME-2025-0001950,304001,Sinking Fund,BE 101,01-12-2025,,,, Sinking Fund ,304001,,41,
ME-2025-0001959,304001,Sinking Fund,BE 102,01-12-2025,,,, Sinking Fund ,304001,,26,
ME-2025-0001969,304001,Sinking Fund,BE 103,01-12-2025,,,, Sinking Fund ,304001,,41,
ME-2025-0001980,304001,Sinking Fund,BE 201,01-12-2025,,,, Sinking Fund ,304001,,41,
ME-2025-0001988,304001,Sinking Fund,BE 202,01-12-2025,,,, Sinking Fund ,304001,,26,
ME-2025-0001998,304001,Sinking Fund,BE 203,01-12-2025,,,, Sinking Fund ,304001,,41,
ME-2025-0002008,304001,Sinking Fund,BE 301,01-12-2025,,,, Sinking Fund ,304001,,41,
ME-2025-0002019,304001,Sinking Fund,BE 303,01-12-2025,,,, Sinking Fund ,304001,,41,
ME-2025-0002029,304001,Sinking Fund,BE 401,01-12-2025,,,, Sinking Fund ,304001,,41,
ME-2025-0002039,304001,Sinking Fund,BE 402,01-12-2025,,,, Sinking Fund ,304001,,26,
ME-2025-0002050,304001,Sinking Fund,BE 403,01-12-2025,,,, Sinking Fund ,304001,,41,
ME-2025-0002062,304001,Sinking Fund,BE 501,01-12-2025,,,, Sinking Fund ,304001,,41,
ME-2025-0002072,304001,Sinking Fund,BE 502,01-12-2025,,,, Sinking Fund ,304001,,26,
ME-2025-0002082,304001,Sinking Fund,BE 503,01-12-2025,,,, Sinking Fund ,304001,,41,
ME-2025-0002093,304001,Sinking Fund,BE 601,01-12-2025,,,, Sinking Fund ,304001,,42,
ME-2025-0002102,304001,Sinking Fund,BE 602,01-12-2025,,,, Sinking Fund ,304001,,26,
ME-2025-0002113,304001,Sinking Fund,BE 603,01-12-2025,,,, Sinking Fund ,304001,,42,
ME-2025-0002123,304001,Sinking Fund,BE 701,01-12-2025,,,, Sinking Fund ,304001,,42,
ME-2025-0002133,304001,Sinking Fund,BE 702,01-12-2025,,,, Sinking Fund ,304001,,26,
ME-2025-0002143,304001,Sinking Fund,BE 703,01-12-2025,,,, Sinking Fund ,304001,,42,
ME-2025-0002154,304001,Sinking Fund,BE 302,01-12-2025,,,, Sinking Fund ,304001,,26,
ME-2025-0002191,304001,Sinking Fund,BE 101,01-01-2026,,,, Sinking Fund ,304001,,41,
ME-2025-0002200,304001,Sinking Fund,BE 102,01-01-2026,,,, Sinking Fund ,304001,,26,
ME-2025-0002210,304001,Sinking Fund,BE 103,01-01-2026,,,, Sinking Fund ,304001,,41,
ME-2025-0002221,304001,Sinking Fund,BE 201,01-01-2026,,,, Sinking Fund ,304001,,41,
ME-2025-0002229,304001,Sinking Fund,BE 202,01-01-2026,,,, Sinking Fund ,304001,,26,
ME-2025-0002239,304001,Sinking Fund,BE 203,01-01-2026,,,, Sinking Fund ,304001,,41,
ME-2025-0002249,304001,Sinking Fund,BE 301,01-01-2026,,,, Sinking Fund ,304001,,41,
ME-2025-0002258,304001,Sinking Fund,BE 302,01-01-2026,,,, Sinking Fund ,304001,,26,
ME-2025-0002270,304001,Sinking Fund,BE 303,01-01-2026,,,, Sinking Fund ,304001,,41,
ME-2025-0002281,304001,Sinking Fund,BE 401,01-01-2026,,,, Sinking Fund ,304001,,41,
ME-2025-0002291,304001,Sinking Fund,BE 402,01-01-2026,,,, Sinking Fund ,304001,,26,
ME-2025-0002302,304001,Sinking Fund,BE 403,01-01-2026,,,, Sinking Fund ,304001,,41,
ME-2025-0002314,304001,Sinking Fund,BE 501,01-01-2026,,,, Sinking Fund ,304001,,41,
ME-2025-0002325,304001,Sinking Fund,BE 502,01-01-2026,,,, Sinking Fund ,304001,,26,
ME-2025-0002335,304001,Sinking Fund,BE 503,01-01-2026,,,, Sinking Fund ,304001,,41,
ME-2025-0002346,304001,Sinking Fund,BE 601,01-01-2026,,,, Sinking Fund ,304001,,42,
ME-2025-0002356,304001,Sinking Fund,BE 602,01-01-2026,,,, Sinking Fund ,304001,,26,
ME-2025-0002367,304001,Sinking Fund,BE 603,01-01-2026,,,, Sinking Fund ,304001,,42,
ME-2025-0002377,304001,Sinking Fund,BE 701,01-01-2026,,,, Sinking Fund ,304001,,42,
ME-2025-0002435,304001,Sinking Fund,BE 702,01-01-2026,,,, Sinking Fund ,304001,,26,
ME-2025-0002445,304001,Sinking Fund,BE 703,01-01-2026,,,, Sinking Fund ,304001,,42,
ME-2025-0002478,304001,Sinking Fund,BE 101,01-02-2026,,,, Sinking Fund ,304001,,41,
ME-2025-0002488,304001,Sinking Fund,BE 102,01-02-2026,,,, Sinking Fund ,304001,,26,
ME-2025-0002498,304001,Sinking Fund,BE 103,01-02-2026,,,, Sinking Fund ,304001,,41,
ME-2025-0002509,304001,Sinking Fund,BE 201,01-02-2026,,,, Sinking Fund ,304001,,41,
ME-2025-0002517,304001,Sinking Fund,BE 202,01-02-2026,,,, Sinking Fund ,304001,,26,
ME-2025-0002527,304001,Sinking Fund,BE 203,01-02-2026,,,, Sinking Fund ,304001,,41,
ME-2025-0002537,304001,Sinking Fund,BE 301,01-02-2026,,,, Sinking Fund ,304001,,41,
ME-2025-0002546,304001,Sinking Fund,BE 302,01-02-2026,,,, Sinking Fund ,304001,,26,
ME-2025-0002557,304001,Sinking Fund,BE 303,01-02-2026,,,, Sinking Fund ,304001,,41,
ME-2025-0002567,304001,Sinking Fund,BE 401,01-02-2026,,,, Sinking Fund ,304001,,41,
ME-2025-0002577,304001,Sinking Fund,BE 402,01-02-2026,,,, Sinking Fund ,304001,,26,
ME-2025-0002588,304001,Sinking Fund,BE 403,01-02-2026,,,, Sinking Fund ,304001,,41,
ME-2025-0002600,304001,Sinking Fund,BE 501,01-02-2026,,,, Sinking Fund ,304001,,41,
ME-2025-0002609,304001,Sinking Fund,BE 502,01-02-2026,,,, Sinking Fund ,304001,,26,
ME-2025-0002619,304001,Sinking Fund,BE 503,01-02-2026,,,, Sinking Fund ,304001,,41,
ME-2025-0002630,304001,Sinking Fund,BE 601,01-02-2026,,,, Sinking Fund ,304001,,42,
ME-2025-0002639,304001,Sinking Fund,BE 602,01-02-2026,,,, Sinking Fund ,304001,,26,
ME-2025-0002650,304001,Sinking Fund,BE 603,01-02-2026,,,, Sinking Fund ,304001,,42,
ME-2025-0002660,304001,Sinking Fund,BE 701,01-02-2026,,,, Sinking Fund ,304001,,42,
ME-2025-0002670,304001,Sinking Fund,BE 702,01-02-2026,,,, Sinking Fund ,304001,,26,
ME-2025-0002680,304001,Sinking Fund,BE 703,01-02-2026,,,, Sinking Fund ,304001,,42,
ME-2025-0002715,304001,Sinking Fund,BE 101,01-03-2026,,,, Sinking Fund ,304001,,41,
ME-2025-0002725,304001,Sinking Fund,BE 102,01-03-2026,,,, Sinking Fund ,304001,,26,
ME-2025-0002735,304001,Sinking Fund,BE 103,01-03-2026,,,, Sinking Fund ,304001,,41,
ME-2025-0002746,304001,Sinking Fund,BE 201,01-03-2026,,,, Sinking Fund ,304001,,41,
ME-2025-0002754,304001,Sinking Fund,BE 202,01-03-2026,,,, Sinking Fund ,304001,,26,
ME-2025-0002764,304001,Sinking Fund,BE 203,01-03-2026,,,, Sinking Fund ,304001,,41,
ME-2025-0002774,304001,Sinking Fund,BE 301,01-03-2026,,,, Sinking Fund ,304001,,41,
ME-2025-0002783,304001,Sinking Fund,BE 302,01-03-2026,,,, Sinking Fund ,304001,,26,
ME-2025-0002794,304001,Sinking Fund,BE 303,01-03-2026,,,, Sinking Fund ,304001,,41,
ME-2025-0002804,304001,Sinking Fund,BE 401,01-03-2026,,,, Sinking Fund ,304001,,41,
ME-2025-0002814,304001,Sinking Fund,BE 402,01-03-2026,,,, Sinking Fund ,304001,,26,
ME-2025-0002825,304001,Sinking Fund,BE 403,01-03-2026,,,, Sinking Fund ,304001,,41,
ME-2025-0002837,304001,Sinking Fund,BE 501,01-03-2026,,,, Sinking Fund ,304001,,41,
ME-2025-0002846,304001,Sinking Fund,BE 502,01-03-2026,,,, Sinking Fund ,304001,,26,
ME-2025-0002856,304001,Sinking Fund,BE 503,01-03-2026,,,, Sinking Fund ,304001,,41,
ME-2025-0002867,304001,Sinking Fund,BE 601,01-03-2026,,,, Sinking Fund ,304001,,42,
ME-2025-0002876,304001,Sinking Fund,BE 602,01-03-2026,,,, Sinking Fund ,304001,,26,
ME-2025-0002887,304001,Sinking Fund,BE 603,01-03-2026,,,, Sinking Fund ,304001,,42,
ME-2025-0002897,304001,Sinking Fund,BE 701,01-03-2026,,,, Sinking Fund ,304001,,42,
ME-2025-0002907,304001,Sinking Fund,BE 702,01-03-2026,,,, Sinking Fund ,304001,,26,
ME-2025-0002917,304001,Sinking Fund,BE 703,01-03-2026,,,, Sinking Fund ,304001,,42,
JE-2025-0000099,304001,Sinking Fund,,31-03-2026,Being members contribution toward fund trf to liab FY 25-26,,, Sinking Fund ,304001,9120.00,,

"","","","","","","","","","","9120","9120",

"Income - Members > Repair Fund ( 304003 ) ",
"Journal No","Other GL No.","Other Account","Subledger","Posted Date","Comments","Instrument No.","Instrument Bank","Account Name","GL Account No.","Debit","Credit",
"","","","","","Opening Balance","",""," Repair Fund ","304003","","",
ME-2025-0000013,304003,Repair Fund,BE 101,01-04-2025,,,, Repair Fund ,304003,,123,
ME-2025-0000022,304003,Repair Fund,BE 102,01-04-2025,,,, Repair Fund ,304003,,79,
ME-2025-0000033,304003,Repair Fund,BE 103,01-04-2025,,,, Repair Fund ,304003,,123,
ME-2025-0000043,304003,Repair Fund,BE 201,01-04-2025,,,, Repair Fund ,304003,,123,
ME-2025-0000051,304003,Repair Fund,BE 202,01-04-2025,,,, Repair Fund ,304003,,79,
ME-2025-0000061,304003,Repair Fund,BE 203,01-04-2025,,,, Repair Fund ,304003,,123,
ME-2025-0000071,304003,Repair Fund,BE 301,01-04-2025,,,, Repair Fund ,304003,,123,
ME-2025-0000080,304003,Repair Fund,BE 302,01-04-2025,,,, Repair Fund ,304003,,79,
ME-2025-0000092,304003,Repair Fund,BE 303,01-04-2025,,,, Repair Fund ,304003,,123,
ME-2025-0000101,304003,Repair Fund,BE 401,01-04-2025,,,, Repair Fund ,304003,,123,
ME-2025-0000111,304003,Repair Fund,BE 402,01-04-2025,,,, Repair Fund ,304003,,79,
ME-2025-0000123,304003,Repair Fund,BE 403,01-04-2025,,,, Repair Fund ,304003,,123,
ME-2025-0000136,304003,Repair Fund,BE 501,01-04-2025,,,, Repair Fund ,304003,,123,
ME-2025-0000144,304003,Repair Fund,BE 502,01-04-2025,,,, Repair Fund ,304003,,79,
ME-2025-0000155,304003,Repair Fund,BE 503,01-04-2025,,,, Repair Fund ,304003,,123,
ME-2025-0000166,304003,Repair Fund,BE 601,01-04-2025,,,, Repair Fund ,304003,,127,
ME-2025-0000175,304003,Repair Fund,BE 602,01-04-2025,,,, Repair Fund ,304003,,79,
ME-2025-0000185,304003,Repair Fund,BE 603,01-04-2025,,,, Repair Fund ,304003,,127,
ME-2025-0000196,304003,Repair Fund,BE 701,01-04-2025,,,, Repair Fund ,304003,,127,
ME-2025-0000205,304003,Repair Fund,BE 702,01-04-2025,,,, Repair Fund ,304003,,79,
ME-2025-0000216,304003,Repair Fund,BE 703,01-04-2025,,,, Repair Fund ,304003,,127,
ME-2025-0000252,304003,Repair Fund,BE 101,01-05-2025,,,, Repair Fund ,304003,,123,
ME-2025-0000261,304003,Repair Fund,BE 102,01-05-2025,,,, Repair Fund ,304003,,79,
ME-2025-0000272,304003,Repair Fund,BE 103,01-05-2025,,,, Repair Fund ,304003,,123,
ME-2025-0000282,304003,Repair Fund,BE 201,01-05-2025,,,, Repair Fund ,304003,,123,
ME-2025-0000290,304003,Repair Fund,BE 202,01-05-2025,,,, Repair Fund ,304003,,79,
ME-2025-0000300,304003,Repair Fund,BE 203,01-05-2025,,,, Repair Fund ,304003,,123,
ME-2025-0000310,304003,Repair Fund,BE 301,01-05-2025,,,, Repair Fund ,304003,,123,
ME-2025-0000319,304003,Repair Fund,BE 302,01-05-2025,,,, Repair Fund ,304003,,79,
ME-2025-0000331,304003,Repair Fund,BE 303,01-05-2025,,,, Repair Fund ,304003,,123,
ME-2025-0000340,304003,Repair Fund,BE 401,01-05-2025,,,, Repair Fund ,304003,,123,
ME-2025-0000350,304003,Repair Fund,BE 402,01-05-2025,,,, Repair Fund ,304003,,79,
ME-2025-0000362,304003,Repair Fund,BE 403,01-05-2025,,,, Repair Fund ,304003,,123,
ME-2025-0000376,304003,Repair Fund,BE 501,01-05-2025,,,, Repair Fund ,304003,,123,
ME-2025-0000384,304003,Repair Fund,BE 502,01-05-2025,,,, Repair Fund ,304003,,79,
ME-2025-0000395,304003,Repair Fund,BE 503,01-05-2025,,,, Repair Fund ,304003,,123,
ME-2025-0000406,304003,Repair Fund,BE 601,01-05-2025,,,, Repair Fund ,304003,,127,
ME-2025-0000415,304003,Repair Fund,BE 602,01-05-2025,,,, Repair Fund ,304003,,79,
ME-2025-0000426,304003,Repair Fund,BE 603,01-05-2025,,,, Repair Fund ,304003,,127,
ME-2025-0000437,304003,Repair Fund,BE 701,01-05-2025,,,, Repair Fund ,304003,,127,
ME-2025-0000446,304003,Repair Fund,BE 702,01-05-2025,,,, Repair Fund ,304003,,79,
ME-2025-0000457,304003,Repair Fund,BE 703,01-05-2025,,,, Repair Fund ,304003,,127,
ME-2025-0000490,304003,Repair Fund,BE 101,01-06-2025,,,, Repair Fund ,304003,,123,
ME-2025-0000499,304003,Repair Fund,BE 102,01-06-2025,,,, Repair Fund ,304003,,79,
ME-2025-0000510,304003,Repair Fund,BE 103,01-06-2025,,,, Repair Fund ,304003,,123,
ME-2025-0000520,304003,Repair Fund,BE 201,01-06-2025,,,, Repair Fund ,304003,,123,
ME-2025-0000528,304003,Repair Fund,BE 202,01-06-2025,,,, Repair Fund ,304003,,79,
ME-2025-0000538,304003,Repair Fund,BE 203,01-06-2025,,,, Repair Fund ,304003,,123,
ME-2025-0000548,304003,Repair Fund,BE 301,01-06-2025,,,, Repair Fund ,304003,,123,
ME-2025-0000557,304003,Repair Fund,BE 302,01-06-2025,,,, Repair Fund ,304003,,79,
ME-2025-0000569,304003,Repair Fund,BE 303,01-06-2025,,,, Repair Fund ,304003,,123,
ME-2025-0000578,304003,Repair Fund,BE 401,01-06-2025,,,, Repair Fund ,304003,,123,
ME-2025-0000588,304003,Repair Fund,BE 402,01-06-2025,,,, Repair Fund ,304003,,79,
ME-2025-0000599,304003,Repair Fund,BE 403,01-06-2025,,,, Repair Fund ,304003,,123,
ME-2025-0000613,304003,Repair Fund,BE 501,01-06-2025,,,, Repair Fund ,304003,,123,
ME-2025-0000621,304003,Repair Fund,BE 502,01-06-2025,,,, Repair Fund ,304003,,79,
ME-2025-0000632,304003,Repair Fund,BE 503,01-06-2025,,,, Repair Fund ,304003,,123,
ME-2025-0000643,304003,Repair Fund,BE 601,01-06-2025,,,, Repair Fund ,304003,,127,
ME-2025-0000652,304003,Repair Fund,BE 602,01-06-2025,,,, Repair Fund ,304003,,79,
ME-2025-0000663,304003,Repair Fund,BE 603,01-06-2025,,,, Repair Fund ,304003,,127,
ME-2025-0000674,304003,Repair Fund,BE 701,01-06-2025,,,, Repair Fund ,304003,,127,
ME-2025-0000683,304003,Repair Fund,BE 702,01-06-2025,,,, Repair Fund ,304003,,79,
ME-2025-0000694,304003,Repair Fund,BE 703,01-06-2025,,,, Repair Fund ,304003,,127,
ME-2025-0000728,304003,Repair Fund,BE 101,01-07-2025,,,, Repair Fund ,304003,,123,
ME-2025-0000737,304003,Repair Fund,BE 102,01-07-2025,,,, Repair Fund ,304003,,79,
ME-2025-0000748,304003,Repair Fund,BE 103,01-07-2025,,,, Repair Fund ,304003,,123,
ME-2025-0000758,304003,Repair Fund,BE 201,01-07-2025,,,, Repair Fund ,304003,,123,
ME-2025-0000766,304003,Repair Fund,BE 202,01-07-2025,,,, Repair Fund ,304003,,79,
ME-2025-0000776,304003,Repair Fund,BE 203,01-07-2025,,,, Repair Fund ,304003,,123,
ME-2025-0000786,304003,Repair Fund,BE 301,01-07-2025,,,, Repair Fund ,304003,,123,
ME-2025-0000795,304003,Repair Fund,BE 302,01-07-2025,,,, Repair Fund ,304003,,79,
ME-2025-0000807,304003,Repair Fund,BE 303,01-07-2025,,,, Repair Fund ,304003,,123,
ME-2025-0000816,304003,Repair Fund,BE 401,01-07-2025,,,, Repair Fund ,304003,,123,
ME-2025-0000826,304003,Repair Fund,BE 402,01-07-2025,,,, Repair Fund ,304003,,79,
ME-2025-0000837,304003,Repair Fund,BE 403,01-07-2025,,,, Repair Fund ,304003,,123,
ME-2025-0000850,304003,Repair Fund,BE 501,01-07-2025,,,, Repair Fund ,304003,,123,
ME-2025-0000858,304003,Repair Fund,BE 502,01-07-2025,,,, Repair Fund ,304003,,79,
ME-2025-0000869,304003,Repair Fund,BE 503,01-07-2025,,,, Repair Fund ,304003,,123,
ME-2025-0000880,304003,Repair Fund,BE 601,01-07-2025,,,, Repair Fund ,304003,,127,
ME-2025-0000889,304003,Repair Fund,BE 602,01-07-2025,,,, Repair Fund ,304003,,79,
ME-2025-0000900,304003,Repair Fund,BE 603,01-07-2025,,,, Repair Fund ,304003,,127,
ME-2025-0000911,304003,Repair Fund,BE 701,01-07-2025,,,, Repair Fund ,304003,,127,
ME-2025-0000920,304003,Repair Fund,BE 702,01-07-2025,,,, Repair Fund ,304003,,79,
ME-2025-0000931,304003,Repair Fund,BE 703,01-07-2025,,,, Repair Fund ,304003,,127,
ME-2025-0000967,304003,Repair Fund,BE 101,01-08-2025,,,, Repair Fund ,304003,,123,
ME-2025-0000976,304003,Repair Fund,BE 102,01-08-2025,,,, Repair Fund ,304003,,79,
ME-2025-0000987,304003,Repair Fund,BE 103,01-08-2025,,,, Repair Fund ,304003,,123,
ME-2025-0000999,304003,Repair Fund,BE 201,01-08-2025,,,, Repair Fund ,304003,,123,
ME-2025-0001007,304003,Repair Fund,BE 202,01-08-2025,,,, Repair Fund ,304003,,79,
ME-2025-0001018,304003,Repair Fund,BE 203,01-08-2025,,,, Repair Fund ,304003,,123,
ME-2025-0001029,304003,Repair Fund,BE 301,01-08-2025,,,, Repair Fund ,304003,,123,
ME-2025-0001038,304003,Repair Fund,BE 302,01-08-2025,,,, Repair Fund ,304003,,79,
ME-2025-0001050,304003,Repair Fund,BE 303,01-08-2025,,,, Repair Fund ,304003,,123,
ME-2025-0001061,304003,Repair Fund,BE 401,01-08-2025,,,, Repair Fund ,304003,,123,
ME-2025-0001071,304003,Repair Fund,BE 402,01-08-2025,,,, Repair Fund ,304003,,79,
ME-2025-0001083,304003,Repair Fund,BE 403,01-08-2025,,,, Repair Fund ,304003,,123,
ME-2025-0001096,304003,Repair Fund,BE 501,01-08-2025,,,, Repair Fund ,304003,,123,
ME-2025-0001105,304003,Repair Fund,BE 502,01-08-2025,,,, Repair Fund ,304003,,79,
ME-2025-0001116,304003,Repair Fund,BE 503,01-08-2025,,,, Repair Fund ,304003,,123,
ME-2025-0001128,304003,Repair Fund,BE 601,01-08-2025,,,, Repair Fund ,304003,,127,
ME-2025-0001138,304003,Repair Fund,BE 602,01-08-2025,,,, Repair Fund ,304003,,79,
ME-2025-0001150,304003,Repair Fund,BE 603,01-08-2025,,,, Repair Fund ,304003,,127,
ME-2025-0001161,304003,Repair Fund,BE 701,01-08-2025,,,, Repair Fund ,304003,,127,
ME-2025-0001172,304003,Repair Fund,BE 702,01-08-2025,,,, Repair Fund ,304003,,79,
ME-2025-0001183,304003,Repair Fund,BE 703,01-08-2025,,,, Repair Fund ,304003,,127,
ME-2025-0001217,304003,Repair Fund,BE 101,01-09-2025,,,, Repair Fund ,304003,,123,
ME-2025-0001226,304003,Repair Fund,BE 102,01-09-2025,,,, Repair Fund ,304003,,79,
ME-2025-0001236,304003,Repair Fund,BE 103,01-09-2025,,,, Repair Fund ,304003,,123,
ME-2025-0001247,304003,Repair Fund,BE 201,01-09-2025,,,, Repair Fund ,304003,,123,
ME-2025-0001255,304003,Repair Fund,BE 202,01-09-2025,,,, Repair Fund ,304003,,79,
ME-2025-0001265,304003,Repair Fund,BE 203,01-09-2025,,,, Repair Fund ,304003,,123,
ME-2025-0001275,304003,Repair Fund,BE 301,01-09-2025,,,, Repair Fund ,304003,,123,
ME-2025-0001284,304003,Repair Fund,BE 302,01-09-2025,,,, Repair Fund ,304003,,79,
ME-2025-0001295,304003,Repair Fund,BE 303,01-09-2025,,,, Repair Fund ,304003,,123,
ME-2025-0001305,304003,Repair Fund,BE 401,01-09-2025,,,, Repair Fund ,304003,,123,
ME-2025-0001315,304003,Repair Fund,BE 402,01-09-2025,,,, Repair Fund ,304003,,79,
ME-2025-0001326,304003,Repair Fund,BE 403,01-09-2025,,,, Repair Fund ,304003,,123,
ME-2025-0001338,304003,Repair Fund,BE 501,01-09-2025,,,, Repair Fund ,304003,,123,
ME-2025-0001347,304003,Repair Fund,BE 502,01-09-2025,,,, Repair Fund ,304003,,79,
ME-2025-0001357,304003,Repair Fund,BE 503,01-09-2025,,,, Repair Fund ,304003,,123,
ME-2025-0001368,304003,Repair Fund,BE 601,01-09-2025,,,, Repair Fund ,304003,,127,
ME-2025-0001378,304003,Repair Fund,BE 602,01-09-2025,,,, Repair Fund ,304003,,79,
ME-2025-0001389,304003,Repair Fund,BE 603,01-09-2025,,,, Repair Fund ,304003,,127,
ME-2025-0001399,304003,Repair Fund,BE 701,01-09-2025,,,, Repair Fund ,304003,,127,
ME-2025-0001409,304003,Repair Fund,BE 702,01-09-2025,,,, Repair Fund ,304003,,79,
ME-2025-0001419,304003,Repair Fund,BE 703,01-09-2025,,,, Repair Fund ,304003,,127,
ME-2025-0001456,304003,Repair Fund,BE 101,01-10-2025,,,, Repair Fund ,304003,,123,
ME-2025-0001465,304003,Repair Fund,BE 102,01-10-2025,,,, Repair Fund ,304003,,79,
ME-2025-0001475,304003,Repair Fund,BE 103,01-10-2025,,,, Repair Fund ,304003,,123,
ME-2025-0001486,304003,Repair Fund,BE 201,01-10-2025,,,, Repair Fund ,304003,,123,
ME-2025-0001494,304003,Repair Fund,BE 202,01-10-2025,,,, Repair Fund ,304003,,79,
ME-2025-0001504,304003,Repair Fund,BE 203,01-10-2025,,,, Repair Fund ,304003,,123,
ME-2025-0001514,304003,Repair Fund,BE 301,01-10-2025,,,, Repair Fund ,304003,,123,
ME-2025-0001523,304003,Repair Fund,BE 302,01-10-2025,,,, Repair Fund ,304003,,79,
ME-2025-0001534,304003,Repair Fund,BE 303,01-10-2025,,,, Repair Fund ,304003,,123,
ME-2025-0001544,304003,Repair Fund,BE 401,01-10-2025,,,, Repair Fund ,304003,,123,
ME-2025-0001554,304003,Repair Fund,BE 402,01-10-2025,,,, Repair Fund ,304003,,79,
ME-2025-0001566,304003,Repair Fund,BE 403,01-10-2025,,,, Repair Fund ,304003,,123,
ME-2025-0001578,304003,Repair Fund,BE 501,01-10-2025,,,, Repair Fund ,304003,,123,
ME-2025-0001587,304003,Repair Fund,BE 502,01-10-2025,,,, Repair Fund ,304003,,79,
ME-2025-0001597,304003,Repair Fund,BE 503,01-10-2025,,,, Repair Fund ,304003,,123,
ME-2025-0001608,304003,Repair Fund,BE 601,01-10-2025,,,, Repair Fund ,304003,,127,
ME-2025-0001618,304003,Repair Fund,BE 602,01-10-2025,,,, Repair Fund ,304003,,79,
ME-2025-0001629,304003,Repair Fund,BE 603,01-10-2025,,,, Repair Fund ,304003,,127,
ME-2025-0001639,304003,Repair Fund,BE 701,01-10-2025,,,, Repair Fund ,304003,,127,
ME-2025-0001649,304003,Repair Fund,BE 702,01-10-2025,,,, Repair Fund ,304003,,79,
ME-2025-0001659,304003,Repair Fund,BE 703,01-10-2025,,,, Repair Fund ,304003,,127,
ME-2025-0001697,304003,Repair Fund,BE 101,01-11-2025,,,, Repair Fund ,304003,,123,
ME-2025-0001706,304003,Repair Fund,BE 102,01-11-2025,,,, Repair Fund ,304003,,79,
ME-2025-0001716,304003,Repair Fund,BE 103,01-11-2025,,,, Repair Fund ,304003,,123,
ME-2025-0001727,304003,Repair Fund,BE 201,01-11-2025,,,, Repair Fund ,304003,,123,
ME-2025-0001735,304003,Repair Fund,BE 202,01-11-2025,,,, Repair Fund ,304003,,79,
ME-2025-0001745,304003,Repair Fund,BE 203,01-11-2025,,,, Repair Fund ,304003,,123,
ME-2025-0001755,304003,Repair Fund,BE 301,01-11-2025,,,, Repair Fund ,304003,,123,
ME-2025-0001764,304003,Repair Fund,BE 302,01-11-2025,,,, Repair Fund ,304003,,79,
ME-2025-0001775,304003,Repair Fund,BE 303,01-11-2025,,,, Repair Fund ,304003,,123,
ME-2025-0001785,304003,Repair Fund,BE 401,01-11-2025,,,, Repair Fund ,304003,,123,
ME-2025-0001795,304003,Repair Fund,BE 402,01-11-2025,,,, Repair Fund ,304003,,79,
ME-2025-0001807,304003,Repair Fund,BE 403,01-11-2025,,,, Repair Fund ,304003,,123,
ME-2025-0001819,304003,Repair Fund,BE 501,01-11-2025,,,, Repair Fund ,304003,,123,
ME-2025-0001828,304003,Repair Fund,BE 502,01-11-2025,,,, Repair Fund ,304003,,79,
ME-2025-0001838,304003,Repair Fund,BE 503,01-11-2025,,,, Repair Fund ,304003,,123,
ME-2025-0001849,304003,Repair Fund,BE 601,01-11-2025,,,, Repair Fund ,304003,,127,
ME-2025-0001859,304003,Repair Fund,BE 602,01-11-2025,,,, Repair Fund ,304003,,79,
ME-2025-0001870,304003,Repair Fund,BE 603,01-11-2025,,,, Repair Fund ,304003,,127,
ME-2025-0001880,304003,Repair Fund,BE 701,01-11-2025,,,, Repair Fund ,304003,,127,
ME-2025-0001890,304003,Repair Fund,BE 702,01-11-2025,,,, Repair Fund ,304003,,79,
ME-2025-0001900,304003,Repair Fund,BE 703,01-11-2025,,,, Repair Fund ,304003,,127,
ME-2025-0001949,304003,Repair Fund,BE 101,01-12-2025,,,, Repair Fund ,304003,,123,
ME-2025-0001958,304003,Repair Fund,BE 102,01-12-2025,,,, Repair Fund ,304003,,79,
ME-2025-0001968,304003,Repair Fund,BE 103,01-12-2025,,,, Repair Fund ,304003,,123,
ME-2025-0001979,304003,Repair Fund,BE 201,01-12-2025,,,, Repair Fund ,304003,,123,
ME-2025-0001987,304003,Repair Fund,BE 202,01-12-2025,,,, Repair Fund ,304003,,79,
ME-2025-0001997,304003,Repair Fund,BE 203,01-12-2025,,,, Repair Fund ,304003,,123,
ME-2025-0002007,304003,Repair Fund,BE 301,01-12-2025,,,, Repair Fund ,304003,,123,
ME-2025-0002018,304003,Repair Fund,BE 303,01-12-2025,,,, Repair Fund ,304003,,123,
ME-2025-0002028,304003,Repair Fund,BE 401,01-12-2025,,,, Repair Fund ,304003,,123,
ME-2025-0002038,304003,Repair Fund,BE 402,01-12-2025,,,, Repair Fund ,304003,,79,
ME-2025-0002049,304003,Repair Fund,BE 403,01-12-2025,,,, Repair Fund ,304003,,123,
ME-2025-0002061,304003,Repair Fund,BE 501,01-12-2025,,,, Repair Fund ,304003,,123,
ME-2025-0002071,304003,Repair Fund,BE 502,01-12-2025,,,, Repair Fund ,304003,,79,
ME-2025-0002081,304003,Repair Fund,BE 503,01-12-2025,,,, Repair Fund ,304003,,123,
ME-2025-0002092,304003,Repair Fund,BE 601,01-12-2025,,,, Repair Fund ,304003,,127,
ME-2025-0002101,304003,Repair Fund,BE 602,01-12-2025,,,, Repair Fund ,304003,,79,
ME-2025-0002112,304003,Repair Fund,BE 603,01-12-2025,,,, Repair Fund ,304003,,127,
ME-2025-0002122,304003,Repair Fund,BE 701,01-12-2025,,,, Repair Fund ,304003,,127,
ME-2025-0002132,304003,Repair Fund,BE 702,01-12-2025,,,, Repair Fund ,304003,,79,
ME-2025-0002142,304003,Repair Fund,BE 703,01-12-2025,,,, Repair Fund ,304003,,127,
ME-2025-0002153,304003,Repair Fund,BE 302,01-12-2025,,,, Repair Fund ,304003,,79,
ME-2025-0002190,304003,Repair Fund,BE 101,01-01-2026,,,, Repair Fund ,304003,,123,
ME-2025-0002199,304003,Repair Fund,BE 102,01-01-2026,,,, Repair Fund ,304003,,79,
ME-2025-0002209,304003,Repair Fund,BE 103,01-01-2026,,,, Repair Fund ,304003,,123,
ME-2025-0002220,304003,Repair Fund,BE 201,01-01-2026,,,, Repair Fund ,304003,,123,
ME-2025-0002228,304003,Repair Fund,BE 202,01-01-2026,,,, Repair Fund ,304003,,79,
ME-2025-0002238,304003,Repair Fund,BE 203,01-01-2026,,,, Repair Fund ,304003,,123,
ME-2025-0002248,304003,Repair Fund,BE 301,01-01-2026,,,, Repair Fund ,304003,,123,
ME-2025-0002257,304003,Repair Fund,BE 302,01-01-2026,,,, Repair Fund ,304003,,79,
ME-2025-0002269,304003,Repair Fund,BE 303,01-01-2026,,,, Repair Fund ,304003,,123,
ME-2025-0002280,304003,Repair Fund,BE 401,01-01-2026,,,, Repair Fund ,304003,,123,
ME-2025-0002290,304003,Repair Fund,BE 402,01-01-2026,,,, Repair Fund ,304003,,79,
ME-2025-0002301,304003,Repair Fund,BE 403,01-01-2026,,,, Repair Fund ,304003,,123,
ME-2025-0002313,304003,Repair Fund,BE 501,01-01-2026,,,, Repair Fund ,304003,,123,
ME-2025-0002324,304003,Repair Fund,BE 502,01-01-2026,,,, Repair Fund ,304003,,79,
ME-2025-0002334,304003,Repair Fund,BE 503,01-01-2026,,,, Repair Fund ,304003,,123,
ME-2025-0002345,304003,Repair Fund,BE 601,01-01-2026,,,, Repair Fund ,304003,,127,
ME-2025-0002355,304003,Repair Fund,BE 602,01-01-2026,,,, Repair Fund ,304003,,79,
ME-2025-0002366,304003,Repair Fund,BE 603,01-01-2026,,,, Repair Fund ,304003,,127,
ME-2025-0002376,304003,Repair Fund,BE 701,01-01-2026,,,, Repair Fund ,304003,,127,
ME-2025-0002434,304003,Repair Fund,BE 702,01-01-2026,,,, Repair Fund ,304003,,79,
ME-2025-0002444,304003,Repair Fund,BE 703,01-01-2026,,,, Repair Fund ,304003,,127,
ME-2025-0002477,304003,Repair Fund,BE 101,01-02-2026,,,, Repair Fund ,304003,,123,
ME-2025-0002487,304003,Repair Fund,BE 102,01-02-2026,,,, Repair Fund ,304003,,79,
ME-2025-0002497,304003,Repair Fund,BE 103,01-02-2026,,,, Repair Fund ,304003,,123,
ME-2025-0002508,304003,Repair Fund,BE 201,01-02-2026,,,, Repair Fund ,304003,,123,
ME-2025-0002516,304003,Repair Fund,BE 202,01-02-2026,,,, Repair Fund ,304003,,79,
ME-2025-0002526,304003,Repair Fund,BE 203,01-02-2026,,,, Repair Fund ,304003,,123,
ME-2025-0002536,304003,Repair Fund,BE 301,01-02-2026,,,, Repair Fund ,304003,,123,
ME-2025-0002545,304003,Repair Fund,BE 302,01-02-2026,,,, Repair Fund ,304003,,79,
ME-2025-0002556,304003,Repair Fund,BE 303,01-02-2026,,,, Repair Fund ,304003,,123,
ME-2025-0002566,304003,Repair Fund,BE 401,01-02-2026,,,, Repair Fund ,304003,,123,
ME-2025-0002576,304003,Repair Fund,BE 402,01-02-2026,,,, Repair Fund ,304003,,79,
ME-2025-0002587,304003,Repair Fund,BE 403,01-02-2026,,,, Repair Fund ,304003,,123,
ME-2025-0002599,304003,Repair Fund,BE 501,01-02-2026,,,, Repair Fund ,304003,,123,
ME-2025-0002608,304003,Repair Fund,BE 502,01-02-2026,,,, Repair Fund ,304003,,79,
ME-2025-0002618,304003,Repair Fund,BE 503,01-02-2026,,,, Repair Fund ,304003,,123,
ME-2025-0002629,304003,Repair Fund,BE 601,01-02-2026,,,, Repair Fund ,304003,,127,
ME-2025-0002638,304003,Repair Fund,BE 602,01-02-2026,,,, Repair Fund ,304003,,79,
ME-2025-0002649,304003,Repair Fund,BE 603,01-02-2026,,,, Repair Fund ,304003,,127,
ME-2025-0002659,304003,Repair Fund,BE 701,01-02-2026,,,, Repair Fund ,304003,,127,
ME-2025-0002669,304003,Repair Fund,BE 702,01-02-2026,,,, Repair Fund ,304003,,79,
ME-2025-0002679,304003,Repair Fund,BE 703,01-02-2026,,,, Repair Fund ,304003,,127,
ME-2025-0002714,304003,Repair Fund,BE 101,01-03-2026,,,, Repair Fund ,304003,,123,
ME-2025-0002724,304003,Repair Fund,BE 102,01-03-2026,,,, Repair Fund ,304003,,79,
ME-2025-0002734,304003,Repair Fund,BE 103,01-03-2026,,,, Repair Fund ,304003,,123,
ME-2025-0002745,304003,Repair Fund,BE 201,01-03-2026,,,, Repair Fund ,304003,,123,
ME-2025-0002753,304003,Repair Fund,BE 202,01-03-2026,,,, Repair Fund ,304003,,79,
ME-2025-0002763,304003,Repair Fund,BE 203,01-03-2026,,,, Repair Fund ,304003,,123,
ME-2025-0002773,304003,Repair Fund,BE 301,01-03-2026,,,, Repair Fund ,304003,,123,
ME-2025-0002782,304003,Repair Fund,BE 302,01-03-2026,,,, Repair Fund ,304003,,79,
ME-2025-0002793,304003,Repair Fund,BE 303,01-03-2026,,,, Repair Fund ,304003,,123,
ME-2025-0002803,304003,Repair Fund,BE 401,01-03-2026,,,, Repair Fund ,304003,,123,
ME-2025-0002813,304003,Repair Fund,BE 402,01-03-2026,,,, Repair Fund ,304003,,79,
ME-2025-0002824,304003,Repair Fund,BE 403,01-03-2026,,,, Repair Fund ,304003,,123,
ME-2025-0002836,304003,Repair Fund,BE 501,01-03-2026,,,, Repair Fund ,304003,,123,
ME-2025-0002845,304003,Repair Fund,BE 502,01-03-2026,,,, Repair Fund ,304003,,79,
ME-2025-0002855,304003,Repair Fund,BE 503,01-03-2026,,,, Repair Fund ,304003,,123,
ME-2025-0002866,304003,Repair Fund,BE 601,01-03-2026,,,, Repair Fund ,304003,,127,
ME-2025-0002875,304003,Repair Fund,BE 602,01-03-2026,,,, Repair Fund ,304003,,79,
ME-2025-0002886,304003,Repair Fund,BE 603,01-03-2026,,,, Repair Fund ,304003,,127,
ME-2025-0002896,304003,Repair Fund,BE 701,01-03-2026,,,, Repair Fund ,304003,,127,
ME-2025-0002906,304003,Repair Fund,BE 702,01-03-2026,,,, Repair Fund ,304003,,79,
ME-2025-0002916,304003,Repair Fund,BE 703,01-03-2026,,,, Repair Fund ,304003,,127,
JE-2025-0000099,304003,Repair Fund,,31-03-2026,Being members contribution toward fund trf to liab FY 25-26,,, Repair Fund ,304003,27492.00,,

"","","","","","","","","","","27492","27492",

"Income - Members > Shifting Charges - Move In And Move Out ( 305005 ) ",
"Journal No","Other GL No.","Other Account","Subledger","Posted Date","Comments","Instrument No.","Instrument Bank","Account Name","GL Account No.","Debit","Credit",
"","","","","","Opening Balance","",""," Shifting Charges - Move In And Move Out ","305005","","",
ME-2025-0002163,305005,Shifting Charges - Move In And Move Out,BE 302,25-12-2025,,,, Shifting Charges - Move In And Move Out ,305005,,5000,

"Balance : 5000(Credit)","","","","","","","","","","0","5000",

"Income - Members > Stillt Area Tax ( 305007 ) ",
"Journal No","Other GL No.","Other Account","Subledger","Posted Date","Comments","Instrument No.","Instrument Bank","Account Name","GL Account No.","Debit","Credit",
"","","","","","Opening Balance","",""," Stillt Area Tax ","305007","","",
ME-2025-0000029,305007,Stillt Area Tax,BE 103,01-04-2025,,,, Stillt Area Tax ,305007,,36,
ME-2025-0000088,305007,Stillt Area Tax,BE 303,01-04-2025,,,, Stillt Area Tax ,305007,,36,
ME-2025-0000132,305007,Stillt Area Tax,BE 501,01-04-2025,,,, Stillt Area Tax ,305007,,36,
ME-2025-0000151,305007,Stillt Area Tax,BE 503,01-04-2025,,,, Stillt Area Tax ,305007,,36,
ME-2025-0000162,305007,Stillt Area Tax,BE 601,01-04-2025,,,, Stillt Area Tax ,305007,,36,
ME-2025-0000192,305007,Stillt Area Tax,BE 701,01-04-2025,,,, Stillt Area Tax ,305007,,36,
ME-2025-0000212,305007,Stillt Area Tax,BE 703,01-04-2025,,,, Stillt Area Tax ,305007,,36,
ME-2025-0000268,305007,Stillt Area Tax,BE 103,01-05-2025,,,, Stillt Area Tax ,305007,,36,
ME-2025-0000327,305007,Stillt Area Tax,BE 303,01-05-2025,,,, Stillt Area Tax ,305007,,36,
ME-2025-0000372,305007,Stillt Area Tax,BE 501,01-05-2025,,,, Stillt Area Tax ,305007,,36,
ME-2025-0000391,305007,Stillt Area Tax,BE 503,01-05-2025,,,, Stillt Area Tax ,305007,,36,
ME-2025-0000402,305007,Stillt Area Tax,BE 601,01-05-2025,,,, Stillt Area Tax ,305007,,36,
ME-2025-0000433,305007,Stillt Area Tax,BE 701,01-05-2025,,,, Stillt Area Tax ,305007,,36,
ME-2025-0000453,305007,Stillt Area Tax,BE 703,01-05-2025,,,, Stillt Area Tax ,305007,,36,
ME-2025-0000506,305007,Stillt Area Tax,BE 103,01-06-2025,,,, Stillt Area Tax ,305007,,36,
ME-2025-0000565,305007,Stillt Area Tax,BE 303,01-06-2025,,,, Stillt Area Tax ,305007,,36,
ME-2025-0000609,305007,Stillt Area Tax,BE 501,01-06-2025,,,, Stillt Area Tax ,305007,,36,
ME-2025-0000628,305007,Stillt Area Tax,BE 503,01-06-2025,,,, Stillt Area Tax ,305007,,36,
ME-2025-0000639,305007,Stillt Area Tax,BE 601,01-06-2025,,,, Stillt Area Tax ,305007,,36,
ME-2025-0000670,305007,Stillt Area Tax,BE 701,01-06-2025,,,, Stillt Area Tax ,305007,,36,
ME-2025-0000690,305007,Stillt Area Tax,BE 703,01-06-2025,,,, Stillt Area Tax ,305007,,36,
ME-2025-0000744,305007,Stillt Area Tax,BE 103,01-07-2025,,,, Stillt Area Tax ,305007,,36,
ME-2025-0000803,305007,Stillt Area Tax,BE 303,01-07-2025,,,, Stillt Area Tax ,305007,,36,
ME-2025-0000846,305007,Stillt Area Tax,BE 501,01-07-2025,,,, Stillt Area Tax ,305007,,36,
ME-2025-0000865,305007,Stillt Area Tax,BE 503,01-07-2025,,,, Stillt Area Tax ,305007,,36,
ME-2025-0000876,305007,Stillt Area Tax,BE 601,01-07-2025,,,, Stillt Area Tax ,305007,,36,
ME-2025-0000907,305007,Stillt Area Tax,BE 701,01-07-2025,,,, Stillt Area Tax ,305007,,36,
ME-2025-0000927,305007,Stillt Area Tax,BE 703,01-07-2025,,,, Stillt Area Tax ,305007,,36,
ME-2025-0000957,305007,Stillt Area Tax,BE 0B1,01-08-2025,,,, Stillt Area Tax ,305007,,146,
ME-2025-0000989,305007,Stillt Area Tax,BE 103,01-08-2025,,,, Stillt Area Tax ,305007,,49,
ME-2025-0001052,305007,Stillt Area Tax,BE 303,01-08-2025,,,, Stillt Area Tax ,305007,,49,
ME-2025-0001098,305007,Stillt Area Tax,BE 501,01-08-2025,,,, Stillt Area Tax ,305007,,49,
ME-2025-0001118,305007,Stillt Area Tax,BE 503,01-08-2025,,,, Stillt Area Tax ,305007,,49,
ME-2025-0001130,305007,Stillt Area Tax,BE 601,01-08-2025,,,, Stillt Area Tax ,305007,,49,
ME-2025-0001163,305007,Stillt Area Tax,BE 701,01-08-2025,,,, Stillt Area Tax ,305007,,49,
ME-2025-0001185,305007,Stillt Area Tax,BE 703,01-08-2025,,,, Stillt Area Tax ,305007,,49,
ME-2025-0001208,305007,Stillt Area Tax,BE 0B1,01-09-2025,,,, Stillt Area Tax ,305007,,146,
ME-2025-0001238,305007,Stillt Area Tax,BE 103,01-09-2025,,,, Stillt Area Tax ,305007,,49,
ME-2025-0001297,305007,Stillt Area Tax,BE 303,01-09-2025,,,, Stillt Area Tax ,305007,,49,
ME-2025-0001340,305007,Stillt Area Tax,BE 501,01-09-2025,,,, Stillt Area Tax ,305007,,49,
ME-2025-0001359,305007,Stillt Area Tax,BE 503,01-09-2025,,,, Stillt Area Tax ,305007,,49,
ME-2025-0001370,305007,Stillt Area Tax,BE 601,01-09-2025,,,, Stillt Area Tax ,305007,,49,
ME-2025-0001401,305007,Stillt Area Tax,BE 701,01-09-2025,,,, Stillt Area Tax ,305007,,49,
ME-2025-0001421,305007,Stillt Area Tax,BE 703,01-09-2025,,,, Stillt Area Tax ,305007,,49,
ME-2025-0001446,305007,Stillt Area Tax,BE 0B1,01-10-2025,,,, Stillt Area Tax ,305007,,146,
ME-2025-0001477,305007,Stillt Area Tax,BE 103,01-10-2025,,,, Stillt Area Tax ,305007,,49,
ME-2025-0001536,305007,Stillt Area Tax,BE 303,01-10-2025,,,, Stillt Area Tax ,305007,,49,
ME-2025-0001580,305007,Stillt Area Tax,BE 501,01-10-2025,,,, Stillt Area Tax ,305007,,49,
ME-2025-0001599,305007,Stillt Area Tax,BE 503,01-10-2025,,,, Stillt Area Tax ,305007,,49,
ME-2025-0001610,305007,Stillt Area Tax,BE 601,01-10-2025,,,, Stillt Area Tax ,305007,,49,
ME-2025-0001641,305007,Stillt Area Tax,BE 701,01-10-2025,,,, Stillt Area Tax ,305007,,49,
ME-2025-0001661,305007,Stillt Area Tax,BE 703,01-10-2025,,,, Stillt Area Tax ,305007,,49,
ME-2025-0001687,305007,Stillt Area Tax,BE 0B1,01-11-2025,,,, Stillt Area Tax ,305007,,146,
ME-2025-0001718,305007,Stillt Area Tax,BE 103,01-11-2025,,,, Stillt Area Tax ,305007,,49,
ME-2025-0001777,305007,Stillt Area Tax,BE 303,01-11-2025,,,, Stillt Area Tax ,305007,,49,
ME-2025-0001821,305007,Stillt Area Tax,BE 501,01-11-2025,,,, Stillt Area Tax ,305007,,49,
ME-2025-0001840,305007,Stillt Area Tax,BE 503,01-11-2025,,,, Stillt Area Tax ,305007,,49,
ME-2025-0001851,305007,Stillt Area Tax,BE 601,01-11-2025,,,, Stillt Area Tax ,305007,,49,
ME-2025-0001882,305007,Stillt Area Tax,BE 701,01-11-2025,,,, Stillt Area Tax ,305007,,49,
ME-2025-0001902,305007,Stillt Area Tax,BE 703,01-11-2025,,,, Stillt Area Tax ,305007,,49,
ME-2025-0001940,305007,Stillt Area Tax,BE 0B1,01-12-2025,,,, Stillt Area Tax ,305007,,146,
ME-2025-0001970,305007,Stillt Area Tax,BE 103,01-12-2025,,,, Stillt Area Tax ,305007,,49,
ME-2025-0002020,305007,Stillt Area Tax,BE 303,01-12-2025,,,, Stillt Area Tax ,305007,,49,
ME-2025-0002063,305007,Stillt Area Tax,BE 501,01-12-2025,,,, Stillt Area Tax ,305007,,49,
ME-2025-0002083,305007,Stillt Area Tax,BE 503,01-12-2025,,,, Stillt Area Tax ,305007,,49,
ME-2025-0002094,305007,Stillt Area Tax,BE 601,01-12-2025,,,, Stillt Area Tax ,305007,,49,
ME-2025-0002124,305007,Stillt Area Tax,BE 701,01-12-2025,,,, Stillt Area Tax ,305007,,49,
ME-2025-0002144,305007,Stillt Area Tax,BE 703,01-12-2025,,,, Stillt Area Tax ,305007,,49,
ME-2025-0002181,305007,Stillt Area Tax,BE 0B1,01-01-2026,,,, Stillt Area Tax ,305007,,146,
ME-2025-0002211,305007,Stillt Area Tax,BE 103,01-01-2026,,,, Stillt Area Tax ,305007,,49,
ME-2025-0002271,305007,Stillt Area Tax,BE 303,01-01-2026,,,, Stillt Area Tax ,305007,,49,
ME-2025-0002315,305007,Stillt Area Tax,BE 501,01-01-2026,,,, Stillt Area Tax ,305007,,49,
ME-2025-0002336,305007,Stillt Area Tax,BE 503,01-01-2026,,,, Stillt Area Tax ,305007,,49,
ME-2025-0002347,305007,Stillt Area Tax,BE 601,01-01-2026,,,, Stillt Area Tax ,305007,,49,
ME-2025-0002378,305007,Stillt Area Tax,BE 701,01-01-2026,,,, Stillt Area Tax ,305007,,49,
ME-2025-0002446,305007,Stillt Area Tax,BE 703,01-01-2026,,,, Stillt Area Tax ,305007,,49,
ME-2025-0002467,305007,Stillt Area Tax,BE 0B1,01-02-2026,,,, Stillt Area Tax ,305007,,146,
ME-2025-0002499,305007,Stillt Area Tax,BE 103,01-02-2026,,,, Stillt Area Tax ,305007,,49,
ME-2025-0002558,305007,Stillt Area Tax,BE 303,01-02-2026,,,, Stillt Area Tax ,305007,,49,
ME-2025-0002601,305007,Stillt Area Tax,BE 501,01-02-2026,,,, Stillt Area Tax ,305007,,49,
ME-2025-0002620,305007,Stillt Area Tax,BE 503,01-02-2026,,,, Stillt Area Tax ,305007,,49,
ME-2025-0002631,305007,Stillt Area Tax,BE 601,01-02-2026,,,, Stillt Area Tax ,305007,,49,
ME-2025-0002661,305007,Stillt Area Tax,BE 701,01-02-2026,,,, Stillt Area Tax ,305007,,49,
ME-2025-0002681,305007,Stillt Area Tax,BE 703,01-02-2026,,,, Stillt Area Tax ,305007,,49,
ME-2025-0002704,305007,Stillt Area Tax,BE 0B1,01-03-2026,,,, Stillt Area Tax ,305007,,146,
ME-2025-0002736,305007,Stillt Area Tax,BE 103,01-03-2026,,,, Stillt Area Tax ,305007,,49,
ME-2025-0002795,305007,Stillt Area Tax,BE 303,01-03-2026,,,, Stillt Area Tax ,305007,,49,
ME-2025-0002838,305007,Stillt Area Tax,BE 501,01-03-2026,,,, Stillt Area Tax ,305007,,49,
ME-2025-0002857,305007,Stillt Area Tax,BE 503,01-03-2026,,,, Stillt Area Tax ,305007,,49,
ME-2025-0002868,305007,Stillt Area Tax,BE 601,01-03-2026,,,, Stillt Area Tax ,305007,,49,
ME-2025-0002898,305007,Stillt Area Tax,BE 701,01-03-2026,,,, Stillt Area Tax ,305007,,49,
ME-2025-0002918,305007,Stillt Area Tax,BE 703,01-03-2026,,,, Stillt Area Tax ,305007,,49,

"Balance : 4920(Credit)","","","","","","","","","","0","4920",

"Income - Members > Building Development Fund ( 305010 ) ",
"Journal No","Other GL No.","Other Account","Subledger","Posted Date","Comments","Instrument No.","Instrument Bank","Account Name","GL Account No.","Debit","Credit",
"","","","","","Opening Balance","",""," Building Development Fund ","305010","","",
ME-2025-0000007,305010,Building Development Fund,BE 101,01-04-2025,,,, Building Development Fund ,305010,,795,
ME-2025-0000017,305010,Building Development Fund,BE 102,01-04-2025,,,, Building Development Fund ,305010,,512,
ME-2025-0000026,305010,Building Development Fund,BE 103,01-04-2025,,,, Building Development Fund ,305010,,795,
ME-2025-0000037,305010,Building Development Fund,BE 201,01-04-2025,,,, Building Development Fund ,305010,,795,
ME-2025-0000046,305010,Building Development Fund,BE 202,01-04-2025,,,, Building Development Fund ,305010,,512,
ME-2025-0000055,305010,Building Development Fund,BE 203,01-04-2025,,,, Building Development Fund ,305010,,795,
ME-2025-0000065,305010,Building Development Fund,BE 301,01-04-2025,,,, Building Development Fund ,305010,,795,
ME-2025-0000074,305010,Building Development Fund,BE 302,01-04-2025,,,, Building Development Fund ,305010,,512,
ME-2025-0000085,305010,Building Development Fund,BE 303,01-04-2025,,,, Building Development Fund ,305010,,795,
ME-2025-0000095,305010,Building Development Fund,BE 401,01-04-2025,,,, Building Development Fund ,305010,,795,
ME-2025-0000106,305010,Building Development Fund,BE 402,01-04-2025,,,, Building Development Fund ,305010,,512,
ME-2025-0000117,305010,Building Development Fund,BE 403,01-04-2025,,,, Building Development Fund ,305010,,795,
ME-2025-0000129,305010,Building Development Fund,BE 501,01-04-2025,,,, Building Development Fund ,305010,,795,
ME-2025-0000139,305010,Building Development Fund,BE 502,01-04-2025,,,, Building Development Fund ,305010,,512,
ME-2025-0000148,305010,Building Development Fund,BE 503,01-04-2025,,,, Building Development Fund ,305010,,795,
ME-2025-0000159,305010,Building Development Fund,BE 601,01-04-2025,,,, Building Development Fund ,305010,,815,
ME-2025-0000169,305010,Building Development Fund,BE 602,01-04-2025,,,, Building Development Fund ,305010,,512,
ME-2025-0000179,305010,Building Development Fund,BE 603,01-04-2025,,,, Building Development Fund ,305010,,815,
ME-2025-0000189,305010,Building Development Fund,BE 701,01-04-2025,,,, Building Development Fund ,305010,,815,
ME-2025-0000199,305010,Building Development Fund,BE 702,01-04-2025,,,, Building Development Fund ,305010,,512,
ME-2025-0000209,305010,Building Development Fund,BE 703,01-04-2025,,,, Building Development Fund ,305010,,815,
ME-2025-0000246,305010,Building Development Fund,BE 101,01-05-2025,,,, Building Development Fund ,305010,,795,
ME-2025-0000256,305010,Building Development Fund,BE 102,01-05-2025,,,, Building Development Fund ,305010,,512,
ME-2025-0000265,305010,Building Development Fund,BE 103,01-05-2025,,,, Building Development Fund ,305010,,795,
ME-2025-0000276,305010,Building Development Fund,BE 201,01-05-2025,,,, Building Development Fund ,305010,,795,
ME-2025-0000285,305010,Building Development Fund,BE 202,01-05-2025,,,, Building Development Fund ,305010,,512,
ME-2025-0000294,305010,Building Development Fund,BE 203,01-05-2025,,,, Building Development Fund ,305010,,795,
ME-2025-0000304,305010,Building Development Fund,BE 301,01-05-2025,,,, Building Development Fund ,305010,,795,
ME-2025-0000313,305010,Building Development Fund,BE 302,01-05-2025,,,, Building Development Fund ,305010,,512,
ME-2025-0000324,305010,Building Development Fund,BE 303,01-05-2025,,,, Building Development Fund ,305010,,795,
ME-2025-0000334,305010,Building Development Fund,BE 401,01-05-2025,,,, Building Development Fund ,305010,,795,
ME-2025-0000345,305010,Building Development Fund,BE 402,01-05-2025,,,, Building Development Fund ,305010,,512,
ME-2025-0000356,305010,Building Development Fund,BE 403,01-05-2025,,,, Building Development Fund ,305010,,795,
ME-2025-0000369,305010,Building Development Fund,BE 501,01-05-2025,,,, Building Development Fund ,305010,,795,
ME-2025-0000379,305010,Building Development Fund,BE 502,01-05-2025,,,, Building Development Fund ,305010,,512,
ME-2025-0000388,305010,Building Development Fund,BE 503,01-05-2025,,,, Building Development Fund ,305010,,795,
ME-2025-0000399,305010,Building Development Fund,BE 601,01-05-2025,,,, Building Development Fund ,305010,,815,
ME-2025-0000409,305010,Building Development Fund,BE 602,01-05-2025,,,, Building Development Fund ,305010,,512,
ME-2025-0000420,305010,Building Development Fund,BE 603,01-05-2025,,,, Building Development Fund ,305010,,815,
ME-2025-0000430,305010,Building Development Fund,BE 701,01-05-2025,,,, Building Development Fund ,305010,,815,
ME-2025-0000440,305010,Building Development Fund,BE 702,01-05-2025,,,, Building Development Fund ,305010,,512,
ME-2025-0000450,305010,Building Development Fund,BE 703,01-05-2025,,,, Building Development Fund ,305010,,815,
ME-2025-0000484,305010,Building Development Fund,BE 101,01-06-2025,,,, Building Development Fund ,305010,,795,
ME-2025-0000494,305010,Building Development Fund,BE 102,01-06-2025,,,, Building Development Fund ,305010,,512,
ME-2025-0000503,305010,Building Development Fund,BE 103,01-06-2025,,,, Building Development Fund ,305010,,795,
ME-2025-0000514,305010,Building Development Fund,BE 201,01-06-2025,,,, Building Development Fund ,305010,,795,
ME-2025-0000523,305010,Building Development Fund,BE 202,01-06-2025,,,, Building Development Fund ,305010,,512,
ME-2025-0000532,305010,Building Development Fund,BE 203,01-06-2025,,,, Building Development Fund ,305010,,795,
ME-2025-0000542,305010,Building Development Fund,BE 301,01-06-2025,,,, Building Development Fund ,305010,,795,
ME-2025-0000551,305010,Building Development Fund,BE 302,01-06-2025,,,, Building Development Fund ,305010,,512,
ME-2025-0000562,305010,Building Development Fund,BE 303,01-06-2025,,,, Building Development Fund ,305010,,795,
ME-2025-0000572,305010,Building Development Fund,BE 401,01-06-2025,,,, Building Development Fund ,305010,,795,
ME-2025-0000583,305010,Building Development Fund,BE 402,01-06-2025,,,, Building Development Fund ,305010,,512,
ME-2025-0000593,305010,Building Development Fund,BE 403,01-06-2025,,,, Building Development Fund ,305010,,795,
ME-2025-0000606,305010,Building Development Fund,BE 501,01-06-2025,,,, Building Development Fund ,305010,,795,
ME-2025-0000616,305010,Building Development Fund,BE 502,01-06-2025,,,, Building Development Fund ,305010,,512,
ME-2025-0000625,305010,Building Development Fund,BE 503,01-06-2025,,,, Building Development Fund ,305010,,795,
ME-2025-0000636,305010,Building Development Fund,BE 601,01-06-2025,,,, Building Development Fund ,305010,,815,
ME-2025-0000646,305010,Building Development Fund,BE 602,01-06-2025,,,, Building Development Fund ,305010,,512,
ME-2025-0000657,305010,Building Development Fund,BE 603,01-06-2025,,,, Building Development Fund ,305010,,815,
ME-2025-0000667,305010,Building Development Fund,BE 701,01-06-2025,,,, Building Development Fund ,305010,,815,
ME-2025-0000677,305010,Building Development Fund,BE 702,01-06-2025,,,, Building Development Fund ,305010,,512,
ME-2025-0000687,305010,Building Development Fund,BE 703,01-06-2025,,,, Building Development Fund ,305010,,815,
ME-2025-0000722,305010,Building Development Fund,BE 101,01-07-2025,,,, Building Development Fund ,305010,,795,
ME-2025-0000732,305010,Building Development Fund,BE 102,01-07-2025,,,, Building Development Fund ,305010,,512,
ME-2025-0000741,305010,Building Development Fund,BE 103,01-07-2025,,,, Building Development Fund ,305010,,795,
ME-2025-0000752,305010,Building Development Fund,BE 201,01-07-2025,,,, Building Development Fund ,305010,,795,
ME-2025-0000761,305010,Building Development Fund,BE 202,01-07-2025,,,, Building Development Fund ,305010,,512,
ME-2025-0000770,305010,Building Development Fund,BE 203,01-07-2025,,,, Building Development Fund ,305010,,795,
ME-2025-0000780,305010,Building Development Fund,BE 301,01-07-2025,,,, Building Development Fund ,305010,,795,
ME-2025-0000789,305010,Building Development Fund,BE 302,01-07-2025,,,, Building Development Fund ,305010,,512,
ME-2025-0000800,305010,Building Development Fund,BE 303,01-07-2025,,,, Building Development Fund ,305010,,795,
ME-2025-0000810,305010,Building Development Fund,BE 401,01-07-2025,,,, Building Development Fund ,305010,,795,
ME-2025-0000821,305010,Building Development Fund,BE 402,01-07-2025,,,, Building Development Fund ,305010,,512,
ME-2025-0000831,305010,Building Development Fund,BE 403,01-07-2025,,,, Building Development Fund ,305010,,795,
ME-2025-0000843,305010,Building Development Fund,BE 501,01-07-2025,,,, Building Development Fund ,305010,,795,
ME-2025-0000853,305010,Building Development Fund,BE 502,01-07-2025,,,, Building Development Fund ,305010,,512,
ME-2025-0000862,305010,Building Development Fund,BE 503,01-07-2025,,,, Building Development Fund ,305010,,795,
ME-2025-0000873,305010,Building Development Fund,BE 601,01-07-2025,,,, Building Development Fund ,305010,,815,
ME-2025-0000883,305010,Building Development Fund,BE 602,01-07-2025,,,, Building Development Fund ,305010,,512,
ME-2025-0000894,305010,Building Development Fund,BE 603,01-07-2025,,,, Building Development Fund ,305010,,815,
ME-2025-0000904,305010,Building Development Fund,BE 701,01-07-2025,,,, Building Development Fund ,305010,,815,
ME-2025-0000914,305010,Building Development Fund,BE 702,01-07-2025,,,, Building Development Fund ,305010,,512,
ME-2025-0000924,305010,Building Development Fund,BE 703,01-07-2025,,,, Building Development Fund ,305010,,815,
ME-2025-0000961,305010,Building Development Fund,BE 101,01-08-2025,,,, Building Development Fund ,305010,,795,
ME-2025-0000971,305010,Building Development Fund,BE 102,01-08-2025,,,, Building Development Fund ,305010,,512,
ME-2025-0000981,305010,Building Development Fund,BE 103,01-08-2025,,,, Building Development Fund ,305010,,795,
ME-2025-0000993,305010,Building Development Fund,BE 201,01-08-2025,,,, Building Development Fund ,305010,,795,
ME-2025-0001002,305010,Building Development Fund,BE 202,01-08-2025,,,, Building Development Fund ,305010,,512,
ME-2025-0001012,305010,Building Development Fund,BE 203,01-08-2025,,,, Building Development Fund ,305010,,795,
ME-2025-0001023,305010,Building Development Fund,BE 301,01-08-2025,,,, Building Development Fund ,305010,,795,
ME-2025-0001032,305010,Building Development Fund,BE 302,01-08-2025,,,, Building Development Fund ,305010,,512,
ME-2025-0001044,305010,Building Development Fund,BE 303,01-08-2025,,,, Building Development Fund ,305010,,795,
ME-2025-0001055,305010,Building Development Fund,BE 401,01-08-2025,,,, Building Development Fund ,305010,,795,
ME-2025-0001066,305010,Building Development Fund,BE 402,01-08-2025,,,, Building Development Fund ,305010,,512,
ME-2025-0001077,305010,Building Development Fund,BE 403,01-08-2025,,,, Building Development Fund ,305010,,795,
ME-2025-0001090,305010,Building Development Fund,BE 501,01-08-2025,,,, Building Development Fund ,305010,,795,
ME-2025-0001100,305010,Building Development Fund,BE 502,01-08-2025,,,, Building Development Fund ,305010,,512,
ME-2025-0001110,305010,Building Development Fund,BE 503,01-08-2025,,,, Building Development Fund ,305010,,795,
ME-2025-0001122,305010,Building Development Fund,BE 601,01-08-2025,,,, Building Development Fund ,305010,,815,
ME-2025-0001132,305010,Building Development Fund,BE 602,01-08-2025,,,, Building Development Fund ,305010,,512,
ME-2025-0001144,305010,Building Development Fund,BE 603,01-08-2025,,,, Building Development Fund ,305010,,815,
ME-2025-0001155,305010,Building Development Fund,BE 701,01-08-2025,,,, Building Development Fund ,305010,,815,
ME-2025-0001166,305010,Building Development Fund,BE 702,01-08-2025,,,, Building Development Fund ,305010,,512,
ME-2025-0001177,305010,Building Development Fund,BE 703,01-08-2025,,,, Building Development Fund ,305010,,815,
ME-2025-0001211,305010,Building Development Fund,BE 101,01-09-2025,,,, Building Development Fund ,305010,,795,
ME-2025-0001221,305010,Building Development Fund,BE 102,01-09-2025,,,, Building Development Fund ,305010,,512,
ME-2025-0001230,305010,Building Development Fund,BE 103,01-09-2025,,,, Building Development Fund ,305010,,795,
ME-2025-0001241,305010,Building Development Fund,BE 201,01-09-2025,,,, Building Development Fund ,305010,,795,
ME-2025-0001250,305010,Building Development Fund,BE 202,01-09-2025,,,, Building Development Fund ,305010,,512,
ME-2025-0001259,305010,Building Development Fund,BE 203,01-09-2025,,,, Building Development Fund ,305010,,795,
ME-2025-0001269,305010,Building Development Fund,BE 301,01-09-2025,,,, Building Development Fund ,305010,,795,
ME-2025-0001278,305010,Building Development Fund,BE 302,01-09-2025,,,, Building Development Fund ,305010,,512,
ME-2025-0001289,305010,Building Development Fund,BE 303,01-09-2025,,,, Building Development Fund ,305010,,795,
ME-2025-0001299,305010,Building Development Fund,BE 401,01-09-2025,,,, Building Development Fund ,305010,,795,
ME-2025-0001310,305010,Building Development Fund,BE 402,01-09-2025,,,, Building Development Fund ,305010,,512,
ME-2025-0001320,305010,Building Development Fund,BE 403,01-09-2025,,,, Building Development Fund ,305010,,795,
ME-2025-0001332,305010,Building Development Fund,BE 501,01-09-2025,,,, Building Development Fund ,305010,,795,
ME-2025-0001342,305010,Building Development Fund,BE 502,01-09-2025,,,, Building Development Fund ,305010,,512,
ME-2025-0001351,305010,Building Development Fund,BE 503,01-09-2025,,,, Building Development Fund ,305010,,795,
ME-2025-0001362,305010,Building Development Fund,BE 601,01-09-2025,,,, Building Development Fund ,305010,,815,
ME-2025-0001372,305010,Building Development Fund,BE 602,01-09-2025,,,, Building Development Fund ,305010,,512,
ME-2025-0001383,305010,Building Development Fund,BE 603,01-09-2025,,,, Building Development Fund ,305010,,815,
ME-2025-0001393,305010,Building Development Fund,BE 701,01-09-2025,,,, Building Development Fund ,305010,,815,
ME-2025-0001403,305010,Building Development Fund,BE 702,01-09-2025,,,, Building Development Fund ,305010,,512,
ME-2025-0001413,305010,Building Development Fund,BE 703,01-09-2025,,,, Building Development Fund ,305010,,815,
ME-2025-0001450,305010,Building Development Fund,BE 101,01-10-2025,,,, Building Development Fund ,305010,,795,
ME-2025-0001460,305010,Building Development Fund,BE 102,01-10-2025,,,, Building Development Fund ,305010,,512,
ME-2025-0001469,305010,Building Development Fund,BE 103,01-10-2025,,,, Building Development Fund ,305010,,795,
ME-2025-0001480,305010,Building Development Fund,BE 201,01-10-2025,,,, Building Development Fund ,305010,,795,
ME-2025-0001489,305010,Building Development Fund,BE 202,01-10-2025,,,, Building Development Fund ,305010,,512,
ME-2025-0001498,305010,Building Development Fund,BE 203,01-10-2025,,,, Building Development Fund ,305010,,795,
ME-2025-0001508,305010,Building Development Fund,BE 301,01-10-2025,,,, Building Development Fund ,305010,,795,
ME-2025-0001517,305010,Building Development Fund,BE 302,01-10-2025,,,, Building Development Fund ,305010,,512,
ME-2025-0001528,305010,Building Development Fund,BE 303,01-10-2025,,,, Building Development Fund ,305010,,795,
ME-2025-0001538,305010,Building Development Fund,BE 401,01-10-2025,,,, Building Development Fund ,305010,,795,
ME-2025-0001549,305010,Building Development Fund,BE 402,01-10-2025,,,, Building Development Fund ,305010,,512,
ME-2025-0001560,305010,Building Development Fund,BE 403,01-10-2025,,,, Building Development Fund ,305010,,795,
ME-2025-0001572,305010,Building Development Fund,BE 501,01-10-2025,,,, Building Development Fund ,305010,,795,
ME-2025-0001582,305010,Building Development Fund,BE 502,01-10-2025,,,, Building Development Fund ,305010,,512,
ME-2025-0001591,305010,Building Development Fund,BE 503,01-10-2025,,,, Building Development Fund ,305010,,795,
ME-2025-0001602,305010,Building Development Fund,BE 601,01-10-2025,,,, Building Development Fund ,305010,,815,
ME-2025-0001612,305010,Building Development Fund,BE 602,01-10-2025,,,, Building Development Fund ,305010,,512,
ME-2025-0001623,305010,Building Development Fund,BE 603,01-10-2025,,,, Building Development Fund ,305010,,815,
ME-2025-0001633,305010,Building Development Fund,BE 701,01-10-2025,,,, Building Development Fund ,305010,,815,
ME-2025-0001643,305010,Building Development Fund,BE 702,01-10-2025,,,, Building Development Fund ,305010,,512,
ME-2025-0001653,305010,Building Development Fund,BE 703,01-10-2025,,,, Building Development Fund ,305010,,815,
ME-2025-0001691,305010,Building Development Fund,BE 101,01-11-2025,,,, Building Development Fund ,305010,,795,
ME-2025-0001701,305010,Building Development Fund,BE 102,01-11-2025,,,, Building Development Fund ,305010,,512,
ME-2025-0001710,305010,Building Development Fund,BE 103,01-11-2025,,,, Building Development Fund ,305010,,795,
ME-2025-0001721,305010,Building Development Fund,BE 201,01-11-2025,,,, Building Development Fund ,305010,,795,
ME-2025-0001730,305010,Building Development Fund,BE 202,01-11-2025,,,, Building Development Fund ,305010,,512,
ME-2025-0001739,305010,Building Development Fund,BE 203,01-11-2025,,,, Building Development Fund ,305010,,795,
ME-2025-0001749,305010,Building Development Fund,BE 301,01-11-2025,,,, Building Development Fund ,305010,,795,
ME-2025-0001758,305010,Building Development Fund,BE 302,01-11-2025,,,, Building Development Fund ,305010,,512,
ME-2025-0001769,305010,Building Development Fund,BE 303,01-11-2025,,,, Building Development Fund ,305010,,795,
ME-2025-0001779,305010,Building Development Fund,BE 401,01-11-2025,,,, Building Development Fund ,305010,,795,
ME-2025-0001790,305010,Building Development Fund,BE 402,01-11-2025,,,, Building Development Fund ,305010,,512,
ME-2025-0001801,305010,Building Development Fund,BE 403,01-11-2025,,,, Building Development Fund ,305010,,795,
ME-2025-0001813,305010,Building Development Fund,BE 501,01-11-2025,,,, Building Development Fund ,305010,,795,
ME-2025-0001823,305010,Building Development Fund,BE 502,01-11-2025,,,, Building Development Fund ,305010,,512,
ME-2025-0001832,305010,Building Development Fund,BE 503,01-11-2025,,,, Building Development Fund ,305010,,795,
ME-2025-0001843,305010,Building Development Fund,BE 601,01-11-2025,,,, Building Development Fund ,305010,,815,
ME-2025-0001853,305010,Building Development Fund,BE 602,01-11-2025,,,, Building Development Fund ,305010,,512,
ME-2025-0001864,305010,Building Development Fund,BE 603,01-11-2025,,,, Building Development Fund ,305010,,815,
ME-2025-0001874,305010,Building Development Fund,BE 701,01-11-2025,,,, Building Development Fund ,305010,,815,
ME-2025-0001884,305010,Building Development Fund,BE 702,01-11-2025,,,, Building Development Fund ,305010,,512,
ME-2025-0001894,305010,Building Development Fund,BE 703,01-11-2025,,,, Building Development Fund ,305010,,815,
ME-2025-0001943,305010,Building Development Fund,BE 101,01-12-2025,,,, Building Development Fund ,305010,,795,
ME-2025-0001953,305010,Building Development Fund,BE 102,01-12-2025,,,, Building Development Fund ,305010,,512,
ME-2025-0001962,305010,Building Development Fund,BE 103,01-12-2025,,,, Building Development Fund ,305010,,795,
ME-2025-0001973,305010,Building Development Fund,BE 201,01-12-2025,,,, Building Development Fund ,305010,,795,
ME-2025-0001982,305010,Building Development Fund,BE 202,01-12-2025,,,, Building Development Fund ,305010,,512,
ME-2025-0001991,305010,Building Development Fund,BE 203,01-12-2025,,,, Building Development Fund ,305010,,795,
ME-2025-0002001,305010,Building Development Fund,BE 301,01-12-2025,,,, Building Development Fund ,305010,,795,
ME-2025-0002012,305010,Building Development Fund,BE 303,01-12-2025,,,, Building Development Fund ,305010,,795,
ME-2025-0002022,305010,Building Development Fund,BE 401,01-12-2025,,,, Building Development Fund ,305010,,795,
ME-2025-0002033,305010,Building Development Fund,BE 402,01-12-2025,,,, Building Development Fund ,305010,,512,
ME-2025-0002043,305010,Building Development Fund,BE 403,01-12-2025,,,, Building Development Fund ,305010,,795,
ME-2025-0002055,305010,Building Development Fund,BE 501,01-12-2025,,,, Building Development Fund ,305010,,795,
ME-2025-0002066,305010,Building Development Fund,BE 502,01-12-2025,,,, Building Development Fund ,305010,,512,
ME-2025-0002075,305010,Building Development Fund,BE 503,01-12-2025,,,, Building Development Fund ,305010,,795,
ME-2025-0002086,305010,Building Development Fund,BE 601,01-12-2025,,,, Building Development Fund ,305010,,815,
ME-2025-0002096,305010,Building Development Fund,BE 602,01-12-2025,,,, Building Development Fund ,305010,,512,
ME-2025-0002106,305010,Building Development Fund,BE 603,01-12-2025,,,, Building Development Fund ,305010,,815,
ME-2025-0002116,305010,Building Development Fund,BE 701,01-12-2025,,,, Building Development Fund ,305010,,815,
ME-2025-0002126,305010,Building Development Fund,BE 702,01-12-2025,,,, Building Development Fund ,305010,,512,
ME-2025-0002136,305010,Building Development Fund,BE 703,01-12-2025,,,, Building Development Fund ,305010,,815,
ME-2025-0002147,305010,Building Development Fund,BE 302,01-12-2025,,,, Building Development Fund ,305010,,512,
ME-2025-0002184,305010,Building Development Fund,BE 101,01-01-2026,,,, Building Development Fund ,305010,,795,
ME-2025-0002194,305010,Building Development Fund,BE 102,01-01-2026,,,, Building Development Fund ,305010,,512,
ME-2025-0002203,305010,Building Development Fund,BE 103,01-01-2026,,,, Building Development Fund ,305010,,795,
ME-2025-0002214,305010,Building Development Fund,BE 201,01-01-2026,,,, Building Development Fund ,305010,,795,
ME-2025-0002223,305010,Building Development Fund,BE 202,01-01-2026,,,, Building Development Fund ,305010,,512,
ME-2025-0002232,305010,Building Development Fund,BE 203,01-01-2026,,,, Building Development Fund ,305010,,795,
ME-2025-0002242,305010,Building Development Fund,BE 301,01-01-2026,,,, Building Development Fund ,305010,,795,
ME-2025-0002251,305010,Building Development Fund,BE 302,01-01-2026,,,, Building Development Fund ,305010,,512,
ME-2025-0002263,305010,Building Development Fund,BE 303,01-01-2026,,,, Building Development Fund ,305010,,795,
ME-2025-0002273,305010,Building Development Fund,BE 401,01-01-2026,,,, Building Development Fund ,305010,,795,
ME-2025-0002285,305010,Building Development Fund,BE 402,01-01-2026,,,, Building Development Fund ,305010,,512,
ME-2025-0002295,305010,Building Development Fund,BE 403,01-01-2026,,,, Building Development Fund ,305010,,795,
ME-2025-0002307,305010,Building Development Fund,BE 501,01-01-2026,,,, Building Development Fund ,305010,,795,
ME-2025-0002318,305010,Building Development Fund,BE 502,01-01-2026,,,, Building Development Fund ,305010,,512,
ME-2025-0002328,305010,Building Development Fund,BE 503,01-01-2026,,,, Building Development Fund ,305010,,795,
ME-2025-0002339,305010,Building Development Fund,BE 601,01-01-2026,,,, Building Development Fund ,305010,,815,
ME-2025-0002349,305010,Building Development Fund,BE 602,01-01-2026,,,, Building Development Fund ,305010,,512,
ME-2025-0002360,305010,Building Development Fund,BE 603,01-01-2026,,,, Building Development Fund ,305010,,815,
ME-2025-0002370,305010,Building Development Fund,BE 701,01-01-2026,,,, Building Development Fund ,305010,,815,
ME-2025-0002428,305010,Building Development Fund,BE 702,01-01-2026,,,, Building Development Fund ,305010,,512,
ME-2025-0002438,305010,Building Development Fund,BE 703,01-01-2026,,,, Building Development Fund ,305010,,815,
ME-2025-0002471,305010,Building Development Fund,BE 101,01-02-2026,,,, Building Development Fund ,305010,,795,
ME-2025-0002482,305010,Building Development Fund,BE 102,01-02-2026,,,, Building Development Fund ,305010,,512,
ME-2025-0002491,305010,Building Development Fund,BE 103,01-02-2026,,,, Building Development Fund ,305010,,795,
ME-2025-0002502,305010,Building Development Fund,BE 201,01-02-2026,,,, Building Development Fund ,305010,,795,
ME-2025-0002511,305010,Building Development Fund,BE 202,01-02-2026,,,, Building Development Fund ,305010,,512,
ME-2025-0002520,305010,Building Development Fund,BE 203,01-02-2026,,,, Building Development Fund ,305010,,795,
ME-2025-0002530,305010,Building Development Fund,BE 301,01-02-2026,,,, Building Development Fund ,305010,,795,
ME-2025-0002539,305010,Building Development Fund,BE 302,01-02-2026,,,, Building Development Fund ,305010,,512,
ME-2025-0002550,305010,Building Development Fund,BE 303,01-02-2026,,,, Building Development Fund ,305010,,795,
ME-2025-0002560,305010,Building Development Fund,BE 401,01-02-2026,,,, Building Development Fund ,305010,,795,
ME-2025-0002571,305010,Building Development Fund,BE 402,01-02-2026,,,, Building Development Fund ,305010,,512,
ME-2025-0002581,305010,Building Development Fund,BE 403,01-02-2026,,,, Building Development Fund ,305010,,795,
ME-2025-0002593,305010,Building Development Fund,BE 501,01-02-2026,,,, Building Development Fund ,305010,,795,
ME-2025-0002603,305010,Building Development Fund,BE 502,01-02-2026,,,, Building Development Fund ,305010,,512,
ME-2025-0002612,305010,Building Development Fund,BE 503,01-02-2026,,,, Building Development Fund ,305010,,795,
ME-2025-0002623,305010,Building Development Fund,BE 601,01-02-2026,,,, Building Development Fund ,305010,,815,
ME-2025-0002633,305010,Building Development Fund,BE 602,01-02-2026,,,, Building Development Fund ,305010,,512,
ME-2025-0002643,305010,Building Development Fund,BE 603,01-02-2026,,,, Building Development Fund ,305010,,815,
ME-2025-0002653,305010,Building Development Fund,BE 701,01-02-2026,,,, Building Development Fund ,305010,,815,
ME-2025-0002663,305010,Building Development Fund,BE 702,01-02-2026,,,, Building Development Fund ,305010,,512,
ME-2025-0002673,305010,Building Development Fund,BE 703,01-02-2026,,,, Building Development Fund ,305010,,815,
ME-2025-0002708,305010,Building Development Fund,BE 101,01-03-2026,,,, Building Development Fund ,305010,,795,
ME-2025-0002719,305010,Building Development Fund,BE 102,01-03-2026,,,, Building Development Fund ,305010,,512,
ME-2025-0002728,305010,Building Development Fund,BE 103,01-03-2026,,,, Building Development Fund ,305010,,795,
ME-2025-0002739,305010,Building Development Fund,BE 201,01-03-2026,,,, Building Development Fund ,305010,,795,
ME-2025-0002748,305010,Building Development Fund,BE 202,01-03-2026,,,, Building Development Fund ,305010,,512,
ME-2025-0002757,305010,Building Development Fund,BE 203,01-03-2026,,,, Building Development Fund ,305010,,795,
ME-2025-0002767,305010,Building Development Fund,BE 301,01-03-2026,,,, Building Development Fund ,305010,,795,
ME-2025-0002776,305010,Building Development Fund,BE 302,01-03-2026,,,, Building Development Fund ,305010,,512,
ME-2025-0002787,305010,Building Development Fund,BE 303,01-03-2026,,,, Building Development Fund ,305010,,795,
ME-2025-0002797,305010,Building Development Fund,BE 401,01-03-2026,,,, Building Development Fund ,305010,,795,
ME-2025-0002808,305010,Building Development Fund,BE 402,01-03-2026,,,, Building Development Fund ,305010,,512,
ME-2025-0002818,305010,Building Development Fund,BE 403,01-03-2026,,,, Building Development Fund ,305010,,795,
ME-2025-0002830,305010,Building Development Fund,BE 501,01-03-2026,,,, Building Development Fund ,305010,,795,
ME-2025-0002840,305010,Building Development Fund,BE 502,01-03-2026,,,, Building Development Fund ,305010,,512,
ME-2025-0002849,305010,Building Development Fund,BE 503,01-03-2026,,,, Building Development Fund ,305010,,795,
ME-2025-0002860,305010,Building Development Fund,BE 601,01-03-2026,,,, Building Development Fund ,305010,,815,
ME-2025-0002870,305010,Building Development Fund,BE 602,01-03-2026,,,, Building Development Fund ,305010,,512,
ME-2025-0002880,305010,Building Development Fund,BE 603,01-03-2026,,,, Building Development Fund ,305010,,815,
ME-2025-0002890,305010,Building Development Fund,BE 701,01-03-2026,,,, Building Development Fund ,305010,,815,
ME-2025-0002900,305010,Building Development Fund,BE 702,01-03-2026,,,, Building Development Fund ,305010,,512,
ME-2025-0002910,305010,Building Development Fund,BE 703,01-03-2026,,,, Building Development Fund ,305010,,815,
JE-2025-0000099,305010,Building Development Fund,,31-03-2026,Being members contribution toward fund trf to liab FY 25-26,,, Building Development Fund ,305010,177528.00,,

"","","","","","","","","","","177528","177528",

"Income - Members > Share Transfer Fees ( 305012 ) ",
"Journal No","Other GL No.","Other Account","Subledger","Posted Date","Comments","Instrument No.","Instrument Bank","Account Name","GL Account No.","Debit","Credit",
"","","","","","Opening Balance","",""," Share Transfer Fees ","305012","","",
ME-2025-0001923,305012,Share Transfer Fees,BE 702,06-11-2025,BE 702,,, Share Transfer Fees ,305012,,500,
ME-2025-0001925,305012,Share Transfer Fees,BE 703,06-11-2025,BE 703,,, Share Transfer Fees ,305012,,500,
ME-2025-0001927,305012,Share Transfer Fees,BE 702,06-11-2025,BE 702,,, Share Transfer Fees ,305012,,500,
ME-2025-0001929,305012,Share Transfer Fees,BE 703,06-11-2025,BE 703,,, Share Transfer Fees ,305012,,500,
JE-2025-0000100,305012,Share Transfer Fees,,31-03-2026,Being members contribution toward fund trf to Reserve fund,,, Share Transfer Fees ,305012,2000.00,,

"","","","","","","","","","","2000","2000",

"Income - Members > Entrance Fees ( 305013 ) ",
"Journal No","Other GL No.","Other Account","Subledger","Posted Date","Comments","Instrument No.","Instrument Bank","Account Name","GL Account No.","Debit","Credit",
"","","","","","Opening Balance","",""," Entrance Fees ","305013","","",
ME-2025-0001924,305013,Entrance Fees,BE 702,06-11-2025,,,, Entrance Fees ,305013,,100,
ME-2025-0001926,305013,Entrance Fees,BE 703,06-11-2025,,,, Entrance Fees ,305013,,100,
ME-2025-0001928,305013,Entrance Fees,BE 702,06-11-2025,,,, Entrance Fees ,305013,,200,
ME-2025-0001930,305013,Entrance Fees,BE 703,06-11-2025,,,, Entrance Fees ,305013,,200,
JE-2025-0000100,305013,Entrance Fees,,31-03-2026,Being members contribution toward fund trf to Reserve fund,,, Entrance Fees ,305013,600.00,,

"","","","","","","","","","","600","600",

"Income - Members > 2W Parking Charges ( 305015 ) ",
"Journal No","Other GL No.","Other Account","Subledger","Posted Date","Comments","Instrument No.","Instrument Bank","Account Name","GL Account No.","Debit","Credit",
"","","","","","Opening Balance","",""," 2W Parking Charges ","305015","","",
ME-2025-0000005,305015,2W Parking Charges,BE 101,01-04-2025,,,, 2W Parking Charges ,305015,,50,
ME-2025-0000036,305015,2W Parking Charges,BE 201,01-04-2025,,,, 2W Parking Charges ,305015,,50,
ME-2025-0000083,305015,2W Parking Charges,BE 303,01-04-2025,,,, 2W Parking Charges ,305015,,100,
ME-2025-0000104,305015,2W Parking Charges,BE 402,01-04-2025,,,, 2W Parking Charges ,305015,,50,
ME-2025-0000115,305015,2W Parking Charges,BE 403,01-04-2025,,,, 2W Parking Charges ,305015,,50,
ME-2025-0000126,305015,2W Parking Charges,BE 501,01-04-2025,,,, 2W Parking Charges ,305015,,50,
ME-2025-0000244,305015,2W Parking Charges,BE 101,01-05-2025,,,, 2W Parking Charges ,305015,,50,
ME-2025-0000275,305015,2W Parking Charges,BE 201,01-05-2025,,,, 2W Parking Charges ,305015,,50,
ME-2025-0000322,305015,2W Parking Charges,BE 303,01-05-2025,,,, 2W Parking Charges ,305015,,100,
ME-2025-0000343,305015,2W Parking Charges,BE 402,01-05-2025,,,, 2W Parking Charges ,305015,,50,
ME-2025-0000354,305015,2W Parking Charges,BE 403,01-05-2025,,,, 2W Parking Charges ,305015,,50,
ME-2025-0000366,305015,2W Parking Charges,BE 501,01-05-2025,,,, 2W Parking Charges ,305015,,50,
ME-2025-0000482,305015,2W Parking Charges,BE 101,01-06-2025,,,, 2W Parking Charges ,305015,,50,
ME-2025-0000513,305015,2W Parking Charges,BE 201,01-06-2025,,,, 2W Parking Charges ,305015,,50,
ME-2025-0000560,305015,2W Parking Charges,BE 303,01-06-2025,,,, 2W Parking Charges ,305015,,100,
ME-2025-0000581,305015,2W Parking Charges,BE 402,01-06-2025,,,, 2W Parking Charges ,305015,,50,
ME-2025-0000591,305015,2W Parking Charges,BE 403,01-06-2025,,,, 2W Parking Charges ,305015,,50,
ME-2025-0000603,305015,2W Parking Charges,BE 501,01-06-2025,,,, 2W Parking Charges ,305015,,50,
ME-2025-0000720,305015,2W Parking Charges,BE 101,01-07-2025,,,, 2W Parking Charges ,305015,,50,
ME-2025-0000751,305015,2W Parking Charges,BE 201,01-07-2025,,,, 2W Parking Charges ,305015,,50,
ME-2025-0000798,305015,2W Parking Charges,BE 303,01-07-2025,,,, 2W Parking Charges ,305015,,100,
ME-2025-0000819,305015,2W Parking Charges,BE 402,01-07-2025,,,, 2W Parking Charges ,305015,,50,
ME-2025-0000829,305015,2W Parking Charges,BE 403,01-07-2025,,,, 2W Parking Charges ,305015,,50,
ME-2025-0000840,305015,2W Parking Charges,BE 501,01-07-2025,,,, 2W Parking Charges ,305015,,50,
ME-2025-0000958,305015,2W Parking Charges,BE 101,01-08-2025,,,, 2W Parking Charges ,305015,,50,
ME-2025-0000991,305015,2W Parking Charges,BE 201,01-08-2025,,,, 2W Parking Charges ,305015,,50,
ME-2025-0001041,305015,2W Parking Charges,BE 303,01-08-2025,,,, 2W Parking Charges ,305015,,100,
ME-2025-0001064,305015,2W Parking Charges,BE 402,01-08-2025,,,, 2W Parking Charges ,305015,,50,
ME-2025-0001074,305015,2W Parking Charges,BE 403,01-08-2025,,,, 2W Parking Charges ,305015,,50,
ME-2025-0001086,305015,2W Parking Charges,BE 501,01-08-2025,,,, 2W Parking Charges ,305015,,50,
ME-2025-0001209,305015,2W Parking Charges,BE 101,01-09-2025,,,, 2W Parking Charges ,305015,,50,
ME-2025-0001240,305015,2W Parking Charges,BE 201,01-09-2025,,,, 2W Parking Charges ,305015,,50,
ME-2025-0001287,305015,2W Parking Charges,BE 303,01-09-2025,,,, 2W Parking Charges ,305015,,100,
ME-2025-0001308,305015,2W Parking Charges,BE 402,01-09-2025,,,, 2W Parking Charges ,305015,,50,
ME-2025-0001318,305015,2W Parking Charges,BE 403,01-09-2025,,,, 2W Parking Charges ,305015,,50,
ME-2025-0001329,305015,2W Parking Charges,BE 501,01-09-2025,,,, 2W Parking Charges ,305015,,50,
ME-2025-0001448,305015,2W Parking Charges,BE 101,01-10-2025,,,, 2W Parking Charges ,305015,,50,
ME-2025-0001479,305015,2W Parking Charges,BE 201,01-10-2025,,,, 2W Parking Charges ,305015,,50,
ME-2025-0001526,305015,2W Parking Charges,BE 303,01-10-2025,,,, 2W Parking Charges ,305015,,100,
ME-2025-0001547,305015,2W Parking Charges,BE 402,01-10-2025,,,, 2W Parking Charges ,305015,,50,
ME-2025-0001558,305015,2W Parking Charges,BE 403,01-10-2025,,,, 2W Parking Charges ,305015,,50,
ME-2025-0001569,305015,2W Parking Charges,BE 501,01-10-2025,,,, 2W Parking Charges ,305015,,50,
ME-2025-0001689,305015,2W Parking Charges,BE 101,01-11-2025,,,, 2W Parking Charges ,305015,,50,
ME-2025-0001720,305015,2W Parking Charges,BE 201,01-11-2025,,,, 2W Parking Charges ,305015,,50,
ME-2025-0001767,305015,2W Parking Charges,BE 303,01-11-2025,,,, 2W Parking Charges ,305015,,100,
ME-2025-0001788,305015,2W Parking Charges,BE 402,01-11-2025,,,, 2W Parking Charges ,305015,,50,
ME-2025-0001799,305015,2W Parking Charges,BE 403,01-11-2025,,,, 2W Parking Charges ,305015,,50,
ME-2025-0001810,305015,2W Parking Charges,BE 501,01-11-2025,,,, 2W Parking Charges ,305015,,50,
ME-2025-0001941,305015,2W Parking Charges,BE 101,01-12-2025,,,, 2W Parking Charges ,305015,,50,
ME-2025-0001972,305015,2W Parking Charges,BE 201,01-12-2025,,,, 2W Parking Charges ,305015,,50,
ME-2025-0002010,305015,2W Parking Charges,BE 303,01-12-2025,,,, 2W Parking Charges ,305015,,100,
ME-2025-0002031,305015,2W Parking Charges,BE 402,01-12-2025,,,, 2W Parking Charges ,305015,,50,
ME-2025-0002041,305015,2W Parking Charges,BE 403,01-12-2025,,,, 2W Parking Charges ,305015,,50,
ME-2025-0002052,305015,2W Parking Charges,BE 501,01-12-2025,,,, 2W Parking Charges ,305015,,100,
ME-2025-0002182,305015,2W Parking Charges,BE 101,01-01-2026,,,, 2W Parking Charges ,305015,,50,
ME-2025-0002213,305015,2W Parking Charges,BE 201,01-01-2026,,,, 2W Parking Charges ,305015,,50,
ME-2025-0002261,305015,2W Parking Charges,BE 303,01-01-2026,,,, 2W Parking Charges ,305015,,100,
ME-2025-0002283,305015,2W Parking Charges,BE 402,01-01-2026,,,, 2W Parking Charges ,305015,,50,
ME-2025-0002293,305015,2W Parking Charges,BE 403,01-01-2026,,,, 2W Parking Charges ,305015,,50,
ME-2025-0002304,305015,2W Parking Charges,BE 501,01-01-2026,,,, 2W Parking Charges ,305015,,100,
ME-2025-0002469,305015,2W Parking Charges,BE 101,01-02-2026,,,, 2W Parking Charges ,305015,,50,
ME-2025-0002501,305015,2W Parking Charges,BE 201,01-02-2026,,,, 2W Parking Charges ,305015,,50,
ME-2025-0002548,305015,2W Parking Charges,BE 303,01-02-2026,,,, 2W Parking Charges ,305015,,100,
ME-2025-0002569,305015,2W Parking Charges,BE 402,01-02-2026,,,, 2W Parking Charges ,305015,,50,
ME-2025-0002579,305015,2W Parking Charges,BE 403,01-02-2026,,,, 2W Parking Charges ,305015,,50,
ME-2025-0002590,305015,2W Parking Charges,BE 501,01-02-2026,,,, 2W Parking Charges ,305015,,100,
ME-2025-0002706,305015,2W Parking Charges,BE 101,01-03-2026,,,, 2W Parking Charges ,305015,,50,
ME-2025-0002738,305015,2W Parking Charges,BE 201,01-03-2026,,,, 2W Parking Charges ,305015,,50,
ME-2025-0002785,305015,2W Parking Charges,BE 303,01-03-2026,,,, 2W Parking Charges ,305015,,100,
ME-2025-0002806,305015,2W Parking Charges,BE 402,01-03-2026,,,, 2W Parking Charges ,305015,,50,
ME-2025-0002816,305015,2W Parking Charges,BE 403,01-03-2026,,,, 2W Parking Charges ,305015,,50,
ME-2025-0002827,305015,2W Parking Charges,BE 501,01-03-2026,,,, 2W Parking Charges ,305015,,100,

"Balance : 4400(Credit)","","","","","","","","","","0","4400",

"Income - Members > 4W Stilt Parking Charges ( 305016 ) ",
"Journal No","Other GL No.","Other Account","Subledger","Posted Date","Comments","Instrument No.","Instrument Bank","Account Name","GL Account No.","Debit","Credit",
"","","","","","Opening Balance","",""," 4W Stilt Parking Charges ","305016","","",
ME-2025-0000025,305016,4W Stilt Parking Charges,BE 103,01-04-2025,,,, 4W Stilt Parking Charges ,305016,,100,
ME-2025-0000084,305016,4W Stilt Parking Charges,BE 303,01-04-2025,,,, 4W Stilt Parking Charges ,305016,,100,
ME-2025-0000128,305016,4W Stilt Parking Charges,BE 501,01-04-2025,,,, 4W Stilt Parking Charges ,305016,,100,
ME-2025-0000147,305016,4W Stilt Parking Charges,BE 503,01-04-2025,,,, 4W Stilt Parking Charges ,305016,,100,
ME-2025-0000158,305016,4W Stilt Parking Charges,BE 601,01-04-2025,,,, 4W Stilt Parking Charges ,305016,,100,
ME-2025-0000188,305016,4W Stilt Parking Charges,BE 701,01-04-2025,,,, 4W Stilt Parking Charges ,305016,,100,
ME-2025-0000208,305016,4W Stilt Parking Charges,BE 703,01-04-2025,,,, 4W Stilt Parking Charges ,305016,,100,
ME-2025-0000264,305016,4W Stilt Parking Charges,BE 103,01-05-2025,,,, 4W Stilt Parking Charges ,305016,,100,
ME-2025-0000323,305016,4W Stilt Parking Charges,BE 303,01-05-2025,,,, 4W Stilt Parking Charges ,305016,,100,
ME-2025-0000368,305016,4W Stilt Parking Charges,BE 501,01-05-2025,,,, 4W Stilt Parking Charges ,305016,,100,
ME-2025-0000387,305016,4W Stilt Parking Charges,BE 503,01-05-2025,,,, 4W Stilt Parking Charges ,305016,,100,
ME-2025-0000398,305016,4W Stilt Parking Charges,BE 601,01-05-2025,,,, 4W Stilt Parking Charges ,305016,,100,
ME-2025-0000429,305016,4W Stilt Parking Charges,BE 701,01-05-2025,,,, 4W Stilt Parking Charges ,305016,,100,
ME-2025-0000449,305016,4W Stilt Parking Charges,BE 703,01-05-2025,,,, 4W Stilt Parking Charges ,305016,,100,
ME-2025-0000502,305016,4W Stilt Parking Charges,BE 103,01-06-2025,,,, 4W Stilt Parking Charges ,305016,,100,
ME-2025-0000561,305016,4W Stilt Parking Charges,BE 303,01-06-2025,,,, 4W Stilt Parking Charges ,305016,,100,
ME-2025-0000605,305016,4W Stilt Parking Charges,BE 501,01-06-2025,,,, 4W Stilt Parking Charges ,305016,,100,
ME-2025-0000624,305016,4W Stilt Parking Charges,BE 503,01-06-2025,,,, 4W Stilt Parking Charges ,305016,,100,
ME-2025-0000635,305016,4W Stilt Parking Charges,BE 601,01-06-2025,,,, 4W Stilt Parking Charges ,305016,,100,
ME-2025-0000666,305016,4W Stilt Parking Charges,BE 701,01-06-2025,,,, 4W Stilt Parking Charges ,305016,,100,
ME-2025-0000686,305016,4W Stilt Parking Charges,BE 703,01-06-2025,,,, 4W Stilt Parking Charges ,305016,,100,
ME-2025-0000740,305016,4W Stilt Parking Charges,BE 103,01-07-2025,,,, 4W Stilt Parking Charges ,305016,,100,
ME-2025-0000799,305016,4W Stilt Parking Charges,BE 303,01-07-2025,,,, 4W Stilt Parking Charges ,305016,,100,
ME-2025-0000842,305016,4W Stilt Parking Charges,BE 501,01-07-2025,,,, 4W Stilt Parking Charges ,305016,,100,
ME-2025-0000861,305016,4W Stilt Parking Charges,BE 503,01-07-2025,,,, 4W Stilt Parking Charges ,305016,,100,
ME-2025-0000872,305016,4W Stilt Parking Charges,BE 601,01-07-2025,,,, 4W Stilt Parking Charges ,305016,,100,
ME-2025-0000903,305016,4W Stilt Parking Charges,BE 701,01-07-2025,,,, 4W Stilt Parking Charges ,305016,,100,
ME-2025-0000923,305016,4W Stilt Parking Charges,BE 703,01-07-2025,,,, 4W Stilt Parking Charges ,305016,,100,
ME-2025-0000979,305016,4W Stilt Parking Charges,BE 103,01-08-2025,,,, 4W Stilt Parking Charges ,305016,,100,
ME-2025-0001042,305016,4W Stilt Parking Charges,BE 303,01-08-2025,,,, 4W Stilt Parking Charges ,305016,,100,
ME-2025-0001088,305016,4W Stilt Parking Charges,BE 501,01-08-2025,,,, 4W Stilt Parking Charges ,305016,,100,
ME-2025-0001108,305016,4W Stilt Parking Charges,BE 503,01-08-2025,,,, 4W Stilt Parking Charges ,305016,,100,
ME-2025-0001120,305016,4W Stilt Parking Charges,BE 601,01-08-2025,,,, 4W Stilt Parking Charges ,305016,,100,
ME-2025-0001153,305016,4W Stilt Parking Charges,BE 701,01-08-2025,,,, 4W Stilt Parking Charges ,305016,,100,
ME-2025-0001175,305016,4W Stilt Parking Charges,BE 703,01-08-2025,,,, 4W Stilt Parking Charges ,305016,,100,
ME-2025-0001229,305016,4W Stilt Parking Charges,BE 103,01-09-2025,,,, 4W Stilt Parking Charges ,305016,,100,
ME-2025-0001288,305016,4W Stilt Parking Charges,BE 303,01-09-2025,,,, 4W Stilt Parking Charges ,305016,,100,
ME-2025-0001331,305016,4W Stilt Parking Charges,BE 501,01-09-2025,,,, 4W Stilt Parking Charges ,305016,,100,
ME-2025-0001350,305016,4W Stilt Parking Charges,BE 503,01-09-2025,,,, 4W Stilt Parking Charges ,305016,,100,
ME-2025-0001361,305016,4W Stilt Parking Charges,BE 601,01-09-2025,,,, 4W Stilt Parking Charges ,305016,,100,
ME-2025-0001392,305016,4W Stilt Parking Charges,BE 701,01-09-2025,,,, 4W Stilt Parking Charges ,305016,,100,
ME-2025-0001412,305016,4W Stilt Parking Charges,BE 703,01-09-2025,,,, 4W Stilt Parking Charges ,305016,,100,
ME-2025-0001468,305016,4W Stilt Parking Charges,BE 103,01-10-2025,,,, 4W Stilt Parking Charges ,305016,,100,
ME-2025-0001527,305016,4W Stilt Parking Charges,BE 303,01-10-2025,,,, 4W Stilt Parking Charges ,305016,,100,
ME-2025-0001571,305016,4W Stilt Parking Charges,BE 501,01-10-2025,,,, 4W Stilt Parking Charges ,305016,,100,
ME-2025-0001590,305016,4W Stilt Parking Charges,BE 503,01-10-2025,,,, 4W Stilt Parking Charges ,305016,,100,
ME-2025-0001601,305016,4W Stilt Parking Charges,BE 601,01-10-2025,,,, 4W Stilt Parking Charges ,305016,,100,
ME-2025-0001632,305016,4W Stilt Parking Charges,BE 701,01-10-2025,,,, 4W Stilt Parking Charges ,305016,,100,
ME-2025-0001652,305016,4W Stilt Parking Charges,BE 703,01-10-2025,,,, 4W Stilt Parking Charges ,305016,,100,
ME-2025-0001709,305016,4W Stilt Parking Charges,BE 103,01-11-2025,,,, 4W Stilt Parking Charges ,305016,,100,
ME-2025-0001768,305016,4W Stilt Parking Charges,BE 303,01-11-2025,,,, 4W Stilt Parking Charges ,305016,,100,
ME-2025-0001812,305016,4W Stilt Parking Charges,BE 501,01-11-2025,,,, 4W Stilt Parking Charges ,305016,,100,
ME-2025-0001831,305016,4W Stilt Parking Charges,BE 503,01-11-2025,,,, 4W Stilt Parking Charges ,305016,,100,
ME-2025-0001842,305016,4W Stilt Parking Charges,BE 601,01-11-2025,,,, 4W Stilt Parking Charges ,305016,,100,
ME-2025-0001873,305016,4W Stilt Parking Charges,BE 701,01-11-2025,,,, 4W Stilt Parking Charges ,305016,,100,
ME-2025-0001893,305016,4W Stilt Parking Charges,BE 703,01-11-2025,,,, 4W Stilt Parking Charges ,305016,,100,
ME-2025-0001961,305016,4W Stilt Parking Charges,BE 103,01-12-2025,,,, 4W Stilt Parking Charges ,305016,,100,
ME-2025-0002011,305016,4W Stilt Parking Charges,BE 303,01-12-2025,,,, 4W Stilt Parking Charges ,305016,,100,
ME-2025-0002054,305016,4W Stilt Parking Charges,BE 501,01-12-2025,,,, 4W Stilt Parking Charges ,305016,,100,
ME-2025-0002074,305016,4W Stilt Parking Charges,BE 503,01-12-2025,,,, 4W Stilt Parking Charges ,305016,,100,
ME-2025-0002085,305016,4W Stilt Parking Charges,BE 601,01-12-2025,,,, 4W Stilt Parking Charges ,305016,,100,
ME-2025-0002115,305016,4W Stilt Parking Charges,BE 701,01-12-2025,,,, 4W Stilt Parking Charges ,305016,,100,
ME-2025-0002135,305016,4W Stilt Parking Charges,BE 703,01-12-2025,,,, 4W Stilt Parking Charges ,305016,,100,
ME-2025-0002202,305016,4W Stilt Parking Charges,BE 103,01-01-2026,,,, 4W Stilt Parking Charges ,305016,,100,
ME-2025-0002262,305016,4W Stilt Parking Charges,BE 303,01-01-2026,,,, 4W Stilt Parking Charges ,305016,,100,
ME-2025-0002306,305016,4W Stilt Parking Charges,BE 501,01-01-2026,,,, 4W Stilt Parking Charges ,305016,,100,
ME-2025-0002327,305016,4W Stilt Parking Charges,BE 503,01-01-2026,,,, 4W Stilt Parking Charges ,305016,,100,
ME-2025-0002338,305016,4W Stilt Parking Charges,BE 601,01-01-2026,,,, 4W Stilt Parking Charges ,305016,,100,
ME-2025-0002369,305016,4W Stilt Parking Charges,BE 701,01-01-2026,,,, 4W Stilt Parking Charges ,305016,,100,
ME-2025-0002437,305016,4W Stilt Parking Charges,BE 703,01-01-2026,,,, 4W Stilt Parking Charges ,305016,,100,
ME-2025-0002490,305016,4W Stilt Parking Charges,BE 103,01-02-2026,,,, 4W Stilt Parking Charges ,305016,,100,
ME-2025-0002549,305016,4W Stilt Parking Charges,BE 303,01-02-2026,,,, 4W Stilt Parking Charges ,305016,,100,
ME-2025-0002592,305016,4W Stilt Parking Charges,BE 501,01-02-2026,,,, 4W Stilt Parking Charges ,305016,,100,
ME-2025-0002611,305016,4W Stilt Parking Charges,BE 503,01-02-2026,,,, 4W Stilt Parking Charges ,305016,,100,
ME-2025-0002622,305016,4W Stilt Parking Charges,BE 601,01-02-2026,,,, 4W Stilt Parking Charges ,305016,,100,
ME-2025-0002652,305016,4W Stilt Parking Charges,BE 701,01-02-2026,,,, 4W Stilt Parking Charges ,305016,,100,
ME-2025-0002672,305016,4W Stilt Parking Charges,BE 703,01-02-2026,,,, 4W Stilt Parking Charges ,305016,,100,
ME-2025-0002727,305016,4W Stilt Parking Charges,BE 103,01-03-2026,,,, 4W Stilt Parking Charges ,305016,,100,
ME-2025-0002786,305016,4W Stilt Parking Charges,BE 303,01-03-2026,,,, 4W Stilt Parking Charges ,305016,,100,
ME-2025-0002829,305016,4W Stilt Parking Charges,BE 501,01-03-2026,,,, 4W Stilt Parking Charges ,305016,,100,
ME-2025-0002848,305016,4W Stilt Parking Charges,BE 503,01-03-2026,,,, 4W Stilt Parking Charges ,305016,,100,
ME-2025-0002859,305016,4W Stilt Parking Charges,BE 601,01-03-2026,,,, 4W Stilt Parking Charges ,305016,,100,
ME-2025-0002889,305016,4W Stilt Parking Charges,BE 701,01-03-2026,,,, 4W Stilt Parking Charges ,305016,,100,
ME-2025-0002909,305016,4W Stilt Parking Charges,BE 703,01-03-2026,,,, 4W Stilt Parking Charges ,305016,,100,

"Balance : 8400(Credit)","","","","","","","","","","0","8400",

"Income - Members > 4W Open Parking Charges ( 305017 ) ",
"Journal No","Other GL No.","Other Account","Subledger","Posted Date","Comments","Instrument No.","Instrument Bank","Account Name","GL Account No.","Debit","Credit",
"","","","","","Opening Balance","",""," 4W Open Parking Charges ","305017","","",
ME-2025-0000006,305017,4W Open Parking Charges,BE 101,01-04-2025,,,, 4W Open Parking Charges ,305017,,150,
ME-2025-0000016,305017,4W Open Parking Charges,BE 102,01-04-2025,,,, 4W Open Parking Charges ,305017,,150,
ME-2025-0000054,305017,4W Open Parking Charges,BE 203,01-04-2025,,,, 4W Open Parking Charges ,305017,,150,
ME-2025-0000064,305017,4W Open Parking Charges,BE 301,01-04-2025,,,, 4W Open Parking Charges ,305017,,150,
ME-2025-0000105,305017,4W Open Parking Charges,BE 402,01-04-2025,,,, 4W Open Parking Charges ,305017,,150,
ME-2025-0000116,305017,4W Open Parking Charges,BE 403,01-04-2025,,,, 4W Open Parking Charges ,305017,,150,
ME-2025-0000127,305017,4W Open Parking Charges,BE 501,01-04-2025,,,, 4W Open Parking Charges ,305017,,250,
ME-2025-0000178,305017,4W Open Parking Charges,BE 603,01-04-2025,,,, 4W Open Parking Charges ,305017,,150,
ME-2025-0000245,305017,4W Open Parking Charges,BE 101,01-05-2025,,,, 4W Open Parking Charges ,305017,,150,
ME-2025-0000255,305017,4W Open Parking Charges,BE 102,01-05-2025,,,, 4W Open Parking Charges ,305017,,150,
ME-2025-0000293,305017,4W Open Parking Charges,BE 203,01-05-2025,,,, 4W Open Parking Charges ,305017,,150,
ME-2025-0000303,305017,4W Open Parking Charges,BE 301,01-05-2025,,,, 4W Open Parking Charges ,305017,,150,
ME-2025-0000344,305017,4W Open Parking Charges,BE 402,01-05-2025,,,, 4W Open Parking Charges ,305017,,150,
ME-2025-0000355,305017,4W Open Parking Charges,BE 403,01-05-2025,,,, 4W Open Parking Charges ,305017,,150,
ME-2025-0000367,305017,4W Open Parking Charges,BE 501,01-05-2025,,,, 4W Open Parking Charges ,305017,,250,
ME-2025-0000419,305017,4W Open Parking Charges,BE 603,01-05-2025,,,, 4W Open Parking Charges ,305017,,150,
ME-2025-0000483,305017,4W Open Parking Charges,BE 101,01-06-2025,,,, 4W Open Parking Charges ,305017,,150,
ME-2025-0000493,305017,4W Open Parking Charges,BE 102,01-06-2025,,,, 4W Open Parking Charges ,305017,,150,
ME-2025-0000531,305017,4W Open Parking Charges,BE 203,01-06-2025,,,, 4W Open Parking Charges ,305017,,150,
ME-2025-0000541,305017,4W Open Parking Charges,BE 301,01-06-2025,,,, 4W Open Parking Charges ,305017,,150,
ME-2025-0000582,305017,4W Open Parking Charges,BE 402,01-06-2025,,,, 4W Open Parking Charges ,305017,,150,
ME-2025-0000592,305017,4W Open Parking Charges,BE 403,01-06-2025,,,, 4W Open Parking Charges ,305017,,150,
ME-2025-0000604,305017,4W Open Parking Charges,BE 501,01-06-2025,,,, 4W Open Parking Charges ,305017,,250,
ME-2025-0000656,305017,4W Open Parking Charges,BE 603,01-06-2025,,,, 4W Open Parking Charges ,305017,,150,
ME-2025-0000721,305017,4W Open Parking Charges,BE 101,01-07-2025,,,, 4W Open Parking Charges ,305017,,150,
ME-2025-0000731,305017,4W Open Parking Charges,BE 102,01-07-2025,,,, 4W Open Parking Charges ,305017,,150,
ME-2025-0000769,305017,4W Open Parking Charges,BE 203,01-07-2025,,,, 4W Open Parking Charges ,305017,,150,
ME-2025-0000779,305017,4W Open Parking Charges,BE 301,01-07-2025,,,, 4W Open Parking Charges ,305017,,150,
ME-2025-0000820,305017,4W Open Parking Charges,BE 402,01-07-2025,,,, 4W Open Parking Charges ,305017,,150,
ME-2025-0000830,305017,4W Open Parking Charges,BE 403,01-07-2025,,,, 4W Open Parking Charges ,305017,,150,
ME-2025-0000841,305017,4W Open Parking Charges,BE 501,01-07-2025,,,, 4W Open Parking Charges ,305017,,250,
ME-2025-0000893,305017,4W Open Parking Charges,BE 603,01-07-2025,,,, 4W Open Parking Charges ,305017,,150,
ME-2025-0000959,305017,4W Open Parking Charges,BE 101,01-08-2025,,,, 4W Open Parking Charges ,305017,,150,
ME-2025-0000970,305017,4W Open Parking Charges,BE 102,01-08-2025,,,, 4W Open Parking Charges ,305017,,150,
ME-2025-0001010,305017,4W Open Parking Charges,BE 203,01-08-2025,,,, 4W Open Parking Charges ,305017,,150,
ME-2025-0001021,305017,4W Open Parking Charges,BE 301,01-08-2025,,,, 4W Open Parking Charges ,305017,,150,
ME-2025-0001065,305017,4W Open Parking Charges,BE 402,01-08-2025,,,, 4W Open Parking Charges ,305017,,150,
ME-2025-0001075,305017,4W Open Parking Charges,BE 403,01-08-2025,,,, 4W Open Parking Charges ,305017,,150,
ME-2025-0001087,305017,4W Open Parking Charges,BE 501,01-08-2025,,,, 4W Open Parking Charges ,305017,,250,
ME-2025-0001142,305017,4W Open Parking Charges,BE 603,01-08-2025,,,, 4W Open Parking Charges ,305017,,150,
ME-2025-0001210,305017,4W Open Parking Charges,BE 101,01-09-2025,,,, 4W Open Parking Charges ,305017,,150,
ME-2025-0001220,305017,4W Open Parking Charges,BE 102,01-09-2025,,,, 4W Open Parking Charges ,305017,,150,
ME-2025-0001258,305017,4W Open Parking Charges,BE 203,01-09-2025,,,, 4W Open Parking Charges ,305017,,150,
ME-2025-0001268,305017,4W Open Parking Charges,BE 301,01-09-2025,,,, 4W Open Parking Charges ,305017,,150,
ME-2025-0001309,305017,4W Open Parking Charges,BE 402,01-09-2025,,,, 4W Open Parking Charges ,305017,,150,
ME-2025-0001319,305017,4W Open Parking Charges,BE 403,01-09-2025,,,, 4W Open Parking Charges ,305017,,150,
ME-2025-0001330,305017,4W Open Parking Charges,BE 501,01-09-2025,,,, 4W Open Parking Charges ,305017,,250,
ME-2025-0001382,305017,4W Open Parking Charges,BE 603,01-09-2025,,,, 4W Open Parking Charges ,305017,,150,
ME-2025-0001449,305017,4W Open Parking Charges,BE 101,01-10-2025,,,, 4W Open Parking Charges ,305017,,150,
ME-2025-0001459,305017,4W Open Parking Charges,BE 102,01-10-2025,,,, 4W Open Parking Charges ,305017,,150,
ME-2025-0001497,305017,4W Open Parking Charges,BE 203,01-10-2025,,,, 4W Open Parking Charges ,305017,,150,
ME-2025-0001507,305017,4W Open Parking Charges,BE 301,01-10-2025,,,, 4W Open Parking Charges ,305017,,150,
ME-2025-0001548,305017,4W Open Parking Charges,BE 402,01-10-2025,,,, 4W Open Parking Charges ,305017,,150,
ME-2025-0001559,305017,4W Open Parking Charges,BE 403,01-10-2025,,,, 4W Open Parking Charges ,305017,,150,
ME-2025-0001570,305017,4W Open Parking Charges,BE 501,01-10-2025,,,, 4W Open Parking Charges ,305017,,250,
ME-2025-0001622,305017,4W Open Parking Charges,BE 603,01-10-2025,,,, 4W Open Parking Charges ,305017,,150,
ME-2025-0001690,305017,4W Open Parking Charges,BE 101,01-11-2025,,,, 4W Open Parking Charges ,305017,,150,
ME-2025-0001700,305017,4W Open Parking Charges,BE 102,01-11-2025,,,, 4W Open Parking Charges ,305017,,150,
ME-2025-0001738,305017,4W Open Parking Charges,BE 203,01-11-2025,,,, 4W Open Parking Charges ,305017,,150,
ME-2025-0001748,305017,4W Open Parking Charges,BE 301,01-11-2025,,,, 4W Open Parking Charges ,305017,,150,
ME-2025-0001789,305017,4W Open Parking Charges,BE 402,01-11-2025,,,, 4W Open Parking Charges ,305017,,150,
ME-2025-0001800,305017,4W Open Parking Charges,BE 403,01-11-2025,,,, 4W Open Parking Charges ,305017,,150,
ME-2025-0001811,305017,4W Open Parking Charges,BE 501,01-11-2025,,,, 4W Open Parking Charges ,305017,,250,
ME-2025-0001863,305017,4W Open Parking Charges,BE 603,01-11-2025,,,, 4W Open Parking Charges ,305017,,150,
ME-2025-0001942,305017,4W Open Parking Charges,BE 101,01-12-2025,,,, 4W Open Parking Charges ,305017,,150,
ME-2025-0001952,305017,4W Open Parking Charges,BE 102,01-12-2025,,,, 4W Open Parking Charges ,305017,,150,
ME-2025-0001990,305017,4W Open Parking Charges,BE 203,01-12-2025,,,, 4W Open Parking Charges ,305017,,150,
ME-2025-0002000,305017,4W Open Parking Charges,BE 301,01-12-2025,,,, 4W Open Parking Charges ,305017,,150,
ME-2025-0002032,305017,4W Open Parking Charges,BE 402,01-12-2025,,,, 4W Open Parking Charges ,305017,,150,
ME-2025-0002042,305017,4W Open Parking Charges,BE 403,01-12-2025,,,, 4W Open Parking Charges ,305017,,150,
ME-2025-0002053,305017,4W Open Parking Charges,BE 501,01-12-2025,,,, 4W Open Parking Charges ,305017,,250,
ME-2025-0002105,305017,4W Open Parking Charges,BE 603,01-12-2025,,,, 4W Open Parking Charges ,305017,,150,
ME-2025-0002183,305017,4W Open Parking Charges,BE 101,01-01-2026,,,, 4W Open Parking Charges ,305017,,150,
ME-2025-0002193,305017,4W Open Parking Charges,BE 102,01-01-2026,,,, 4W Open Parking Charges ,305017,,150,
ME-2025-0002231,305017,4W Open Parking Charges,BE 203,01-01-2026,,,, 4W Open Parking Charges ,305017,,150,
ME-2025-0002241,305017,4W Open Parking Charges,BE 301,01-01-2026,,,, 4W Open Parking Charges ,305017,,150,
ME-2025-0002284,305017,4W Open Parking Charges,BE 402,01-01-2026,,,, 4W Open Parking Charges ,305017,,150,
ME-2025-0002294,305017,4W Open Parking Charges,BE 403,01-01-2026,,,, 4W Open Parking Charges ,305017,,150,
ME-2025-0002305,305017,4W Open Parking Charges,BE 501,01-01-2026,,,, 4W Open Parking Charges ,305017,,250,
ME-2025-0002359,305017,4W Open Parking Charges,BE 603,01-01-2026,,,, 4W Open Parking Charges ,305017,,150,
ME-2025-0002470,305017,4W Open Parking Charges,BE 101,01-02-2026,,,, 4W Open Parking Charges ,305017,,150,
ME-2025-0002481,305017,4W Open Parking Charges,BE 102,01-02-2026,,,, 4W Open Parking Charges ,305017,,150,
ME-2025-0002519,305017,4W Open Parking Charges,BE 203,01-02-2026,,,, 4W Open Parking Charges ,305017,,150,
ME-2025-0002529,305017,4W Open Parking Charges,BE 301,01-02-2026,,,, 4W Open Parking Charges ,305017,,150,
ME-2025-0002570,305017,4W Open Parking Charges,BE 402,01-02-2026,,,, 4W Open Parking Charges ,305017,,150,
ME-2025-0002580,305017,4W Open Parking Charges,BE 403,01-02-2026,,,, 4W Open Parking Charges ,305017,,150,
ME-2025-0002591,305017,4W Open Parking Charges,BE 501,01-02-2026,,,, 4W Open Parking Charges ,305017,,250,
ME-2025-0002642,305017,4W Open Parking Charges,BE 603,01-02-2026,,,, 4W Open Parking Charges ,305017,,150,
ME-2025-0002707,305017,4W Open Parking Charges,BE 101,01-03-2026,,,, 4W Open Parking Charges ,305017,,150,
ME-2025-0002718,305017,4W Open Parking Charges,BE 102,01-03-2026,,,, 4W Open Parking Charges ,305017,,150,
ME-2025-0002756,305017,4W Open Parking Charges,BE 203,01-03-2026,,,, 4W Open Parking Charges ,305017,,150,
ME-2025-0002766,305017,4W Open Parking Charges,BE 301,01-03-2026,,,, 4W Open Parking Charges ,305017,,150,
ME-2025-0002807,305017,4W Open Parking Charges,BE 402,01-03-2026,,,, 4W Open Parking Charges ,305017,,150,
ME-2025-0002817,305017,4W Open Parking Charges,BE 403,01-03-2026,,,, 4W Open Parking Charges ,305017,,150,
ME-2025-0002828,305017,4W Open Parking Charges,BE 501,01-03-2026,,,, 4W Open Parking Charges ,305017,,250,
ME-2025-0002879,305017,4W Open Parking Charges,BE 603,01-03-2026,,,, 4W Open Parking Charges ,305017,,150,

"Balance : 15600(Credit)","","","","","","","","","","0","15600",

"Income - Members > Penalty ( 305023 ) ",
"Journal No","Other GL No.","Other Account","Subledger","Posted Date","Comments","Instrument No.","Instrument Bank","Account Name","GL Account No.","Debit","Credit",
"","","","","","Opening Balance","",""," Penalty ","305023","","",
ME-2025-0002279,305023,Penalty,BE 401,01-01-2026,For not attending AGM,,, Penalty ,305023,,1000,
ME-2025-0002323,305023,Penalty,BE 502,01-01-2026,For not attending AGM,,, Penalty ,305023,,1000,
ME-2025-0002354,305023,Penalty,BE 602,01-01-2026,For not attending AGM,,, Penalty ,305023,,1000,

"Balance : 3000(Credit)","","","","","","","","","","0","3000",

"Income - Non Members > Interest Income - Savings Account ( 306001 ) ",
"Journal No","Other GL No.","Other Account","Subledger","Posted Date","Comments","Instrument No.","Instrument Bank","Account Name","GL Account No.","Debit","Credit",
"","","","","","Opening Balance","",""," Interest Income - Savings Account ","306001","","",
JE-2025-0000005,306001,Interest Income - Savings Account,,30-06-2025,Int recd on saving account,,, Interest Income - Savings Account ,306001,,5929.00,
JE-2025-0000007,306001,Interest Income - Savings Account,,30-09-2025,int recd on Saving acc  01.07.25-30.09.25,,, Interest Income - Savings Account ,306001,,4420.00,
JE-2025-0000009,306001,Interest Income - Savings Account,,31-12-2025,Being int recd from 01.10.25 to 31.12.25 - SCB,,, Interest Income - Savings Account ,306001,,5233.00,
JE-2025-0000011,306001,Interest Income - Savings Account,,31-03-2026,Being int recd on SB  for the period 01.01.26 to 31.03.26 - SCB,,, Interest Income - Savings Account ,306001,,4056.00,
JE-2025-0000089,306001,Interest Income - Savings Account,,31-03-2026,Being int on saving account from April 2025 to March 2026,,, Interest Income - Savings Account ,306001,,720.00,

"Balance : 20358(Credit)","","","","","","","","","","0","20358",

"Income - Non Members > Interest Income - Fixed Deposit  ( 306002 ) ",
"Journal No","Other GL No.","Other Account","Subledger","Posted Date","Comments","Instrument No.","Instrument Bank","Account Name","GL Account No.","Debit","Credit",
"","","","","","Opening Balance","",""," Interest Income - Fixed Deposit  ","306002","","",
JE-2025-0000029,306002,Interest Income - Fixed Deposit ,,17-04-2025,Being FD 587906 renewed and remade CCB - SF,,, Interest Income - Fixed Deposit  ,306002,,604.00,
JE-2025-0000031,306002,Interest Income - Fixed Deposit ,,27-04-2025,Being FD 548311 renewed and remade CCB - SF,,, Interest Income - Fixed Deposit  ,306002,,674.00,
JE-2025-0000023,306002,Interest Income - Fixed Deposit ,,06-05-2025,Being FD 003141 renewed and remade CCB - SF,,, Interest Income - Fixed Deposit  ,306002,,567.00,
JE-2025-0000026,306002,Interest Income - Fixed Deposit ,,18-05-2025,Being FD 477604 renewed and remade CCB - SF,,, Interest Income - Fixed Deposit  ,306002,,760.00,
JE-2025-0000016,306002,Interest Income - Fixed Deposit ,,28-05-2025,Being FD 476961 renewed and remade CCB - SF,,, Interest Income - Fixed Deposit  ,306002,,799.00,
JE-2025-0000028,306002,Interest Income - Fixed Deposit ,,29-06-2025,Being FD 625431 renewed and remade CCB - SF,,, Interest Income - Fixed Deposit  ,306002,,725.00,
JE-2025-0000004,306002,Interest Income - Fixed Deposit ,,30-06-2025,Being int on  fixed deposit -Td1000277973 - SCB,,, Interest Income - Fixed Deposit  ,306002,,104.00,
JE-2025-0000014,306002,Interest Income - Fixed Deposit ,,04-08-2025,Being FD 551598 renewed and remade CCB - SF,,, Interest Income - Fixed Deposit  ,306002,,1340.00,
JE-2025-0000042,306002,Interest Income - Fixed Deposit ,,07-09-2025,Being FD TD0000406346 renewed and remade SCB - SF,,, Interest Income - Fixed Deposit  ,306002,,2517.00,
JE-2025-0000006,306002,Interest Income - Fixed Deposit ,,30-09-2025,Being interest recd on FD   TD1000277973 SC SCB,,, Interest Income - Fixed Deposit  ,306002,,103.00,
JE-2025-0000008,306002,Interest Income - Fixed Deposit ,,31-12-2025,Being interest recd on FD TD1000277973 SC SCB,,, Interest Income - Fixed Deposit  ,306002,,92.00,
JE-2025-0000104,306002,Interest Income - Fixed Deposit ,,14-02-2026,Being FD TD0000414168 renewed and remade SCB - SF,,, Interest Income - Fixed Deposit  ,306002,,1803.00,
JE-2025-0000105,306002,Interest Income - Fixed Deposit ,,14-02-2026,Being FD TD0000414171 renewed and remade SCB - RF,,, Interest Income - Fixed Deposit  ,306002,,6964.00,
JE-2025-0000107,306002,Interest Income - Fixed Deposit ,,14-02-2026,Being FD 414170 renewed and remade SCB - PDF,,, Interest Income - Fixed Deposit  ,306002,,20487.00,
JE-2025-0000108,306002,Interest Income - Fixed Deposit ,,14-02-2026,Being FD TD0000414169 renewed and remade SCB - BRF,,, Interest Income - Fixed Deposit  ,306002,,2898.00,
JE-2025-0000012,306002,Interest Income - Fixed Deposit ,,19-03-2026,Being FD 384066 renewed and remade CCB - SF,,, Interest Income - Fixed Deposit  ,306002,,5549.00,
JE-2025-0000019,306002,Interest Income - Fixed Deposit ,,21-03-2026,Being FD 476584-R15 renewed and remade CCB - SF,,, Interest Income - Fixed Deposit  ,306002,,5074.00,
JE-2025-0000033,306002,Interest Income - Fixed Deposit ,,27-03-2026,Being FD TD0000403571 renewed and remade SCB - SF,,, Interest Income - Fixed Deposit  ,306002,,907.00,
JE-2025-0000035,306002,Interest Income - Fixed Deposit ,,27-03-2026,Being FD TD0000403572 renewed and remade SCB - BRF,,, Interest Income - Fixed Deposit  ,306002,,2734.00,
JE-2025-0000045,306002,Interest Income - Fixed Deposit ,,27-03-2026,Being int accu on FD TD0000414147- SF - SCB,,, Interest Income - Fixed Deposit  ,306002,,1007.00,
JE-2025-0000106,306002,Interest Income - Fixed Deposit ,,27-03-2026,Being FD TD0000406343 renewed and remade SCB - PDF,,, Interest Income - Fixed Deposit  ,306002,,13239.00,
JE-2025-0000010,306002,Interest Income - Fixed Deposit ,,31-03-2026,Being int recd on FD  TD1000277973 - SC SCB,,, Interest Income - Fixed Deposit  ,306002,,103.00,
JE-2025-0000013,306002,Interest Income - Fixed Deposit ,,31-03-2026,Being int accu on FD 384066 - SF - CCB,,, Interest Income - Fixed Deposit  ,306002,,174.00,
JE-2025-0000015,306002,Interest Income - Fixed Deposit ,,31-03-2026,Being int accu on FD 551598 - SF - CCB,,, Interest Income - Fixed Deposit  ,306002,,2430.00,
JE-2025-0000017,306002,Interest Income - Fixed Deposit ,,31-03-2026,Being int accu on FD 476961 - SF - CCB,,, Interest Income - Fixed Deposit  ,306002,,113.00,
JE-2025-0000018,306002,Interest Income - Fixed Deposit ,,31-03-2026,Being int accu on FD 625431 - SF - CCB,,, Interest Income - Fixed Deposit  ,306002,,25.00,
JE-2025-0000020,306002,Interest Income - Fixed Deposit ,,31-03-2026,Being int accu on FD 476584-R15 - SF - CCB,,, Interest Income - Fixed Deposit  ,306002,,132.00,
JE-2025-0000021,306002,Interest Income - Fixed Deposit ,,31-03-2026,Being int accu on FD 608343 - RF - CCB,,, Interest Income - Fixed Deposit  ,306002,,947.00,
JE-2025-0000025,306002,Interest Income - Fixed Deposit ,,31-03-2026,Being int accu on FD 003141 - SF - CCB,,, Interest Income - Fixed Deposit  ,306002,,127.00,
JE-2025-0000027,306002,Interest Income - Fixed Deposit ,,31-03-2026,Being int accu on FD  477604 - SF - CCB,,, Interest Income - Fixed Deposit  ,306002,,136.00,
JE-2025-0000030,306002,Interest Income - Fixed Deposit ,,31-03-2026,Being int accu on FD 587906 - SF - CCB,,, Interest Income - Fixed Deposit  ,306002,,186.00,
JE-2025-0000032,306002,Interest Income - Fixed Deposit ,,31-03-2026,Being int accu on FD 548311 - SF - CCB,,, Interest Income - Fixed Deposit  ,306002,,177.00,
JE-2025-0000034,306002,Interest Income - Fixed Deposit ,,31-03-2026,Being int accu on FD  TD0000403571- SF - SCB,,, Interest Income - Fixed Deposit  ,306002,,16.00,
JE-2025-0000036,306002,Interest Income - Fixed Deposit ,,31-03-2026,Being int accu on FD TD0000403572 - BRF - SCB,,, Interest Income - Fixed Deposit  ,306002,,48.00,
JE-2025-0000037,306002,Interest Income - Fixed Deposit ,,31-03-2026,Being int accu on FD 406342- RDF - SCB,,, Interest Income - Fixed Deposit  ,306002,,7162.00,
JE-2025-0000039,306002,Interest Income - Fixed Deposit ,,31-03-2026,Being int accu on FD TD0000406343 - PDF - SCB,,, Interest Income - Fixed Deposit  ,306002,,174.00,
JE-2025-0000040,306002,Interest Income - Fixed Deposit ,,31-03-2026,Being int accu on FD TD0000406344 - PDF - SCB,,, Interest Income - Fixed Deposit  ,306002,,7609.00,
JE-2025-0000041,306002,Interest Income - Fixed Deposit ,,31-03-2026,Being int accu on FD TD0000406345 - BRF - SCB,,, Interest Income - Fixed Deposit  ,306002,,4899.00,
JE-2025-0000043,306002,Interest Income - Fixed Deposit ,,31-03-2026,Being int accu on FD TD0000406346 - CF - SCB,,, Interest Income - Fixed Deposit  ,306002,,3294.00,
JE-2025-0000044,306002,Interest Income - Fixed Deposit ,,31-03-2026,Being int accu on FD TD0000414146- BRF - SCB,,, Interest Income - Fixed Deposit  ,306002,,1907.00,
JE-2025-0000046,306002,Interest Income - Fixed Deposit ,,31-03-2026,Being int accu on FD TD0000414147- SF - SCB,,, Interest Income - Fixed Deposit  ,306002,,14.00,
JE-2025-0000047,306002,Interest Income - Fixed Deposit ,,31-03-2026,Being int accu on FD TD0000414148- RF- SCB,,, Interest Income - Fixed Deposit  ,306002,,6300.00,
JE-2025-0000048,306002,Interest Income - Fixed Deposit ,,31-03-2026,Being int accu on FD TD0000414149- RDF - SCB,,, Interest Income - Fixed Deposit  ,306002,,2213.00,
JE-2025-0000049,306002,Interest Income - Fixed Deposit ,,31-03-2026,Being int accu on FD 414150- ETF - SCB,,, Interest Income - Fixed Deposit  ,306002,,1191.00,
JE-2025-0000050,306002,Interest Income - Fixed Deposit ,,31-03-2026,Being int accu on FD TD0000414152 - SF - SCB,,, Interest Income - Fixed Deposit  ,306002,,937.00,
JE-2025-0000051,306002,Interest Income - Fixed Deposit ,,31-03-2026,Being int accu on FD TD0000414165- PDF - SCB,,, Interest Income - Fixed Deposit  ,306002,,18235.00,
JE-2025-0000052,306002,Interest Income - Fixed Deposit ,,31-03-2026,Being int accu on FD TD0000414166 - BRF - SCB,,, Interest Income - Fixed Deposit  ,306002,,2824.00,
JE-2025-0000053,306002,Interest Income - Fixed Deposit ,,31-03-2026,Being int accu on FD TD0000414167 - RF - SCB,,, Interest Income - Fixed Deposit  ,306002,,11753.00,
JE-2025-0000055,306002,Interest Income - Fixed Deposit ,,31-03-2026,Being int accu on FD TD0000414168 - SF - SCB,,, Interest Income - Fixed Deposit  ,306002,,263.00,
JE-2025-0000057,306002,Interest Income - Fixed Deposit ,,31-03-2026,Being int accu on FD TD0000414169 - BRF - SCB,,, Interest Income - Fixed Deposit  ,306002,,423.00,
JE-2025-0000059,306002,Interest Income - Fixed Deposit ,,31-03-2026,Being int accu on FD TD0000414170 - PDF - SCB,,, Interest Income - Fixed Deposit  ,306002,,2990.00,
JE-2025-0000061,306002,Interest Income - Fixed Deposit ,,31-03-2026,Being int accu on FD TD0000414171 - RF - SCB,,, Interest Income - Fixed Deposit  ,306002,,1016.00,
JE-2025-0000062,306002,Interest Income - Fixed Deposit ,,31-03-2026,Being int accu on FD 414172- PDF - SCB,,, Interest Income - Fixed Deposit  ,306002,,29404.00,
JE-2025-0000063,306002,Interest Income - Fixed Deposit ,,31-03-2026,Being int accu on FD TD0000414173 - BRF - SCB,,, Interest Income - Fixed Deposit  ,306002,,37390.00,
JE-2025-0000064,306002,Interest Income - Fixed Deposit ,,31-03-2026,Being int accu on FD 277843- RF - SCB,,, Interest Income - Fixed Deposit  ,306002,,3158.00,
JE-2025-0000065,306002,Interest Income - Fixed Deposit ,,31-03-2026,Being int accu on FD TD1000277852 - BRF - SCB,,, Interest Income - Fixed Deposit  ,306002,,2552.00,
JE-2025-0000066,306002,Interest Income - Fixed Deposit ,,31-03-2026,Being int accu on FD TD1000277956 - BRF- SCB,,, Interest Income - Fixed Deposit  ,306002,,2652.00,
JE-2025-0000067,306002,Interest Income - Fixed Deposit ,,31-03-2026,Being int accu on FD TD1000277965- ETF - SCB,,, Interest Income - Fixed Deposit  ,306002,,238.00,
JE-2025-0000068,306002,Interest Income - Fixed Deposit ,,31-03-2026,Being int accu on FD TD1000697037 - RF - SCB,,, Interest Income - Fixed Deposit  ,306002,,171.00,
JE-2025-0000069,306002,Interest Income - Fixed Deposit ,,31-03-2026,Being int accu on FD TD1000697044 - SF - SCB,,, Interest Income - Fixed Deposit  ,306002,,235.00,
JE-2025-0000070,306002,Interest Income - Fixed Deposit ,,31-03-2026,Being int accu on FD TD1000697074- BRF - SCB,,, Interest Income - Fixed Deposit  ,306002,,2688.00,
JE-2025-0000071,306002,Interest Income - Fixed Deposit ,,31-03-2026,Being int accu on FD TD1000697085- PDF - SCB,,, Interest Income - Fixed Deposit  ,306002,,13785.00,
JE-2025-0000072,306002,Interest Income - Fixed Deposit ,,31-03-2026,Being int accu on FD TD1000697094 - ETF - SCB,,, Interest Income - Fixed Deposit  ,306002,,231.00,
JE-2025-0000073,306002,Interest Income - Fixed Deposit ,,31-03-2026,Being int accu on FD TD1000909156 - GF - SCB,,, Interest Income - Fixed Deposit  ,306002,,32171.00,
JE-2025-0000074,306002,Interest Income - Fixed Deposit ,,31-03-2026,Being int accu on FD TD1001128233 - SF - SCB,,, Interest Income - Fixed Deposit  ,306002,,766.00,
JE-2025-0000075,306002,Interest Income - Fixed Deposit ,,31-03-2026,Being int accu on FD TD1001128295 - BRF - SCB,,, Interest Income - Fixed Deposit  ,306002,,3743.00,
JE-2025-0000076,306002,Interest Income - Fixed Deposit ,,31-03-2026,Being int accu on FD TD1001128298 - ETF - SCB,,, Interest Income - Fixed Deposit  ,306002,,212.00,
JE-2025-0000077,306002,Interest Income - Fixed Deposit ,,31-03-2026,Being int accu on FD TD1001128304 - GF - SCB,,, Interest Income - Fixed Deposit  ,306002,,15528.00,
JE-2025-0000078,306002,Interest Income - Fixed Deposit ,,31-03-2026,Being int accu on FD TD1001580367- GF - SCB,,, Interest Income - Fixed Deposit  ,306002,,24603.00,
JE-2025-0000079,306002,Interest Income - Fixed Deposit ,,31-03-2026,Being int accu on FD TD1001580377 - SF - SCB,,, Interest Income - Fixed Deposit  ,306002,,771.00,
JE-2025-0000080,306002,Interest Income - Fixed Deposit ,,31-03-2026,Being int accu on FD TD1001580383 - BRF - SCB,,, Interest Income - Fixed Deposit  ,306002,,2441.00,
JE-2025-0000081,306002,Interest Income - Fixed Deposit ,,31-03-2026,Being int accu on FD TD1001580386 - ETF - SCB,,, Interest Income - Fixed Deposit  ,306002,,251.00,
JE-2025-0000088,306002,Interest Income - Fixed Deposit ,,31-03-2026,Being int on FD 08344 CCB  SCF,,, Interest Income - Fixed Deposit  ,306002,,304.00,
JE-2025-0000090,306002,Interest Income - Fixed Deposit ,,31-03-2026,Being interest recd on FD TD1000277973 SC SCB,,, Interest Income - Fixed Deposit  ,306002,,11.00,
JE-2025-0000101,306002,Interest Income - Fixed Deposit ,,31-03-2026,Being int on fd trf to libilites Fy 25-26,,, Interest Income - Fixed Deposit  ,306002,247051.00,,

"Balance : 73019(Credit)","","","","","","","","","","247051","320070",

"Income - Non Members > Interest Income from IT Refund ( 306006 ) ",
"Journal No","Other GL No.","Other Account","Subledger","Posted Date","Comments","Instrument No.","Instrument Bank","Account Name","GL Account No.","Debit","Credit",
"","","","","","Opening Balance","",""," Interest Income from IT Refund ","306006","","",
JE-2025-0000087,306006,Interest Income from IT Refund,,30-04-2025,Being IT refund for FY 22-23,,, Interest Income from IT Refund ,306006,,287.00,

"Balance : 287(Credit)","","","","","","","","","","0","287",

